dist_name,performance_tier,final_z_standardized,plus_minus_spots,component_rank_spread,assist_status,ela_projected_raw,ela_actual_raw,math_projected_raw,math_actual_raw
Scotia Union Elementary (Humboldt),Significant Overperformer,2.420949157529709,38.0,17.0,Differentiated,37.98135874975121,68.18181818181817,27.485940174549427,71.21212121212122
Temple City Unified (Los Angeles),Significant Overperformer,2.420949157529709,26.5,116.0,General,53.88425856662744,69.02797704447633,43.91207572920089,65.91960156527927
Hope Elementary (Santa Barbara),Significant Overperformer,2.420949157529709,32.5,339.0,General,42.254740861989944,50.331125827814574,33.260121218642425,54.3046357615894
Jacoby Creek Elementary (Humboldt),Significant Overperformer,2.420949157529709,22.0,17.0,General,47.45324612817073,75.42662116040955,37.653089887393364,65.41095890410958
Clay Joint Elementary (Fresno),Significant Overperformer,2.420949157529709,31.5,9.0,General,45.57075480340396,75.0,36.95999799920815,75.56818181818183
Mountain Valley Unified (Trinity),Significant Overperformer,2.420949157529709,25.5,30.0,General,28.600549847291102,54.33526011560693,17.717289970664638,50.28901734104046
Garden Grove Unified (Orange),Significant Overperformer,2.420949157529709,11.0,81.0,General,42.187650274290924,60.20544647156385,30.836961436277207,50.718214342927325
Hope Elementary (Tulare),Significant Overperformer,2.420949157529709,32.5,112.0,General,37.4342337436847,50.331125827814574,27.206460938990293,54.3046357615894
Douglas City Elementary (Trinity),Significant Overperformer,2.420949157529709,42.5,1.0,General,30.670028484298733,70.0,22.00474342673558,66.36363636363637
Columbine Elementary (Tulare),Significant Overperformer,2.408471245915833,41.5,14.0,General,43.77301295079877,67.85714285714286,34.877919610037125,66.07142857142857
Delano Joint Union High (Kern),Significant Overperformer,2.354103874048181,20.0,237.0,General,41.40612494903482,62.540021344717175,19.54582609656483,29.260450160771708
Kings Canyon Joint Unified (Fresno),Significant Overperformer,2.3371647086302003,14.0,40.0,Differentiated,39.13778774160967,55.46062789500772,25.380744431935586,42.67184148707997
Rosemead Elementary (Los Angeles),Significant Overperformer,2.295273538773659,59.0,41.0,General,42.903456622320356,59.23694779116466,33.416120940642315,54.16124837451235
Garvey Elementary (Los Angeles),Significant Overperformer,2.2889815225423344,38.0,61.0,General,42.261118897019415,55.90290547995587,31.998905072266126,51.88343994314144
South Pasadena Unified (Los Angeles),Significant Overperformer,2.283921390300047,35.5,95.0,General,66.93245912189829,84.17467948717949,59.38541792151739,78.95367412140575
Delano Union Elementary (Kern),Significant Overperformer,2.235379870526896,22.5,117.0,General,36.41026517587637,51.09489051094891,24.15737395357425,35.69707401032702
Rio Dell Elementary (Humboldt),Significant Overperformer,2.217041675566975,37.0,162.0,General,32.10912993107775,41.711229946524064,20.833583051770812,39.34426229508197
Fountain Valley Elementary (Orange),Significant Overperformer,2.1948917296825874,31.5,46.0,Differentiated,61.92003378049641,78.81377230459915,54.392047680475685,74.13320029932652
Bonita Unified (Los Angeles),Significant Overperformer,2.166482608020311,28.0,58.0,General,55.1557012417469,73.59126984126985,43.69880747122338,63.41318550782024
West Side Union Elementary (Sonoma),Significant Overperformer,2.1409021991580186,77.0,11.0,General,53.17154290137432,82.08955223880598,43.62646475809358,80.3030303030303
Alhambra Unified (Los Angeles),Significant Overperformer,2.0570901329636366,26.5,186.0,Differentiated,50.68566847514291,63.78624218305856,40.27228006050747,53.26436460226478
Westminster (Orange),Significant Overperformer,2.053468177355188,37.0,63.0,Differentiated,42.61006563519743,54.51263537906137,32.82819595697953,46.04402141582391
Los Altos Elementary (Santa Clara),Significant Overperformer,2.0256099689444684,66.5,158.0,General,65.11893306673223,85.53210202286719,58.62364419506595,85.53376906318083
Los Alamitos Unified (Orange),Significant Overperformer,1.982717904388593,39.0,279.0,General,60.86413595908568,75.92061742006615,52.11842706201209,64.43367122080211
Cypress Elementary (Orange),Significant Overperformer,1.9637034406337188,65.0,104.0,General,54.55787165527935,68.68131868131869,46.46498613309949,64.31693989071037
Fallbrook Union Elementary (San Diego),Significant Overperformer,1.955281870863653,31.0,107.0,Differentiated,41.50206922140636,56.70256835128418,29.450798675472953,45.13854730283653
Ferndale Unified (Humboldt),Significant Overperformer,1.9437627297102893,43.0,170.0,Differentiated,40.69114178547778,51.2,29.422125084328776,54.581673306772906
Compton Unified (Los Angeles),Significant Overperformer,1.928588561230785,29.5,130.0,General,37.70901316401226,51.0754858428003,24.66728742633381,41.14196998447473
Centralia Elementary (Orange),Significant Overperformer,1.8818478081652097,72.0,149.0,General,46.527789618770804,58.01668211306765,36.16206475796065,55.75952271684259
San Marino Unified (Los Angeles),Significant Overperformer,1.878005422687204,85.0,136.0,General,74.99469784552136,85.71428571428571,68.16668400871045,84.73967684021544
San Gabriel Unified (Los Angeles),Significant Overperformer,1.867036873216854,68.5,90.0,Differentiated,48.22468175006963,59.02439024390244,37.98667145920161,49.18966272448533
Pacific Union Elementary (Fresno),Significant Overperformer,1.8504580989472177,138.5,79.0,Differentiated,30.869478534880646,49.07407407407408,20.552704444827114,39.19753086419753
Newhall (Los Angeles),Significant Overperformer,1.813907648502032,62.0,55.0,General,55.32081864702154,69.37463471654004,46.31624849107496,63.562518131708735
Freshwater Elementary (Humboldt),Significant Overperformer,1.802280356175168,73.0,165.0,General,48.7886765550374,63.63636363636363,37.901453888813336,48.95104895104895
Monson-Sultana Joint Union Elementary (Tulare),Significant Overperformer,1.796624027273265,56.5,371.0,Differentiated,33.58133761803532,37.89473684210527,22.394525009418302,42.80701754385965
Trinity Alps Unified (Trinity),Significant Overperformer,1.7946569542642932,45.5,217.0,Differentiated,35.278797420100766,47.71784232365145,24.466390509446747,33.61344537815126
Garfield Elementary (Humboldt),Significant Overperformer,1.7827571461221794,168.5,150.0,General,48.86275523228458,62.76595744680851,41.284213426322616,63.82978723404256
Piedmont City Unified (Alameda),Significant Overperformer,1.763986112021224,110.5,249.0,General,65.06727847400732,84.73895582329317,57.65531665523132,82.16867469879519
Lassen View Union Elementary (Tehama),Significant Overperformer,1.7431457836721076,68.0,21.0,General,41.13266656781053,57.57575757575758,30.879386544903394,51.51515151515152
Plaza Elementary (Glenn),Significant Overperformer,1.7236879266429632,93.0,33.0,General,46.532059768551576,64.39393939393939,36.6592525902873,61.832061068702295
Savanna Elementary (Orange),Significant Overperformer,1.7012389610637275,131.5,211.0,General,37.653834766560664,49.73031283710896,27.511071392088578,45.77540106951872
Pacific Union Elementary (Humboldt),Significant Overperformer,1.6941999648218675,160.0,48.0,Differentiated,37.724647652357284,49.07407407407408,26.247598384973138,39.19753086419753
Trinidad Union Elementary (Humboldt),Significant Overperformer,1.6870027090707045,114.0,105.0,Differentiated,36.98520375929484,50.53763440860215,27.680570473978978,47.77777777777778
Cutler-Orosi Joint Unified (Tulare),Significant Overperformer,1.6514460964610649,55.0,143.0,General,32.470832783130334,44.5635528330781,20.53829623689294,29.09090909090909
Las Lomitas Elementary (San Mateo),Significant Overperformer,1.6403389580297902,197.5,129.0,General,61.45724973644228,83.54609929078013,54.64648271143923,83.33333333333334
Hydesville Elementary (Humboldt),Significant Overperformer,1.6286964565711584,102.0,171.0,General,41.62937934691436,50.34013605442177,31.342480916004106,46.25850340136054
Walnut Valley Unified (Los Angeles),Significant Overperformer,1.626493534568423,49.0,356.0,Differentiated,64.94049510702736,76.11506993929797,55.624952944456055,72.80475206611571
El Monte Union High (Los Angeles),Significant Overperformer,1.6233951427882525,69.5,285.0,Differentiated,42.38444138131152,58.32408435072141,22.07871145440221,30.127142067440577
Albany City Unified (Alameda),Significant Overperformer,1.6221493663569633,101.5,44.0,General,61.90032821600611,76.82291666666666,52.854211924598175,67.66683911019142
Orinda Union (Contra Costa),Significant Overperformer,1.6214141687446522,125.0,211.0,General,68.68825237422199,87.51493428912784,61.92709805520143,83.59188544152745
ABC Unified (Los Angeles),Significant Overperformer,1.617244959690278,44.0,98.0,Differentiated,54.111536202756845,64.93734886788305,42.774556836449136,53.05765233563068
Sunol Glen Unified (Alameda),Significant Overperformer,1.606569174729636,99.0,312.0,General,66.63542285510668,80.3680981595092,60.36972738427163,79.26829268292683
Marcum-Illinois Union Elementary (Sutter),Significant Overperformer,1.5680218040607392,121.0,20.0,General,43.65953696622992,64.54545454545455,33.15646312218027,61.81818181818181
Magnolia Elementary (Orange),Significant Overperformer,1.5516613086097064,86.0,136.0,Differentiated,38.73277683847799,48.975571315996845,28.934233336167424,40.3875968992248
Live Oak Unified (Sutter),Significant Overperformer,1.531681882558119,87.0,156.0,Differentiated,34.416223798047376,51.548886737657305,21.964705459749595,36.38542665388303
Lake Elementary (Glenn),Significant Overperformer,1.5262809817792375,120.0,98.0,General,40.97385139671459,65.87301587301587,30.78263349450101,46.82539682539682
Oak View Union Elementary (San Joaquin),Significant Overperformer,1.521505580103052,86.0,202.0,Differentiated,47.098863891328534,58.8477366255144,38.06290544310728,54.32098765432099
Little Lake City Elementary (Los Angeles),Significant Overperformer,1.515204320778502,116.0,163.0,Differentiated,46.59469293346814,60.26863084922011,34.26273626387834,44.194107452339686
Loma Prieta Joint Union Elementary (Santa Clara),Significant Overperformer,1.503759859236183,81.0,163.0,Differentiated,66.32771256401163,75.9322033898305,59.22127259985125,76.27118644067797
Latrobe (El Dorado),Moderate Overperformer,1.495117103103037,153.5,74.0,General,57.37365888091851,73.36956521739131,49.13538292719552,66.30434782608695
Kingsburg Joint Union High (Fresno),Moderate Overperformer,1.492134999735441,121.5,323.0,Differentiated,47.94544501461037,67.19745222929936,28.502666714660652,33.01587301587301
Dinuba Unified (Tulare),Moderate Overperformer,1.4820904846861471,52.5,221.0,General,39.76214458902304,50.43928459366175,26.99081952367523,31.46787556667188
Berkeley Unified (Alameda),Moderate Overperformer,1.478797881820151,66.5,259.0,Differentiated,59.53725362685871,71.62915088032092,50.48058665242369,66.31626034444196
El Monte City (Los Angeles),Moderate Overperformer,1.4766121511685264,83.5,136.0,Differentiated,39.436387644850306,48.01317233809001,28.1211166569074,36.72852826931377
Huntington Beach City Elementary (Orange),Moderate Overperformer,1.4656562083149174,105.5,263.0,Differentiated,63.49639068340987,71.64863979023272,54.360174183806976,65.08662961752206
Central Union Elementary (Kings),Moderate Overperformer,1.463023003819241,110.0,149.0,Differentiated,41.24602568061024,53.11111111111111,30.09118632527808,43.7291897891232
Ocean View (Ventura),Moderate Overperformer,1.441246471107228,89.0,237.0,Differentiated,47.34223310626924,56.96809786519549,38.29841414833123,50.20310633213859
Wheatland (Yuba),Moderate Overperformer,1.4412217211592286,51.0,145.0,Differentiated,40.12633646121547,48.70801033591732,29.61095082306791,41.65588615782665
Huntington Beach Union High (Orange),Moderate Overperformer,1.4298816100076128,62.5,355.0,Differentiated,58.83748322290677,67.14328269288055,42.25458606699486,46.87687687687688
Lost Hills Union Elementary (Kern),Moderate Overperformer,1.42697146354093,106.5,106.0,Differentiated,28.13791201400161,44.44444444444444,17.426557817139035,33.33333333333333
Grant Elementary (Shasta),Moderate Overperformer,1.4225829568919712,74.0,193.0,General,54.50270371624579,67.21763085399449,44.88439028519056,59.22865013774105
Gridley Unified (Butte),Moderate Overperformer,1.4213403458299418,99.0,158.0,Differentiated,34.83962631195476,49.79919678714859,21.908560165641646,33.23293172690763
Saugus Union (Los Angeles),Moderate Overperformer,1.4140054448425114,78.0,166.0,General,60.86207226063164,68.93393100760086,51.35273584595266,64.34697855750487
San Luis Coastal Unified (San Luis Obispo),Moderate Overperformer,1.4134530756983033,78.0,78.0,General,50.30903278896173,67.1097211363044,40.002791319268354,56.096298213823445
Whittier Union High (Los Angeles),Moderate Overperformer,1.4072609565181708,76.0,322.0,Differentiated,50.99856772560229,64.90364903649036,30.825324551285743,37.191103789126856
Hanford Elementary (Kings),Moderate Overperformer,1.4028017750911237,93.0,99.0,Differentiated,37.93329502303643,51.31467345207803,26.218150404548155,40.42372881355932
Murrieta Valley Unified (Riverside),Moderate Overperformer,1.3939825035361586,53.5,152.0,Differentiated,50.70366528787406,63.033345285048405,39.40802800636883,47.66960590246536
Arcadia Unified (Los Angeles),Moderate Overperformer,1.390044406595288,73.5,286.0,Differentiated,63.19415934028978,71.91384483497643,54.92134355953886,68.25232678386763
Glendale Unified (Los Angeles),Moderate Overperformer,1.3814490463677442,46.5,289.0,Differentiated,51.94358788153093,60.09177791262136,41.41055991120903,52.25748770675012
East Whittier City Elementary (Los Angeles),Moderate Overperformer,1.3760427612266972,89.0,195.0,Differentiated,50.695724195205315,60.24514811031665,39.055421394731944,51.08030982470444
Hillsborough City Elementary (San Mateo),Moderate Overperformer,1.36346090341127,229.0,270.0,General,65.6833714643016,84.66183574879227,58.85882425018512,85.80024067388689
Chaffey Joint Union High (San Bernardino),Moderate Overperformer,1.361786258520487,55.0,427.0,Differentiated,51.29126156702314,68.05397187381223,31.668540809620556,34.41842756520084
Maple Elementary (Kern),Moderate Overperformer,1.345515724220418,116.0,136.0,General,44.36804713705293,56.17977528089888,33.58874791396407,50.0
Chino Valley Unified (San Bernardino),Moderate Overperformer,1.340801617129623,52.0,68.0,Differentiated,52.62042007484732,62.16338880484115,41.003264288730456,49.82522683325896
McCabe Union Elementary (Imperial),Moderate Overperformer,1.336028836445711,61.0,223.0,Differentiated,50.662300911693656,60.80206985769728,40.4452726500757,49.61340206185567
El Nido Elementary (Merced),Moderate Overperformer,1.32922997470384,160.5,204.0,General,29.538071100695667,44.66019417475729,19.463882934979214,35.92233009708738
Downey Unified (Los Angeles),Moderate Overperformer,1.3284139911458048,56.0,107.0,Differentiated,45.69351422543866,55.28837622005324,32.303416409137455,41.51512463408144
Portola Valley Elementary (San Mateo),Moderate Overperformer,1.324994285272451,354.0,156.0,General,63.76071243657536,85.62300319488818,56.590041647521275,84.34504792332268
La Canada Unified (Los Angeles),Moderate Overperformer,1.3141497971179303,130.5,203.0,General,81.44250333177474,89.23290203327173,75.22551339084929,84.23236514522821
Lemoore Union Elementary (Kings),Moderate Overperformer,1.3039486682264965,90.0,129.0,Differentiated,41.692120439669566,51.345755693581786,29.225365455391927,38.72472783825817
Oak Valley Union Elementary (Tulare),Moderate Overperformer,1.3027243083513182,86.5,99.0,General,38.592319695809685,53.02593659942363,27.279892535609918,37.46397694524496
Vallecito Union (Calaveras),Moderate Overperformer,1.300106623425825,84.5,89.0,Differentiated,46.83926096558856,58.42391304347826,35.86325173258708,48.641304347826086
Galt Joint Union Elementary (Sacramento),Moderate Overperformer,1.2925610988391982,85.5,165.0,Differentiated,44.027324904324345,52.59593679458239,32.41842546095713,39.68468468468468
Valle Lindo Elementary (Los Angeles),Moderate Overperformer,1.2853230019480926,281.0,105.0,Differentiated,42.27768193142724,56.01436265709157,30.284234080746167,43.96396396396396
Capistrano Unified (Orange),Moderate Overperformer,1.281877839711466,46.0,138.0,Differentiated,64.24925707451409,72.03199760765551,54.36970159085704,62.71905873007992
Galt Joint Union High (Sacramento),Moderate Overperformer,1.2727943081349886,51.0,507.0,General,49.27723255227737,64.56521739130436,30.696809147717296,29.411764705882355
Happy Valley Elementary (Santa Cruz),Moderate Overperformer,1.2487305303909664,205.5,136.0,General,67.92378216688802,80.0,61.50791105508365,83.07692307692308
Laguna Beach Unified (Orange),Moderate Overperformer,1.2478219752019604,181.5,278.0,General,68.56993575586138,77.72357723577235,59.99455793910326,72.30392156862744
Ocean View (Orange),Moderate Overperformer,1.2266742030484108,109.0,263.0,Differentiated,53.65887080644795,56.96809786519549,43.76908716775604,50.20310633213859
Millville Elementary (Shasta),Moderate Overperformer,1.2231827525781085,150.5,235.0,General,46.71090185172401,54.47761194029851,37.13489464428728,52.94117647058824
Clovis Unified (Fresno),Moderate Overperformer,1.2199633715404734,47.0,265.0,Differentiated,57.073883412835514,68.14749587231701,45.64622730497875,54.34479708061484
Woodside Elementary (San Mateo),Moderate Overperformer,1.2199286383711003,393.0,67.0,General,61.645612130317446,87.39130434782608,54.35470165596337,83.04347826086956
Wheatland Union High (Yuba),Moderate Overperformer,1.210545221234688,69.0,684.0,Differentiated,43.43702527065314,57.47126436781609,25.43501087894241,23.574144486692013
Palo Alto Unified (Santa Clara),Moderate Overperformer,1.2105240867186924,83.0,254.0,General,73.01981036268803,82.32675183894696,66.47616221256959,79.67853042479908
Torrance Unified (Los Angeles),Moderate Overperformer,1.2083504178709157,59.0,291.0,General,59.618362331194724,68.32253419726422,50.33620049863997,61.54951072807254
Brea-Olinda Unified (Orange),Moderate Overperformer,1.2069614930695365,119.0,244.0,Differentiated,59.220126230860174,66.88654353562006,49.6885790392511,60.72075037024848
Winton (Merced),Moderate Overperformer,1.2057461066979152,210.0,101.0,General,32.989317884821546,50.04444444444445,22.309302317041926,35.83916083916084
Mattole Unified (Humboldt),Moderate Overperformer,1.1924184762925747,324.0,413.0,General,30.474855272251368,31.57894736842105,21.332291188951498,47.368421052631575
Clear Creek Elementary (Nevada),Moderate Overperformer,1.182069874677082,170.0,114.0,General,49.03520391939638,59.18367346938776,40.031246064581,55.10204081632652
Solana Beach Elementary (San Diego),Moderate Overperformer,1.1782634113241828,163.0,115.0,General,73.17358230980732,83.65758754863813,68.24216637926149,82.24776500638569
Irvine Unified (Orange),Moderate Overperformer,1.1750537304494826,48.0,385.0,Differentiated,66.72380774250693,74.50946558864129,58.587189635676616,70.48256343838442
Heber Elementary (Imperial),Moderate Overperformer,1.166915486990851,70.5,421.0,Differentiated,39.99783354518126,47.81491002570694,29.80996157779734,38.767650834403085
Pacific Elementary (Santa Cruz),Moderate Overperformer,1.163448178147548,172.5,313.0,General,49.98952721086939,55.68181818181818,40.794670219178926,60.67415730337079
Orange Center (Fresno),Moderate Overperformer,1.1528477637445833,143.0,304.0,Differentiated,29.470807512526505,44.37086092715232,19.27760057799872,24.35897435897436
Caruthers Unified (Fresno),Moderate Overperformer,1.1504714109437593,61.0,208.0,Differentiated,36.658336542426674,47.16748768472907,24.74435609934774,32.76699029126214
Junction Elementary (Siskiyou),Moderate Overperformer,1.1498782217849757,115.0,381.0,General,44.084347270025,53.01204819277109,34.828184641812946,48.59437751004016
Cuddeback Union Elementary (Humboldt),Moderate Overperformer,1.1418237617349023,183.0,321.0,General,43.06554060184836,47.39583333333333,33.40930723034746,39.58333333333333
Holtville Unified (Imperial),Moderate Overperformer,1.13999244180213,143.0,240.0,General,38.068101661530136,52.06917850525016,26.24800269213131,33.2114564290067
Placentia-Yorba Linda Unified (Orange),Moderate Overperformer,1.1248390019552277,68.5,78.0,General,57.69390531996974,67.75641925073663,47.02284185051948,56.843920398937406
Cupertino Union (Santa Clara),Moderate Overperformer,1.1218391488042914,78.5,355.0,General,77.63578611272267,82.73944620971403,71.35431208966837,84.48007125361835
Junction City Elementary (Trinity),Moderate Overperformer,1.1211124839273987,279.5,504.0,General,36.559805147629284,39.56043956043956,28.57225024096831,39.56043956043956
Ontario-Montclair (San Bernardino),Moderate Overperformer,1.1184659487410995,70.0,206.0,General,38.72886118696256,44.74388798665672,26.83074296042959,34.82699943278503
Ripon Unified (San Joaquin),Moderate Overperformer,1.1119339789845646,101.5,77.0,General,50.009442668745265,61.50315547905909,39.643904519048164,51.321839080459775
Mendocino Unified (Mendocino),Moderate Overperformer,1.1046070221604252,117.5,98.0,General,38.049597243311794,56.930693069306926,27.15924805075864,41.5
Carlsbad Unified (San Diego),Moderate Overperformer,1.1003082495114975,89.0,226.0,Differentiated,60.794616440502786,70.67307692307693,51.28321596645075,61.48175451529672
Outside Creek Elementary (Tulare),Moderate Overperformer,1.0994860090756766,210.0,109.0,General,36.88445349660845,50.0,28.265407568096236,38.764044943820224
Los Nietos (Los Angeles),Moderate Overperformer,1.0988468154137971,271.0,279.0,Differentiated,37.96578693495659,49.62025316455696,26.25203297376614,35.687263556116015
Imperial Unified (Imperial),Moderate Overperformer,1.0939437879803062,142.5,269.0,Differentiated,42.69844959342622,52.49396621078037,31.304234530729868,36.863217007621344
Del Mar Union Elementary (San Diego),Moderate Overperformer,1.0770531919774473,152.5,197.0,General,76.26897747104746,81.96796338672769,71.38865154803086,83.06085376930064
Evergreen Union (Tehama),Moderate Overperformer,1.0716755303712788,79.5,145.0,General,44.20289760274485,53.98915569326104,33.60519378028683,44.60822342901474
El Tejon Unified (Kern),Moderate Overperformer,1.0711559783609268,96.5,194.0,Differentiated,29.993706526534183,40.3899721448468,18.95829490622984,25.069637883008355
Franklin Elementary (Sutter),Moderate Overperformer,1.0638969086338317,112.5,269.0,General,48.62577716613511,58.25825825825825,38.64510746321079,57.22891566265061
Claremont Unified (Los Angeles),Moderate Overperformer,1.0623022000554851,130.0,238.0,Differentiated,56.782355312424635,63.75796178343949,45.92014929923552,54.24753420299078
Manzanita Elementary (Butte),Moderate Overperformer,1.0584016276323407,142.0,202.0,General,41.1752139615039,51.38121546961326,31.84227273603963,37.77777777777778
Sundale Union Elementary (Tulare),Moderate Overperformer,1.054102808609647,89.5,136.0,General,48.01235374890357,55.871212121212125,38.39342366655139,47.35849056603774
Newport-Mesa Unified (Orange),Moderate Overperformer,1.0517206494387683,74.0,98.0,Differentiated,56.945237511406226,61.72796263864565,47.56719421085113,50.38269743708687
Fallbrook Union High (San Diego),Moderate Overperformer,1.05150756619283,136.5,550.0,Differentiated,46.20278200576204,58.69565217391305,26.685928643147413,24.728850325379607
General Shafter Elementary (Kern),Moderate Overperformer,1.0487445201016097,188.5,427.0,General,36.2872820250643,43.90243902439025,25.727113148972496,45.96774193548387
Bellflower Unified (Los Angeles),Moderate Overperformer,1.045996040697637,107.0,353.0,Differentiated,39.701255447906384,47.0080260083308,27.220743355757218,29.17979469458278
Sanger Unified (Fresno),Moderate Overperformer,1.0427636542991192,59.5,224.0,Differentiated,45.80146371369568,50.52302116794333,32.518231211582446,37.99162492815502
Long Beach Unified (Los Angeles),Moderate Overperformer,1.0422709701808748,43.0,306.0,Differentiated,46.521257410788444,51.72117039586919,34.97419980054955,38.50291206517934
Alexander Valley Union Elementary (Sonoma),Moderate Overperformer,1.005993548965237,234.0,170.0,General,58.04906082806929,74.19354838709677,50.379019526812016,59.67741935483871
Vallecitos Elementary (San Diego),Moderate Overperformer,1.0052396993406314,181.5,353.0,Differentiated,35.74858119956553,45.11278195488722,25.709976957814543,30.88235294117647
Arcata Elementary (Humboldt),Moderate Overperformer,0.99747252993073,272.0,480.0,Differentiated,41.452938767270616,41.48606811145511,30.65233840253006,29.938271604938272
Santa Monica-Malibu Unified (Los Angeles),Moderate Overperformer,0.9966504929083548,107.0,301.0,Differentiated,60.72473293099211,72.38271319620985,51.90472653195134,59.97226715969494
Tustin Unified (Orange),Moderate Overperformer,0.992165053172796,70.0,56.0,Differentiated,54.1063268040855,62.12023864157871,44.63700745455094,53.29445001366992
Tipton Elementary (Tulare),Moderate Overperformer,0.9892258511973776,121.5,229.0,Differentiated,29.48839743481141,38.12709030100335,19.081197268824276,28.57142857142857
Shasta Union High (Shasta),Moderate Overperformer,0.9889245161020876,149.0,359.0,Differentiated,49.68823186360614,58.49765258215962,30.394739492086764,41.69014084507042
Alview-Dairyland Union Elementary (Madera),Moderate Overperformer,0.9884383770299628,132.5,174.0,General,41.140527572992674,52.28215767634856,31.62248484889925,39.285714285714285
Rowland Unified (Los Angeles),Moderate Overperformer,0.9616128405515164,104.5,186.0,Differentiated,43.80250002779921,48.48919648885888,31.858200233430814,35.77202243483999
Lawndale Elementary (Los Angeles),Moderate Overperformer,0.9471684776455634,165.0,172.0,Differentiated,40.93932320506265,50.16369588941433,29.400685543892443,37.97696184305256
Los Molinos Unified (Tehama),Moderate Overperformer,0.944928446306777,118.5,260.0,General,29.31022904308123,36.44366197183098,17.91471504020207,30.0711743772242
El Centro Elementary (Imperial),Moderate Overperformer,0.940760521887088,142.5,180.0,Differentiated,33.7418011757509,42.186060792140005,22.75768821437103,29.45142506895495
Gorman Joint (Los Angeles),Moderate Overperformer,0.9365009819382348,237.0,310.0,General,38.37723514628373,50.0,29.51368824412065,37.333333333333336
Beverly Hills Unified (Los Angeles),Moderate Overperformer,0.9315713280676392,194.0,152.0,Differentiated,61.559653447577986,71.14731839782756,52.77978605031513,62.87625418060201
Calipatria Unified (Imperial),Moderate Overperformer,0.9244512834008216,87.0,234.0,Differentiated,28.500399350288255,38.42105263157895,16.21350416721682,23.03664921465969
Lemoore Union High (Kings),Moderate Overperformer,0.9215385248050092,153.0,661.0,Differentiated,46.53731947431693,62.358276643990926,27.153128507768912,20.54176072234763
Brawley Union High (Imperial),Moderate Overperformer,0.9153806466594132,148.0,333.0,Differentiated,42.07060462684208,56.16161616161616,20.618762227632264,24.34607645875252
Burnt Ranch Elementary (Trinity),Moderate Overperformer,0.9050000200688648,276.5,474.0,General,29.791658259901574,36.79245283018868,20.44252703577589,32.075471698113205
McFarland Unified (Kern),Moderate Overperformer,0.9003065727156151,120.5,147.0,Differentiated,32.23609694344825,36.43252696006995,19.433373287846834,24.81794348965919
Cambrian (Santa Clara),Moderate Overperformer,0.8917838127342277,294.0,87.0,General,62.32433920972695,77.64084507042254,55.791124944379234,80.0
Lowell Joint (Orange),Moderate Overperformer,0.8810657111004522,203.0,172.0,Differentiated,53.3535759809776,60.867208672086726,42.48744016949417,47.67567567567568
Fullerton Joint Union High (Orange),Moderate Overperformer,0.8795340530287614,105.5,317.0,Differentiated,56.58765850967792,64.36205744822979,38.2108330000544,43.83925606110927
Palos Verdes Peninsula Unified (Los Angeles),Moderate Overperformer,0.8781102090476012,116.5,135.0,General,75.14444199771364,80.67374160257035,68.26943100973719,75.33806790543828
Lindsay Unified (Tulare),Moderate Overperformer,0.877230333271539,112.5,137.0,Differentiated,34.02228884450056,41.84615384615385,20.801464483398618,31.78807947019868
Palo Verde Union Elementary (Tulare),Moderate Overperformer,0.8754117705072714,127.0,182.0,General,36.78589030934532,41.30434782608695,26.049547354482918,34.036144578313255
Fullerton Elementary (Orange),Moderate Overperformer,0.8740088402349937,111.5,213.0,Differentiated,53.9236697302656,60.236604036186506,44.49275485458549,51.7705874184141
Le Grand Union Elementary (Merced),Moderate Overperformer,0.8721394386223166,153.0,163.0,General,33.70714515992054,41.125541125541126,23.219688535057657,26.991150442477878
Planada Elementary (Merced),Moderate Overperformer,0.8716668932540586,98.5,266.0,Differentiated,32.62984879021214,41.53005464480874,21.500265153339175,25.98566308243728
Davis Joint Unified (Yolo),Moderate Overperformer,0.8663506399136752,134.0,249.0,Differentiated,55.83153578874362,68.09455400287318,45.892175641233536,62.54426229508197
Le Grand Union High (Merced),Moderate Overperformer,0.8636976694928699,129.0,528.0,General,37.277970831458255,47.22222222222222,18.03247509370922,18.51851851851852
Penn Valley Union Elementary (Nevada),Moderate Overperformer,0.863688340411708,129.5,133.0,General,43.82519016744555,49.83050847457628,32.9167644376098,40.47619047619048
Upland Unified (San Bernardino),Moderate Overperformer,0.853258801465314,122.0,142.0,Differentiated,49.31256601611075,54.87032877271799,37.04298882308175,40.46795523906409
William S. Hart Union High (Los Angeles),Moderate Overperformer,0.8493412668865598,85.5,428.0,Differentiated,63.48166755633413,69.79020222774955,46.71498988717863,48.70712971978794
Selma Unified (Fresno),Moderate Overperformer,0.848835117887082,94.5,197.0,Differentiated,35.11269906813483,41.02311854402361,21.79124663227138,23.85976302548288
Somis Union (Ventura),Moderate Overperformer,0.8430196791865797,173.5,462.0,General,42.526747987165834,51.9774011299435,32.48197341724921,43.82022471910113
San Diego Unified (San Diego),Moderate Overperformer,0.8363104400108989,40.5,121.0,Differentiated,49.19899043498951,56.14542336360239,39.076557760355634,45.285181062143934
Temecula Valley Unified (Riverside),Moderate Overperformer,0.8348597614753839,70.5,225.0,Differentiated,57.566254049547034,63.83419689119171,47.16881802725653,49.73044826822244
Rancho Santa Fe Elementary (San Diego),Moderate Overperformer,0.8324645570806649,397.0,169.0,General,75.78957687163117,84.90566037735849,70.05102815895393,84.71849865951742
Terra Bella Union Elementary (Tulare),Moderate Overperformer,0.8304796992120607,112.0,444.0,General,31.994646020513564,39.740820734341256,22.564151775843943,26.236559139784948
Buena Park Elementary (Orange),Moderate Overperformer,0.8262917935200248,191.0,332.0,Differentiated,44.45605935614081,42.73719563392108,33.75181807430853,36.40167364016737
Exeter Unified (Tulare),Moderate Overperformer,0.8238255076356927,140.0,168.0,Differentiated,41.23981824957812,49.09945184025059,28.55966666951234,34.467918622848195
Bella Vista Elementary (Shasta),Moderate Overperformer,0.8156223989572811,158.0,198.0,General,42.777322794887525,51.0,31.94885237783005,37.185929648241206
Covina-Valley Unified (Los Angeles),Moderate Overperformer,0.8080063778875402,117.0,100.0,Differentiated,46.86235554175916,53.27757068824439,34.31584928930242,38.94461010210536
Sulphur Springs Union (Los Angeles),Moderate Overperformer,0.8020995411116214,166.5,218.0,General,48.987442000084016,52.81715739731007,38.40746452835864,42.76434500180441
Cutten Elementary (Humboldt),Moderate Overperformer,0.7944336708544277,279.5,366.0,General,43.92231738740331,45.35714285714285,33.04271094907731,45.71428571428572
Scott Valley Unified (Siskiyou),Moderate Overperformer,0.7943964188924402,123.0,94.0,Differentiated,39.81153975402742,48.80546075085324,27.799219355397433,39.1156462585034
Enterprise Elementary (Shasta),Moderate Overperformer,0.7901251730480229,184.5,78.0,Differentiated,40.21714819080003,47.8093403948002,29.661517435269893,38.65606936416185
Chula Vista Elementary (San Diego),Moderate Overperformer,0.7837303975777612,78.0,364.0,Differentiated,48.831236725073445,56.37425951472855,39.021579012194316,45.952438145568095
Goleta Union Elementary (Santa Barbara),Moderate Overperformer,0.7836885659597284,202.5,336.0,General,55.42591299442704,62.72522522522522,46.003066566500145,54.07366071428571
Alta Loma Elementary (San Bernardino),Moderate Overperformer,0.7832839843611824,162.5,327.0,General,56.159827368524354,65.5724579663731,45.97629586732252,52.42512589451365
Fowler Unified (Fresno),Moderate Overperformer,0.7828695112172999,144.0,81.0,General,39.11643725733424,44.53501296776584,26.410799472094098,30.93392395717977
San Dieguito Union High (San Diego),Moderate Overperformer,0.7822223843283076,103.5,397.0,General,75.60666957029481,79.89867921114528,62.42489346949329,68.53424905114765
Buckeye Union Elementary (El Dorado),Moderate Overperformer,0.7818883996622561,205.5,375.0,General,66.36048213608505,70.86267605633803,57.20934730989094,65.94903339191565
Lakeside Joint (Santa Clara),Moderate Overperformer,0.7807880690461638,322.5,427.0,General,61.63490172307569,70.6896551724138,57.94994221420381,65.51724137931035
Paramount Unified (Los Angeles),Moderate Overperformer,0.7785996038637781,115.5,253.0,General,38.48427542660794,43.42181908962303,25.484658685051535,25.043593788923022
Ross Elementary (Marin),Moderate Overperformer,0.7764044317215848,426.0,121.0,General,67.47135861183273,88.83928571428571,60.909259863613755,90.13452914798206
Monrovia Unified (Los Angeles),Moderate Overperformer,0.7532556164964778,175.0,129.0,Differentiated,50.2536685570635,54.76142540769076,38.24747715016411,42.05344585091421
Charter Oak Unified (Los Angeles),Moderate Overperformer,0.7399520323898461,187.0,121.0,Differentiated,46.4024211769994,50.7508212106992,34.08553279882714,38.286384976525824
Alameda Unified (Alameda),Moderate Overperformer,0.7293738733906105,131.5,284.0,Differentiated,61.85703957965766,68.29321663019694,52.480044719479494,60.03056101287928
Etiwanda Elementary (San Bernardino),Moderate Overperformer,0.728504178146656,109.0,221.0,Differentiated,62.217024359216,69.31537598204265,52.61042042483543,60.633333333333326
Belleview Elementary (Tuolumne),Moderate Overperformer,0.7246885235987627,239.0,141.0,Differentiated,38.57756634882489,45.91836734693878,29.605780539055957,39.39393939393939
Junction Elementary (Shasta),Moderate Overperformer,0.7195584196591547,151.5,454.0,General,55.63135543830081,53.01204819277109,46.8429513998411,48.59437751004016
Seeley Union Elementary (Imperial),Moderate Overperformer,0.7176319475078999,170.5,460.0,Differentiated,29.10806892697869,31.363636363636367,18.87340697607196,23.63636363636364
Ballard Elementary (Santa Barbara),Moderate Overperformer,0.7174237683593355,267.5,194.0,General,64.95332032001292,77.46478873239437,58.08652463247068,66.19718309859155
Saddleback Valley Unified (Orange),Moderate Overperformer,0.7168880924419446,86.5,296.0,Differentiated,58.15416104465996,59.74370112945265,47.82725530910584,52.08926875593542
Whittier City (Los Angeles),Moderate Overperformer,0.715349022596882,172.0,248.0,Differentiated,46.34605682458325,48.06702925180068,33.76702064349229,38.23486292332503
Glendora Unified (Los Angeles),Moderate Overperformer,0.7102549546402848,158.5,402.0,Differentiated,58.915523458609435,61.965811965811966,48.18510493036404,54.40414507772021
Eureka Union (Placer),Moderate Overperformer,0.6990282907201192,210.0,307.0,General,68.05495154256903,74.58686913800804,61.515575928684946,70.39999999999999
Hanford Joint Union High (Kings),Moderate Overperformer,0.6973713923557752,179.5,577.0,Differentiated,45.93795189151253,56.10010427528675,24.454244451344113,19.290928050052138
Atwater Elementary (Merced),Moderate Overperformer,0.6957006544547844,179.0,108.0,General,37.53740769186948,43.99812441387934,26.188950812257307,32.83767038413878
Weaver Union (Merced),Moderate Overperformer,0.693752445307125,61.5,362.0,Differentiated,33.18539011633634,36.88688688688689,22.00496103813086,32.417582417582416
South Fork Union (Kern),Moderate Overperformer,0.6922002839354502,167.0,122.0,Differentiated,29.243470813470886,38.88888888888889,17.996648680252072,30.34188034188034
Saratoga Union Elementary (Santa Clara),Moderate Overperformer,0.691926732036842,284.0,477.0,General,84.09876589733443,86.29232039636663,79.08885405299367,89.76897689768977
Healdsburg Unified (Sonoma),Moderate Overperformer,0.6879041817727075,316.5,255.0,General,47.772977262073404,55.810147299509005,37.28823630942178,40.75286415711948
Manhattan Beach Unified (Los Angeles),Moderate Overperformer,0.6804380314336969,166.5,113.0,General,77.54991302663181,83.25017818959373,70.69104821519646,75.66213314244811
Hacienda la Puente Unified (Los Angeles),Moderate Overperformer,0.6690967917139435,106.0,232.0,Differentiated,46.16091741407942,50.336597307221545,33.70525748051453,40.1070169038064
Santee (San Diego),Moderate Overperformer,0.6663473318809827,165.0,77.0,Differentiated,51.45667001894628,58.98179899762596,40.991105656620725,49.078947368421055
Cardiff Elementary (San Diego),Moderate Overperformer,0.6626173641220378,370.5,183.0,General,68.48997245527434,77.5132275132275,61.87686163162467,68.78306878306879
Fremont Union High (Santa Clara),Moderate Overperformer,0.6559110727137746,122.5,460.0,Differentiated,78.0949354499949,79.4478527607362,65.89148482638358,73.58078602620087
Castro Valley Unified (Alameda),Moderate Overperformer,0.6552946768712269,134.0,170.0,Differentiated,60.042503950511744,66.94197811274005,50.530265713043754,59.00288421920066
Fremont Unified (Alameda),Moderate Overperformer,0.6505705043091341,70.0,228.0,Differentiated,68.90766075195705,73.65283667961683,60.663888896925144,68.89150596201972
Bolinas-Stinson Union (Marin),Moderate Overperformer,0.6504440197185397,279.0,216.0,General,46.10766987494003,57.14285714285714,37.68758719108765,42.85714285714285
Montecito Union Elementary (Santa Barbara),Moderate Overperformer,0.6459470861785386,428.0,196.0,General,80.58687170406662,90.77669902912622,74.58862965894846,91.6256157635468
Elk Grove Unified (Sacramento),Moderate Overperformer,0.6432488185341154,57.5,155.0,Differentiated,48.57969920223297,54.45792056291084,37.3147144507839,43.540273602846455
Kentfield Elementary (Marin),Moderate Overperformer,0.6413608932481225,342.5,271.0,Differentiated,71.30298920918237,79.02511078286558,64.77696440190958,76.40949554896143
Wasco Union High (Kern),Moderate Overperformer,0.639465094111919,182.5,391.0,Differentiated,42.17327387954561,53.65853658536586,19.181987176079954,22.01834862385321
Pacific Grove Unified (Monterey),Moderate Overperformer,0.633088342186576,284.0,179.0,General,58.021141575093054,71.94163860830527,49.232594019507324,60.29082774049217
Bassett Unified (Los Angeles),Moderate Overperformer,0.628885309433159,236.5,356.0,Differentiated,37.863553718318585,43.19371727748691,24.978600226415168,29.460847240051347
Corona-Norco Unified (Riverside),Moderate Overperformer,0.6234497839733122,59.5,280.0,Differentiated,50.2228781332782,57.95317308816082,39.002638377142176,42.99623724737189
Cold Spring Elementary (Santa Barbara),Moderate Overperformer,0.6226835367947184,438.5,106.0,General,77.5936458382912,96.22641509433964,72.94858951861143,95.28301886792453
Belmont-Redwood Shores Elementary (San Mateo),Moderate Overperformer,0.6201097834050532,205.5,173.0,Differentiated,77.83921685038311,80.46905036524413,72.29525702596314,79.25470610833653
Northern Humboldt Union High (Humboldt),Moderate Overperformer,0.6194503125296298,191.5,438.0,Differentiated,46.36378204382015,56.42317380352645,28.586895336713024,30.402010050251256
Coronado Unified (San Diego),Moderate Overperformer,0.6177950211022385,239.0,437.0,General,66.02978945847062,73.68804664723032,57.76087471137074,63.00072833211945
Tulare Joint Union High (Tulare),Moderate Overperformer,0.6160759619250609,180.0,410.0,Differentiated,44.933221737563294,58.53658536585365,24.021839665352513,24.73776223776224
Lennox (Los Angeles),Moderate Overperformer,0.6055795831415084,207.0,144.0,General,36.41793509684457,42.06128133704736,24.576779414323433,32.65145554681354
Redding Elementary (Shasta),Moderate Overperformer,0.5977973244789351,224.0,241.0,Differentiated,40.34279039472945,43.56617647058824,29.245306980929183,36.1298224127373
Encinitas Union Elementary (San Diego),Moderate Overperformer,0.5948448767774561,183.0,353.0,General,69.69771449403181,71.7837411207577,62.16793875546469,67.0611439842209
Brawley Elementary (Imperial),Moderate Overperformer,0.5883471946645676,129.0,109.0,Differentiated,36.55235114397022,38.986514098896606,24.800816722076796,24.696847210994346
Poway Unified (San Diego),Moderate Overperformer,0.5882259929693545,70.0,307.0,General,68.12836715597406,73.72569324588655,60.47428816632216,66.47349093412899
Liberty Elementary (Sonoma),Moderate Overperformer,0.5853302224286822,365.5,323.0,General,42.45890843794531,50.39370078740157,33.0744505911918,38.8560157790927
Antelope Elementary (Tehama),Moderate Overperformer,0.584601308302982,277.5,214.0,General,40.153169017955186,45.18599562363239,28.817419638514473,41.2472647702407
Oak Park Unified (Ventura),Moderate Overperformer,0.5761570426022944,198.0,238.0,General,72.04117466938919,79.79534073590247,64.27614229459832,71.97576282190002
Palermo Union Elementary (Butte),Moderate Overperformer,0.5716660849873758,212.5,203.0,Differentiated,30.31847403734391,35.614778921865536,18.526134379439096,23.109497882637623
Castaic Union (Los Angeles),Moderate Overperformer,0.5687066319460702,281.5,163.0,General,55.0883411218786,56.89935064935064,45.0684858418715,45.991902834008094
Liberty Elementary (Tulare),Moderate Overperformer,0.5677970092051705,367.0,404.0,General,43.506055938695475,50.39370078740157,33.7756494715246,38.8560157790927
Milpitas Unified (Santa Clara),Moderate Overperformer,0.56598248336522,124.0,326.0,Differentiated,63.825517718987456,71.32254995242626,55.91446236211848,63.76674844310247
Bonny Doon Union Elementary (Santa Cruz),Moderate Overperformer,0.5658164999744002,304.5,614.0,General,54.06664581869802,56.66666666666666,45.30425225807729,52.22222222222223
Fresno Unified (Fresno),Moderate Overperformer,0.5647454914790029,53.5,330.0,Differentiated,35.90235106374703,37.00118473141272,23.308029583126206,27.033954439420555
Mountain View-Los Altos Union High (Santa Clara),Moderate Overperformer,0.563517904080594,183.0,562.0,Differentiated,75.62536162229013,78.54984894259819,64.83770702709758,67.4975074775673
Buellton Union Elementary (Santa Barbara),Moderate Overperformer,0.5631301058562292,305.0,222.0,Differentiated,48.429763013990865,55.44871794871795,37.733831633901815,47.92332268370607
Hermosa Beach City Elementary (Los Angeles),Moderate Overperformer,0.5584350742634668,314.0,530.0,General,74.31577040522193,79.17620137299771,67.74617105940465,74.4
Burbank Unified (Los Angeles),Moderate Overperformer,0.553748592363129,106.0,513.0,Differentiated,55.32518449028435,58.02899358795651,45.44272679206959,46.57534246575342
Riverdale Joint Unified (Fresno),Moderate Overperformer,0.5511942854572515,91.5,343.0,Differentiated,33.79175177198966,35.90462833099579,22.44186538349355,24.37325905292479
Silver Valley Unified (San Bernardino),Moderate Overperformer,0.5503178343903811,171.5,232.0,General,33.80495215859326,48.7280701754386,22.314246559638583,31.016278046634405
Rocklin Unified (Placer),Moderate Overperformer,0.5490141968733342,127.5,471.0,Differentiated,62.96184637955375,65.92548586947296,53.329721219496804,60.299213929507225
Gateway Unified (Shasta),Moderate Overperformer,0.5486200208204315,271.5,181.0,Differentiated,35.963403549843726,38.72377622377623,23.431172791185798,27.121609798775157
Burlingame Elementary (San Mateo),Moderate Overperformer,0.5472685038796536,226.0,231.0,Differentiated,70.27293897061573,73.35437330928765,63.105063363669956,70.93441150044923
Redondo Beach Unified (Los Angeles),Moderate Overperformer,0.5245608075516575,141.5,469.0,General,69.48133222056116,71.35057175234367,61.59699889024652,67.46219524740253
Traver Joint Elementary (Tulare),Moderate Overperformer,0.5239492055895386,213.5,231.0,Differentiated,34.57049571065169,37.24137931034483,25.347726796591484,23.448275862068964
Julian Union High (San Diego),Moderate Overperformer,0.5228439564831098,288.5,542.0,General,36.1732464669269,47.22222222222222,21.05487453733112,22.22222222222222
North County Joint Union Elementary (San Benito),Moderate Overperformer,0.5203934909113022,124.0,149.0,General,51.289148706276166,60.788381742738586,41.26979879676023,53.52697095435685
Rincon Valley Union Elementary (Sonoma),Moderate Overperformer,0.5180256907500425,309.0,233.0,General,52.45857137337176,58.966074313408726,44.34864971637508,59.17542441390461
Hawthorne (Los Angeles),Moderate Overperformer,0.5132046649079632,172.0,353.0,Differentiated,39.603087283653544,40.636751065429934,27.71853705186231,32.886239443616496
El Segundo Unified (Los Angeles),Moderate Overperformer,0.5126024546940345,225.5,448.0,General,71.64112541290352,76.98005698005697,64.38724600990436,70.2103467879477
Richfield Elementary (Tehama),Moderate Overperformer,0.5095410447574019,208.0,193.0,General,39.36880836759392,46.7948717948718,30.273754058344306,35.8974358974359
Woodville Union Elementary (Tulare),Moderate Overperformer,0.5085683415656498,174.5,298.0,Differentiated,29.02569790572416,34.59915611814346,18.448164310301024,31.223628691983123
Nevada Joint Union High (Nevada),Expected Performer,0.4971198469624022,162.5,412.0,Differentiated,52.77188879064829,63.32179930795848,33.52406396205214,35.121107266435985
Summerville Union High (Tuolumne),Expected Performer,0.4912155836093997,149.5,696.0,General,50.31588011114424,68.18181818181817,33.03897959036882,28.030303030303028
Armona Union Elementary (Kings),Expected Performer,0.4871477219203031,356.0,209.0,Differentiated,35.388729207578926,35.714285714285715,23.681610593755764,26.810477657935284
Rescue Union Elementary (El Dorado),Expected Performer,0.4870481078074747,225.0,410.0,General,67.43473762420012,71.08591365023986,58.70720105806643,62.93065852594854
Los Angeles Unified (Los Angeles),Expected Performer,0.4804503776228203,32.0,530.0,Differentiated,44.71814627774536,44.45065879676263,32.09300937468121,34.640960486158725
Mendota Unified (Fresno),Expected Performer,0.4800035170283179,133.0,177.0,Differentiated,31.65758284922779,36.37670740474479,19.559746998746974,24.556422995031937
Orange Unified (Orange),Expected Performer,0.4756907321847426,88.5,109.0,Differentiated,53.862842209167745,56.96938680562017,42.74628624962264,43.92657326490036
Carmel Unified (Monterey),Expected Performer,0.4755569962297591,277.0,347.0,General,63.910153263907375,72.40143369175627,54.24617043516871,64.7899910634495
Fruitvale Elementary (Kern),Expected Performer,0.4738581458302358,222.5,132.0,General,44.78093584479289,54.14475331830704,33.79670865237452,40.40050062578223
Folsom-Cordova Unified (Sacramento),Expected Performer,0.4723605289823078,90.0,243.0,Differentiated,55.37922415448917,60.16834713719842,45.38227642744486,49.12715994683208
Lakeside Union Elementary (Kings),Expected Performer,0.4716176370058733,203.5,415.0,Differentiated,39.96791150395957,48.00782639630025,29.745459952847305,34.06417112299465
Visalia Unified (Tulare),Expected Performer,0.4706965439018337,81.0,376.0,Differentiated,42.803930829762045,46.47320482948528,30.348557863648193,30.30580286448253
Baldwin Park Unified (Los Angeles),Expected Performer,0.4699779253815005,145.0,256.0,Differentiated,38.54290597728279,42.01047120418848,25.34662831254197,27.837502584246437
Central Union High (Imperial),Expected Performer,0.4631887451434824,197.0,529.0,Differentiated,43.44190094968524,48.85416666666666,22.564786765546412,18.002081165452655
Lynwood Unified (Los Angeles),Expected Performer,0.459630412613391,136.0,218.0,Differentiated,36.44496790646292,34.540797658251,23.844183013513017,22.99017824663514
Meadows Union (Imperial),Expected Performer,0.4589311283865324,182.0,298.0,Differentiated,29.792242619817127,27.947598253275107,20.374094760892582,26.160337552742615
Chatom Union (Stanislaus),Expected Performer,0.4570355958211985,147.0,373.0,Differentiated,38.653050514107605,41.86046511627907,29.329809886777568,34.87031700288185
Porterville Unified (Tulare),Expected Performer,0.4511434702027267,127.0,137.0,Differentiated,37.453096523895354,41.98745124639648,24.45232334566066,28.1986531986532
Pleasanton Unified (Alameda),Expected Performer,0.4472049410209002,114.0,306.0,Differentiated,76.06175111439164,77.77134587554269,69.80207709896523,74.11942663689405
Chualar Union (Monterey),Expected Performer,0.4446583543059448,219.5,516.0,General,32.57752230809057,46.103896103896105,23.61471534977399,29.22077922077922
Washington Colony Elementary (Fresno),Expected Performer,0.4422290214462532,170.0,493.0,Differentiated,38.879330928082965,41.901408450704224,29.433465416651206,26.95035460992908
Pasadena Unified (Los Angeles),Expected Performer,0.4390970968192256,112.0,195.0,Differentiated,51.96978800610885,48.16773424698346,41.56274278312053,36.2550395699567
New Hope Elementary (San Joaquin),Expected Performer,0.4340067757191999,256.0,447.0,General,30.88309360436449,38.392857142857146,20.73073296299302,18.75
Happy Valley Union Elementary (Shasta),Expected Performer,0.4276881191314997,160.0,426.0,Differentiated,40.58725018844512,41.852487135506,29.796534425971814,32.933104631217844
San Mateo Union High (San Mateo),Expected Performer,0.4233220213063915,140.0,527.0,Differentiated,67.80912315289699,73.49081364829397,54.90538846949277,50.42328042328042
San Carlos Elementary (San Mateo),Expected Performer,0.4170150292818727,251.0,298.0,Differentiated,80.90734245343738,84.14023372287144,76.65382503832404,80.14460511679644
Chico Unified (Butte),Expected Performer,0.4159041112425184,119.5,303.0,Differentiated,45.93251181515292,54.07960199004975,34.75844136168117,40.17122433712908
Elk Hills Elementary (Kern),Expected Performer,0.4100128598504641,260.5,221.0,General,32.349738860631305,34.86238532110092,21.947091441641945,28.703703703703702
Moreland (Santa Clara),Expected Performer,0.4087542282701264,206.5,219.0,General,57.93966160418522,63.48478532721968,50.68591985600653,56.38211382113821
Greenfield Union (Kern),Expected Performer,0.4002257819180975,140.0,156.0,Differentiated,37.74389136085896,42.78887923544744,25.574561106628835,28.20267686424474
La Habra City Elementary (Orange),Expected Performer,0.397969114616312,213.5,203.0,Differentiated,45.22631147387928,44.24878231547396,33.09453161441917,33.49514563106796
Woodlake Unified (Tulare),Expected Performer,0.389437161868396,185.0,219.0,Differentiated,33.858340680611576,35.20456707897241,20.1514644806964,25.047438330170777
Laytonville Unified (Mendocino),Expected Performer,0.3868146231515002,195.5,301.0,Differentiated,26.103544734543423,36.30573248407643,15.717793935413233,19.10828025477707
Kings River Union Elementary (Tulare),Expected Performer,0.386315343578486,177.0,176.0,General,37.16060377904569,32.945736434108525,27.035427046652398,23.371647509578544
Bangor Union Elementary (Butte),Expected Performer,0.3846964903632707,325.0,611.0,General,28.7578912872663,33.65384615384615,20.028369369217717,18.867924528301888
Acalanes Union High (Contra Costa),Expected Performer,0.3844340491143814,191.5,489.0,General,75.34840015746,81.06870229007633,62.00240059805188,65.4988575780655
Kit Carson Union Elementary (Kings),Expected Performer,0.3831447163785228,187.5,527.0,Differentiated,33.38866024106239,34.801762114537446,23.16700276462237,21.052631578947366
Montebello Unified (Los Angeles),Expected Performer,0.3799047899854044,107.5,157.0,Differentiated,39.22294440082374,37.03703703703704,26.06203793191299,25.94142259414226
Anderson Union High (Shasta),Expected Performer,0.3743592487218761,95.5,228.0,Differentiated,45.802664781065026,49.54407294832826,26.036772992605595,29.4478527607362
Julian Union Elementary (San Diego),Expected Performer,0.373528215254969,200.0,143.0,Differentiated,38.21115165192226,38.12154696132597,28.127529072556147,30.386740331491712
La Mesa-Spring Valley (San Diego),Expected Performer,0.3732804131578731,142.0,344.0,Differentiated,45.07015019529815,48.20569445539869,33.788713260151894,36.57187378262564
Cayucos Elementary (San Luis Obispo),Expected Performer,0.3686172297913386,417.5,347.0,General,54.725838871006104,68.29268292682927,44.74098208397289,55.64516129032258
Duarte Unified (Los Angeles),Expected Performer,0.3628154626762165,251.0,279.0,Differentiated,44.602559656369145,48.78957169459962,33.344500705828246,33.972772277227726
Walnut Creek Elementary (Contra Costa),Expected Performer,0.3559782653141731,214.0,569.0,Differentiated,67.02230982730329,70.79098541758727,60.76167397583795,68.75547765118317
Union Elementary (Santa Clara),Expected Performer,0.3530365198791865,178.5,353.0,General,74.70719844727957,74.7936158503027,69.01598324456043,75.10259917920656
Lucia Mar Unified (San Luis Obispo),Expected Performer,0.344720241325986,149.5,211.0,Differentiated,48.006514735001794,55.07905342564845,36.40765043925198,38.55708518786875
Bennett Valley Union Elementary (Sonoma),Expected Performer,0.3402465473108793,360.0,200.0,General,57.85041943466554,64.51612903225806,50.661590219305694,61.11111111111112
Pierce Joint Unified (Colusa),Expected Performer,0.3391606754536376,98.0,120.0,Differentiated,34.847447478822865,41.4569536423841,23.099579534491248,27.733860342555992
Hart-Ransom Union Elementary (Stanislaus),Expected Performer,0.3371801280796749,137.0,433.0,Differentiated,49.90730082650504,55.74468085106383,40.325849022057554,41.36460554371002
Thermalito Union Elementary (Butte),Expected Performer,0.3365805747750571,96.0,256.0,Differentiated,30.858906024250704,34.89583333333333,20.075295498672727,24.61059190031153
Two Rock Union (Sonoma),Expected Performer,0.3347401014898241,282.0,422.0,General,40.747933186642676,43.05555555555556,32.24175389749171,43.83561643835616
Plainsburg Union Elementary (Merced),Expected Performer,0.3251859155430096,302.0,395.0,General,41.45275478958409,46.52777777777778,31.87079402458528,29.86111111111111
Sonora Union High (Tuolumne),Expected Performer,0.3221958144091854,258.0,510.0,Differentiated,44.5219712431625,54.58333333333333,25.907551123558257,22.40663900414938
Maxwell Unified (Colusa),Expected Performer,0.3213965300504,193.5,282.0,Differentiated,29.541039970589207,35.13513513513514,19.685927019536,24.59016393442623
Raisin City Elementary (Fresno),Expected Performer,0.31992364556628,218.0,499.0,General,25.343923032565677,26.16279069767442,15.01226393984803,15.428571428571429
Merced River Union Elementary (Merced),Expected Performer,0.3174545895150781,204.5,643.0,General,39.88749921995937,38.4180790960452,29.75547800515594,34.26966292134831
Fall River Joint Unified (Shasta),Expected Performer,0.3148895672120709,109.0,110.0,Differentiated,35.90076227146016,40.29438822447102,24.646160120685476,30.741079597438244
Central Unified (Fresno),Expected Performer,0.3141271553685401,109.0,153.0,Differentiated,42.201455919315755,44.26806670784435,29.782770024166542,30.02886800565076
Waterford Unified (Stanislaus),Expected Performer,0.3121999579160642,205.0,448.0,General,34.40369654091857,35.34994068801898,22.060167642343117,28.68757259001161
Knights Ferry Elementary (Stanislaus),Expected Performer,0.3108737947632716,309.5,436.0,General,45.664816740896605,51.886792452830186,38.0804000797016,47.16981132075472
Loomis Union Elementary (Placer),Expected Performer,0.3075002240383436,79.0,464.0,General,67.17075419103539,68.69009584664538,58.94747834795539,62.37212276214834
Ross Valley Elementary (Marin),Expected Performer,0.3014797002803082,314.5,471.0,Differentiated,73.07397242130271,78.33182230281052,66.5026210161529,69.48998178506375
Santa Barbara Unified (Santa Barbara),Expected Performer,0.2980664323000114,125.0,211.0,Differentiated,51.2227745813908,51.72351885098744,40.0603847870297,41.39102449490434
Southern Trinity Joint Unified (Trinity),Expected Performer,0.2967942601502826,352.0,302.0,General,25.324550006115256,23.61111111111111,16.0303256111028,18.055555555555557
Millbrae Elementary (San Mateo),Expected Performer,0.2963501041435978,291.5,299.0,Differentiated,63.8170676701535,66.2001399580126,57.15074905099596,62.63966480446928
Cottonwood Union Elementary (Shasta),Expected Performer,0.2868452870799403,122.5,252.0,Differentiated,47.10707997675896,48.09027777777778,36.713970708629425,35.76388888888889
Eureka City Schools (Humboldt),Expected Performer,0.2861406628178873,150.5,133.0,Differentiated,36.85527336142123,37.1562317144529,24.89627680710795,23.645894001164823
Firebaugh-Las Deltas Unified (Fresno),Expected Performer,0.2820018716334778,184.0,89.0,Differentiated,30.573348622215562,32.78260869565217,18.05127400242335,19.064124783362217
Conejo Valley Unified (Ventura),Expected Performer,0.2779015769495397,110.5,211.0,Differentiated,61.883427920018434,65.55637140377813,52.750255620426266,56.31210403467822
Atascadero Unified (San Luis Obispo),Expected Performer,0.2727515815909315,216.5,200.0,Differentiated,47.891292534528205,51.68125287885766,36.255529647715505,39.71468016566958
Camino Union Elementary (El Dorado),Expected Performer,0.2726529467940362,185.5,139.0,Differentiated,41.96964973285448,51.91489361702127,31.23172723689288,37.87234042553192
Columbia Union (Tuolumne),Expected Performer,0.2720446819180554,168.0,78.0,Differentiated,38.75823807373528,41.75824175824176,28.31614975470899,30.4029304029304
Lone Pine Unified (Inyo),Expected Performer,0.2707253368100249,209.5,307.0,Differentiated,31.54681820894273,36.22047244094488,21.465056221852088,31.343283582089555
National Elementary (San Diego),Expected Performer,0.2704321717655317,225.5,263.0,General,35.166626785026246,33.85608856088561,24.273685564628277,27.91647753064004
Western Placer Unified (Placer),Expected Performer,0.2703297518477265,164.5,270.0,Differentiated,55.29940013830518,56.34752215703408,44.522591689658675,45.70180910792265
Mountain Elementary (Santa Cruz),Expected Performer,0.2654994613820207,439.5,166.0,General,60.63412571715761,65.625,52.99592710901664,58.59375
West Covina Unified (Los Angeles),Expected Performer,0.2632491422393133,168.0,163.0,Differentiated,47.090548394595736,47.96747967479675,34.95626209111773,36.80503144654088
Mountain View Whisman (Santa Clara),Expected Performer,0.2597708413450767,195.0,302.0,Differentiated,64.39074372358473,63.00658122618636,58.23371632311582,58.30207978179338
Newcastle Elementary (Placer),Expected Performer,0.2583262226504728,439.5,179.0,General,58.84127071893043,67.54385964912281,51.048639665959655,61.40350877192983
Pleasant Valley (Ventura),Expected Performer,0.2514751600287717,176.0,193.0,Differentiated,54.76397380206181,60.39152587825154,44.984903452674324,49.75961538461539
Bonsall Unified (San Diego),Expected Performer,0.2432432174379849,288.5,365.0,Differentiated,53.76977767878537,54.45705024311182,43.64530229775797,41.52473641524737
Campbell Union High (Santa Clara),Expected Performer,0.2394899272194448,149.0,301.0,General,62.93238958390945,66.0576923076923,48.725371306177614,48.03073967339097
El Rancho Unified (Los Angeles),Expected Performer,0.2391993621261279,178.5,267.0,Differentiated,42.99551455230946,40.2315484804631,30.015902389392267,29.45580190037432
Mill Valley Elementary (Marin),Expected Performer,0.2376250688869829,283.5,244.0,Differentiated,80.67024902990501,82.69096005606167,74.87482149400643,79.2691496837667
Menlo Park City Elementary (San Mateo),Expected Performer,0.236515071490931,267.0,417.0,General,81.56777762001683,79.64391691394658,76.42418621301222,78.1582054309327
Stone Corral Elementary (Tulare),Expected Performer,0.2242523512392852,311.0,583.0,Differentiated,23.580871907642567,23.61111111111111,14.08008205852883,8.333333333333332
Janesville Union Elementary (Lassen),Expected Performer,0.2231028089089883,203.0,179.0,Differentiated,40.66672877180871,45.36585365853659,30.54636103945976,36.89320388349515
Montague Elementary (Siskiyou),Expected Performer,0.2211651222189455,257.5,240.0,General,35.403277984460395,38.93805309734513,24.265086571365643,35.39823008849557
Waukena Joint Union Elementary (Tulare),Expected Performer,0.220501580190004,236.0,263.0,Differentiated,36.14771846874826,36.55172413793103,25.908895634118434,28.368794326241137
Chicago Park Elementary (Nevada),Expected Performer,0.2173503265400383,301.0,503.0,General,41.94726712469727,50.69444444444444,33.479915627855114,35.41666666666667
Soulsbyville Elementary (Tuolumne),Expected Performer,0.2171496387846238,338.5,522.0,General,50.38888861840493,48.734177215189874,39.22730655242538,45.74132492113564
Westside Elementary (Fresno),Expected Performer,0.2090406519756057,287.5,609.0,General,29.100200105479573,37.89473684210527,20.452353412422134,15.789473684210526
Lemon Grove (San Diego),Expected Performer,0.1961473486718902,255.0,229.0,Differentiated,38.88447943119789,38.51774530271398,27.885527598303145,28.62300154718928
Culver City Unified (Los Angeles),Expected Performer,0.1958517140363361,183.5,599.0,Differentiated,62.27050832830685,65.25299795261772,54.179586609098955,53.55991796073836
Placer Union High (Placer),Expected Performer,0.1956170788525831,232.0,553.0,Differentiated,60.804379762074156,67.76859504132231,43.95255122230011,44.180522565320665
Sonora Elementary (Tuolumne),Expected Performer,0.1944739341746117,312.5,348.0,General,42.84629789715191,46.84466019417476,31.72780712829087,31.630170316301705
San Miguel Joint Union (San Luis Obispo),Expected Performer,0.1941566380177653,145.0,395.0,Differentiated,37.98376912358709,38.642297650130544,27.470492065126532,38.07106598984771
Kerman Unified (Fresno),Expected Performer,0.1895864808581083,126.0,160.0,Differentiated,37.9136055703641,41.30790190735695,24.84990323089057,26.90291086602784
Twain Harte (Tuolumne),Expected Performer,0.1862218873490178,399.0,228.0,General,43.816846709552415,45.664739884393065,33.66580817889806,34.88372093023256
West Sonoma County Union High (Sonoma),Expected Performer,0.1854721425959913,218.0,342.0,Differentiated,55.91841001942543,63.63636363636363,38.19646573127696,38.775510204081634
Roseville City (Placer),Expected Performer,0.1852219164695551,126.0,270.0,Differentiated,56.920045839970136,59.06971035837015,47.964185547528515,51.29917435648373
Lafayette Elementary (Contra Costa),Expected Performer,0.1809631567394975,249.0,284.0,General,82.80799326991826,80.12132524498367,77.08626472887926,80.07448789571696
Cascade Union Elementary (Shasta),Expected Performer,0.1770128880924273,372.0,297.0,Differentiated,35.640685015282784,34.02889245585875,24.388451919258486,24.476650563607087
Wiseburn Unified (Los Angeles),Expected Performer,0.1729658319516837,275.5,188.0,Differentiated,60.57344917466901,62.84488044144696,51.16329859311827,49.08200734394125
Taft Union High (Kern),Expected Performer,0.1693425253676657,249.5,708.0,Differentiated,38.06657487810992,48.54014598540146,16.67289219076866,10.256410256410255
South Whittier Elementary (Los Angeles),Expected Performer,0.1678885272192767,289.0,357.0,Differentiated,41.742140290714005,34.6782988004362,29.9252887661142,25.729729729729726
West Park Elementary (Fresno),Expected Performer,0.1636287040729539,213.0,362.0,General,26.37311396840099,24.33862433862434,16.182779330319583,15.706806282722512
Lakeside Union Elementary (San Diego),Expected Performer,0.1632281884230897,217.0,309.0,Differentiated,49.029008851202846,48.00782639630025,38.91230990481754,34.06417112299465
Red Bluff Joint Union High (Tehama),Expected Performer,0.1512133186572559,95.0,424.0,Differentiated,41.43869743324721,49.38271604938272,21.162778039400077,21.7283950617284
Delhi Unified (Merced),Expected Performer,0.1477690689873091,186.5,414.0,Differentiated,37.21641305062051,35.55370524562864,24.406921946807557,28.735632183908045
Lodi Unified (San Joaquin),Expected Performer,0.1460090240595473,89.0,373.0,Differentiated,40.34193085531113,38.01610728471994,28.913678660325576,29.14046883518081
Calistoga Joint Unified (Napa),Expected Performer,0.1418362948147889,294.0,418.0,Differentiated,39.02137266755679,43.28358208955223,26.883710125475943,30.637254901960787
Anaheim Union High (Orange),Expected Performer,0.1372095354446758,90.0,373.0,Differentiated,47.071042052415194,42.93740304389753,28.069084857275136,25.6013456686291
College Elementary (Santa Barbara),Expected Performer,0.136690939165294,424.5,434.0,Differentiated,52.540629500843906,61.06194690265486,42.91104550076364,40.17857142857143
Central Elementary (San Bernardino),Expected Performer,0.1357665856443907,222.0,256.0,Differentiated,46.05981518650995,50.25053686471009,35.07987574266398,33.23893805309734
Wasco Union Elementary (Kern),Expected Performer,0.1330444617244738,154.5,108.0,General,35.98237996046169,34.79036574487065,22.840976415928456,19.99121265377856
Jamestown Elementary (Tuolumne),Expected Performer,0.1284744781592216,354.0,431.0,Differentiated,34.37958383808419,31.25,22.426981407086494,27.67175572519084
Sweetwater Union High (San Diego),Expected Performer,0.1280014661638761,79.5,401.0,Differentiated,50.45508352377902,52.1223185759927,32.25822540898426,30.82970658430437
Panama-Buena Vista Union (Kern),Expected Performer,0.120554893912851,103.5,313.0,Differentiated,44.14598733871415,47.575002010777766,32.55001947626084,31.32588244753558
Taft City (Kern),Expected Performer,0.1158689482682105,183.0,157.0,Differentiated,32.20204841313687,33.04054054054054,20.856387127482762,21.08108108108108
Pomona Unified (Los Angeles),Expected Performer,0.1129631632309898,113.5,134.0,Differentiated,41.72269620697501,37.41908540405095,28.98762276021388,23.197427118995748
Hughson Unified (Stanislaus),Expected Performer,0.112435856863743,291.0,109.0,Differentiated,43.985721081596445,46.66056724611162,32.876793726686,33.63802559414991
Camptonville Elementary (Yuba),Expected Performer,0.1075212393365931,393.0,369.0,General,28.64741181205537,30.909090909090907,21.261977335240854,29.09090909090909
San Ramon Valley Unified (Contra Costa),Expected Performer,0.1037098089225904,87.0,99.0,Differentiated,80.83256608865109,79.84188382193268,75.335256712804,74.4186046511628
Moraga Elementary (Contra Costa),Expected Performer,0.1018412424948689,315.5,223.0,General,78.93074355131783,81.33773740710157,73.49916814429642,74.83552631578947
Paradise Elementary (Stanislaus),Expected Performer,0.1013795783503968,376.0,643.0,General,34.61716500495951,31.70731707317073,26.433442020764275,35.36585365853659
Rio Bravo-Greeley Union Elementary (Kern),Expected Performer,0.0988396753510219,118.5,339.0,General,53.457970453440154,53.26331582895724,43.18352995758911,41.710427606901725
Santa Cruz City Elementary (Santa Cruz),Expected Performer,0.0976231388031325,298.5,171.0,General,52.79997431700452,57.98414496036241,45.193719064281716,50.16910935738444
Pleasant Ridge Union Elementary (Nevada),Expected Performer,0.0956851452867179,110.0,355.0,Differentiated,49.883110100265874,51.00755667506297,40.06320242319458,41.488020176544765
Oakdale Joint Unified (Stanislaus),Expected Performer,0.0953281484411252,130.5,249.0,Differentiated,46.07377269636497,50.5907418167732,34.353793871757794,36.88604154533101
Parlier Unified (Fresno),Expected Performer,0.0931577432162419,160.5,312.0,Differentiated,32.26239311938083,24.355971896955506,19.18277012932863,14.45153801508996
Lagunitas Elementary (Marin),Expected Performer,0.0856522133269264,271.5,331.0,General,60.37024988667249,65.34653465346535,53.09013856756384,53.84615384615385
Solvang Elementary (Santa Barbara),Expected Performer,0.0838065794732753,323.0,386.0,Differentiated,54.26604143403249,56.8733153638814,44.44154340215123,42.66666666666667
Mountain Union Elementary (Shasta),Expected Performer,0.0783309143248812,361.5,666.0,Differentiated,23.505775557867402,24.509803921568626,14.537311931869937,16.666666666666664
Snelling-Merced Falls Union Elementary (Merced),Expected Performer,0.0756863518928,382.5,371.0,General,25.351963355113323,25.333333333333336,16.40915451921775,16.0
Pacheco Union Elementary (Shasta),Expected Performer,0.073820036276663,142.5,186.0,Differentiated,44.52521358239539,42.19114219114219,33.3029752032663,33.02325581395349
Nevada City Elementary (Nevada),Expected Performer,0.0725280646891565,307.5,693.0,Differentiated,54.22302607866945,58.6,43.26503967897193,41.28256513026052
Burrel Union Elementary (Fresno),Expected Performer,0.071163699265652,332.0,621.0,General,25.66256031212295,19.53125,16.363575893636607,21.428571428571427
Bear Valley Unified (San Bernardino),Expected Performer,0.0704822986523215,191.5,180.0,Differentiated,39.6072123863965,42.73656152820968,27.361916959805097,31.86036235086169
Dublin Unified (Alameda),Expected Performer,0.0688395122111677,137.0,311.0,Differentiated,80.10484856357019,78.47971987160783,73.15392744788485,74.97450837581937
Middletown Unified (Lake),Expected Performer,0.0642108731985754,102.5,150.0,Differentiated,43.275686253232884,47.14475431606906,31.59878906419235,34.445927903871834
Keyes Union (Stanislaus),Expected Performer,0.0612143210961252,402.0,228.0,Differentiated,36.08243020290709,35.78947368421053,25.42237416982481,28.274428274428278
Vista Unified (San Diego),Expected Performer,0.0584780353110363,117.0,123.0,Differentiated,46.15079089320537,44.21254512635379,34.23073218121984,33.840795460929165
Peninsula Union (Humboldt),Expected Performer,0.0504878182358474,439.5,233.0,Differentiated,27.05829569643403,8.0,17.620365655886946,0.0
Placer Hills Union Elementary (Placer),Expected Performer,0.0484292625305841,139.0,490.0,General,55.091273250050506,52.915766738660906,45.02353984641925,49.24406047516199
Richland Union Elementary (Kern),Expected Performer,0.0440505140041141,183.5,210.0,Differentiated,34.18785832085411,30.401529636711285,21.793723298917755,21.32399745385105
McKinleyville Union Elementary (Humboldt),Expected Performer,0.0415106930974432,285.5,412.0,Differentiated,42.05299085467099,35.97122302158273,29.961128194467275,28.82882882882883
Lammersville Joint Unified (San Joaquin),Expected Performer,0.0406013453314997,171.0,275.0,Differentiated,72.09178583604556,75.70868863793501,64.53728319848518,71.74063002989193
South Bay Union Elementary (Humboldt),Expected Performer,0.0362714012963352,382.5,395.0,Differentiated,38.41762972941097,36.84210526315789,27.49489012977845,29.239766081871345
Leggett Valley Unified (Mendocino),Expected Performer,0.0356922773225481,314.0,549.0,General,23.735228075991607,26.61290322580645,14.2502761712655,17.741935483870968
North Cow Creek Elementary (Shasta),Expected Performer,0.0316187594766375,220.5,527.0,General,57.402387103518485,59.88700564971752,49.79472516613555,42.69662921348314
Vineland Elementary (Kern),Expected Performer,0.0279052673003857,150.5,448.0,Differentiated,24.476207315002647,27.880184331797235,14.243145688677874,14.416475972540049
Sausalito Marin City (Marin),Expected Performer,0.0272725562220684,438.0,482.0,Differentiated,50.932590739634506,48.48484848484848,42.601908425500966,40.123456790123456
Miller Creek Elementary (Marin),Expected Performer,0.0236139468751073,319.5,477.0,Differentiated,63.96540628170384,66.44010195412065,56.883479719639595,58.68465430016864
Susanville Elementary (Lassen),Expected Performer,0.018594891632253,269.0,181.0,Differentiated,35.58391415487578,39.285714285714285,24.419290756960834,28.88888888888889
El Dorado Union High (El Dorado),Expected Performer,0.0182894881394412,189.5,542.0,Differentiated,62.61921643990277,69.0091356289529,45.45579864792154,47.07952146375792
Kern High (Kern),Expected Performer,0.0181778694206518,74.5,562.0,Differentiated,44.933709628340054,51.97763091001525,24.320256051222707,18.437404502393807
Scotts Valley Unified (Santa Cruz),Expected Performer,0.0172052476130721,298.0,515.0,General,69.28652596412618,70.03710575139146,61.685372737227766,58.6046511627907
Golden Valley Unified (Madera),Expected Performer,0.0142590516259469,75.0,318.0,Differentiated,55.332014525841885,57.86143625434988,45.45958443477837,41.10022130888397
Beaumont Unified (Riverside),Expected Performer,0.0077053886822481,139.5,230.0,Differentiated,46.50738626719799,50.579523502897615,34.91328709098985,36.46337528234915
Blue Lake Union Elementary (Humboldt),Expected Performer,0.0038759800284416,278.5,440.0,General,39.22223052273568,33.33333333333333,30.17529797096794,28.431372549019606
Union Hill Elementary (Nevada),Expected Performer,0.0023638079557226,431.0,277.0,Differentiated,50.39515865661718,50.36496350364964,40.787280995240955,35.294117647058826
Corcoran Joint Unified (Kings),Expected Performer,0.0019343801034693,162.5,243.0,Differentiated,35.54062347292706,34.45532435740514,21.763767251748348,20.75702075702076
Redlands Unified (San Bernardino),Expected Performer,0.0010683611442092,105.0,72.0,Differentiated,47.283914547507585,50.60120240480962,35.877141190049926,37.49603803486529
Calexico Unified (Imperial),Expected Performer,0.0002033968918683,106.0,254.0,Differentiated,34.0538634993499,29.98784933171325,22.257935416535126,18.90583393851368
Wright Elementary (Sonoma),Expected Performer,-0.0039117346546418,384.5,527.0,Differentiated,37.271634473974466,45.14285714285714,28.17153001155384,29.288702928870293
Sylvan Union Elementary (Stanislaus),Expected Performer,-0.0043748740471337,157.0,318.0,Differentiated,43.62521387295593,42.71270507439908,32.79605223234189,36.246200607902736
Salida Union Elementary (Stanislaus),Expected Performer,-0.0061405689179852,302.5,326.0,General,44.77358847389389,42.28702993092863,33.78347838989388,32.848392036753445
Plumas Lake Elementary (Yuba),Expected Performer,-0.0108893493903589,215.0,216.0,General,50.251945456485636,49.02534113060429,40.834598828923596,35.27696793002916
Buttonwillow Union Elementary (Kern),Expected Performer,-0.0126012493354169,214.5,442.0,General,28.139745787174267,25.555555555555557,18.405721681249524,18.23204419889503
Sequoia Union Elementary (Tulare),Expected Performer,-0.0128244767391661,402.5,709.0,General,41.348812876801304,47.61904761904761,33.52504595109816,23.809523809523807
Old Adobe Union (Sonoma),Expected Performer,-0.013980477622019,434.5,497.0,Differentiated,48.89291499833628,59.14634146341463,41.04394274701732,39.88095238095239
Carpinteria Unified (Santa Barbara),Expected Performer,-0.0219092951646482,309.5,253.0,Differentiated,49.310983979131535,47.02643171806167,38.83455756743617,37.786259541984734
Waugh Elementary (Sonoma),Expected Performer,-0.0221819481595131,381.5,476.0,Differentiated,68.0595871631608,71.24183006535948,61.84539722918667,64.92374727668845
Grass Valley Elementary (Nevada),Expected Performer,-0.0228808074571599,260.5,486.0,General,41.56520896779597,38.998482549317146,30.757897486151325,31.53153153153153
Tahoe-Truckee Unified (Placer),Expected Performer,-0.0251853181051039,147.0,369.0,Differentiated,58.99735123631132,61.35540610450077,48.2455925377324,51.48870636550308
Linden Unified (San Joaquin),Expected Performer,-0.03397078841453,83.5,333.0,Differentiated,39.644054442011225,38.192182410423456,27.662553986663372,29.756097560975608
Oceanside Unified (San Diego),Expected Performer,-0.034240514170446,128.5,207.0,Differentiated,45.033405062138016,42.164692922060034,32.83551768821393,31.754337648030845
Fortuna Union High (Humboldt),Expected Performer,-0.034257134891755,262.5,487.0,Differentiated,42.78553467962188,46.69421487603306,21.974664469856553,19.327731092436977
Mission Union Elementary (Monterey),Expected Performer,-0.0348159163992733,296.5,720.0,General,44.15610681061003,56.9620253164557,34.92073824183301,29.11392405063291
Larkspur-Corte Madera (Marin),Expected Performer,-0.0395549202505445,362.0,257.0,Differentiated,78.1085442650388,78.27191867852605,71.95929502260375,76.32911392405063
Yuba City Unified (Sutter),Expected Performer,-0.0464731841612746,134.0,162.0,Differentiated,36.99019930860959,37.93492407809111,26.056858424641657,24.580958053263
San Marcos Unified (San Diego),Expected Performer,-0.0517808518969991,115.5,362.0,Differentiated,57.27825346920074,57.30705221551904,46.57381863297745,46.558093553254594
Roseland (Sonoma),Expected Performer,-0.0522288702867209,310.0,451.0,General,33.36348822220506,33.293978748524204,23.554565359215466,28.702640642939148
Westmorland Union Elementary (Imperial),Expected Performer,-0.0579670311573568,210.0,263.0,Differentiated,27.860549299083164,26.69683257918552,17.116119994843974,13.12217194570136
Desert Center Unified (Riverside),Expected Performer,-0.0598418217076734,424.0,694.0,General,27.795538797381155,26.08695652173913,19.00996988940569,26.08695652173913
Santa Ynez Valley Union High (Santa Barbara),Expected Performer,-0.0608471380631004,289.5,416.0,General,58.92216639897737,60.0,41.733550486499574,36.92307692307693
Turlock Unified (Stanislaus),Expected Performer,-0.0627759787365575,134.5,359.0,Differentiated,40.67114373849058,41.04239477283088,29.151232337107864,27.59034337981706
Blochman Union Elementary (Santa Barbara),Expected Performer,-0.0630121852210947,245.5,488.0,General,43.798466739113785,51.44927536231884,34.41169314077094,31.88405797101449
Colusa Unified (Colusa),Expected Performer,-0.0650708142843352,228.0,374.0,General,34.685271245881175,34.092387768379965,22.65623387821165,26.4990328820116
Brisbane Elementary (San Mateo),Expected Performer,-0.0674645625218413,425.0,427.0,General,61.336239647614825,60.726072607260726,54.1156043620967,62.5
Menifee Union (Riverside),Expected Performer,-0.0690008449425389,140.5,367.0,Differentiated,48.0192873286,47.96717171717172,36.3529322901877,38.579896582166725
Sebastopol Union Elementary (Sonoma),Expected Performer,-0.0733310147896638,346.0,479.0,General,51.431045678907836,56.81818181818182,42.10507601993952,38.2636655948553
Lincoln Unified (San Joaquin),Expected Performer,-0.0762991033742448,154.5,188.0,Differentiated,42.16658676886596,42.98845156728729,30.668472229695833,29.058823529411764
Lewiston Elementary (Trinity),Expected Performer,-0.0774227646558661,364.5,123.0,General,29.49407064936952,15.625,20.31910455372251,11.29032258064516
Strathmore Union Elementary (Tulare),Expected Performer,-0.0791826350204547,144.0,225.0,Differentiated,32.45311094217573,35.11111111111111,20.900971756403898,19.77777777777778
Needles Unified (San Bernardino),Expected Performer,-0.0795176322074815,276.0,251.0,Differentiated,26.64757127526165,29.11646586345381,14.614731420557748,16.398390342052313
Los Olivos Elementary (Santa Barbara),Expected Performer,-0.0814104564814114,274.5,382.0,Differentiated,62.16583141108156,63.1578947368421,55.16377799545922,50.0
Hilmar Unified (Merced),Expected Performer,-0.0814802166032338,85.0,167.0,General,36.89036756168873,37.59153783563873,25.7810824739969,23.35231895850285
Las Virgenes Unified (Los Angeles),Expected Performer,-0.0856032953853599,156.0,376.0,General,71.12300105735729,68.04814233385662,62.71301738401579,60.115002613695765
Farmersville Unified (Tulare),Expected Performer,-0.0856265657427055,84.0,222.0,Differentiated,32.64425437950174,28.65079365079365,21.000344375691594,15.023847376788554
Roseville Joint Union High (Placer),Expected Performer,-0.0872330649330314,136.0,615.0,Differentiated,61.50493798087197,63.78861183475996,46.62091803343745,41.61098737936154
Yreka Union High (Siskiyou),Expected Performer,-0.0915164576156077,313.5,544.0,Differentiated,43.092092644509506,48.71794871794872,22.721460676659397,18.83116883116883
Wilmar Union Elementary (Sonoma),Expected Performer,-0.0946726781781398,233.5,534.0,General,55.65928657879386,53.54330708661418,47.008277641460964,51.181102362204726
Placerville Union Elementary (El Dorado),Expected Performer,-0.0975780386127019,247.5,169.0,Differentiated,41.591533297600016,44.71649484536083,30.234037953261435,32.3037323037323
Spencer Valley Elementary (San Diego),Expected Performer,-0.1014234699984751,405.5,458.0,General,32.421301010235254,28.26086956521739,23.106499916463733,23.91304347826087
Santa Ana Unified (Orange),Expected Performer,-0.1050717186981585,80.5,318.0,Differentiated,39.362088784341445,32.83685582737005,27.805323089024114,21.99679805675169
Ceres Unified (Stanislaus),Expected Performer,-0.1056456585824803,136.0,276.0,Differentiated,38.13244716963399,38.765320018157055,26.19335248840812,22.912912912912915
Los Gatos-Saratoga Union High (Santa Clara),Expected Performer,-0.1064943226406993,258.0,512.0,General,83.6551886803581,83.51206434316354,72.47278214806553,67.61133603238866
Reed Union Elementary (Marin),Expected Performer,-0.1075353400641808,372.5,248.0,General,84.90657352630086,80.9171597633136,80.3828554184529,78.87740029542097
Los Gatos Union Elementary (Santa Clara),Expected Performer,-0.1090107657939219,269.0,188.0,General,83.2210228243825,79.4102159031069,77.86241040305822,77.27748691099477
Santa Cruz City High (Santa Cruz),Expected Performer,-0.1101875307971922,206.0,318.0,Differentiated,62.85703085113811,61.21775644871026,46.83878611789732,40.01787842669845
Kenwood (Sonoma),Expected Performer,-0.1106511128729354,439.5,247.0,General,58.890441995535376,70.27027027027027,50.50348213421003,62.16216216216216
Round Valley Joint Elementary (Inyo),Expected Performer,-0.111430269664153,364.5,300.0,General,48.286776312128886,48.38709677419355,40.76163040010593,43.54838709677419
Pond Union Elementary (Kern),Expected Performer,-0.1134021791193527,264.5,506.0,General,32.423081848349206,22.22222222222222,21.665670602011712,21.1864406779661
Bishop Unified (Inyo),Expected Performer,-0.1184128442318644,203.5,370.0,Differentiated,43.70669715942296,42.58271077908218,32.00224616780926,34.941050375133976
Dry Creek Joint Elementary (Placer),Expected Performer,-0.1198416970188511,183.0,269.0,General,54.521019705027335,54.248946083869534,45.17748838867187,45.32484635645303
Fortuna Elementary (Humboldt),Expected Performer,-0.1221627020029539,267.5,262.0,Differentiated,35.06881540678125,31.858407079646017,23.524356202682544,22.271386430678465
Golden Plains Unified (Fresno),Expected Performer,-0.1262347177464985,107.0,415.0,Differentiated,28.64565775702489,25.45824847250509,17.28864578023185,15.597569209993248
Pixley Union Elementary (Tulare),Expected Performer,-0.1317536214635226,134.0,348.0,Differentiated,34.79558525591941,35.483870967741936,24.568388789584006,22.62118491921005
Redwood City Elementary (San Mateo),Expected Performer,-0.1348798675689957,174.0,517.0,Differentiated,51.823568793797484,49.20909540286703,43.43556479777902,39.64338055691256
Columbia Elementary (Shasta),Expected Performer,-0.1364316762799818,399.0,375.0,Differentiated,51.31369607020543,44.18356456776948,40.72040148550638,33.79679144385027
Paso Robles Joint Unified (San Luis Obispo),Expected Performer,-0.1387397302832494,174.0,272.0,Differentiated,43.02664942358009,43.930730272831234,31.52490640384164,29.996776273372017
Live Oak Elementary (Santa Cruz),Expected Performer,-0.1391158733115253,334.5,252.0,Differentiated,48.82104348747867,44.824016563147,38.478029937124596,35.41237113402062
Grossmont Union High (San Diego),Expected Performer,-0.1507534353494627,123.0,332.0,Differentiated,48.9438584705131,51.07142857142857,30.185469281845297,26.96473201888364
Sequoia Union High (San Mateo),Expected Performer,-0.1522376965422443,165.5,456.0,Differentiated,67.24272372732015,66.22551614610906,52.1336818010348,48.16
San Pasqual Valley Unified (Imperial),Expected Performer,-0.1570880360282152,157.5,427.0,Differentiated,21.69667631426335,23.05084745762712,10.943987372848389,7.094594594594595
Yreka Union Elementary (Siskiyou),Expected Performer,-0.1593519670961063,281.5,447.0,Differentiated,34.23611212523186,28.823529411764703,22.411745068068633,26.326129666011788
Stanislaus Union Elementary (Stanislaus),Expected Performer,-0.1600612450191805,230.5,219.0,Differentiated,41.35984082709567,38.276643990929706,30.773310214208784,30.341113105924595
Mark West Union Elementary (Sonoma),Expected Performer,-0.1783441378343672,427.5,362.0,Differentiated,49.02127352579502,45.58139534883721,39.59400938215216,41.86046511627907
Arvin Union (Kern),Expected Performer,-0.1814021456796787,170.5,237.0,General,31.48458907545245,29.72972972972973,20.02951905772574,21.897407611693325
Centinela Valley Union High (Los Angeles),Expected Performer,-0.190005434817397,203.0,554.0,Differentiated,47.428802560552995,48.29721362229103,26.174521508213214,15.797546012269938
Evergreen Elementary (Santa Clara),Expected Performer,-0.1907658780348343,152.0,388.0,Differentiated,65.41357745302926,65.47823105930752,56.67204652524637,60.183611016661
Sierra-Plumas Joint Unified (Sierra),Expected Performer,-0.193406046558351,181.5,416.0,Differentiated,38.946783912902895,42.93193717277487,29.243574236139295,29.92125984251969
Butteville Union Elementary (Siskiyou),Expected Performer,-0.1956914648426611,271.0,382.0,General,47.80433855962124,51.9607843137255,37.981011200102834,42.15686274509804
South Monterey County Joint Union High (Monterey),Expected Performer,-0.1972088336472917,174.5,685.0,Differentiated,43.4829670738342,54.22885572139303,22.163924029504983,13.114754098360656
Chawanakee Unified (Madera),Expected Performer,-0.1980042746603139,119.5,324.0,Differentiated,43.88244018576621,45.67669172932331,33.53476379468386,30.592734225621417
San Ysidro Elementary (San Diego),Expected Performer,-0.2018853366043827,209.5,250.0,Differentiated,41.27256002955561,37.83377209477247,32.57538799048966,28.29357798165137
Westwood Unified (Lassen),Expected Performer,-0.2046569891547199,258.5,248.0,Differentiated,30.30127434158658,29.65116279069768,19.193379286731385,19.186046511627907
Alvord Unified (Riverside),Expected Performer,-0.2060446802597445,113.0,221.0,Differentiated,40.11772416671943,38.15157549490453,27.907262169857564,24.186968178109336
Chowchilla Union High (Madera),Expected Performer,-0.2067992083799395,256.5,618.0,Differentiated,42.38256247028547,48.99598393574297,21.544663268346895,12.5
Sierra Unified (Fresno),Expected Performer,-0.2083668834140656,110.5,170.0,Differentiated,43.3483965946045,43.18706697459584,31.69689060390673,27.9969064191802
Pine Ridge Elementary (Fresno),Expected Performer,-0.2087120305844534,363.0,451.0,General,41.162728267186296,39.361702127659576,32.38735628095023,28.88888888888889
Tulare City (Tulare),Expected Performer,-0.2111395352840096,158.0,304.0,Differentiated,39.235281922068275,33.88709950839125,27.167416990619447,21.112142435237534
McKittrick Elementary (Kern),Expected Performer,-0.2140720202672245,372.5,542.0,General,36.698571790431615,30.8641975308642,30.38507655042249,32.098765432098766
Empire Union Elementary (Stanislaus),Expected Performer,-0.2251926351798247,247.5,267.0,Differentiated,38.30220147088549,37.71397018221977,27.82634702833161,24.17582417582417
Norris Elementary (Kern),Expected Performer,-0.2253729914268551,208.5,338.0,General,56.621550196534386,55.44079675396533,46.18895476725101,44.28518926865123
Washington Unified (Fresno),Expected Performer,-0.2292062441660715,162.0,232.0,Differentiated,40.63193228102331,40.260430507573744,29.040717668875462,27.82608695652174
Laton Joint Unified (Fresno),Expected Performer,-0.2303400817951736,153.5,457.0,Differentiated,33.51267680786304,26.885245901639344,21.869165917878142,17.475728155339805
Paradise Unified (Butte),Expected Performer,-0.232858177355303,94.5,368.0,Differentiated,37.86992156493783,33.54922279792746,26.2783737386524,29.46544980443285
Merced City Elementary (Merced),Expected Performer,-0.2353702065807431,134.0,322.0,Differentiated,40.09372120217425,34.907109931554686,27.466130386931464,21.90330221541034
Morongo Unified (San Bernardino),Expected Performer,-0.2389014994662381,52.0,132.0,Differentiated,34.681555662818305,36.50963597430407,23.158290306347507,23.02119667292729
Kernville Union Elementary (Kern),Expected Performer,-0.2414871381591723,292.5,241.0,Differentiated,29.044559343901245,30.103092783505154,17.61945573626279,14.669421487603309
Livingston Union (Merced),Expected Performer,-0.2424044379450971,177.0,329.0,General,38.42458054804182,32.42258652094718,26.764993868859417,25.498489425981877
Bret Harte Union High (Calaveras),Expected Performer,-0.2460197330530254,153.0,773.0,Differentiated,48.64106433903902,64.0,30.1093141400261,20.0
Pleasant Grove Joint Union (Sutter),Expected Performer,-0.2472457633867184,270.0,185.0,General,46.9071748547438,45.87155963302752,37.902070536349676,35.77981651376147
Riverside Unified (Riverside),Expected Performer,-0.2591986000492823,77.0,171.0,Differentiated,45.242215991558496,47.31597231026701,33.35251213452612,33.19922062805233
Nuview Union (Riverside),Expected Performer,-0.2598850707472435,99.5,251.0,Differentiated,38.02746794517481,39.52569169960474,26.345127242947378,25.666337611056267
Livermore Valley Joint Unified (Alameda),Expected Performer,-0.263248159110469,124.5,270.0,Differentiated,64.15509670768861,61.886035931837455,56.52955552475487,50.434581955234215
Soquel Union Elementary (Santa Cruz),Expected Performer,-0.2703149250674748,329.0,457.0,General,57.840095990273724,54.13758723828514,48.03531539453465,42.0533070088845
Monterey Peninsula Unified (Monterey),Expected Performer,-0.2743597258991651,157.0,101.0,Differentiated,44.83824381784779,41.57871591908531,33.54156274199513,27.451838879159368
Newman-Crows Landing Unified (Stanislaus),Expected Performer,-0.2743711548328126,162.0,328.0,Differentiated,36.91298738428342,38.61232109520847,25.311068349484643,21.73507462686567
Azusa Unified (Los Angeles),Expected Performer,-0.2813776597981749,190.0,122.0,Differentiated,41.18377656155804,34.080421885299934,28.543946428702114,21.983039791258967
Southern Humboldt Joint Unified (Humboldt),Expected Performer,-0.2823721447442611,147.5,402.0,General,29.858635017810453,20.97560975609756,19.884751221867567,18.076285240464347
Gonzales Unified (Monterey),Expected Performer,-0.2870679762431729,197.5,381.0,Differentiated,34.37876765036047,32.72357723577235,22.75629500348557,19.735503560528997
Del Norte County Unified (Del Norte),Expected Performer,-0.2887619931657308,155.5,213.0,Differentiated,35.91126642410571,32.77582159624413,23.75543736537082,21.566901408450704
Alta Vista Elementary (Tulare),Expected Performer,-0.2906673941012062,417.0,180.0,Differentiated,34.89630497146333,19.6319018404908,24.542785334822455,9.734513274336283
Buena Vista Elementary (Tulare),Expected Performer,-0.2931969306295539,257.0,312.0,General,51.90814746887419,48.24561403508772,42.490854224248075,34.21052631578947
"Igo, Ono, Platina Union Elementary (Shasta)",Expected Performer,-0.3006829938915691,409.5,381.0,General,31.557055956012512,17.857142857142858,23.36037280420961,17.857142857142858
Midway Elementary (Kern),Expected Performer,-0.3027065679280106,362.5,512.0,General,33.99539664335271,29.268292682926827,26.216643917785593,28.57142857142857
Patterson Joint Unified (Stanislaus),Expected Performer,-0.3041845279517574,118.5,466.0,Differentiated,37.982508034760066,37.42390259532201,26.15629044043366,19.331627758234728
Piner-Olivet Union Elementary (Sonoma),Expected Performer,-0.3072897278012665,434.5,209.0,Differentiated,46.5411234443135,36.734693877551024,38.130237360096515,27.516778523489933
Marysville Joint Unified (Yuba),Expected Performer,-0.3084206591953112,151.0,186.0,Differentiated,35.728294184911576,32.51236211487257,23.895943459884805,20.30182232346241
Curtis Creek Elementary (Tuolumne),Expected Performer,-0.3093160967805313,180.5,407.0,Differentiated,39.86979382557338,33.2,30.133989393381032,29.6
Washington Unified (Yolo),Expected Performer,-0.3120139272309175,160.5,109.0,Differentiated,42.874427496020864,40.260430507573744,31.72246133225972,27.82608695652174
San Lorenzo Valley Unified (Santa Cruz),Expected Performer,-0.3126275945947332,89.0,454.0,Differentiated,57.96762910916233,52.77497477295661,49.34235561987709,46.36363636363636
Petaluma City Elementary (Sonoma),Expected Performer,-0.3150297765107525,295.0,449.0,Differentiated,50.90627519995886,45.14285714285714,42.125052826003625,42.42424242424242
Black Oak Mine Unified (El Dorado),Expected Performer,-0.3225509608922724,121.5,187.0,Differentiated,46.37068040168894,45.76457645764577,35.246524164469534,33.114035087719294
Rockford Elementary (Tulare),Expected Performer,-0.3266689344901343,205.5,420.0,General,38.61530172963789,40.4040404040404,28.13280220781226,21.71717171717172
McSwain Union Elementary (Merced),Expected Performer,-0.3309635956182743,125.0,316.0,General,53.683236958571285,52.34248788368336,44.66740529150169,36.51050080775444
Petaluma Joint Union High (Sonoma),Expected Performer,-0.3324460587784049,201.5,303.0,Differentiated,55.7709208193153,53.90402075226978,39.435883390668124,36.40362225097024
Mammoth Unified (Mono),Expected Performer,-0.3324693531025595,252.0,226.0,Differentiated,44.81569946281516,41.51291512915129,34.46691780082351,34.42622950819672
Sacramento City Unified (Sacramento),Expected Performer,-0.3401673012643357,77.0,211.0,Differentiated,43.033207077490424,40.84257919279627,31.82731963938274,31.777196820146187
Chowchilla Elementary (Madera),Expected Performer,-0.3440115859992892,188.5,355.0,Differentiated,35.68290701774695,28.30324909747293,24.3450257756178,24.13793103448276
Raymond-Knowles Union Elementary (Madera),Expected Performer,-0.3447760379800527,329.0,400.0,Differentiated,37.527954659875775,35.92233009708738,29.201614219861405,25.24271844660194
Sunnyvale (Santa Clara),Expected Performer,-0.3515445071973989,177.0,221.0,General,65.23396808771845,56.01838552140189,58.79656828916007,52.14345755113477
Coast Unified (San Luis Obispo),Expected Performer,-0.3536688274846762,166.5,436.0,Differentiated,37.14718050274448,34.1991341991342,26.796942474560698,25.541125541125545
Biggs Unified (Butte),Expected Performer,-0.3582601673048776,158.5,491.0,Differentiated,39.05977744405483,35.91836734693877,27.99718526787615,15.384615384615383
Semitropic Elementary (Kern),Expected Performer,-0.3583223353722718,280.0,537.0,General,28.917271628887324,29.56989247311828,19.840852612801125,9.67741935483871
Denair Unified (Stanislaus),Expected Performer,-0.3601211407920263,408.5,319.0,Differentiated,42.23675313621587,36.206896551724135,31.655356678506642,18.103448275862068
Monte Rio Union Elementary (Sonoma),Expected Performer,-0.3643969325261132,355.0,515.0,Differentiated,32.56556509165243,32.55813953488372,23.89738243817471,11.627906976744184
Emery Unified (Alameda),Expected Performer,-0.3662982089340487,409.5,182.0,General,51.26323157650537,38.72053872053872,42.314680360380805,23.25581395348837
Hughes-Elizabeth Lakes Union Elementary (Los Angeles),Expected Performer,-0.3677251749019052,245.5,248.0,General,45.355647013969495,46.03174603174603,36.54915082221263,32.53968253968254
Merced Union High (Merced),Expected Performer,-0.3724472651710857,131.5,468.0,Differentiated,44.04731668114001,42.43939976914198,23.15970308951643,13.461538461538462
Auburn Union Elementary (Placer),Expected Performer,-0.378878139120312,226.0,126.0,Differentiated,41.93187059400546,35.95890410958904,30.181299556712677,25.51020408163265
San Rafael City High (Marin),Expected Performer,-0.3903070539798661,243.5,474.0,Differentiated,53.14839254338446,55.76923076923077,38.31511511524027,31.543624161073826
Summerville Elementary (Tuolumne),Expected Performer,-0.3922304181086462,169.5,386.0,Differentiated,41.248660656707536,40.939597315436245,30.970697076250374,22.22222222222222
East Side Union High (Santa Clara),Expected Performer,-0.3939721330410553,100.0,626.0,Differentiated,56.92443034036575,59.93435448577681,41.115911204108954,35.68627450980392
Modesto City High (Stanislaus),Expected Performer,-0.3949422895616486,112.0,373.0,Differentiated,45.508948078195274,46.57681940700809,25.15730387914799,20.646029609690444
Durham Unified (Butte),Expected Performer,-0.395963789331015,115.0,324.0,Differentiated,51.00517462996066,50.18382352941176,40.19746392419431,36.71586715867159
Fontana Unified (San Bernardino),Expected Performer,-0.4010433033476418,86.0,343.0,Differentiated,41.824848993990116,39.95023991469699,28.693674674824553,25.900473933649288
Modoc Joint Unified (Modoc),Expected Performer,-0.401428625430562,133.5,197.0,Differentiated,36.2481902191155,37.59398496240601,24.560769526314072,23.425692695214103
La Honda-Pescadero Unified (San Mateo),Expected Performer,-0.4022505967964602,212.0,734.0,General,57.388732634939196,53.93700787401576,50.818719757138254,34.25196850393701
Martinez Unified (Contra Costa),Expected Performer,-0.4030527976432704,228.0,351.0,General,58.49935706477864,55.99582898852972,48.80935869266678,45.28795811518325
Capay Joint Union Elementary (Glenn),Expected Performer,-0.4030601070825435,235.0,481.0,General,42.15519698355643,31.89655172413793,32.521768312824186,33.04347826086956
Golden Feather Union Elementary (Butte),Expected Performer,-0.4047943428335172,354.0,509.0,General,28.38080083354794,20.98765432098765,18.862639890304848,17.28395061728395
Rosedale Union Elementary (Kern),Expected Performer,-0.4125569112089247,169.5,357.0,Differentiated,55.056779072332304,51.855480710349056,45.195520331704955,39.08523908523909
Moorpark Unified (Ventura),Expected Performer,-0.4188848400932815,192.5,243.0,Differentiated,60.734814672604635,59.04460835967685,51.52418353144837,44.72485103399929
Twin Rivers Unified (Sacramento),Expected Performer,-0.4221889623308113,101.5,141.0,Differentiated,37.080222609655046,35.693333333333335,26.013476866550256,25.21630039799273
Victor Valley Union High (San Bernardino),Expected Performer,-0.4223259661180112,138.5,291.0,Differentiated,42.850499903844096,44.05961376994122,21.081376712002484,22.814007129377227
Gold Trail Union Elementary (El Dorado),Expected Performer,-0.4224118914313058,165.5,196.0,General,53.543724480280794,50.160771704180064,44.17132946911823,38.801261829652994
Bayshore Elementary (San Mateo),Expected Performer,-0.4252945081518093,431.0,241.0,Differentiated,47.33199413650956,34.27230046948357,39.97846144012524,30.23255813953488
Stony Creek Joint Unified (Glenn),Expected Performer,-0.4265952655138209,372.5,335.0,General,26.879126418263,18.181818181818183,17.49337323584244,15.909090909090908
Beardsley Elementary (Kern),Expected Performer,-0.4333727959416296,291.5,75.0,Differentiated,28.958561045499806,25.96685082872928,17.909447299473957,14.29693637077769
San Bernardino City Unified (San Bernardino),Expected Performer,-0.4350653127789389,69.0,98.0,Differentiated,36.94499458312249,36.196080967470735,24.360208986565866,23.12520150456744
Fairfax Elementary (Kern),Expected Performer,-0.4365836304022206,260.0,134.0,Differentiated,34.38622539322934,32.00921128382268,22.65599960446731,21.555174385363067
King City Union (Monterey),Expected Performer,-0.4372492450815651,171.5,228.0,Differentiated,35.009532367583574,31.277533039647576,23.665705828253376,18.639798488664987
Shasta Union Elementary (Shasta),Expected Performer,-0.4394078805216457,309.5,384.0,General,43.135849792175286,38.18181818181819,34.64317532312502,20.0
Modesto City Elementary (Stanislaus),Expected Performer,-0.4433833988431634,113.5,287.0,Differentiated,37.79977061156955,33.4151238010261,26.1574874274973,24.46082746478873
Mariposa County Unified (Mariposa),Expected Performer,-0.4438392866764775,91.5,209.0,Differentiated,38.20187758822845,34.654050857480776,26.5609973326889,24.792899408284025
Mulberry Elementary (Imperial),Expected Performer,-0.4495634866204531,361.0,348.0,General,33.114699189672706,29.268292682926827,27.285942925577878,18.29268292682927
Benicia Unified (Solano),Expected Performer,-0.4502546474468096,212.51250000001164,591.0,Differentiated,61.56462498188151,55.31053105310531,52.23732601527644,53.55535553555355
Hamilton Unified (Glenn),Expected Performer,-0.4536390824713037,136.5,393.0,Differentiated,33.62364519980924,26.273458445040216,22.036786398459075,18.83289124668435
Winship-Robbins (Sutter),Expected Performer,-0.4643664027652666,296.0,484.0,General,49.3605060605497,40.0,38.95921233563309,37.142857142857146
Corning Union High (Tehama),Expected Performer,-0.4671555718704232,246.0,544.0,Differentiated,39.71813150066168,38.00738007380074,19.116411753591457,13.909774436090224
Rialto Unified (San Bernardino),Expected Performer,-0.4688749157510717,99.0,370.0,Differentiated,42.122655985296774,42.55212258226576,29.0530608259218,23.730363228326823
Escondido Union High (San Diego),Expected Performer,-0.4723326675348714,180.0,619.0,General,49.196319980899595,55.32212885154062,30.10459517097295,20.696864111498257
Richgrove Elementary (Tulare),Expected Performer,-0.4727825309722828,162.5,359.0,General,29.922895936151313,19.1358024691358,19.402218204472582,14.814814814814811
Big Pine Unified (Inyo),Expected Performer,-0.4729534563432312,264.0,697.0,General,31.590390886533772,20.689655172413797,21.90241647889023,27.58620689655172
Lake Tahoe Unified (El Dorado),Expected Performer,-0.4734623457554134,146.0,335.0,Differentiated,47.71048806111758,45.06101104009297,35.54350397265783,35.18840579710145
Fort Bragg Unified (Mendocino),Expected Performer,-0.4758541345095357,204.5,156.0,Differentiated,34.39358250204159,29.97512437810945,22.552168659672287,16.458852867830423
Plumas Unified (Plumas),Expected Performer,-0.4788371074323853,91.0,203.0,Differentiated,37.55382832914834,35.88162762022195,26.09411320304492,21.85185185185185
Johnstonville Elementary (Lassen),Expected Performer,-0.4822339617294142,230.5,194.0,General,43.46957894542209,41.12903225806452,34.26008477486551,29.83870967741936
Lassen Union High (Lassen),Expected Performer,-0.4864513474158513,270.0,651.0,Differentiated,47.807726733612064,49.02912621359224,29.265948545878977,16.25615763546798
San Rafael City Elementary (Marin),Expected Performer,-0.4915544790921231,192.5,322.0,Differentiated,46.916517353795356,39.51551854655564,37.769370455789705,34.61538461538461
South Bay Union (San Diego),Expected Performer,-0.4940131646485839,210.0,106.0,Differentiated,37.916078628472036,29.812087353986797,27.802212494701365,19.51219512195122
Inglewood Unified (Los Angeles),Expected Performer,-0.4970149180613767,187.0,168.0,Differentiated,37.786203554343274,29.32503276539974,25.43393009353566,18.66883116883117
Soledad Unified (Monterey),Moderate Underperformer,-0.5113698849220134,126.0,455.0,Differentiated,37.595895538499754,33.43120805369127,24.791029949141592,20.61512884455528
Fieldbrook Elementary (Humboldt),Moderate Underperformer,-0.5121216597158179,315.5,305.0,General,46.713906027083425,36.885245901639344,38.63113940705058,27.049180327868854
Santa Paula Unified (Ventura),Moderate Underperformer,-0.5123878466142993,128.0,294.0,Differentiated,37.152877631058104,34.89606368863335,23.929900005162196,21.87362878455463
Robla Elementary (Sacramento),Moderate Underperformer,-0.5144643400869189,271.5,398.0,Differentiated,32.95124967568408,27.850467289719628,22.77176316645609,21.11627906976744
Mupu Elementary (Ventura),Moderate Underperformer,-0.5195473609159337,413.0,393.0,General,48.905248726731365,43.51851851851852,38.74719296169595,32.71028037383177
Elverta Joint Elementary (Sacramento),Moderate Underperformer,-0.5219671365955626,438.0,222.0,General,39.063217699454896,30.14705882352941,29.530824825411692,17.647058823529413
Oakland Unified (Alameda),Moderate Underperformer,-0.5469129058794825,74.5,219.0,Differentiated,43.33288014409478,33.710123084652096,33.183491040895944,26.966854283927454
Earlimart Elementary (Tulare),Moderate Underperformer,-0.5547769980162314,216.5,201.0,General,33.5945380117631,26.350606394707825,22.765773830631268,11.2707182320442
Shandon Joint Unified (San Luis Obispo),Moderate Underperformer,-0.5609267856076458,204.5,526.0,Differentiated,35.166246514090886,30.76923076923077,25.053360457278725,20.33898305084746
Burton Elementary (Tulare),Moderate Underperformer,-0.5612991817483698,263.0,486.0,Differentiated,42.3834179211201,37.16869348300592,29.361735639655627,29.925187032418958
Weed Union Elementary (Siskiyou),Moderate Underperformer,-0.5631339704125139,202.5,669.0,Differentiated,27.465142381457266,19.774011299435028,17.033645768554283,20.786516853932586
Berryessa Union Elementary (Santa Clara),Moderate Underperformer,-0.5683917706764684,165.5,246.0,Differentiated,66.05202292417131,64.7167325428195,59.54959125345632,55.04058654097932
McCloud Union Elementary (Siskiyou),Moderate Underperformer,-0.5775170290695539,363.5,419.0,General,26.873260307845303,30.0,18.07789776968343,12.5
Dos Palos Oro Loma Joint Unified (Merced),Moderate Underperformer,-0.5800510586141128,173.5,199.0,Differentiated,32.242021399364425,22.41224122412241,19.82516677576094,14.48888888888889
Escalon Unified (San Joaquin),Moderate Underperformer,-0.5806196360540833,161.0,196.0,Differentiated,44.71906649178846,39.39622641509434,32.92378476891574,30.392156862745097
Richmond Elementary (Lassen),Moderate Underperformer,-0.5825481211618728,232.5,446.0,General,55.63707552990526,54.47154471544715,47.58320388347555,40.16393442622951
San Francisco Unified (San Francisco),Moderate Underperformer,-0.5875951397180013,62.5,187.0,Differentiated,57.455705900875586,53.22563366400275,47.98851967641222,46.026518210020825
Santa Clara Unified (Santa Clara),Moderate Underperformer,-0.5907560042682926,109.0,283.0,Differentiated,64.75209515458397,60.2679207638592,57.19232721280526,49.47242543612831
Ventura Unified (Ventura),Moderate Underperformer,-0.5921900137193988,109.0,135.0,Differentiated,49.251715916094135,49.00639716891248,37.58615365879207,36.5938566552901
San Mateo-Foster City (San Mateo),Moderate Underperformer,-0.5923590652254245,129.5,219.0,Differentiated,63.2022559885647,52.78801474122736,55.95599924514116,49.47693770803614
Flournoy Union Elementary (Tehama),Moderate Underperformer,-0.592533703513262,405.0,407.0,General,31.16813819681043,37.142857142857146,22.763725672499476,22.857142857142858
Southside Elementary (San Benito),Moderate Underperformer,-0.5943186213279049,378.5,176.0,General,48.39837567070356,49.70414201183432,38.84626061442316,40.82840236686391
Princeton Joint Unified (Glenn),Moderate Underperformer,-0.5958152665574349,273.5,463.0,General,32.40495496581019,25.675675675675677,22.600879945654373,17.56756756756757
John Swett Unified (Contra Costa),Moderate Underperformer,-0.5982691532250712,333.0,543.0,Differentiated,39.17585945960961,35.40372670807454,28.85576063974678,16.459627329192546
Lamont Elementary (Kern),Moderate Underperformer,-0.5989415221212407,162.5,313.0,Differentiated,31.74125041020242,26.5281173594132,19.589402521483446,14.637072585482905
Val Verde Unified (Riverside),Moderate Underperformer,-0.598962930516289,104.0,432.0,Differentiated,41.69740555497589,41.64479440069992,28.98496867672558,22.55639097744361
South San Francisco Unified (San Mateo),Moderate Underperformer,-0.6010452502951802,145.5,158.0,Differentiated,53.692283640194894,49.55070603337612,45.60169332688555,39.86157395539605
Orcutt Union Elementary (Santa Barbara),Moderate Underperformer,-0.6055413218653394,208.0,266.0,Differentiated,49.971160390946956,45.00924214417745,39.029001865958065,38.65998515219005
Oroville Union High (Butte),Moderate Underperformer,-0.6190713477205538,171.5,508.0,Differentiated,39.48642725876633,37.88546255506608,18.664549090804535,13.555555555555555
Woodland Joint Unified (Yolo),Moderate Underperformer,-0.6199265260019752,145.0,106.0,Differentiated,42.36873308584772,38.98717381689518,30.483853055150337,25.962596259625965
Nuestro Elementary (Sutter),Moderate Underperformer,-0.6228872816621752,240.5,375.0,General,44.842808758040206,35.51401869158878,35.08064991236121,29.906542056074763
Franklin-McKinley Elementary (Santa Clara),Moderate Underperformer,-0.6237983048413613,165.0,326.0,Differentiated,40.68250137857535,35.886332882273344,31.54553002912003,28.48806366047745
Yucaipa-Calimesa Joint Unified (San Bernardino),Moderate Underperformer,-0.6298261561473695,155.0,89.0,Differentiated,45.76153354867511,40.258370682836805,33.799823295979515,28.541226215644823
Borrego Springs Unified (San Diego),Moderate Underperformer,-0.631060557343524,179.0,487.0,Differentiated,33.08131366063112,30.939226519337016,22.595955888693112,16.39344262295082
East Nicolaus Joint Union High (Sutter),Moderate Underperformer,-0.6366964252476668,187.5,502.0,General,53.22737907426285,50.0,37.86150141041764,7.142857142857142
Templeton Unified (San Luis Obispo),Moderate Underperformer,-0.6424444216739935,263.0,528.0,Differentiated,60.01211015433901,56.27224199288256,50.120593399876725,38.14847942754919
Shoreline Unified (Marin),Moderate Underperformer,-0.6449723859895033,153.5,560.0,Differentiated,41.74317584897665,32.97644539614561,33.120939381276756,29.399141630901287
Bass Lake Joint Union Elementary (Madera),Moderate Underperformer,-0.647702648014467,121.0,167.0,Differentiated,38.48855085169584,36.12662942271881,27.03284930970702,26.629422718808197
Ramona City Unified (San Diego),Moderate Underperformer,-0.6533257488969089,117.5,314.0,Differentiated,48.10215663268687,44.0376355082839,36.6374178988752,30.377936670071502
Warner Unified (San Diego),Moderate Underperformer,-0.6585854217635714,221.5,317.0,Differentiated,34.89864474319001,26.47058823529412,24.996323991678032,23.76237623762376
Hornbrook Elementary (Siskiyou),Moderate Underperformer,-0.6661524010759259,398.5,483.0,Differentiated,22.216606578588728,15.0,14.416221280779379,7.5
Palo Verde Unified (Riverside),Moderate Underperformer,-0.6705466643896368,156.0,52.0,Differentiated,31.788267781343443,24.055829228243024,19.347267283806328,12.15880893300248
Oak Grove Elementary (Santa Clara),Moderate Underperformer,-0.6753712207375558,133.5,338.0,General,56.40465678653685,48.394160583941606,47.571743357737105,43.66376180101671
Banning Unified (Riverside),Moderate Underperformer,-0.675846416536762,199.0,232.0,Differentiated,33.77286100681774,27.3136680927719,21.468673665866856,15.303132747351814
Alpine Union Elementary (San Diego),Moderate Underperformer,-0.676461394912911,203.0,277.0,Differentiated,52.64007587012001,47.51732101616628,42.30435735701622,41.50289017341041
Novato Unified (Marin),Moderate Underperformer,-0.6844290871789336,156.5,340.0,Differentiated,56.67159020418482,52.72649815393354,47.577696061154825,41.55128567391919
Stockton Unified (San Joaquin),Moderate Underperformer,-0.6850468888242197,73.0,123.0,Differentiated,35.96839058998607,28.925976105431705,23.957546778983176,17.9860088365243
Black Butte Union Elementary (Shasta),Moderate Underperformer,-0.6919233820607327,205.5,218.0,Differentiated,35.365493757005865,29.585798816568047,24.580585525721514,18.34319526627219
Cajon Valley Union (San Diego),Moderate Underperformer,-0.695261942649062,108.0,102.0,Differentiated,38.6343897862609,31.65211281742447,27.83529325090724,22.622710622710624
Corning Union Elementary (Tehama),Moderate Underperformer,-0.697947708484944,175.5,415.0,General,32.69000350425404,25.070536074163645,21.254914281281447,19.047619047619047
Byron Union Elementary (Contra Costa),Moderate Underperformer,-0.6988400581009281,218.5,455.0,Differentiated,55.45208557126459,51.997336884154464,45.495265572650524,43.66666666666666
San Bruno Park Elementary (San Mateo),Moderate Underperformer,-0.6993644571002525,268.5,158.0,Differentiated,56.36817967365952,46.8416735028712,47.916407514249286,41.26333059885152
Di Giorgio Elementary (Kern),Moderate Underperformer,-0.7004806356075325,206.0,342.0,General,28.688136865468657,20.91503267973856,17.68905354924413,13.461538461538462
Sierra Sands Unified (Kern),Moderate Underperformer,-0.7036143043102469,114.5,78.0,Differentiated,43.55636473877417,40.56795131845842,31.298860372941885,27.89473684210526
Madera Unified (Madera),Moderate Underperformer,-0.7084874315087589,97.0,166.0,Differentiated,39.84225665751341,33.37767220902613,27.522519179103654,19.97063837848077
San Lucas Union Elementary (Monterey),Moderate Underperformer,-0.7088134084965899,322.5,628.0,General,24.304880915720773,22.0,15.35723374723246,9.0
Windsor Unified (Sonoma),Moderate Underperformer,-0.7089886636918161,210.0,137.0,Differentiated,51.54121458429003,42.4674143679903,41.26389309446191,28.27732364517105
Anaheim Elementary (Orange),Moderate Underperformer,-0.7108856197832814,105.0,176.0,General,42.26545205847271,30.22591181273816,32.523964896524454,23.14839752221923
Shaffer Union Elementary (Lassen),Moderate Underperformer,-0.7108972135189691,199.5,407.0,Differentiated,40.55755837519806,33.557046979865774,30.47098215671956,26.174496644295303
Mother Lode Union Elementary (El Dorado),Moderate Underperformer,-0.7122608554680023,250.0,196.0,Differentiated,45.94405067473708,38.13868613138686,35.34946614580242,26.00732600732601
Tracy Joint Unified (San Joaquin),Moderate Underperformer,-0.7154123611987553,115.5,203.0,Differentiated,45.549545059501476,41.11920275967804,34.789370226108844,28.55188141391106
Los Banos Unified (Merced),Moderate Underperformer,-0.7168040305484039,78.5,111.0,Differentiated,39.42512506864605,33.88123924268503,26.181545894829277,21.391752577319583
Center Joint Unified (Sacramento),Moderate Underperformer,-0.721195978669389,188.5,107.0,Differentiated,42.76000944375992,37.847375385972654,32.177179639349056,25.682819383259915
Willows Unified (Glenn),Moderate Underperformer,-0.7248481880424025,201.5,336.0,General,38.270283569751335,26.379542395693136,25.896369433048793,20.967741935483872
Luther Burbank (Santa Clara),Moderate Underperformer,-0.7256682262284758,413.0,157.0,Differentiated,49.358390526087476,31.27413127413127,40.623830603980515,30.48327137546468
Foresthill Union Elementary (Placer),Moderate Underperformer,-0.7291539911502262,148.5,230.0,Differentiated,47.923051578398066,45.84717607973422,37.30782917282894,30.2013422818792
Trona Joint Unified (San Bernardino),Moderate Underperformer,-0.7296651252418049,193.5,707.0,General,30.574240567617142,19.262295081967213,19.053358636991433,18.29268292682927
Oroville City Elementary (Butte),Moderate Underperformer,-0.7378200685875954,173.0,116.0,Differentiated,34.063737661123426,26.58333333333333,22.547797892484418,17.725752508361204
Three Rivers Union Elementary (Tulare),Moderate Underperformer,-0.7443822927734284,292.0,563.0,General,47.423905115677066,47.27272727272727,39.447294806135474,21.818181818181817
New Haven Unified (Alameda),Moderate Underperformer,-0.7450691350319244,130.5,153.0,Differentiated,55.83258511423994,50.31677907214388,45.60849733085452,38.319548113778495
Cucamonga Elementary (San Bernardino),Moderate Underperformer,-0.7457986217455694,247.5,169.0,Differentiated,44.983294152768046,31.920529801324506,33.68057824508311,19.93421052631579
Delphic Elementary (Siskiyou),Moderate Underperformer,-0.7470536798638522,335.5,248.0,General,36.34047457929154,27.380952380952383,28.885175158374054,20.23809523809524
Arcohe Union Elementary (Sacramento),Moderate Underperformer,-0.7491362638955447,135.0,374.0,Differentiated,48.926105529392174,31.521739130434785,39.58365122948509,34.86486486486486
San Jacinto Unified (Riverside),Moderate Underperformer,-0.7559621943060263,128.5,309.0,Differentiated,36.41258818239368,33.35180055401662,24.21391404649202,16.96824224519941
Hemet Unified (Riverside),Moderate Underperformer,-0.757608353320276,90.0,147.0,Differentiated,35.547343390871816,32.28518875361303,22.52572532099355,16.637493436023103
Surprise Valley Joint Unified (Modoc),Moderate Underperformer,-0.7590569487221532,294.5,317.0,General,29.90750111230873,20.65217391304348,20.736207971639573,16.304347826086957
Mark Twain Union Elementary (Calaveras),Moderate Underperformer,-0.7626754973156525,118.01249999999892,201.0,Differentiated,40.23309812807289,34.065934065934066,29.889876537764692,18.81838074398249
Escondido Union (San Diego),Moderate Underperformer,-0.7702490247030415,110.5,355.0,Differentiated,44.93270660703221,36.61151246795619,33.09875649567869,29.682448036951502
Simi Valley Unified (Ventura),Moderate Underperformer,-0.7702977703664692,106.0,269.0,Differentiated,55.564196491124584,50.23888520238885,44.73564358634951,36.65119363395225
Orchard Elementary (Santa Clara),Moderate Underperformer,-0.7739760074954678,347.0,130.0,Differentiated,53.95183010700721,38.702460850111855,47.652434472897966,26.7260579064588
Pollock Pines Elementary (El Dorado),Moderate Underperformer,-0.7758333271868191,130.5,99.0,Differentiated,42.44360267674808,36.49425287356322,32.01710433804409,27.37752161383285
Bridgeville Elementary (Humboldt),Moderate Underperformer,-0.7775787449672619,376.5,183.0,Differentiated,31.638123458354094,9.523809523809524,22.829796498833595,7.142857142857142
San Juan Unified (Sacramento),Moderate Underperformer,-0.7840841221123749,68.5,273.0,Differentiated,45.90909563940016,39.97124370956146,34.2876868359863,28.27997021593448
Vista del Mar Union (Santa Barbara),Moderate Underperformer,-0.7982887105841595,324.0,304.0,General,47.73608565513746,30.851063829787236,39.65792694726679,32.97872340425532
Standard Elementary (Kern),Moderate Underperformer,-0.8073847530172034,212.0,140.0,Differentiated,33.25739893786968,24.6740220661986,21.587617407890182,14.790509843513377
Lake Elsinore Unified (Riverside),Moderate Underperformer,-0.8124013352242212,90.5,175.0,Differentiated,44.78678240523613,39.09831407463535,31.61435024696114,24.766222725984697
Ducor Union Elementary (Tulare),Moderate Underperformer,-0.8137525605182456,245.0,129.0,Differentiated,37.96541012308093,23.456790123456788,28.638735726855757,17.28395061728395
Coachella Valley Unified (Riverside),Moderate Underperformer,-0.8244446026082103,101.0,161.0,Differentiated,35.940398735532426,30.075901328273247,23.87545116155589,20.0968809073724
San Pasqual Union Elementary (San Diego),Moderate Underperformer,-0.8284754390079172,131.0,230.0,General,66.77076466410473,63.63636363636363,59.18453752801562,50.14492753623189
Santa Maria Joint Union High (Santa Barbara),Moderate Underperformer,-0.8353631522937873,121.0,465.0,Differentiated,47.92736655628748,48.09270883631096,28.00144051961957,18.072289156626507
San Jose Unified (Santa Clara),Moderate Underperformer,-0.8373214064773341,76.0,221.0,Differentiated,56.25763299352397,49.86182718086204,47.44234964175392,42.0364258648087
Dunsmuir Joint Union High (Siskiyou),Moderate Underperformer,-0.8390950868067153,326.0,617.0,General,27.91491372460796,20.0,11.427135424413942,13.333333333333334
Williams Unified (Colusa),Moderate Underperformer,-0.8411442003010157,196.5,386.0,Differentiated,36.30612347592039,30.75684380032206,25.7246599094202,13.301282051282053
Orland Joint Unified (Glenn),Moderate Underperformer,-0.8498672859389116,154.0,222.0,Differentiated,35.911859519517364,24.48210922787194,23.525919680856006,12.686567164179104
Palm Springs Unified (Riverside),Moderate Underperformer,-0.8515466800403563,91.5,149.0,Differentiated,39.33127370905838,34.462700275538324,26.679833530079968,20.981370253486716
Tamalpais Union High (Marin),Moderate Underperformer,-0.852366900862086,177.5,370.0,Differentiated,77.93684244550404,68.721251149954,64.65764939247609,54.18943533697632
Willow Creek Elementary (Siskiyou),Moderate Underperformer,-0.852492865343019,357.0,135.0,Differentiated,28.900803234335392,18.0,20.54418484660752,12.5
Pacifica (San Mateo),Moderate Underperformer,-0.8527505590937643,225.0,277.0,Differentiated,65.24462522706693,54.328358208955216,57.68080959467594,51.58968206358728
Loleta Union Elementary (Humboldt),Moderate Underperformer,-0.8562282969004631,292.5,448.0,Differentiated,25.1234128592655,4.878048780487805,15.599510249265657,6.25
Lucerne Elementary (Lake),Moderate Underperformer,-0.8604033284816882,350.0,389.0,General,29.19004394001993,25.0,17.244790668324857,16.11111111111111
Red Bluff Union Elementary (Tehama),Moderate Underperformer,-0.8632228145960655,167.5,251.0,Differentiated,36.54748444487575,23.337795626952254,24.64794214838127,17.568171658471165
Ukiah Unified (Mendocino),Moderate Underperformer,-0.8638535626633894,97.0,147.0,Differentiated,35.946712591594775,33.82045929018789,23.60233954498411,20.949913644214163
Saint Helena Unified (Napa),Moderate Underperformer,-0.865924655437717,208.5,293.0,Differentiated,60.211483792625835,58.718861209964416,49.973941680720046,42.63157894736842
Ojai Unified (Ventura),Moderate Underperformer,-0.866388201829289,251.0,290.0,Differentiated,46.27636909388534,41.55982905982906,34.74384023602507,28.502673796791445
Newark Unified (Alameda),Moderate Underperformer,-0.8686733048707829,173.5,373.0,Differentiated,57.39699961277366,49.00968309859155,48.344808968872485,38.488422892092615
Perris Union High (Riverside),Moderate Underperformer,-0.879620359207947,117.0,400.0,Differentiated,42.87182182857344,41.98013352874125,22.08061639371368,14.700632808697064
Romoland Elementary (Riverside),Moderate Underperformer,-0.8826184830734588,170.0,167.0,Differentiated,45.32077584860709,39.71840209561231,33.24616023840161,24.507874015748037
Eastern Sierra Unified (Mono),Moderate Underperformer,-0.8835953929700681,156.0,465.0,General,41.45432205339199,40.76246334310851,31.024194002974596,20.461095100864554
San Leandro Unified (Alameda),Moderate Underperformer,-0.8870773746890717,128.0,303.0,Differentiated,45.75001263250141,39.997700620832376,35.371934424451275,26.4413294144246
Tulelake Basin Joint Unified (Modoc),Moderate Underperformer,-0.8991040977477982,133.5,312.0,General,30.856632229444518,25.40322580645161,19.34733122483381,17.670682730923694
Campbell Union (Santa Clara),Moderate Underperformer,-0.8993494700887014,404.5,5.0,General,55.53771632626836,18.70967741935484,48.18132384530217,15.483870967741936
Cotati-Rohnert Park Unified (Sonoma),Moderate Underperformer,-0.9007023960848389,148.0,190.0,Differentiated,48.17425427751292,41.35240572171652,37.77321419868492,27.9349593495935
Reef-Sunset Unified (Kings),Moderate Underperformer,-0.9063012165081634,61.0,280.0,Differentiated,29.525118669454862,20.014398848092156,18.051977557407685,10.583153347732182
Colfax Elementary (Placer),Moderate Underperformer,-0.910391753719501,154.5,427.0,General,43.8095916377774,30.26315789473684,33.19616266320353,28.947368421052637
Grenada Elementary (Siskiyou),Moderate Underperformer,-0.9119215576364164,193.5,563.0,General,42.89463770699953,41.35338345864661,33.105760990022056,22.55639097744361
Bellevue Union (Sonoma),Moderate Underperformer,-0.9222784552493108,264.5,60.0,Differentiated,39.02733219225737,26.96078431372549,29.236376302884672,18.61575178997613
Moreno Valley Unified (Riverside),Moderate Underperformer,-0.923781557614571,70.5,194.0,Differentiated,40.61119641797002,35.12368371861175,27.587026148975156,19.2490745637229
Yosemite Unified (Madera),Moderate Underperformer,-0.9241501973498504,80.5,267.0,Differentiated,40.93870900632496,37.01298701298701,29.426767589484008,17.906786590351594
Alpine County Unified (Alpine),Moderate Underperformer,-0.9281039836218514,322.5,312.0,General,34.75988042962253,17.46031746031746,25.770289169006737,12.06896551724138
Mount Pleasant Elementary (Santa Clara),Moderate Underperformer,-0.9350205541249936,289.0,223.0,Differentiated,46.78701344364262,32.52496433666191,38.62269888772707,19.91525423728813
Colton Joint Unified (San Bernardino),Moderate Underperformer,-0.9433961671320432,88.0,215.0,Differentiated,40.5609157599649,32.55537770434243,27.001484680025023,19.83488026255064
Santa Rosa Elementary (Sonoma),Moderate Underperformer,-0.9621348143493292,181.0,252.0,Differentiated,40.937798614684596,25.64102564102564,30.57998891818397,23.132530120481928
Geyserville Unified (Sonoma),Moderate Underperformer,-0.9624068611746768,195.0,501.0,General,46.217161651463925,38.31775700934579,36.934137188629634,20.093457943925237
Guadalupe Union Elementary (Santa Barbara),Moderate Underperformer,-0.9680173599673112,182.0,160.0,Differentiated,33.64090690750871,24.75728155339806,23.320686060352028,13.038277511961722
Fillmore Unified (Ventura),Moderate Underperformer,-0.972415734845868,112.5,183.0,General,41.09063342030171,34.23665146230212,28.209508690868667,18.164843958388904
San Ardo Union Elementary (Monterey),Moderate Underperformer,-0.9752774592134308,286.0,709.0,Differentiated,20.59310772229784,7.291666666666667,11.857655147534423,9.375
Lompoc Unified (Santa Barbara),Moderate Underperformer,-0.9772015611702158,120.5,174.0,Differentiated,39.62521550270391,31.937949127409603,27.388554320545268,20.785746916400186
Pioneer Union (El Dorado),Moderate Underperformer,-0.9803725727723664,159.5,112.0,Differentiated,43.35054069658831,37.640449438202246,33.14010877376131,26.96629213483146
Magnolia Union Elementary (Imperial),Moderate Underperformer,-0.9831795614809968,232.0,658.0,General,46.57930179419048,37.17948717948718,38.93553215423647,25.64102564102564
Mt. Diablo Unified (Contra Costa),Moderate Underperformer,-0.9850960197982136,69.0,191.0,Differentiated,55.61045058478868,47.85813907152819,45.185270402579036,38.73262739907346
Lakeside Union (Kern),Moderate Underperformer,-0.9903614159574916,70.5,280.0,Differentiated,43.02805857700647,35.81267217630854,32.564206036471234,17.929759704251385
Perris Elementary (Riverside),Moderate Underperformer,-0.9904076560696338,161.5,102.0,Differentiated,37.50488852534606,29.910191331511125,26.283326455938926,19.162826420890937
Snowline Joint Unified (San Bernardino),Moderate Underperformer,-0.99898117116884,37.5,115.0,Differentiated,38.354520164359826,32.61323186449,26.554029162903287,20.27672339904494
Brentwood Union (Contra Costa),Moderate Underperformer,-0.9990596961142622,112.0,176.0,Differentiated,59.8581562984513,56.91044313603967,49.36309558436223,45.56002475247525
Travis Unified (Solano),Moderate Underperformer,-1.000400767668176,149.5,269.0,Differentiated,51.48518828180295,47.314949201741655,42.09432202987523,34.90566037735849
Rim of the World Unified (San Bernardino),Moderate Underperformer,-1.008215227532896,123.0,170.0,Differentiated,43.45366460122005,38.82394615657103,31.223508375450386,22.084367245657567
Fairfield-Suisun Unified (Solano),Moderate Underperformer,-1.0102299493940596,80.0,63.0,Differentiated,45.969260839804384,41.49962178517398,34.47484363157966,28.730009407337725
Santa Clara Elementary (Ventura),Moderate Underperformer,-1.0109523798283635,320.5,254.0,General,49.39986312706124,34.84848484848485,44.10828006087787,34.84848484848485
Mountain View Elementary (Los Angeles),Moderate Underperformer,-1.0154588791246169,162.0,171.0,Differentiated,35.527815241765914,32.30822391154112,24.67569377167441,19.41948859709744
Dixon Unified (Solano),Moderate Underperformer,-1.017240492540061,120.5,270.0,Differentiated,42.49104768085764,32.230311052283255,30.4252447164048,24.090006618133685
Nicasio (Marin),Moderate Underperformer,-1.0188728824805149,367.5,235.0,General,42.460006080959985,20.0,36.3763664540022,8.108108108108109
Pleasant Valley Joint Union Elementary (San Luis Obispo),Moderate Underperformer,-1.0340187650916617,308.0,261.0,General,47.44025690336419,39.39393939393939,40.606082370757946,19.696969696969692
Gazelle Union Elementary (Siskiyou),Moderate Underperformer,-1.0363828003549194,365.5,270.0,General,29.30952864875578,8.333333333333332,20.84881821388337,11.11111111111111
Edison Elementary (Kern),Moderate Underperformer,-1.0373161532323474,82.5,123.0,Differentiated,36.889932604065145,28.20874471086037,25.298503995753126,18.91891891891892
Manteca Unified (San Joaquin),Moderate Underperformer,-1.0410778816826542,71.0,189.0,Differentiated,44.704811819823625,36.59365558912387,33.26004599429628,22.46346869013185
Helendale Elementary (San Bernardino),Moderate Underperformer,-1.0436179406865578,233.5,181.0,Differentiated,47.05303831497996,40.0,36.53023035934684,31.207289293849666
Springville Union Elementary (Tulare),Moderate Underperformer,-1.0444378168145605,143.0,289.0,General,50.51973850434119,40.70796460176992,40.4415018976408,30.22222222222222
Meridian Elementary (Sutter),Moderate Underperformer,-1.051848840206634,273.0,187.0,General,30.56102494633256,18.0327868852459,21.858555249572365,11.475409836065571
Oxnard (Ventura),Moderate Underperformer,-1.054011253648638,87.5,263.0,General,38.81792357420568,33.658304601117585,28.418435006756408,21.742209631728045
Twin Hills Union Elementary (Sonoma),Moderate Underperformer,-1.055960511629973,148.0,461.0,General,59.58803856878905,48.29931972789115,51.23529412433322,44.21768707482993
Bitterwater-Tully Elementary (San Benito),Moderate Underperformer,-1.0563738489397063,361.0,472.0,General,43.42925525032461,37.93103448275862,35.44192541398396,10.344827586206897
Gustine Unified (Merced),Moderate Underperformer,-1.056655003398903,68.5,98.0,General,34.71301213271878,26.02905569007264,24.27553246074018,14.891041162227603
Jefferson Union High (San Mateo),Moderate Underperformer,-1.05703578744508,171.5,477.0,General,61.45253667044553,57.41360089186176,46.96784020021814,32.70509977827051
Greenfield Union Elementary (Monterey),Moderate Underperformer,-1.0616798919462005,110.5,184.0,Differentiated,36.87902094556367,24.8546511627907,25.608409285613842,18.654580152671755
Klamath-Trinity Joint Unified (Humboldt),Moderate Underperformer,-1.0639988545629535,86.5,137.0,Differentiated,32.945318939357165,20.451977401129945,21.146163050092298,10.308056872037914
Santa Rosa High (Sonoma),Moderate Underperformer,-1.0784138235742209,99.5,190.0,Differentiated,49.106879730366856,38.4532179556517,31.270864641871675,22.002170374389586
Alpaugh Unified (Tulare),Moderate Underperformer,-1.08305063664246,137.5,308.0,General,26.811764230785315,17.46031746031746,15.235926418802606,7.446808510638298
Victor Elementary (San Bernardino),Moderate Underperformer,-1.0837631726000263,97.0,398.0,Differentiated,38.31687102851452,30.63635021408534,25.435176697105728,21.56660274376752
Alisal Union (Monterey),Moderate Underperformer,-1.0947010682981388,111.0,388.0,General,36.50697923028464,28.59769551360628,26.853879081805463,21.7855409995148
Lucerne Valley Unified (San Bernardino),Moderate Underperformer,-1.096436636469437,76.5,270.0,Differentiated,32.500197320111354,26.98907956318253,23.6230998602162,13.814756671899527
Potter Valley Community Unified (Mendocino),Moderate Underperformer,-1.1016502255719385,155.0,375.0,Differentiated,36.374438588087806,27.94117647058824,24.970413545723677,24.264705882352946
Bakersfield City (Kern),Moderate Underperformer,-1.1051087353210514,59.0,269.0,Differentiated,36.458730929517486,28.110497844413324,24.47845896769889,15.214613858156415
Caliente Union Elementary (Kern),Moderate Underperformer,-1.1197886043761385,328.5,123.0,General,34.864854774409196,21.568627450980397,26.731678121148818,13.725490196078432
Castle Rock Union Elementary (Shasta),Moderate Underperformer,-1.1229096315760767,333.0,105.0,General,30.092219814998465,17.647058823529413,21.352985047693565,8.823529411764707
Riverbank Unified (Stanislaus),Moderate Underperformer,-1.1261022801751397,202.0,99.0,Differentiated,38.61821973520275,29.35560859188544,27.28465053280486,13.291139240506327
Vacaville Unified (Solano),Moderate Underperformer,-1.1496942729817714,94.0,236.0,Differentiated,49.909109017622086,45.171849427168574,39.19168496844609,29.275884665792923
Napa Valley Unified (Napa),Moderate Underperformer,-1.1501711275708646,73.0,161.0,Differentiated,47.985093988032844,44.67273622047245,37.15864697681984,29.75317693059629
Jamul-Dulzura Union Elementary (San Diego),Moderate Underperformer,-1.1640262486878992,347.5,161.0,General,52.56411744554228,40.24691358024691,43.78291554364792,23.34152334152334
San Antonio Union Elementary (Monterey),Moderate Underperformer,-1.1656453596774417,203.5,466.0,General,42.673004585854414,25.252525252525253,33.68860064142462,31.313131313131315
Esparto Unified (Yolo),Moderate Underperformer,-1.170210201251252,78.0,458.0,Differentiated,38.85409287048537,31.48854961832061,27.62643254992631,15.909090909090908
Desert Sands Unified (Riverside),Moderate Underperformer,-1.1733140825321828,65.5,242.0,Differentiated,45.39531499276992,38.30856455630959,32.811540399062295,24.807527801539777
Mt. Shasta Union Elementary (Siskiyou),Moderate Underperformer,-1.1774484752329046,254.5,680.0,General,49.110770270533585,34.65346534653465,36.607871674876044,34.437086092715234
Briggs Elementary (Ventura),Moderate Underperformer,-1.1780905310420742,111.5,150.0,Differentiated,42.797555554132074,33.85579937304075,33.080160884015044,26.79127725856697
Round Valley Unified (Mendocino),Moderate Underperformer,-1.188729336067739,112.0,308.0,Differentiated,24.858378232155076,10.362694300518134,13.0876384683757,5.208333333333334
Mountain View Elementary (San Bernardino),Moderate Underperformer,-1.188741178378727,143.5,272.0,Differentiated,40.545417969716326,32.30822391154112,29.701873710834764,19.41948859709744
Twin Ridges Elementary (Nevada),Moderate Underperformer,-1.1979458870482813,221.5,46.0,Differentiated,28.516024562063627,14.035087719298245,18.780955333728677,3.508771929824561
San Benito High (San Benito),Moderate Underperformer,-1.2103685111211475,97.0,471.0,Differentiated,51.186430714312,50.95693779904307,31.29950352071036,15.966386554621849
Butte Valley Unified (Siskiyou),Moderate Underperformer,-1.224460995374607,129.5,261.0,General,27.96181195445454,16.778523489932887,16.069374027008376,10.135135135135137
Siskiyou Union High (Siskiyou),Moderate Underperformer,-1.2317484421805984,244.0,518.0,General,44.78326971011512,38.63636363636363,27.283428352201362,11.627906976744184
Graves Elementary (Monterey),Moderate Underperformer,-1.2331885496911903,351.5,253.0,General,34.28785379432115,24.444444444444443,26.085756244149053,13.333333333333334
Westside Union Elementary (Los Angeles),Moderate Underperformer,-1.243813774028781,97.0,230.0,Differentiated,50.366396799914234,46.15966386554622,39.660819852348425,32.55892255892256
West Contra Costa Unified (Contra Costa),Moderate Underperformer,-1.246143162432019,59.5,97.0,Differentiated,47.05505090201794,33.4199837530463,36.28232367650514,25.956061838893408
Maricopa Unified (Kern),Moderate Underperformer,-1.2474389646363773,135.0,282.0,Differentiated,35.06579974824368,23.56687898089172,25.720363702977487,15.822784810126585
Alum Rock Union Elementary (Santa Clara),Moderate Underperformer,-1.2475109324621352,98.5,184.0,Differentiated,41.55037205883957,28.611652588260775,32.13509106306515,20.670628183361632
Cuyama Joint Unified (Santa Barbara),Moderate Underperformer,-1.2531888723268705,173.5,172.0,General,33.3272858881117,20.98765432098765,22.79584665195474,11.11111111111111
Washington Union Elementary (Monterey),Moderate Underperformer,-1.2542631584170103,82.0,151.0,General,74.21644827657575,67.8646934460888,68.90906174355247,59.91561181434599
Hollister (San Benito),Moderate Underperformer,-1.2546188980877764,71.5,436.0,Differentiated,45.782282323995545,38.00214247455811,33.53784864175182,25.16025641025641
San Lorenzo Unified (Alameda),Moderate Underperformer,-1.2557049490434573,102.0,100.0,Differentiated,42.01004659289378,30.70971184631804,31.624035595984136,22.80841993072209
River Delta Joint Unified (Sacramento),Moderate Underperformer,-1.2596837343322216,130.0,88.0,Differentiated,40.55280895470853,33.52803738317757,28.476350134682278,22.371495327102803
Ravenswood City Elementary (San Mateo),Moderate Underperformer,-1.2628062652364158,232.5,24.0,Differentiated,39.89300172485118,12.10762331838565,30.153050195609786,7.150595882990249
Anderson Valley Unified (Mendocino),Moderate Underperformer,-1.2660480472222442,113.5,111.0,Differentiated,34.035089426680386,29.83425414364641,23.317612473044058,19.33701657458564
Winters Joint Unified (Yolo),Moderate Underperformer,-1.2661061536442877,133.0,163.0,Differentiated,44.27072058257844,34.48717948717949,32.898474899244334,21.923076923076923
Oro Grande (San Bernardino),Moderate Underperformer,-1.2674175497806313,226.5,349.0,General,29.311409706751235,16.666666666666664,19.95378982851806,11.904761904761903
Aromas - San Juan Unified (San Benito),Moderate Underperformer,-1.2775015584943377,71.5,196.0,Differentiated,45.2951420649934,38.20840950639854,35.43697441166999,27.28937728937729
Canyon Elementary (Contra Costa),Moderate Underperformer,-1.27978530618678,256.5,214.0,General,55.597529487527495,26.82926829268293,48.82850334259115,25.60975609756097
Konocti Unified (Lake),Moderate Underperformer,-1.2921670245233796,83.5,97.0,Differentiated,30.618096941129636,19.960228685060898,18.722227043076803,8.771492648891103
Pleasant View Elementary (Tulare),Moderate Underperformer,-1.2992982843068224,101.5,282.0,Differentiated,30.71097085124945,15.51155115511551,20.093930174390614,11.475409836065571
Rio Elementary (Ventura),Moderate Underperformer,-1.3025327594099965,110.5,230.0,Differentiated,43.233243258582675,35.1063829787234,33.21363796474791,24.5619335347432
Spreckels Union Elementary (Monterey),Moderate Underperformer,-1.3200635009751764,285.5,228.0,General,67.25287964113298,55.711775043936726,60.365030349640534,43.93673110720562
Jurupa Unified (Riverside),Moderate Underperformer,-1.3232953928366002,65.0,166.0,Differentiated,43.03725359866394,30.273943054357204,30.40158796477435,19.196907880609835
Southern Kern Unified (Kern),Moderate Underperformer,-1.3264346073303204,84.5,256.0,Differentiated,35.50403388993898,30.067044868488917,22.8329166563044,14.86625514403292
Vallejo City Unified (Solano),Moderate Underperformer,-1.3275703475582568,81.0,142.0,Differentiated,41.08219067986437,26.01104972375691,30.468798825598135,19.05602117335686
Apple Valley Unified (San Bernardino),Moderate Underperformer,-1.3436835514067609,72.0,262.0,Differentiated,38.08078346113367,29.8745241787678,25.633321283432615,17.36983208691971
Sunnyside Union Elementary (Tulare),Moderate Underperformer,-1.3445004757296433,117.5,65.0,General,35.65629263597126,22.56410256410257,25.927644912023872,11.11111111111111
Big Valley Joint Unified (Lassen),Moderate Underperformer,-1.3504256005607362,191.5,252.0,Differentiated,34.911172526339584,17.142857142857142,25.349380264361578,13.084112149532707
Dunsmuir Elementary (Siskiyou),Moderate Underperformer,-1.353406731385696,251.0,59.0,Differentiated,27.81097349795455,12.0,18.237130784755486,4.0
Hueneme Elementary (Ventura),Moderate Underperformer,-1.354692003483086,93.0,122.0,Differentiated,37.824305763006265,26.82667297233389,27.778813351000597,16.267042783262813
Salinas Union High (Monterey),Moderate Underperformer,-1.358848600687245,60.5,278.0,Differentiated,48.20556881794406,42.12288875946418,26.955832015893375,20.095832728328737
Oxnard Union High (Ventura),Moderate Underperformer,-1.3613589672030115,59.5,332.0,Differentiated,50.60899627273137,44.69574582660204,30.2594611213007,19.285522428149346
Amador County Unified (Amador),Moderate Underperformer,-1.369260370437674,77.0,188.0,Differentiated,44.77584213008705,35.850012667849,32.700428014140996,23.553196866312863
Calaveras Unified (Calaveras),Moderate Underperformer,-1.3828894087382515,39.0,122.0,Differentiated,38.38651702939715,24.93457943925233,26.948997169256675,18.561569197239372
Gerber Union Elementary (Tehama),Moderate Underperformer,-1.3990422140147354,98.0,123.0,Differentiated,31.215880181691084,13.524590163934429,20.831076060971437,5.714285714285714
Hesperia Unified (San Bernardino),Moderate Underperformer,-1.4025810246570445,52.0,303.0,Differentiated,39.166294988349335,29.74007402422611,26.526252096993794,18.47926654891076
Liberty Union High (Contra Costa),Moderate Underperformer,-1.409766523945781,87.5,490.0,Differentiated,61.53608382064989,61.44265697976129,45.520105700880066,27.027027027027028
Owens Valley Unified (Inyo),Moderate Underperformer,-1.420186124445301,195.0,107.0,General,31.287202492516112,13.114754098360656,22.07621144332999,4.918032786885246
Santa Maria-Bonita (Santa Barbara),Moderate Underperformer,-1.4545036017865878,52.0,164.0,Differentiated,39.19067840520189,24.779432691395503,28.309232907973303,17.659693686963017
Tehachapi Unified (Kern),Moderate Underperformer,-1.4562214318750597,30.5,159.0,Differentiated,45.475406334449126,35.58515699333968,33.29757134793477,24.006701771182385
Saucelito Elementary (Tulare),Significant Underperformer,-1.5027309013584356,212.0,117.0,General,42.179812146270564,22.093023255813957,34.8525372891259,13.953488372093023
Allensworth Elementary (Tulare),Significant Underperformer,-1.507309009639008,165.5,49.0,Differentiated,31.93785610170248,8.333333333333332,22.856927887385574,6.0606060606060606
Knightsen Elementary (Contra Costa),Significant Underperformer,-1.516828072266773,67.5,144.0,General,58.345262017960856,49.53488372093023,49.646330699790845,41.25874125874126
Lakeport Unified (Lake),Significant Underperformer,-1.5314291935821498,113.5,283.0,Differentiated,34.19628094370817,22.027439024390244,22.15670707567232,15.184049079754605
Coalinga-Huron Unified (Fresno),Significant Underperformer,-1.5428686713027695,61.0,122.0,Differentiated,37.1648871368862,23.43819229065131,24.567295866185617,15.367679436371642
Baker Valley Unified (San Bernardino),Significant Underperformer,-1.5608429013148903,153.0,328.0,Differentiated,29.887480136813622,10.38961038961039,21.360222304972307,7.142857142857142
Santa Rita Union Elementary (Monterey),Significant Underperformer,-1.5665421047042647,123.0,212.0,General,40.28296277063753,29.704433497536947,29.891928197395842,18.212890625
Barstow Unified (San Bernardino),Significant Underperformer,-1.568129091587194,50.0,131.0,Differentiated,33.49843506598015,17.306095333001164,20.6660879479924,10.26495584069322
Mesa Union Elementary (Ventura),Significant Underperformer,-1.581977037788642,65.5,160.0,General,65.29509054553401,54.39024390243903,56.741594569180165,40.09779951100245
Cloverdale Unified (Sonoma),Significant Underperformer,-1.588234662384535,109.0,43.0,General,44.29157031616339,28.18471337579618,33.70766668537651,16.905901116427433
Pittsburg Unified (Contra Costa),Significant Underperformer,-1.594073763445511,62.0,163.0,Differentiated,40.3325703303731,33.11345646437995,28.316666784860935,16.710427606901725
Kirkwood Elementary (Tehama),Significant Underperformer,-1.6034264312476032,162.0,72.0,General,49.83458587590843,27.27272727272727,39.92028815416459,20.454545454545457
Gilroy Unified (Santa Clara),Significant Underperformer,-1.6156337607600006,62.0,283.0,Differentiated,51.96134379610402,40.24749558043607,41.64767899981704,32.431906614785994
Kelseyville Unified (Lake),Significant Underperformer,-1.6156530147774977,36.5,49.0,Differentiated,35.210305317295315,24.40695835529784,23.958336097130164,13.940031562335614
Mojave Unified (Kern),Significant Underperformer,-1.6159797662763626,29.5,200.0,Differentiated,27.51311270209068,19.070080862533693,16.318957469947463,7.200538358008076
Valley Home Joint Elementary (Stanislaus),Significant Underperformer,-1.6197232082503976,114.5,149.0,Differentiated,51.52133583183126,32.53968253968254,43.26500103420014,31.746031746031743
Acton-Agua Dulce Unified (Los Angeles),Significant Underperformer,-1.625181884915067,47.0,355.0,Differentiated,43.42788896052817,34.16988416988417,32.440628794281764,19.923371647509576
Pope Valley Union Elementary (Napa),Significant Underperformer,-1.6310952054117862,253.5,48.0,General,31.6153312950811,14.285714285714285,24.052732260538114,7.84313725490196
Alta-Dutch Flat Union Elementary (Placer),Significant Underperformer,-1.6502235400719392,160.5,161.0,General,48.28315316987536,27.58620689655172,38.26182314334992,24.13793103448276
Big Springs Union Elementary (Siskiyou),Significant Underperformer,-1.6560290356533274,125.5,72.0,Differentiated,37.06595910605271,23.03370786516854,27.234036422801243,8.88888888888889
Willits Unified (Mendocino),Significant Underperformer,-1.6732060106945978,91.0,61.0,Differentiated,36.87579139950677,19.185282522996054,24.398937916117333,9.980302035456337
Sutter Union High (Sutter),Significant Underperformer,-1.6818803431312728,51.5,498.0,General,54.55349525105456,49.10179640718562,38.135743393466385,25.301204819277107
Whitmore Union Elementary (Shasta),Significant Underperformer,-1.6876985952240102,202.0,26.0,General,38.10007332879294,0.0,29.15910905867828,0.0
North Monterey County Unified (Monterey),Significant Underperformer,-1.702340731061282,50.5,225.0,Differentiated,39.36643740542986,28.99906454630496,27.52851492564583,16.458622283865
Hayward Unified (Alameda),Significant Underperformer,-1.71134489759353,42.0,43.0,Differentiated,47.44807102352952,33.22970834275379,36.8253820892204,20.47523872973573
Palmdale Elementary (Los Angeles),Significant Underperformer,-1.7244052128061342,42.0,258.0,Differentiated,39.49609472915902,29.91727317933185,26.760375772306954,18.74915330774441
Bradley Union Elementary (Monterey),Significant Underperformer,-1.7246606294922786,217.5,50.0,General,46.05244082414708,20.27027027027027,37.16499859119475,10.81081081081081
Big Oak Flat-Groveland Unified (Tuolumne),Significant Underperformer,-1.742243092730935,82.0,66.0,General,38.78462518780168,21.897810218978105,27.675036873901135,8.75912408759124
Salinas City Elementary (Monterey),Significant Underperformer,-1.7514622590029256,52.5,262.0,General,41.46446562693051,25.092896174863387,31.722274644854714,22.2101370458995
Reeds Creek Elementary (Tehama),Significant Underperformer,-1.771934694562102,95.0,59.0,General,48.13537623131556,30.909090909090907,38.56635572499208,17.857142857142858
Cabrillo Unified (San Mateo),Significant Underperformer,-1.7787861842573909,60.0,14.0,Differentiated,61.32941273632031,40.94488188976378,51.64653889653616,32.97565002063558
Valley Center-Pauma Unified (San Diego),Significant Underperformer,-1.7989366657444423,22.0,72.0,Differentiated,44.44496428300014,28.7953795379538,33.44101121548694,17.84934497816594
Mountain Empire Unified (San Diego),Significant Underperformer,-1.850220101510856,27.5,73.0,Differentiated,38.907629934888064,25.73571840738604,28.55349302993037,12.892184826012551
Eastside Union Elementary (Los Angeles),Significant Underperformer,-1.8564016012082496,89.0,110.0,Differentiated,36.40634369138301,22.54233004801617,25.479045936994396,14.94572077758142
Fort Sage Unified (Lassen),Significant Underperformer,-1.8682366620422937,118.0,109.0,Differentiated,29.35905706343398,1.5384615384615383,20.197752768845774,4.761904761904762
Happy Camp Union Elementary (Siskiyou),Significant Underperformer,-1.8753989202752577,149.5,60.0,General,31.518095852668413,3.061224489795918,23.56820520582255,1.0
Natomas Unified (Sacramento),Significant Underperformer,-1.8771963925775863,38.0,91.0,Differentiated,50.4460780467363,34.205899589763625,41.026909519464965,23.72980338719097
Sonoma Valley Unified (Sonoma),Significant Underperformer,-1.8780221032141888,47.5,120.0,Differentiated,51.46701429315521,37.24320742213386,40.84261150273194,20.129449838187703
Brittan Elementary (Sutter),Significant Underperformer,-1.8853215281417088,46.0,235.0,General,48.15973223098571,30.06134969325153,38.40953505629127,29.4478527607362
Adelanto Elementary (San Bernardino),Significant Underperformer,-1.917234327294556,47.0,95.0,Differentiated,40.66494758105354,25.02231478726569,29.01566081882328,15.201829389540665
Muroc Joint Unified (Kern),Significant Underperformer,-1.9196809960277592,24.5,319.0,Differentiated,43.43991246398762,35.64245810055866,33.26328745501727,22.10998877665544
Antelope Valley Union High (Los Angeles),Significant Underperformer,-1.925770651624472,28.5,316.0,Differentiated,47.2340015486912,38.72340425531915,26.189829769426936,13.198294243070364
Pajaro Valley Unified (Santa Cruz),Significant Underperformer,-1.9655595360071016,28.5,153.0,Differentiated,40.26439966050621,24.4509129399312,28.860775435339697,16.57845991002911
Morgan Hill Unified (Santa Clara),Significant Underperformer,-1.980589832189505,42.5,49.0,Differentiated,62.08169361152909,47.13190589479249,52.30965786705599,35.56782334384858
Tres Pinos Union Elementary (San Benito),Significant Underperformer,-1.9904694608464848,161.5,6.0,General,46.17325562870383,8.974358974358974,38.35604212569304,6.41025641025641
Lancaster Elementary (Los Angeles),Significant Underperformer,-2.004281990719392,30.5,133.0,Differentiated,37.96313284215403,24.80549718893748,25.81470657867034,14.464235227594004
Upper Lake Unified (Lake),Significant Underperformer,-2.023907615680665,28.0,304.0,Differentiated,36.42243817263001,18.995633187772924,24.45466494816342,14.25438596491228
Manchester Union Elementary (Mendocino),Significant Underperformer,-2.055544010787385,232.5,62.0,General,30.524431060452763,12.5,23.395152911863843,2.5
Gold Oak Union Elementary (El Dorado),Significant Underperformer,-2.071634613234371,41.0,36.0,Differentiated,50.14262101340628,30.8641975308642,40.28131038108533,20.0836820083682
Lagunita Elementary (Monterey),Significant Underperformer,-2.07922334138,146.5,55.0,General,59.84946780007141,32.8125,53.7860296607438,37.5
Antioch Unified (Contra Costa),Significant Underperformer,-2.092214617802341,25.0,64.0,Differentiated,41.01021581901062,27.03326283407037,29.398002836616882,14.241210502892743
Dehesa Elementary (San Diego),Significant Underperformer,-2.092214617802341,39.0,21.0,General,55.21379339178364,34.02061855670103,46.44416212935703,23.958333333333336
Arena Union Elementary (Mendocino),Significant Underperformer,-2.092214617802341,53.5,64.0,Differentiated,41.4498461991596,26.89655172413793,31.629511860198413,13.422818791946307
Wilsona Elementary (Los Angeles),Significant Underperformer,-2.092214617802341,21.5,90.0,Differentiated,34.55722980810122,20.20460358056266,23.266008963267915,11.749680715197956
Horicon Elementary (Sonoma),Significant Underperformer,-2.092214617802341,133.0,154.0,Differentiated,35.587166604608875,12.643678160919542,27.45371545989351,6.896551724137931
Howell Mountain Elementary (Napa),Significant Underperformer,-2.092214617802341,114.0,5.0,General,44.2049500162397,14.117647058823527,36.58061640740758,11.494252873563218
Point Arena Joint Union High (Mendocino),Significant Underperformer,-2.092214617802341,78.5,18.0,General,46.346632060917315,8.108108108108109,29.138396519927856,2.702702702702702
Oakley Union Elementary (Contra Costa),Significant Underperformer,-2.092214617802341,45.5,23.0,Differentiated,53.49408890699475,36.0,43.92709533676286,24.343977236800505
Keppel Union Elementary (Los Angeles),Significant Underperformer,-2.092214617802341,16.0,147.0,Differentiated,38.379029218091524,21.542857142857144,27.40826562463419,16.16391576550939
