GeoId|Geography|LEAID|Year|Iteration|PDP03_1est|PDP03_1moe|PDP03_2est|PDP03_2moe|PDP03_2pct|PDP03_2pctmoe|PDP03_3est|PDP03_3moe|PDP03_3pct|PDP03_3pctmoe|PDP03_4est|PDP03_4moe|PDP03_4pct|PDP03_4pctmoe|PDP03_5est|PDP03_5moe|PDP03_5pct|PDP03_5pctmoe|PDP03_6est|PDP03_6moe|PDP03_6pct|PDP03_6pctmoe|PDP03_7est|PDP03_7moe|PDP03_7pct|PDP03_7pctmoe|PDP03_8est|PDP03_8moe|PDP03_9pct|PDP03_9pctmoe|PDP03_10est|PDP03_10moe|PDP03_11est|PDP03_11moe|PDP03_11pct|PDP03_11pctmoe|PDP03_12est|PDP03_12moe|PDP03_12pct|PDP03_12pctmoe|PDP03_13est|PDP03_13moe|PDP03_13pct|PDP03_13pctmoe|PDP03_14est|PDP03_14moe|PDP03_15est|PDP03_15moe|PDP03_15pct|PDP03_15pctmoe|PDP03_16est|PDP03_16moe|PDP03_16pct|PDP03_16pctmoe|PDP03_17est|PDP03_17moe|PDP03_17pct|PDP03_17pctmoe|PDP03_18est|PDP03_18moe|PDP03_18pct|PDP03_18pctmoe|PDP03_19est|PDP03_19moe|PDP03_19pct|PDP03_19pctmoe|PDP03_20est|PDP03_20moe|PDP03_20pct|PDP03_20pctmoe|PDP03_21est|PDP03_21moe|PDP03_22est|PDP03_22moe|PDP03_23est|PDP03_23moe|PDP03_23pct|PDP03_23pctmoe|PDP03_24est|PDP03_24moe|PDP03_24pct|PDP03_24pctmoe|PDP03_25est|PDP03_25moe|PDP03_25pct|PDP03_25pctmoe|PDP03_26est|PDP03_26moe|PDP03_26pct|PDP03_26pctmoe|PDP03_27est|PDP03_27moe|PDP03_27pct|PDP03_27pctmoe|PDP03_28est|PDP03_28moe|PDP03_29est|PDP03_29moe|PDP03_29pct|PDP03_29pctmoe|PDP03_30est|PDP03_30moe|PDP03_30pct|PDP03_30pctmoe|PDP03_31est|PDP03_31moe|PDP03_31pct|PDP03_31pctmoe|PDP03_32est|PDP03_32moe|PDP03_32pct|PDP03_32pctmoe|PDP03_33est|PDP03_33moe|PDP03_33pct|PDP03_33pctmoe|PDP03_34est|PDP03_34moe|PDP03_34pct|PDP03_34pctmoe|PDP03_35est|PDP03_35moe|PDP03_35pct|PDP03_35pctmoe|PDP03_36est|PDP03_36moe|PDP03_36pct|PDP03_36pctmoe|PDP03_37est|PDP03_37moe|PDP03_37pct|PDP03_37pctmoe|PDP03_38est|PDP03_38moe|PDP03_38pct|PDP03_38pctmoe|PDP03_39est|PDP03_39moe|PDP03_39pct|PDP03_39pctmoe|PDP03_40est|PDP03_40moe|PDP03_40pct|PDP03_40pctmoe|PDP03_41est|PDP03_41moe|PDP03_41pct|PDP03_41pctmoe|PDP03_42est|PDP03_42moe|PDP03_43est|PDP03_43moe|PDP03_43pct|PDP03_43pctmoe|PDP03_44est|PDP03_44moe|PDP03_44pct|PDP03_44pctmoe|PDP03_45est|PDP03_45moe|PDP03_45pct|PDP03_45pctmoe|PDP03_46est|PDP03_46moe|PDP03_46pct|PDP03_46pctmoe|PDP03_47est|PDP03_47moe|PDP03_48est|PDP03_48moe|PDP03_49est|PDP03_49moe|PDP03_50est|PDP03_50moe|PDP03_51est|PDP03_51moe|PDP03_51pct|PDP03_51pctmoe|PDP03_52est|PDP03_52moe|PDP03_52pct|PDP03_52pctmoe|PDP03_53est|PDP03_53moe|PDP03_53pct|PDP03_53pctmoe|PDP03_54est|PDP03_54moe|PDP03_54pct|PDP03_54pctmoe|PDP03_55est|PDP03_55moe|PDP03_56est|PDP03_56moe|PDP03_57est|PDP03_57moe|PDP03_58est|PDP03_58moe|PDP03_58pct|PDP03_58pctmoe|PDP03_59est|PDP03_59moe|PDP03_59pct|PDP03_59pctmoe|PDP03_60est|PDP03_60moe|PDP03_60pct|PDP03_60pctmoe|PDP03_61est|PDP03_61moe|PDP03_61pct|PDP03_61pctmoe|PDP03_62est|PDP03_62moe|PDP03_63est|PDP03_63moe|PDP03_63pct|PDP03_63pctmoe|PDP03_64est|PDP03_64moe|PDP03_64pct|PDP03_64pctmoe|PDP03_65est|PDP03_65moe|PDP03_65pct|PDP03_65pctmoe|PDP03_66est|PDP03_66moe|PDP03_66pct|PDP03_66pctmoe|PDP03_67est|PDP03_67moe|PDP03_68est|PDP03_68moe|PDP03_68pct|PDP03_68pctmoe|PDP03_69est|PDP03_69moe|PDP03_69pct|PDP03_69pctmoe|PDP03_70est|PDP03_70moe|PDP03_70pct|PDP03_70pctmoe|PDP03_71est|PDP03_71moe|PDP03_71pct|PDP03_71pctmoe|PDP03_72pct|PDP03_72pctmoe|PDP03_73pct|PDP03_73pctmoe|PDP03_74pct|PDP03_74pctmoe|PDP03_75pct|PDP03_75pctmoe
9700000US0601620|ABC Unified School District, CA|0601620|2019-2023|205|13815|941|11280|788|81.7|2.4|11280|788|81.7|2.4|10925|778|79.1|2.5|355|135|2.6|1.0|0|32|0.0|0.3|2535|401|18.3|2.4|11280|788|3.1|1.2|7510|549|5385|456|71.7|4.3|5385|456|71.7|4.3|5260|449|70.0|4.2|10680|783|7675|564|71.9|2.8|1160|220|10.9|1.9|170|101|1.6|0.9|85|69|0.8|0.7|110|82|1.0|0.8|1475|339|13.8|2.8|31.9|1.3|10925|778|5680|516|52.0|3.4|1615|317|14.8|2.8|1920|294|17.6|2.3|455|135|4.2|1.2|1260|284|11.5|2.3|10925|778|15|27|0.1|0.2|585|170|5.4|1.5|1100|229|10.1|1.9|425|165|3.9|1.5|850|205|7.8|1.8|870|284|8.0|2.4|320|156|2.9|1.4|685|161|6.3|1.5|1330|322|12.2|2.9|2985|443|27.3|3.7|705|194|6.5|1.7|425|155|3.9|1.4|635|156|5.8|1.4|10925|778|8120|725|74.3|3.7|2100|400|19.2|3.5|685|174|6.3|1.5|20|25|0.2|0.2|69162|6818|88785|4703|74906|8291|13815|941|12675|920|91.7|2.0|10450|882|75.6|3.1|2625|406|19.0|2.8|1140|278|8.3|2.0|13740|934|11215|785|10860|775|10120|753|93.2|1.8|8815|729|81.2|2.9|1495|285|13.8|2.6|740|206|6.8|1.8|355|135|320|129|90.1|10.0|220|113|62.0|22.4|145|93|40.8|20.6|35|37|9.9|10.1|2525|402|2155|366|85.3|5.6|1360|297|53.9|7.8|950|247|37.6|8.2|370|153|14.7|5.5|8.0|2.5|8.0|2.5|8.0|2.5|0.0|37.9
9600000US0601650|Acalanes Union High School District, CA|0601650|2019-2023|205|8495|854|7105|773|83.6|3.3|7105|773|83.6|3.3|6870|724|80.9|3.3|230|141|2.7|1.6|0|32|0.0|0.5|1390|315|16.4|3.3|7105|773|3.2|1.9|4240|438|3315|405|78.2|5.0|3315|405|78.2|5.0|3200|395|75.5|5.0|6825|717|3365|441|49.3|4.9|250|104|3.7|1.5|460|164|6.7|2.4|80|85|1.2|1.2|90|70|1.3|1.1|2585|508|37.9|5.5|31.8|2.6|6870|724|5150|560|75.0|4.6|390|156|5.7|2.2|1145|329|16.7|4.0|60|79|0.9|1.1|125|77|1.8|1.1|6870|724|35|52|0.5|0.8|200|133|2.9|1.9|500|208|7.3|2.7|105|66|1.5|1.0|370|150|5.4|2.3|115|70|1.7|1.0|290|183|4.2|2.5|1130|290|16.4|4.0|1920|373|27.9|4.6|1580|284|23.0|4.0|220|114|3.2|1.6|205|129|3.0|1.8|205|113|3.0|1.6|6870|724|5195|630|75.6|4.2|910|234|13.2|3.2|760|208|11.1|2.8|10|15|0.1|0.2|174459|13428|248295|31564|171563|14972|8495|854|8445|859|99.4|0.6|7975|816|93.9|2.2|885|295|10.4|3.2|50|51|0.6|0.6|8310|833|7020|773|6785|723|6760|726|99.6|0.5|6555|714|96.6|1.5|505|244|7.4|3.5|25|33|0.4|0.5|230|141|220|138|95.7|9.8|190|132|82.6|19.8|30|39|13.0|17.2|10|22|4.3|9.8|1290|293|1275|298|98.8|1.9|1105|271|85.7|7.7|180|111|14.0|8.0|15|25|1.2|2.0|2.4|1.3|2.4|1.3|2.5|1.3|0.0|20.8
9500000US0601680|Ackerman Elementary School District, CA|0601680|2019-2023|205|350|109|230|89|65.7|11.8|230|89|65.7|11.8|230|89|65.7|11.8|0|14|0.0|11.4|0|14|0.0|11.4|120|51|34.3|12.4|230|89|0.0|16.8|190|58|85|48|44.7|19.3|85|48|44.7|19.3|85|48|44.7|19.3|225|91|160|90|71.1|20.0|0|14|0.0|17.1|0|14|0.0|17.1|0|14|0.0|17.1|0|14|0.0|17.1|65|42|28.9|19.8|22.2|3.7|230|89|95|44|41.3|21.4|55|49|23.9|15.5|0|14|0.0|16.8|15|21|6.5|9.8|60|49|26.1|13.6|230|89|10|17|4.3|8.0|4|10|1.7|4.3|4|8|1.7|3.6|0|14|0.0|16.8|4|2|1.7|1.1|85|50|37.0|14.0|4|3|1.7|1.6|0|14|0.0|16.8|15|17|6.5|7.0|50|35|21.7|15.6|0|14|0.0|16.8|25|40|10.9|15.4|30|30|13.0|13.6|230|89|85|37|37.0|17.1|100|49|43.5|11.1|45|46|19.6|14.9|0|14|0.0|16.8|61845|9557|81094|38994|61190|13121|350|109|340|111|97.1|4.9|250|94|71.4|14.7|105|68|30.0|16.4|4|19|1.1|5.6|350|109|230|89|230|89|230|89|100.0|16.8|205|88|89.1|11.7|35|32|15.2|13.9|0|14|0.0|16.8|0|14|0|14|-|**|0|14|-|**|0|14|-|**|0|14|-|**|120|51|110|53|91.7|14.9|40|29|33.3|24.5|70|46|58.3|22.2|4|19|3.3|16.7|11.4|9.8|11.4|9.8|11.4|9.8|-|**
9700000US0600001|Acton-Agua Dulce Unified School District, CA|0600001|2019-2023|205|1080|329|760|262|70.4|9.0|760|262|70.4|9.0|760|262|70.4|9.0|0|21|0.0|3.9|0|21|0.0|3.9|320|131|29.6|9.0|760|262|0.0|5.4|625|174|360|137|57.6|14.9|360|137|57.6|14.9|360|137|57.6|14.9|745|258|525|182|70.5|9.6|155|102|20.8|10.1|0|21|0.0|5.5|0|21|0.0|5.5|0|21|0.0|5.5|65|54|8.7|7.3|44.2|5.2|760|262|325|148|42.8|12.8|115|74|15.1|9.2|230|123|30.3|11.6|35|58|4.6|7.9|55|54|7.2|6.3|760|262|0|21|0.0|5.4|125|103|16.4|12.1|60|61|7.9|7.7|10|21|1.3|2.7|95|84|12.5|9.8|45|62|5.9|7.7|35|44|4.6|5.2|55|53|7.2|6.4|115|88|15.1|11.2|145|84|19.1|9.8|25|27|3.3|3.8|4|2|0.5|0.3|45|34|5.9|4.7|760|262|555|222|73.0|12.4|190|102|25.0|11.5|20|26|2.6|3.5|0|21|0.0|5.4|63800|12021|76667|49135|60855|20879|1080|329|915|293|84.7|10.6|820|285|75.9|11.4|125|71|11.6|6.8|165|131|15.3|10.6|1080|329|760|262|760|262|715|247|94.1|7.2|645|232|84.9|8.7|85|55|11.2|7.1|45|61|5.9|7.4|0|21|0|21|-|**|0|21|-|**|0|21|-|**|0|21|-|**|320|131|200|102|62.5|21.0|170|96|53.1|21.5|40|33|12.5|10.8|115|80|35.9|20.7|1.4|2.8|1.4|2.8|1.4|2.8|-|**
9500000US0601710|Adelanto Elementary School District, CA|0601710|2019-2023|205|6300|716|4730|538|75.1|4.6|4715|543|74.8|4.7|4335|521|68.8|5.4|380|226|6.0|3.5|15|33|0.2|0.5|1565|381|24.8|4.6|4715|543|8.1|4.6|3635|437|2275|359|62.6|7.5|2275|359|62.6|7.5|1975|320|54.3|7.9|4215|505|3345|449|79.4|8.9|385|171|9.1|4.2|40|75|0.9|1.8|0|32|0.0|1.0|45|50|1.1|1.2|400|371|9.5|8.2|46.6|5.6|4335|521|660|205|15.2|4.8|805|317|18.6|6.9|1270|419|29.3|7.9|515|193|11.9|4.3|1085|219|25.0|5.2|4335|521|95|77|2.2|1.8|500|178|11.5|4.2|280|145|6.5|3.3|145|100|3.3|2.3|530|368|12.2|7.9|780|253|18.0|5.6|15|25|0.3|0.6|85|79|2.0|1.9|480|188|11.1|4.5|825|250|19.0|5.5|160|116|3.7|2.8|70|70|1.6|1.6|365|272|8.4|5.9|4335|521|2675|409|61.7|8.7|1130|365|26.1|8.0|400|232|9.2|4.9|130|186|3.0|4.2|45840|5374|70090|10590|34442|20078|6280|718|5425|678|86.4|5.6|3130|648|49.8|8.0|2800|524|44.6|7.2|855|371|13.6|5.6|6280|718|4715|543|4335|521|3735|469|86.2|6.4|2470|486|57.0|9.7|1680|437|38.8|8.9|600|305|13.8|6.5|380|226|355|219|93.4|11.6|95|99|25.0|21.6|280|185|73.7|22.4|25|41|6.6|11.4|1565|381|1335|339|85.3|8.3|565|242|36.1|11.0|840|247|53.7|11.9|230|143|14.7|8.1|13.3|4.7|13.3|4.7|13.3|4.7|-|**
9700000US0601770|Alameda City Unified School District, CA|0601770|2019-2023|205|10960|843|9680|806|88.3|2.4|9620|799|87.8|2.5|9400|809|85.8|2.6|220|121|2.0|1.1|60|51|0.5|0.5|1285|271|11.7|2.4|9620|799|2.3|1.3|5890|476|4900|474|83.2|3.9|4900|474|83.2|3.9|4805|482|81.6|4.2|9160|807|4675|567|51.0|4.5|445|215|4.9|2.2|855|241|9.3|2.5|145|99|1.6|1.1|150|74|1.6|0.8|2885|484|31.5|4.5|35.5|3.3|9400|809|6420|668|68.3|4.3|670|204|7.1|2.0|1365|330|14.5|3.1|320|143|3.4|1.5|625|252|6.6|2.7|9400|809|15|26|0.2|0.3|425|145|4.5|1.6|955|238|10.2|2.6|250|152|2.7|1.6|650|223|6.9|2.3|585|201|6.2|2.1|450|210|4.8|2.2|530|180|5.6|1.8|1960|394|20.9|3.6|2160|390|23.0|3.3|540|171|5.7|1.8|365|159|3.9|1.7|515|204|5.5|2.1|9400|809|6805|640|72.4|4.9|1920|530|20.4|4.9|655|234|7.0|2.4|20|26|0.2|0.3|104519|14524|147161|25046|118424|12796|10900|832|10740|831|98.5|0.9|9770|859|89.6|2.6|1185|291|10.9|2.7|160|98|1.5|0.9|10785|809|9555|786|9335|798|9230|794|98.9|0.8|8745|829|93.7|2.0|635|175|6.8|2.0|100|74|1.1|0.8|220|121|205|116|93.2|10.0|185|115|84.1|15.8|25|23|11.4|11.4|15|25|6.8|11.4|1230|272|1185|274|96.3|3.4|800|236|65.0|10.1|405|127|32.9|8.9|45|41|3.7|3.5|4.9|2.0|4.9|2.0|4.7|2.0|17.4|32.5
9700000US0601860|Albany City Unified School District, CA|0601860|2019-2023|205|3600|324|2975|254|82.6|4.1|2975|254|82.6|4.1|2900|250|80.6|4.1|75|42|2.1|1.2|0|21|0.0|1.2|625|176|17.4|4.1|2975|254|2.5|1.4|1955|184|1445|149|73.9|7.2|1445|149|73.9|7.2|1385|145|70.8|6.9|2835|249|1205|191|42.5|5.5|135|83|4.8|2.8|415|121|14.6|4.2|15|14|0.5|0.5|150|69|5.3|2.5|915|158|32.3|4.6|35.1|3.5|2900|250|2265|229|78.1|4.0|160|65|5.5|2.3|305|117|10.5|3.8|80|46|2.8|1.6|90|64|3.1|2.2|2900|250|20|27|0.7|0.9|80|42|2.8|1.4|245|87|8.4|2.9|25|24|0.9|0.8|80|47|2.8|1.6|95|54|3.3|1.9|130|56|4.5|1.9|200|93|6.9|3.3|680|133|23.4|4.2|950|176|32.8|5.4|100|75|3.4|2.5|155|64|5.3|2.2|135|75|4.7|2.4|2900|250|1915|215|66.0|5.6|805|173|27.8|5.2|175|66|6.0|2.2|10|14|0.3|0.5|109304|9421|147476|16464|122500|27638|3600|324|3560|327|98.9|1.1|3350|306|93.1|2.3|325|92|9.0|2.4|40|37|1.1|1.1|3590|322|2975|254|2900|250|2880|250|99.3|0.9|2760|240|95.2|2.0|205|70|7.1|2.4|15|23|0.5|0.8|75|42|75|42|100.0|39.2|75|42|100.0|39.2|15|18|20.0|22.1|0|21|0.0|39.2|615|175|595|177|96.7|4.4|515|162|83.7|7.3|95|36|15.4|5.3|20|24|3.3|4.2|5.4|2.0|5.4|2.0|5.4|2.0|0.0|100.0
9600000US0606037|Alhambra Unified School District (9-12), CA|0606037|2019-2023|205|3175|513|2410|435|75.9|5.7|2410|435|75.9|5.7|2325|428|73.2|5.8|80|48|2.5|1.5|0|29|0.0|1.3|765|217|24.1|5.8|2410|435|3.3|2.0|1790|254|1190|251|66.5|9.5|1190|251|66.5|9.5|1125|247|62.8|9.8|2265|413|1645|293|72.6|5.4|325|133|14.3|5.3|55|55|2.4|2.3|110|122|4.9|5.0|45|51|2.0|2.3|80|51|3.5|2.3|24.4|2.8|2325|428|225|136|9.7|5.6|635|175|27.3|6.5|590|219|25.4|8.8|160|90|6.9|3.8|720|267|31.0|8.4|2325|428|15|24|0.6|1.0|195|151|8.4|5.8|440|202|18.9|7.8|50|57|2.2|2.5|205|95|8.8|4.1|150|92|6.5|3.9|0|29|0.0|1.8|65|65|2.8|2.8|150|66|6.5|3.0|305|134|13.1|5.9|295|110|12.7|4.8|370|200|15.9|7.1|85|63|3.7|2.9|2325|428|1790|416|77.0|7.0|385|142|16.6|6.5|115|64|4.9|2.7|35|50|1.5|2.1|29766|3903|38316|2630|35110|5952|3175|513|2835|479|89.3|4.5|1445|349|45.5|8.5|1585|372|49.9|8.6|340|153|10.7|4.5|3175|513|2410|435|2325|428|2080|394|89.5|5.0|1240|352|53.3|9.4|925|221|39.8|8.6|245|126|10.5|5.0|80|48|80|48|100.0|37.9|55|38|68.8|30.3|55|40|68.8|25.5|0|29|0.0|37.9|765|217|670|205|87.6|7.6|145|77|19.0|9.3|605|199|79.1|8.6|95|59|12.4|7.5|18.0|6.6|18.0|6.6|18.0|6.6|-|**
9700000US0600153|Alhambra Unified School District, CA|0600153|2019-2023|205|12625|853|10240|740|81.1|2.6|10235|738|81.1|2.6|9855|714|78.1|2.8|385|142|3.0|1.1|4|12|0.0|0.1|2390|379|18.9|2.6|10235|738|3.8|1.3|6665|430|4885|375|73.3|4.0|4885|375|73.3|4.0|4700|387|70.5|4.3|9665|717|7130|612|73.8|3.4|840|209|8.7|2.1|95|72|1.0|0.7|75|55|0.8|0.6|100|70|1.0|0.7|1425|315|14.7|3.0|31.6|1.8|9855|714|4400|543|44.6|4.2|1810|369|18.4|3.3|2180|355|22.1|3.3|485|148|4.9|1.4|980|195|9.9|2.1|9855|714|65|70|0.7|0.7|285|110|2.9|1.1|780|202|7.9|2.0|520|173|5.3|1.8|825|226|8.4|2.1|725|168|7.4|1.7|265|122|2.7|1.2|610|169|6.2|1.6|960|205|9.7|2.0|2355|378|23.9|3.2|1020|283|10.4|2.7|625|185|6.3|1.9|820|290|8.3|2.9|9855|714|7155|628|72.6|3.7|2065|390|21.0|3.6|620|187|6.3|1.8|10|14|0.1|0.1|54230|4584|71596|7288|66076|14231|12625|853|12100|852|95.8|1.5|8760|709|69.4|3.7|3720|542|29.5|3.5|525|185|4.2|1.5|12575|849|10190|734|9810|709|9410|689|95.9|1.8|7390|595|75.3|4.0|2265|406|23.1|3.5|400|178|4.1|1.8|385|142|360|144|93.5|7.8|205|100|53.2|20.7|165|107|42.9|19.7|25|27|6.5|7.8|2385|379|2280|379|95.6|2.5|1145|353|48.0|10.8|1255|269|52.6|8.4|100|56|4.2|2.5|13.1|3.6|13.1|3.6|13.1|3.6|0.0|48.0
9500000US0601950|Alisal Union Elementary School District, CA|0601950|2019-2023|205|6925|679|5190|634|74.9|4.3|5190|634|74.9|4.3|4915|621|71.0|4.9|275|153|4.0|2.1|0|32|0.0|0.6|1735|308|25.1|4.3|5190|634|5.3|2.9|3855|435|2435|387|63.2|6.4|2435|387|63.2|6.4|2220|363|57.6|6.6|4835|612|3640|544|75.3|5.6|595|180|12.3|3.6|40|64|0.8|1.3|0|32|0.0|0.9|460|191|9.5|3.7|100|77|2.1|1.5|27.8|2.5|4915|621|845|273|17.2|4.9|750|221|15.3|3.6|520|158|10.6|3.3|1855|378|37.7|5.9|945|236|19.2|4.6|4915|621|1805|365|36.7|6.1|450|161|9.2|3.3|220|73|4.5|1.7|80|56|1.6|1.1|400|161|8.1|2.9|225|153|4.6|3.0|0|32|0.0|0.9|60|58|1.2|1.2|225|130|4.6|2.6|815|300|16.6|5.1|145|103|3.0|2.1|175|96|3.6|2.0|315|174|6.4|3.5|4915|621|4060|565|82.6|4.6|640|239|13.0|4.4|205|100|4.2|2.1|10|19|0.2|0.4|32272|3553|55676|5404|42594|7287|6925|679|4960|567|71.6|5.0|3380|538|48.8|6.1|1950|336|28.2|4.6|1965|410|28.4|5.0|6900|681|5165|638|4895|622|3770|566|77.0|5.9|2935|500|60.0|7.0|1135|309|23.2|5.6|1125|320|23.0|5.9|275|153|135|94|49.1|27.1|10|18|3.6|7.6|125|93|45.5|26.3|140|117|50.9|27.1|1735|308|1030|224|59.4|8.4|430|160|24.8|8.3|670|171|38.6|7.8|705|199|40.6|8.4|21.7|4.6|21.7|4.6|21.4|4.6|100.0|67.8
9500000US0602100|Alpine Union Elementary School District, CA|0602100|2019-2023|205|2035|453|1625|390|79.9|7.0|1625|390|79.9|7.0|1585|391|77.9|7.0|35|38|1.7|1.9|0|21|0.0|2.1|410|170|20.1|7.1|1625|390|2.2|2.4|980|235|725|205|74.0|11.5|725|205|74.0|11.5|710|209|72.4|11.6|1585|391|1370|357|86.4|5.6|40|36|2.5|2.2|0|21|0.0|2.6|0|21|0.0|2.6|0|21|0.0|2.6|175|88|11.0|5.1|28.7|5.1|1585|391|805|302|50.8|11.7|185|92|11.7|6.3|260|141|16.4|9.1|200|139|12.6|8.6|135|133|8.5|7.4|1585|391|0|21|0.0|2.6|265|128|16.7|8.0|185|143|11.7|7.4|55|63|3.5|3.9|55|47|3.5|3.0|35|41|2.2|2.7|30|33|1.9|2.2|50|46|3.2|3.1|245|115|15.5|7.2|420|176|26.5|7.2|25|27|1.6|1.7|80|67|5.0|4.2|145|118|9.1|6.9|1585|391|1155|344|72.9|9.1|255|137|16.1|7.8|175|96|11.0|6.3|0|21|0.0|2.6|66532|29519|87308|32546|57936|25933|2035|453|2030|452|99.8|0.5|1675|455|82.3|9.6|420|208|20.6|10.6|4|5|0.2|0.3|2035|453|1625|390|1585|391|1585|390|100.0|2.6|1420|396|89.6|8.1|225|148|14.2|9.8|4|6|0.3|0.4|35|38|35|38|100.0|57.3|25|29|71.4|52.5|10|24|28.6|55.0|0|21|0.0|57.3|410|170|405|170|98.8|3.2|225|125|54.9|25.1|180|135|43.9|24.2|4|7|1.0|1.8|11.8|7.0|11.8|7.0|11.8|7.0|-|**
9500000US0602160|Alta Loma Elementary School District, CA|0602160|2019-2023|205|4835|559|3895|513|80.6|3.9|3895|513|80.6|3.9|3720|452|76.9|4.5|175|156|3.6|3.1|0|32|0.0|0.9|940|205|19.4|4.0|3895|513|4.5|3.8|2450|287|1625|265|66.3|7.1|1625|265|66.3|7.1|1585|269|64.7|7.4|3560|438|2615|388|73.5|6.6|230|100|6.5|2.7|0|32|0.0|1.2|4|12|0.1|0.3|10|18|0.3|0.5|695|251|19.5|6.6|35.5|5.1|3720|452|2175|409|58.5|6.6|340|112|9.1|3.1|710|180|19.1|5.0|295|137|7.9|3.5|200|82|5.4|2.2|3720|452|0|32|0.0|1.1|360|135|9.7|3.2|210|109|5.6|3.0|120|74|3.2|2.0|235|102|6.3|2.8|375|149|10.1|4.0|165|119|4.4|3.2|145|79|3.9|2.1|260|107|7.0|2.8|1440|344|38.7|6.3|50|44|1.3|1.2|130|83|3.5|2.2|240|109|6.5|3.0|3720|452|2205|320|59.3|5.8|1225|281|32.9|5.6|290|120|7.8|3.2|0|32|0.0|1.1|76451|9899|103273|5120|69917|22655|4835|559|4480|555|92.7|3.8|3815|509|78.9|7.7|845|383|17.5|7.3|350|186|7.2|3.8|4835|559|3895|513|3720|452|3520|469|94.6|3.3|3160|462|84.9|6.2|510|235|13.7|6.2|205|122|5.5|3.3|175|156|165|150|94.3|9.9|60|48|34.3|49.1|105|154|60.0|48.3|4|17|2.3|9.5|940|205|795|176|84.6|9.1|595|150|63.3|11.6|225|100|23.9|9.4|140|94|14.9|9.0|5.4|2.7|5.4|2.7|5.4|2.7|-|**
9500000US0602310|Alum Rock Union Elementary School District, CA|0602310|2019-2023|205|10190|925|8145|798|79.9|2.7|8145|798|79.9|2.7|7640|707|75.0|3.2|505|218|5.0|1.9|0|32|0.0|0.4|2045|332|20.1|2.7|8145|798|6.2|2.4|5610|501|3850|413|68.6|4.3|3850|413|68.6|4.3|3685|414|65.7|4.5|7310|704|5345|606|73.1|4.0|1440|280|19.7|3.2|65|52|0.9|0.7|105|79|1.4|1.1|20|25|0.3|0.3|330|127|4.5|1.7|28.0|1.6|7640|707|1855|281|24.3|3.4|2050|374|26.8|4.1|1385|288|18.1|3.1|1285|285|16.8|3.4|1065|226|13.9|2.6|7640|707|55|52|0.7|0.7|1195|278|15.6|3.2|1040|221|13.6|2.6|110|71|1.4|0.9|600|165|7.9|2.1|335|132|4.4|1.7|75|58|1.0|0.8|195|93|2.6|1.2|1285|269|16.8|3.2|1195|240|15.6|2.6|780|248|10.2|3.1|600|178|7.9|2.3|190|80|2.5|1.0|7640|707|6100|551|79.8|3.2|815|210|10.7|2.3|715|190|9.4|2.3|10|21|0.1|0.3|46611|2039|59961|3366|45989|2088|10190|925|9160|774|89.9|2.8|5620|675|55.2|4.5|3975|506|39.0|4.2|1030|334|10.1|2.8|10075|924|8120|798|7615|708|7035|648|92.4|2.2|4775|584|62.7|5.0|2610|399|34.3|4.3|580|186|7.6|2.2|505|218|310|123|61.4|21.9|180|110|35.6|18.9|130|75|25.7|16.2|195|165|38.6|21.9|1955|330|1700|281|87.0|5.6|560|154|28.6|7.3|1190|260|60.9|8.1|250|126|12.8|5.6|9.3|2.6|9.3|2.6|9.2|2.5|22.2|38.1
9700000US0602430|Alvord Unified School District, CA|0602430|2019-2023|205|18365|1138|14595|948|79.5|2.0|14580|954|79.4|2.0|14155|916|77.1|2.0|425|164|2.3|0.9|15|23|0.1|0.1|3770|448|20.5|2.0|14580|954|2.9|1.1|10060|609|6685|490|66.5|3.7|6680|489|66.4|3.7|6435|480|64.0|3.7|13835|917|10765|972|77.8|3.1|1550|318|11.2|2.4|45|43|0.3|0.3|45|50|0.3|0.4|150|143|1.1|1.0|1275|257|9.2|1.9|39.4|2.1|14155|916|4125|504|29.1|3.5|2425|386|17.1|2.3|2545|384|18.0|2.3|2325|347|16.4|2.4|2730|402|19.3|2.4|14155|916|65|50|0.5|0.4|2160|322|15.3|2.4|1570|315|11.1|2.1|490|195|3.5|1.3|1360|319|9.6|2.1|1300|277|9.2|2.0|225|93|1.6|0.6|430|139|3.0|1.0|1425|381|10.1|2.5|2960|399|20.9|2.4|750|219|5.3|1.5|655|225|4.6|1.5|755|208|5.3|1.4|14155|916|11080|823|78.3|2.5|2080|366|14.7|2.3|955|224|6.7|1.6|35|38|0.2|0.3|47472|3558|61014|2915|46175|3715|18350|1145|15890|1135|86.6|2.3|12375|1050|67.4|3.0|4125|637|22.5|3.3|2460|429|13.4|2.3|18245|1166|14535|957|14110|921|12485|912|88.5|2.4|10475|910|74.2|3.1|2550|462|18.1|3.3|1625|346|11.5|2.4|425|164|320|146|75.3|19.0|185|95|43.5|19.8|135|110|31.8|20.4|105|89|24.7|18.5|3710|456|2980|447|80.3|5.1|1670|296|45.0|5.6|1360|325|36.7|6.9|730|193|19.7|5.1|11.5|2.6|11.5|2.6|11.5|2.7|23.8|31.8
9700000US0602450|Amador County Unified School District, CA|0602450|2019-2023|205|3975|620|3535|608|88.9|3.9|3535|608|88.9|3.9|3295|564|82.9|5.3|240|142|6.0|3.3|0|29|0.0|1.1|440|154|11.1|3.9|3535|608|6.8|3.7|1895|323|1580|315|83.4|6.7|1580|315|83.4|6.7|1430|307|75.5|8.8|3210|572|2235|471|69.6|8.4|565|245|17.6|7.1|0|29|0.0|1.3|70|92|2.2|2.8|0|29|0.0|1.3|340|185|10.6|5.3|25.2|3.7|3295|564|1350|313|41.0|6.6|920|316|27.9|8.4|355|147|10.8|4.0|400|209|12.1|5.9|275|141|8.3|4.1|3295|564|70|43|2.1|1.3|515|241|15.6|7.1|120|88|3.6|2.7|0|29|0.0|1.3|375|151|11.4|4.5|155|158|4.7|4.5|0|29|0.0|1.3|200|160|6.1|4.5|315|164|9.6|4.6|515|204|15.6|5.9|355|188|10.8|5.4|175|133|5.3|3.9|500|262|15.2|7.1|3295|564|1940|393|58.9|9.5|760|359|23.1|8.9|585|285|17.8|8.1|4|14|0.1|0.4|56490|6182|77984|16881|56127|2088|3975|620|3690|596|92.8|4.0|3095|554|77.9|7.2|845|306|21.3|7.0|285|167|7.2|4.0|3975|620|3535|608|3295|564|3045|538|92.4|4.3|2725|509|82.7|7.0|555|267|16.8|7.5|250|154|7.6|4.3|240|142|220|141|91.7|12.9|100|88|41.7|29.5|120|103|50.0|30.3|15|27|6.3|12.8|440|154|425|148|96.6|5.5|270|109|61.4|16.9|170|91|38.6|14.6|20|26|4.5|5.6|5.9|3.7|5.9|3.7|5.9|3.7|-|**
9500000US0602610|Anaheim Elementary School District, CA|0602610|2019-2023|205|15670|1324|12650|1241|80.7|2.7|12620|1246|80.5|2.7|12095|1198|77.2|2.7|525|206|3.4|1.3|25|43|0.2|0.3|3020|434|19.3|2.7|12620|1246|4.2|1.5|8795|778|6085|710|69.2|4.1|6055|715|68.8|4.2|5710|694|64.9|4.1|11945|1163|8925|958|74.7|3.9|1850|492|15.5|3.6|155|91|1.3|0.8|215|128|1.8|1.1|185|106|1.5|0.9|615|202|5.1|1.6|27.7|1.7|12095|1198|2955|489|24.4|3.4|2810|530|23.2|3.7|2515|388|20.8|2.7|1515|365|12.5|2.7|2300|549|19.0|3.9|12095|1198|95|72|0.8|0.6|1395|434|11.5|3.4|1855|481|15.3|3.6|295|124|2.4|1.1|845|260|7.0|2.1|405|154|3.3|1.3|60|65|0.5|0.5|740|218|6.1|1.7|1440|355|11.9|2.6|2300|452|19.0|3.2|1745|435|14.4|3.3|465|197|3.8|1.5|455|172|3.8|1.3|12095|1198|9765|1047|80.7|3.4|1680|398|13.9|2.8|520|213|4.3|1.8|130|178|1.1|1.5|42796|3302|56408|4698|42366|3994|15640|1326|12360|1288|79.0|4.1|8255|1017|52.8|4.6|4520|872|28.9|4.9|3280|684|21.0|4.1|15610|1319|12595|1240|12085|1196|10000|1153|82.7|3.9|7465|972|61.8|4.7|2865|567|23.7|4.1|2085|494|17.3|3.9|510|203|295|146|57.8|19.3|40|36|7.8|7.6|260|148|51.0|19.8|215|136|42.2|19.1|3015|433|2035|441|67.5|8.5|735|226|24.4|7.1|1360|402|45.1|9.3|980|257|32.5|8.5|12.6|2.5|12.6|2.5|12.7|2.5|0.0|61.9
9600000US0602630|Anaheim Union High School District, CA|0602630|2019-2023|205|33950|1661|27245|1460|80.3|1.7|27240|1459|80.2|1.7|26325|1423|77.5|1.7|915|278|2.7|0.8|10|15|0.0|0.1|6705|660|19.7|1.7|27240|1459|3.4|1.0|18025|974|12440|794|69.0|2.6|12440|794|69.0|2.6|11950|794|66.3|2.5|25730|1425|18980|1351|73.8|2.4|3490|508|13.6|1.9|320|136|1.2|0.5|280|116|1.1|0.5|305|129|1.2|0.5|2355|356|9.2|1.4|28.5|1.2|26325|1423|8205|805|31.2|2.4|5190|572|19.7|1.9|4795|605|18.2|2.1|3275|493|12.4|1.7|4860|612|18.5|2.2|26325|1423|195|110|0.7|0.4|2875|553|10.9|1.9|3940|491|15.0|1.7|885|316|3.4|1.2|2050|439|7.8|1.6|1470|328|5.6|1.2|295|123|1.1|0.5|1235|260|4.7|1.0|3230|452|12.3|1.8|5445|597|20.7|2.0|2525|447|9.6|1.7|1345|375|5.1|1.4|835|261|3.2|0.9|26325|1423|21195|1221|80.5|1.9|3285|439|12.5|1.5|1635|328|6.2|1.2|215|191|0.8|0.7|46194|2090|59222|2712|47830|4193|33945|1660|28075|1598|82.7|2.2|20675|1444|60.9|2.9|8275|882|24.4|2.3|5870|800|17.3|2.2|33720|1665|27140|1463|26245|1428|22065|1384|84.1|2.3|17820|1309|67.9|2.8|4930|597|18.8|2.1|4180|647|15.9|2.3|895|274|680|252|76.0|11.5|160|94|17.9|10.2|520|223|58.1|12.6|215|109|24.0|11.5|6580|645|5105|591|77.6|4.2|2595|411|39.4|5.4|2650|468|40.3|5.3|1475|299|22.4|4.2|12.7|2.0|12.7|2.0|12.8|2.1|0.0|17.1
9600000US0602700|Anderson Union High School District, CA|0602700|2019-2023|205|2435|513|2020|424|83.0|7.1|2020|424|83.0|7.1|1995|423|81.9|7.3|25|37|1.0|1.5|0|29|0.0|1.7|415|208|17.0|7.1|2020|424|1.2|1.8|1210|275|920|227|76.0|12.5|920|227|76.0|12.5|920|227|76.0|12.5|1950|398|1380|344|70.8|8.2|325|159|16.7|7.5|0|29|0.0|2.2|75|74|3.8|3.7|10|15|0.5|0.8|160|90|8.2|4.7|18.1|3.6|1995|423|835|258|41.9|9.3|430|142|21.6|6.1|205|113|10.3|5.8|420|206|21.1|8.5|110|77|5.5|3.6|1995|423|0|29|0.0|2.1|180|76|9.0|3.7|120|91|6.0|4.2|30|40|1.5|2.0|205|135|10.3|6.5|110|81|5.5|3.8|85|87|4.3|4.0|105|75|5.3|3.8|250|115|12.5|4.8|470|178|23.6|7.7|115|105|5.8|5.0|190|106|9.5|5.1|130|92|6.5|4.6|1995|423|1280|316|64.2|9.8|420|174|21.1|7.6|300|149|15.0|6.4|0|29|0.0|2.1|51530|11264|66359|27285|75365|50221|2435|513|2280|512|93.6|4.9|1780|461|73.1|8.9|625|241|25.7|8.9|155|118|6.4|4.8|2380|512|2020|424|1995|423|1875|423|94.0|5.0|1570|384|78.7|8.2|425|172|21.3|8.0|120|100|6.0|5.0|25|37|25|37|100.0|67.8|25|37|100.0|67.8|0|29|0.0|67.8|0|29|0.0|67.8|360|198|325|187|90.3|13.3|190|148|52.8|24.3|145|103|40.3|22.9|35|47|9.7|13.1|2.7|2.6|2.7|2.6|2.7|2.6|0.0|45.7
9600000US0602820|Antelope Valley Union Joint High School District, CA|0602820|2019-2023|205|28210|1688|20900|1407|74.1|1.9|20900|1407|74.1|1.9|19925|1390|70.6|2.1|970|250|3.4|0.9|0|32|0.0|0.2|7310|649|25.9|1.9|20900|1407|4.6|1.2|15890|895|10070|780|63.4|2.8|10070|780|63.4|2.8|9475|794|59.6|3.1|19440|1359|14835|1193|76.3|2.6|2270|375|11.7|1.8|140|69|0.7|0.4|170|116|0.9|0.6|335|159|1.7|0.8|1690|377|8.7|1.8|38.2|2.0|19925|1390|6245|616|31.3|2.7|3865|563|19.4|2.4|3235|545|16.2|2.2|3540|481|17.8|2.1|3040|501|15.3|2.3|19925|1390|210|109|1.1|0.5|2650|470|13.3|2.2|1970|394|9.9|1.9|240|101|1.2|0.5|1520|360|7.6|1.8|1465|344|7.4|1.7|265|118|1.3|0.6|1035|304|5.2|1.4|1925|397|9.7|1.9|5875|712|29.5|2.8|860|231|4.3|1.1|895|282|4.5|1.3|1015|279|5.1|1.4|19925|1390|13850|1225|69.5|3.3|4605|716|23.1|3.3|1330|296|6.7|1.5|140|103|0.7|0.5|51373|1528|64228|4001|52042|2815|28210|1688|26445|1668|93.7|1.3|18575|1431|65.8|2.9|9155|975|32.5|2.8|1765|378|6.3|1.3|27890|1664|20745|1407|19775|1388|18770|1346|94.9|1.2|14560|1206|73.6|2.7|4850|611|24.5|2.8|1005|235|5.1|1.2|970|250|925|237|95.4|4.1|470|172|48.5|15.0|610|209|62.9|12.7|45|43|4.6|4.0|7145|631|6430|630|90.0|3.0|3380|427|47.3|5.5|3460|545|48.4|4.9|715|217|10.0|3.0|13.2|2.2|13.2|2.2|13.3|2.2|0.0|12.4
9700000US0602850|Antioch Unified School District, CA|0602850|2019-2023|205|16755|1218|14205|1052|84.8|2.1|14200|1051|84.8|2.1|13480|1041|80.5|2.5|720|294|4.3|1.8|4|13|0.0|0.1|2550|418|15.2|2.1|14200|1051|5.1|2.1|9460|694|7440|621|78.6|3.5|7440|621|78.6|3.5|6935|624|73.3|4.2|13095|975|8550|876|65.3|5.2|1995|484|15.2|3.4|870|407|6.6|3.0|125|84|1.0|0.7|35|44|0.3|0.3|1515|446|11.6|3.3|46.6|3.5|13480|1041|5125|960|38.0|5.7|3060|487|22.7|3.7|2050|433|15.2|3.5|1695|486|12.6|3.3|1550|361|11.5|2.5|13480|1041|65|57|0.5|0.4|1615|397|12.0|2.7|740|347|5.5|2.4|110|71|0.8|0.5|955|265|7.1|2.1|1170|271|8.7|2.0|135|96|1.0|0.7|740|253|5.5|1.9|1645|511|12.2|3.4|3880|648|28.8|4.6|915|333|6.8|2.5|880|382|6.5|2.7|635|258|4.7|1.9|13480|1041|10035|930|74.4|3.5|2250|386|16.7|2.7|1145|355|8.5|2.5|55|53|0.4|0.4|59772|4138|76451|8392|67449|7446|16750|1218|15270|1173|91.2|3.0|11685|1135|69.8|4.4|4430|728|26.4|4.1|1480|529|8.8|3.0|16690|1211|14185|1052|13470|1043|12430|1010|92.3|3.3|10130|1005|75.2|4.6|2885|494|21.4|3.5|1035|462|7.7|3.3|720|294|570|188|79.2|14.2|285|151|39.6|14.8|280|132|38.9|19.1|150|142|20.8|14.2|2505|405|2205|421|88.0|6.9|1205|283|48.1|8.9|1220|340|48.7|9.8|295|171|11.8|6.9|10.1|2.2|10.1|2.2|10.2|2.2|0.0|43.8
9700000US0600017|Apple Valley Unified School District, CA|0600017|2019-2023|205|12195|931|9130|753|74.9|3.3|9130|753|74.9|3.3|8520|731|69.9|3.4|610|223|5.0|1.8|0|32|0.0|0.3|3065|496|25.1|3.3|9130|753|6.7|2.4|6670|562|4210|461|63.1|5.5|4210|461|63.1|5.5|3775|487|56.6|5.9|8415|723|6455|610|76.7|4.8|1075|358|12.8|3.8|40|66|0.5|0.8|50|43|0.6|0.5|70|65|0.8|0.8|730|242|8.7|2.8|46.2|5.1|8520|731|2765|464|32.5|4.2|1480|416|17.4|4.7|1755|376|20.6|3.8|1050|305|12.3|3.6|1470|362|17.3|4.1|8520|731|55|62|0.6|0.7|620|247|7.3|2.9|580|206|6.8|2.4|175|150|2.1|1.7|685|257|8.0|2.9|1170|331|13.7|3.8|45|45|0.5|0.5|250|137|2.9|1.6|920|273|10.8|3.3|2115|382|24.8|3.5|490|204|5.8|2.3|655|253|7.7|2.9|755|265|8.9|2.9|8520|731|5590|581|65.6|3.9|2150|382|25.2|3.6|715|271|8.4|3.2|65|76|0.8|0.9|52763|7176|70010|4913|61387|5472|12195|931|11135|980|91.3|3.5|6970|956|57.2|6.1|4590|697|37.6|5.0|1065|427|8.7|3.5|12155|932|9120|754|8510|733|7725|758|90.8|3.7|5535|732|65.0|6.0|2525|489|29.7|5.2|785|319|9.2|3.7|610|223|510|209|83.6|18.6|195|138|32.0|19.0|410|187|67.2|17.5|100|122|16.4|18.6|3035|493|2850|488|93.9|3.5|1245|358|41.0|10.7|1610|442|53.0|10.5|180|107|5.9|3.5|17.4|4.6|17.4|4.6|17.4|4.6|0.0|50.6
9700000US0602970|Arcadia Unified School District, CA|0602970|2019-2023|205|8235|635|6800|599|82.6|3.0|6800|599|82.6|3.0|6665|608|80.9|3.2|130|67|1.6|0.8|0|32|0.0|0.5|1435|258|17.4|3.0|6800|599|1.9|1.0|4325|317|3135|309|72.5|5.0|3135|309|72.5|5.0|3040|320|70.3|5.4|6530|605|3930|472|60.2|5.3|730|206|11.2|3.0|125|67|1.9|1.0|65|49|1.0|0.7|70|59|1.1|0.9|1610|358|24.7|4.7|32.6|2.1|6665|608|4540|596|68.1|5.2|485|143|7.3|2.2|1005|292|15.1|4.3|210|92|3.2|1.4|425|168|6.4|2.5|6665|608|15|25|0.2|0.4|245|112|3.7|1.7|490|205|7.4|2.8|390|142|5.9|2.1|295|118|4.4|1.7|325|169|4.9|2.5|165|81|2.5|1.2|850|243|12.8|3.4|1155|265|17.3|3.5|1965|393|29.5|5.2|255|159|3.8|2.4|225|148|3.4|2.2|295|123|4.4|1.9|6665|608|5175|569|77.6|4.4|950|299|14.3|4.2|520|183|7.8|2.8|20|29|0.3|0.4|81237|12377|111536|12344|98472|21503|8235|635|8080|643|98.1|1.1|6995|674|84.9|4.3|1290|364|15.7|4.3|150|87|1.8|1.1|8115|649|6760|602|6630|610|6540|609|98.6|1.1|5905|645|89.1|3.9|785|247|11.8|3.8|90|72|1.4|1.1|130|67|125|65|96.2|16.3|110|59|84.6|19.5|25|22|19.2|16.3|10|21|7.7|15.9|1350|251|1300|250|96.3|3.3|930|200|68.9|11.9|400|190|29.6|12.0|55|43|4.1|3.2|6.5|3.9|6.5|3.9|6.6|4.0|0.0|29.0
9500000US0603000|Arcata Elementary School District, CA|0603000|2019-2023|205|805|236|615|187|76.4|12.6|615|187|76.4|12.6|610|184|75.8|12.7|4|18|0.5|2.2|0|21|0.0|5.1|190|126|23.6|12.6|615|187|0.7|2.9|525|176|370|139|70.5|18.7|370|139|70.5|18.7|365|135|69.5|18.2|610|184|350|149|57.4|15.7|130|91|21.3|13.5|0|21|0.0|6.7|40|35|6.6|5.7|15|17|2.5|2.8|75|64|12.3|9.7|35.2|22.8|610|184|305|129|50.0|15.1|75|65|12.3|9.2|170|115|27.9|17.0|20|31|3.3|4.7|35|33|5.7|5.7|610|184|0|21|0.0|6.7|30|38|4.9|5.7|25|37|4.1|5.8|0|21|0.0|6.7|15|23|2.5|3.8|115|77|18.9|11.9|10|21|1.6|3.6|25|33|4.1|5.3|100|79|16.4|11.5|165|86|27.0|11.0|4|9|0.7|1.5|60|55|9.8|9.1|55|65|9.0|10.2|610|184|355|151|58.2|13.8|170|88|27.9|12.7|80|53|13.1|8.6|0|21|0.0|6.7|54338|9883|68942|10794|57870|22275|805|236|720|212|89.4|12.7|515|203|64.0|16.7|265|117|32.9|13.7|90|109|11.2|12.6|805|236|615|187|610|184|605|183|99.2|1.8|440|169|72.1|15.0|200|99|32.8|14.4|4|9|0.7|1.5|4|18|4|18|100.0|100.0|0|21|0.0|100.0|4|18|100.0|100.0|0|21|0.0|100.0|190|126|110|62|57.9|38.9|75|58|39.5|34.7|60|42|31.6|28.5|85|110|44.7|40.8|21.1|14.2|21.1|14.2|21.1|14.2|-|**
9500000US0603060|Arcohe Union Elementary School District, CA|0603060|2019-2023|205|530|231|420|211|79.2|18.5|420|211|79.2|18.5|420|211|79.2|18.5|0|14|0.0|7.7|0|14|0.0|7.7|110|103|20.8|18.5|420|211|0.0|9.6|285|119|225|106|78.9|17.9|225|106|78.9|17.9|225|106|78.9|17.9|415|212|295|182|71.1|18.6|4|17|1.0|4.6|0|14|0.0|9.7|0|14|0.0|9.7|0|14|0.0|9.7|110|85|26.5|18.9|34.9|9.2|420|211|235|139|56.0|14.8|45|45|10.7|10.6|95|85|22.6|15.0|35|30|8.3|7.1|10|14|2.4|3.9|420|211|15|23|3.6|5.4|125|147|29.8|29.2|45|44|10.7|10.8|20|39|4.8|9.0|0|14|0.0|9.6|10|15|2.4|3.6|0|14|0.0|9.6|4|9|1.0|2.4|25|35|6.0|8.2|120|106|28.6|23.5|30|39|7.1|9.3|0|14|0.0|9.6|30|32|7.1|8.1|420|211|325|190|77.4|13.9|75|61|17.9|13.9|10|16|2.4|4.0|4|13|1.0|3.4|75495|5712|-|**|71480|31450|530|231|490|223|92.5|9.2|360|177|67.9|19.7|220|193|41.5|27.1|45|50|8.5|9.1|495|223|420|211|420|211|390|208|92.9|7.2|335|171|79.8|15.1|145|166|34.5|31.0|30|30|7.1|7.4|0|14|0|14|-|**|0|14|-|**|0|14|-|**|0|14|-|**|75|60|60|55|80.0|33.1|25|28|33.3|40.6|35|51|46.7|47.3|15|22|20.0|31.5|0.0|7.7|0.0|7.7|0.0|8.2|0.0|57.3
9500000US0603090|Arena Union Elementary School District, CA|0603090|2019-2023|205|520|253|485|246|93.3|8.0|485|246|93.3|8.0|475|244|91.3|8.5|10|14|1.9|3.0|0|14|0.0|7.8|35|41|6.7|7.9|485|246|2.1|3.3|305|135|295|132|96.7|3.3|295|132|96.7|3.3|290|132|95.1|6.5|440|237|305|223|69.3|22.7|25|34|5.7|7.7|0|14|0.0|9.2|70|64|15.9|18.2|10|13|2.3|3.3|30|40|6.8|7.8|11.5|3.1|475|244|195|110|41.1|14.0|80|58|16.8|11.6|45|46|9.5|10.4|100|109|21.1|16.2|55|48|11.6|9.1|475|244|0|14|0.0|8.6|130|126|27.4|17.9|0|14|0.0|8.6|20|31|4.2|6.6|25|31|5.3|6.7|30|37|6.3|8.2|0|14|0.0|8.6|4|4|0.8|1.0|4|3|0.8|0.7|170|103|35.8|13.5|90|64|18.9|13.1|0|14|0.0|8.6|10|13|2.1|3.0|475|244|310|174|65.3|12.6|160|98|33.7|12.6|4|3|0.8|0.7|0|14|0.0|8.6|70430|17483|70915|25014|61765|29965|520|253|380|215|73.1|18.3|315|208|60.6|21.0|60|40|11.5|8.9|145|106|27.9|18.2|520|253|485|246|475|244|360|213|75.8|17.4|315|206|66.3|20.4|50|38|10.5|8.4|110|88|23.2|17.4|10|14|10|14|100.0|100.0|4|4|40.0|60.0|4|15|40.0|60.0|0|14|0.0|100.0|35|41|4|10|11.4|32.6|0|14|0.0|57.3|4|10|11.4|32.6|30|40|85.7|39.7|4.8|4.2|4.8|4.2|4.8|4.2|-|**
9500000US0603180|Armona Union Elementary School District, CA|0603180|2019-2023|205|955|344|840|326|88.0|7.5|840|326|88.0|7.5|715|297|74.9|10.9|125|84|13.1|8.2|0|19|0.0|4.3|115|71|12.0|7.4|840|326|14.9|9.4|565|222|475|222|84.1|12.9|475|222|84.1|12.9|430|205|76.1|14.1|700|295|570|274|81.4|11.5|100|73|14.3|10.0|0|19|0.0|5.9|0|19|0.0|5.9|30|32|4.3|4.7|0|19|0.0|5.9|30.2|6.9|715|297|110|73|15.4|10.6|135|157|18.9|20.6|100|93|14.0|12.7|160|199|22.4|23.6|210|129|29.4|17.9|715|297|175|199|24.5|23.1|0|19|0.0|5.8|25|43|3.5|6.4|0|19|0.0|5.8|50|46|7.0|6.5|110|134|15.4|17.8|0|19|0.0|5.8|0|19|0.0|5.8|20|28|2.8|3.8|145|145|20.3|18.8|90|62|12.6|9.3|30|45|4.2|6.6|70|67|9.8|9.6|715|297|540|269|75.5|16.0|130|104|18.2|14.9|45|56|6.3|7.4|0|19|0.0|5.8|37476|7967|46759|19790|36537|12457|955|344|860|328|90.1|13.4|510|213|53.4|19.6|400|253|41.9|19.2|95|132|9.9|13.4|955|344|840|326|715|297|620|278|86.7|17.7|345|144|48.3|21.5|290|234|40.6|23.2|95|132|13.3|17.8|125|84|125|84|100.0|28.1|85|58|68.0|32.8|40|53|32.0|32.8|0|19|0.0|28.1|115|71|115|71|100.0|30.0|85|67|73.9|28.9|70|56|60.9|31.8|0|19|0.0|30.0|9.9|7.5|9.9|7.5|9.9|7.5|-|**
9700000US0691136|Aromas-San Juan Unified School District, CA|0691136|2019-2023|205|820|310|535|203|65.2|12.6|535|203|65.2|12.6|520|203|63.4|12.9|15|22|1.8|2.8|0|19|0.0|5.0|285|161|34.8|12.4|535|203|2.8|4.3|450|180|275|131|61.1|22.2|275|131|61.1|22.2|260|130|57.8|22.1|485|196|425|188|87.6|10.0|20|35|4.1|7.7|0|19|0.0|8.4|0|19|0.0|8.4|0|19|0.0|8.4|35|39|7.2|7.7|35.0|6.5|520|203|330|153|63.5|14.8|65|68|12.5|12.1|15|32|2.9|6.2|30|34|5.8|6.8|80|64|15.4|10.8|520|203|0|19|0.0|7.8|10|18|1.9|3.6|60|46|11.5|8.2|35|48|6.7|8.8|55|58|10.6|10.4|20|33|3.8|6.3|45|59|8.7|11.0|4|19|0.8|0.3|50|63|9.6|11.3|90|51|17.3|9.0|60|83|11.5|14.8|15|20|2.9|3.9|80|63|15.4|10.6|520|203|325|149|62.5|15.7|140|76|26.9|12.5|55|65|10.6|11.0|0|19|0.0|7.8|62174|17696|120170|86867|68158|30434|820|310|745|287|90.9|10.6|605|242|73.8|15.7|305|189|37.2|16.8|75|95|9.1|10.7|805|305|535|203|520|203|510|202|98.1|5.2|450|183|86.5|12.0|160|129|30.8|19.9|15|25|2.9|4.9|15|22|15|22|100.0|87.6|0|19|0.0|87.6|15|22|100.0|87.6|0|19|0.0|87.6|270|158|210|125|77.8|27.6|140|102|51.9|27.4|120|98|44.4|28.8|60|91|22.2|28.7|7.9|7.6|7.9|7.6|8.1|7.7|0.0|87.6
9500000US0603270|Arvin Union School District, CA|0603270|2019-2023|205|3215|340|2415|320|75.1|6.0|2415|320|75.1|6.0|2125|307|66.1|6.3|285|92|8.9|2.8|0|21|0.0|1.3|800|208|24.9|6.0|2415|320|11.8|3.7|1790|172|1115|166|62.3|8.5|1115|166|62.3|8.5|910|172|50.8|9.1|2110|310|1415|264|67.1|10.0|690|251|32.7|10.0|0|21|0.0|2.0|0|21|0.0|2.0|0|21|0.0|2.0|0|21|0.0|2.0|23.7|2.2|2125|307|295|123|13.9|5.6|145|86|6.8|4.0|150|82|7.1|4.2|1300|313|61.2|9.0|235|103|11.1|4.9|2125|307|1350|339|63.5|9.5|80|58|3.8|2.8|70|59|3.3|2.8|20|32|0.9|1.5|90|54|4.2|2.6|120|83|5.6|4.1|0|21|0.0|2.0|0|21|0.0|2.0|25|33|1.2|1.5|265|108|12.5|5.0|50|49|2.4|2.4|50|43|2.4|2.1|10|13|0.5|0.6|2125|307|1990|312|93.6|4.1|50|34|2.4|1.6|90|75|4.2|3.6|0|21|0.0|2.0|28319|2457|32711|5457|34000|5210|3215|340|2735|325|85.1|5.8|1000|229|31.1|6.6|1860|304|57.9|7.6|475|196|14.8|5.8|3215|340|2415|320|2125|307|1790|284|84.2|7.0|785|198|36.9|9.2|1090|279|51.3|10.3|335|162|15.8|7.1|285|92|255|91|89.5|9.7|70|54|24.6|17.2|185|79|64.9|16.5|30|27|10.5|9.9|800|208|690|203|86.3|8.3|145|75|18.1|9.2|590|197|73.8|10.5|110|65|13.8|8.3|33.3|7.7|33.3|7.7|33.3|7.7|-|**
9700000US0603300|Atascadero Unified School District, CA|0603300|2019-2023|205|4380|572|3640|532|83.1|4.9|3615|531|82.5|5.0|3525|534|80.5|5.2|90|86|2.1|2.0|20|38|0.5|0.9|745|228|17.0|4.9|3615|531|2.5|2.4|2205|289|1620|283|73.5|7.6|1620|283|73.5|7.6|1595|283|72.3|7.6|3510|534|2345|406|66.8|7.9|525|227|15.0|6.2|45|68|1.3|2.0|70|73|2.0|2.1|0|29|0.0|1.2|525|275|15.0|7.0|22.6|3.6|3525|534|2205|497|62.6|8.0|570|210|16.2|5.9|495|167|14.0|4.9|80|76|2.3|2.1|175|104|5.0|2.8|3525|534|75|83|2.1|2.3|225|167|6.4|4.7|230|103|6.5|2.8|15|23|0.4|0.7|390|159|11.1|4.6|115|73|3.3|2.2|125|146|3.5|4.1|270|172|7.7|4.4|490|198|13.9|5.3|1180|320|33.5|6.6|165|99|4.7|2.8|185|130|5.2|3.6|55|53|1.6|1.5|3525|534|2560|501|72.6|7.4|680|234|19.3|6.0|260|138|7.4|4.2|30|36|0.9|1.0|71571|10735|99432|26022|69311|11943|4360|571|4175|586|95.8|2.5|3715|571|85.2|5.5|545|209|12.5|4.7|180|108|4.1|2.6|4330|575|3600|531|3510|535|3375|553|96.2|2.6|3130|536|89.2|4.9|280|156|8.0|4.3|135|85|3.8|2.6|90|86|80|83|88.9|23.4|50|68|55.6|43.9|25|49|27.8|43.5|10|20|11.1|23.8|730|226|690|219|94.5|5.4|515|193|70.5|12.3|210|102|28.8|12.1|35|41|4.8|5.6|11.5|5.9|11.5|5.9|11.6|5.9|0.0|61.9
9500000US0603420|Atwater Elementary School District, CA|0603420|2019-2023|205|4900|567|4065|498|83.0|5.0|4065|498|83.0|5.0|3635|458|74.2|5.2|430|162|8.8|3.1|0|29|0.0|0.9|835|275|17.0|5.0|4065|498|10.6|3.6|2755|376|1955|383|71.0|9.3|1955|383|71.0|9.3|1640|350|59.5|9.5|3535|462|2995|395|84.7|4.1|290|131|8.2|3.3|10|18|0.3|0.5|0|29|0.0|1.2|130|66|3.7|1.8|105|73|3.0|2.0|26.1|3.3|3635|458|750|176|20.6|4.7|775|286|21.3|6.4|560|188|15.4|5.1|955|269|26.3|6.5|595|177|16.4|5.0|3635|458|605|226|16.6|6.1|275|117|7.6|3.1|195|93|5.4|2.5|185|115|5.1|3.2|310|125|8.5|3.4|330|186|9.1|4.7|0|29|0.0|1.2|70|65|1.9|1.8|245|144|6.7|4.0|860|258|23.7|6.0|185|111|5.1|2.8|195|105|5.4|3.0|180|93|5.0|2.5|3635|458|2740|441|75.4|6.4|570|200|15.7|5.1|325|140|8.9|4.0|0|29|0.0|1.2|44133|5056|54333|12734|47949|6399|4900|567|4400|557|89.8|4.4|2615|545|53.4|7.8|1885|378|38.5|7.6|500|221|10.2|4.4|4900|567|4065|498|3635|458|3265|454|89.8|4.5|2195|449|60.4|7.8|1145|280|31.5|7.6|370|168|10.2|4.5|430|162|410|158|95.3|5.3|115|102|26.7|19.3|295|116|68.6|19.3|20|24|4.7|5.6|835|275|725|266|86.8|10.6|310|188|37.1|17.1|445|185|53.3|16.5|110|89|13.2|10.7|19.6|5.9|19.6|5.9|19.6|5.9|-|**
9500000US0603480|Auburn Union Elementary School District, CA|0603480|2019-2023|205|2930|494|2540|460|86.7|5.3|2510|455|85.7|5.5|2495|453|85.2|5.5|15|19|0.5|0.6|30|38|1.0|1.3|395|164|13.5|5.2|2510|455|0.6|0.8|1415|275|1105|263|78.1|9.2|1080|263|76.3|9.7|1065|262|75.3|9.9|2520|457|1925|435|76.4|8.5|150|90|6.0|3.5|10|17|0.4|0.7|90|86|3.6|3.4|0|29|0.0|1.7|340|135|13.5|5.4|24.7|5.0|2495|453|905|220|36.3|8.4|920|380|36.9|11.2|295|159|11.8|6.4|250|127|10.0|5.2|125|75|5.0|3.0|2495|453|0|29|0.0|1.7|395|162|15.8|6.8|160|105|6.4|4.2|0|29|0.0|1.7|105|89|4.2|3.6|70|48|2.8|1.9|50|46|2.0|1.9|95|87|3.8|3.5|200|113|8.0|4.4|755|293|30.3|9.7|425|261|17.0|9.3|110|78|4.4|3.1|130|91|5.2|3.8|2495|453|1875|403|75.2|7.1|405|149|16.2|6.0|210|109|8.4|4.0|0|29|0.0|1.7|50378|20399|85643|27028|50569|9499|2905|491|2600|444|89.5|5.5|1920|386|66.1|9.0|690|260|23.8|8.0|305|170|10.5|5.4|2905|491|2510|455|2495|453|2230|400|89.4|6.2|1700|371|68.1|9.5|540|202|21.6|7.5|265|169|10.6|6.2|15|19|15|19|100.0|87.6|15|19|100.0|87.6|0|29|0.0|87.6|0|29|0.0|87.6|395|164|350|151|88.6|10.6|205|87|51.9|17.2|150|109|38.0|19.3|40|46|10.1|10.7|15.2|8.4|15.2|8.4|15.2|8.4|-|**
9700000US0603600|Azusa Unified School District, CA|0603600|2019-2023|205|8465|716|6795|575|80.3|3.5|6785|576|80.2|3.5|6510|538|76.9|3.1|275|125|3.2|1.4|4|17|0.0|0.2|1670|354|19.7|3.4|6785|576|4.1|1.7|4605|484|3215|425|69.8|6.1|3215|425|69.8|6.1|3000|386|65.1|5.7|6375|540|4540|511|71.2|3.8|1045|224|16.4|3.4|100|80|1.6|1.3|120|74|1.9|1.2|70|51|1.1|0.8|500|140|7.8|2.2|32.2|2.0|6510|538|2030|349|31.2|5.0|1400|298|21.5|4.1|1040|269|16.0|3.6|1000|225|15.4|3.2|1040|221|16.0|3.3|6510|538|135|87|2.1|1.3|990|278|15.2|3.9|690|183|10.6|2.8|145|90|2.2|1.3|280|109|4.3|1.6|360|136|5.5|2.0|65|41|1.0|0.6|285|102|4.4|1.6|940|234|14.4|3.6|1620|329|24.9|4.2|310|118|4.8|1.7|330|149|5.1|2.3|355|118|5.5|1.8|6510|538|4775|494|73.3|4.3|1130|217|17.4|3.0|600|213|9.2|3.2|4|10|0.1|0.2|44138|3287|61514|7831|51108|4952|8460|714|7575|742|89.5|3.1|5220|685|61.7|5.8|2605|538|30.8|5.8|880|261|10.4|3.1|8405|712|6780|574|6505|538|5875|561|90.3|3.2|4535|555|69.7|5.4|1580|343|24.3|5.1|635|202|9.8|3.1|270|124|230|108|85.2|16.3|70|50|25.9|18.8|165|99|61.1|21.9|40|50|14.8|16.3|1625|351|1420|347|87.4|6.4|615|227|37.8|11.3|810|282|49.8|12.4|210|99|12.9|6.2|11.1|2.9|11.1|2.9|11.1|2.9|7.3|23.9
9500000US0603630|Bakersfield City School District, CA|0603630|2019-2023|205|24805|1729|18560|1451|74.8|2.3|18525|1454|74.7|2.3|17125|1415|69.0|2.5|1400|324|5.6|1.3|35|41|0.1|0.2|6245|690|25.2|2.3|18525|1454|7.6|1.7|14090|1012|9125|808|64.8|3.2|9120|810|64.7|3.3|8220|797|58.3|3.6|16610|1379|13210|1319|79.5|2.8|1670|349|10.1|2.0|110|85|0.7|0.5|200|145|1.2|0.9|330|175|2.0|1.1|1090|280|6.6|1.7|23.4|1.3|17125|1415|3295|531|19.2|2.9|3725|572|21.8|2.8|2525|483|14.7|2.6|4685|825|27.4|3.7|2900|426|16.9|2.4|17125|1415|3250|703|19.0|3.4|1940|409|11.3|2.2|825|232|4.8|1.4|305|124|1.8|0.7|1745|386|10.2|2.2|1420|301|8.3|1.7|85|56|0.5|0.3|350|120|2.0|0.7|1320|306|7.7|1.7|3370|578|19.7|2.6|1070|296|6.2|1.7|650|180|3.8|1.0|790|232|4.6|1.3|17125|1415|13290|1167|77.6|2.9|2420|543|14.1|2.7|1370|362|8.0|2.1|45|48|0.3|0.3|34898|1551|52203|6010|36882|3775|24775|1730|21965|1531|88.7|1.8|9420|1075|38.0|3.3|13550|1217|54.7|3.7|2810|515|11.3|1.8|24700|1724|18510|1449|17110|1410|15120|1234|88.4|2.1|7940|936|46.4|3.7|7995|895|46.7|4.3|1990|423|11.6|2.1|1400|324|1185|293|84.6|8.7|195|111|13.9|7.3|1010|261|72.1|10.2|215|134|15.4|8.7|6190|682|5585|694|90.2|3.5|1285|286|20.8|4.0|4470|605|72.2|4.5|605|213|9.8|3.5|30.2|3.4|30.2|3.4|30.2|3.4|42.9|57.1
9700000US0603690|Baldwin Park Unified School District, CA|0603690|2019-2023|205|9300|563|7240|471|77.8|2.7|7240|471|77.8|2.7|6845|467|73.6|3.0|395|146|4.2|1.6|0|32|0.0|0.5|2060|297|22.2|2.7|7240|471|5.5|2.0|5100|346|3420|308|67.1|4.4|3420|308|67.1|4.4|3275|312|64.2|4.5|6560|505|4850|426|73.9|3.5|1140|243|17.4|3.4|205|101|3.1|1.5|40|39|0.6|0.6|100|75|1.5|1.2|225|85|3.4|1.3|28.5|1.6|6845|467|1200|242|17.5|3.4|1495|243|21.8|3.3|1525|238|22.3|3.3|985|229|14.4|3.0|1640|265|24.0|3.5|6845|467|85|57|1.2|0.8|750|215|11.0|3.0|980|263|14.3|3.7|320|112|4.7|1.6|820|197|12.0|2.8|395|132|5.8|1.8|0|32|0.0|0.6|265|105|3.9|1.5|815|225|11.9|3.1|1150|225|16.8|3.1|615|209|9.0|3.0|440|120|6.4|1.7|210|82|3.1|1.2|6845|467|5570|480|81.4|3.2|665|182|9.7|2.6|615|177|9.0|2.7|0|32|0.0|0.6|36551|3672|49217|6121|42078|6530|9300|563|8230|572|88.5|2.6|5165|524|55.5|4.1|3330|374|35.8|3.7|1070|241|11.5|2.6|9265|562|7230|471|6830|467|6120|479|89.6|3.1|4320|443|63.3|4.3|1980|269|29.0|3.6|710|212|10.4|3.1|395|146|340|124|86.1|11.6|70|40|17.7|11.2|265|120|67.1|12.7|60|56|15.2|11.8|2040|295|1735|306|85.0|5.0|760|178|37.3|8.0|1060|268|52.0|8.7|305|96|15.0|5.1|16.2|3.9|16.2|3.9|16.2|3.9|11.4|43.0
9500000US0603720|Ballard Elementary School District, CA|0603720|2019-2023|205|105|66|95|59|90.5|17.6|95|59|90.5|17.6|95|59|90.5|17.6|0|14|0.0|32.0|0|14|0.0|32.0|15|13|14.3|11.2|95|59|0.0|34.2|60|36|45|31|75.0|20.0|45|31|75.0|20.0|45|31|75.0|20.0|95|59|55|40|57.9|20.6|15|17|15.8|15.1|0|14|0.0|34.2|0|14|0.0|34.2|0|14|0.0|34.2|20|20|21.1|16.3|16.4|6.9|95|59|85|61|89.5|18.5|0|14|0.0|34.2|4|14|4.2|2.8|0|14|0.0|34.2|4|1|4.2|3.1|95|59|0|14|0.0|34.2|4|1|4.2|3.2|20|29|21.1|25.0|0|14|0.0|34.2|10|17|10.5|16.4|4|1|4.2|3.1|0|14|0.0|34.2|15|19|15.8|20.1|10|17|10.5|18.1|15|20|15.8|17.4|10|19|10.5|16.7|4|9|4.2|9.9|0|14|0.0|34.2|95|59|70|49|73.7|18.6|4|8|4.2|8.0|15|19|15.8|16.8|0|14|0.0|34.2|67917|10846|80521|17900|-|**|105|66|105|66|100.0|32.0|105|66|100.0|32.0|4|14|3.8|2.3|0|14|0.0|32.0|105|66|95|59|95|59|95|59|100.0|34.2|95|59|100.0|34.2|0|14|0.0|34.2|0|14|0.0|34.2|0|14|0|14|-|**|0|14|-|**|0|14|-|**|0|14|-|**|15|13|15|13|100.0|87.6|15|13|100.0|87.6|4|14|26.7|39.2|0|14|0.0|87.6|0.0|32.0|0.0|32.0|0.0|32.0|-|**
9500000US0603750|Ballico-Cressey Elementary School District, CA|0603750|2019-2023|205|190|86|130|57|68.4|12.0|130|57|68.4|12.0|120|55|63.2|10.5|4|14|2.1|6.6|0|14|0.0|19.9|65|37|34.2|11.5|130|57|3.1|9.9|90|43|30|21|33.3|20.5|30|21|33.3|20.5|30|21|33.3|20.5|120|55|65|39|54.2|22.2|4|7|3.3|5.2|0|14|0.0|29.0|20|20|16.7|14.9|4|2|3.3|2.1|30|26|25.0|18.9|16.3|5.7|120|55|55|40|45.8|21.9|4|14|3.3|1.5|10|15|8.3|11.7|35|30|29.2|21.1|20|19|16.7|14.1|120|55|30|27|25.0|18.5|15|20|12.5|15.5|15|19|12.5|15.4|10|20|8.3|13.9|4|9|3.3|6.6|0|14|0.0|29.0|0|14|0.0|29.0|0|14|0.0|29.0|0|14|0.0|29.0|25|18|20.8|14.0|0|14|0.0|29.0|10|19|8.3|14.3|10|12|8.3|9.0|120|55|85|45|70.8|16.4|25|23|20.8|15.1|10|13|8.3|10.5|0|14|0.0|29.0|59833|17624|66875|19158|59167|22545|190|86|170|78|89.5|12.7|135|64|71.1|13.6|35|32|18.4|13.3|20|27|10.5|12.0|190|86|130|57|120|55|115|52|95.8|11.0|110|51|91.7|11.8|4|10|3.3|7.2|4|14|3.3|10.1|4|14|4|14|100.0|100.0|4|14|100.0|100.0|0|14|0.0|100.0|0|14|0.0|100.0|65|37|50|34|76.9|26.6|20|20|30.8|26.6|30|28|46.2|29.8|15|19|23.1|28.2|5.3|8.8|5.3|8.8|5.3|8.8|-|**
9700000US0603840|Banning Unified School District, CA|0603840|2019-2023|205|4340|460|3330|405|76.7|4.7|3330|405|76.7|4.7|3190|417|73.5|5.2|140|93|3.2|2.2|0|29|0.0|1.0|1015|227|23.4|4.7|3330|405|4.2|2.8|2545|266|1690|245|66.4|6.9|1690|245|66.4|6.9|1610|254|63.3|7.2|3160|416|2460|360|77.8|6.9|475|235|15.0|6.7|10|13|0.3|0.4|10|14|0.3|0.4|25|42|0.8|1.3|180|110|5.7|3.5|31.6|4.7|3190|417|480|164|15.0|5.0|700|214|21.9|5.7|845|233|26.5|6.6|595|178|18.7|4.3|570|187|17.9|5.8|3190|417|0|29|0.0|1.3|435|152|13.6|4.1|350|150|11.0|4.8|120|109|3.8|3.3|345|118|10.8|3.5|305|159|9.6|4.8|30|39|0.9|1.2|110|93|3.4|2.8|305|149|9.6|4.6|565|208|17.7|6.3|195|92|6.1|3.0|310|161|9.7|4.6|120|65|3.8|2.1|3190|417|2550|381|79.9|4.9|380|132|11.9|4.2|265|133|8.3|3.9|0|29|0.0|1.3|41235|5023|57527|6557|43494|6311|4340|460|3775|453|87.0|4.5|2395|443|55.2|7.8|1565|330|36.1|7.0|565|201|13.0|4.5|4310|455|3300|404|3160|417|2800|413|88.6|5.1|2090|399|66.1|8.5|825|228|26.1|6.5|360|161|11.4|5.0|140|93|115|79|82.1|24.8|35|53|25.0|32.8|110|78|78.6|25.7|25|41|17.9|25.1|1015|227|835|204|82.3|8.7|270|111|26.6|10.6|600|192|59.1|12.5|180|97|17.7|8.8|22.2|5.2|22.2|5.2|22.4|5.2|0.0|67.8
9500000US0603870|Banta Elementary School District, CA|0603870|2019-2023|205|1785|430|1440|330|80.7|8.9|1440|330|80.7|8.9|1345|342|75.4|9.7|95|99|5.3|5.7|0|21|0.0|2.3|345|204|19.3|9.0|1440|330|6.6|7.0|930|209|655|168|70.4|14.6|655|168|70.4|14.6|575|171|61.8|16.2|1330|340|810|354|60.9|17.1|125|148|9.4|10.9|105|134|7.9|10.0|0|21|0.0|3.1|130|96|9.8|8.0|160|105|12.0|8.2|47.8|14.5|1345|342|585|227|43.5|14.8|85|97|6.3|6.7|275|140|20.4|8.4|25|33|1.9|2.5|380|216|28.3|14.1|1345|342|25|47|1.9|3.4|50|55|3.7|3.9|265|203|19.7|14.8|15|32|1.1|2.4|80|75|5.9|5.7|290|211|21.6|12.9|95|93|7.1|7.1|50|60|3.7|4.4|155|121|11.5|8.9|130|91|9.7|6.7|65|93|4.8|6.5|0|21|0.0|3.1|125|110|9.3|7.7|1345|342|1140|309|84.8|9.7|195|136|14.5|9.2|15|23|1.1|1.7|0|21|0.0|3.1|81055|16955|88261|36326|88918|15476|1785|430|1750|433|98.0|3.2|1685|453|94.4|6.2|65|92|3.6|5.3|35|59|2.0|3.3|1785|430|1440|330|1345|342|1325|345|98.5|2.3|1325|345|98.5|2.3|4|5|0.3|0.4|20|32|1.5|2.4|95|99|95|99|100.0|34.2|30|38|31.6|53.7|65|92|68.4|52.7|0|21|0.0|34.2|345|204|330|203|95.7|9.6|330|203|95.7|9.6|0|21|0.0|11.6|15|31|4.3|9.9|0.0|2.3|0.0|2.3|0.0|2.3|-|**
9700000US0604020|Barstow Unified School District, CA|0604020|2019-2023|205|4500|551|3375|553|75.0|6.7|3375|553|75.0|6.7|3110|518|69.1|7.0|270|173|6.0|3.7|0|29|0.0|0.9|1120|304|24.9|6.7|3375|553|8.0|4.8|2725|444|1915|451|70.3|9.9|1915|451|70.3|9.9|1780|452|65.3|10.7|3035|514|2340|495|77.1|7.0|465|188|15.3|6.1|0|29|0.0|1.4|30|42|1.0|1.4|25|40|0.8|1.4|175|95|5.8|3.1|35.5|8.0|3110|518|1035|439|33.3|11.2|485|206|15.6|6.7|515|171|16.6|5.0|455|180|14.6|5.9|615|236|19.8|7.3|3110|518|70|58|2.3|2.0|140|93|4.5|3.0|145|117|4.7|3.6|125|84|4.0|2.8|270|123|8.7|3.6|535|210|17.2|6.3|10|22|0.3|0.7|85|79|2.7|2.6|125|98|4.0|3.2|1075|402|34.6|9.9|180|119|5.8|3.7|135|104|4.3|3.3|210|122|6.8|4.1|3110|518|2200|507|70.7|8.7|825|274|26.5|8.7|85|53|2.7|1.8|0|29|0.0|1.4|60660|20859|74178|6621|70779|12116|4500|551|4225|530|93.9|3.8|2815|494|62.6|7.0|1935|392|43.0|8.8|275|177|6.1|3.8|4455|559|3375|553|3110|518|3020|508|97.1|3.0|2360|467|75.9|6.6|1045|276|33.6|8.9|85|94|2.7|3.0|270|173|195|127|72.2|34.3|115|102|42.6|30.8|80|73|29.6|28.9|75|115|27.8|34.4|1080|314|965|290|89.4|8.3|295|138|27.3|10.5|770|249|71.3|9.9|115|97|10.6|8.2|20.1|6.3|20.1|6.3|20.3|6.3|0.0|53.6
9500000US0604080|Bass Lake Joint Union Elementary School District, CA|0604080|2019-2023|205|390|147|315|126|80.8|12.5|315|126|80.8|12.5|315|126|80.8|12.5|0|19|0.0|10.3|0|19|0.0|10.3|80|55|20.5|11.4|315|126|0.0|12.6|205|100|155|89|75.6|18.4|155|89|75.6|18.4|155|89|75.6|18.4|315|126|195|88|61.9|19.1|80|58|25.4|16.2|0|19|0.0|12.6|40|52|12.7|15.2|0|19|0.0|12.6|0|19|0.0|12.6|19.7|7.0|315|126|160|97|50.8|20.3|50|48|15.9|14.6|25|28|7.9|9.3|80|64|25.4|18.6|0|19|0.0|12.6|315|126|0|19|0.0|12.6|60|55|19.0|16.0|0|19|0.0|12.6|0|19|0.0|12.6|0|19|0.0|12.6|0|19|0.0|12.6|0|19|0.0|12.6|10|15|3.2|5.2|35|38|11.1|11.2|125|82|39.7|18.6|65|54|20.6|15.8|20|35|6.3|11.5|0|19|0.0|12.6|315|126|235|106|74.6|20.2|40|41|12.7|11.4|40|41|12.7|12.5|0|19|0.0|12.6|74265|33957|95036|52893|93150|67915|390|147|380|144|97.4|7.5|295|145|75.6|22.2|90|87|23.1|21.2|10|30|2.6|7.3|360|143|315|126|315|126|305|126|96.8|6.1|260|126|82.5|17.1|55|52|17.5|16.4|4|17|1.3|5.6|0|19|0|19|-|**|0|19|-|**|0|19|-|**|0|19|-|**|50|48|45|45|90.0|30.6|35|41|70.0|37.4|10|15|20.0|30.4|4|16|8.0|30.0|0.0|10.3|0.0|10.3|0.0|11.1|0.0|61.9
9700000US0604110|Bassett Unified School District, CA|0604110|2019-2023|205|3130|526|2565|465|81.9|5.1|2565|465|81.9|5.1|2415|455|77.2|5.6|150|91|4.8|2.9|0|25|0.0|1.3|560|183|17.9|5.1|2565|465|5.8|3.5|1740|280|1255|239|72.1|8.0|1255|239|72.1|8.0|1160|226|66.7|8.2|2300|454|1850|399|80.4|5.8|285|115|12.4|4.7|40|34|1.7|1.5|10|18|0.4|0.8|0|25|0.0|1.8|110|76|4.8|3.0|32.6|2.9|2415|455|880|325|36.4|10.3|585|198|24.2|7.3|300|95|12.4|4.0|325|168|13.5|6.3|330|129|13.7|5.0|2415|455|40|38|1.7|1.6|185|135|7.7|5.3|260|126|10.8|5.1|65|48|2.7|2.0|200|84|8.3|3.6|220|110|9.1|4.1|10|17|0.4|0.7|80|50|3.3|2.1|185|85|7.7|3.3|740|263|30.6|7.8|250|185|10.4|7.7|165|135|6.8|5.1|15|26|0.6|1.1|2415|455|1820|355|75.4|6.0|355|174|14.7|6.1|240|117|9.9|4.7|0|25|0.0|1.7|44047|8524|57212|6180|46450|6699|3130|526|2790|528|89.1|6.9|1925|466|61.5|8.3|975|270|31.2|7.8|335|218|10.7|6.9|3055|510|2520|460|2370|451|2100|450|88.6|8.0|1625|431|68.6|9.4|535|171|22.6|7.1|270|193|11.4|8.0|150|91|150|91|100.0|24.3|4|4|2.7|2.9|150|91|100.0|24.3|0|25|0.0|24.3|535|174|470|161|87.9|11.4|250|120|46.7|16.1|220|108|41.1|17.1|65|64|12.1|11.4|16.0|6.9|16.0|6.9|14.9|6.1|60.0|60.0
9500000US0604200|Bayshore Elementary School District, CA|0604200|2019-2023|205|415|178|330|137|79.5|10.7|330|137|79.5|10.7|330|137|79.5|10.7|0|19|0.0|9.7|0|19|0.0|9.7|85|64|20.5|10.9|330|137|0.0|12.1|225|105|155|76|68.9|21.3|155|76|68.9|21.3|155|76|68.9|21.3|315|127|175|86|55.6|15.3|70|54|22.2|15.6|55|50|17.5|13.7|15|18|4.8|5.7|0|19|0.0|12.6|0|19|0.0|12.6|26.0|4.0|330|137|100|70|30.3|18.7|20|23|6.1|7.2|85|77|25.8|18.9|40|48|12.1|14.2|85|73|25.8|17.3|330|137|0|19|0.0|12.1|35|46|10.6|14.1|25|33|7.6|9.1|0|19|0.0|12.1|60|51|18.2|12.7|35|41|10.6|11.4|20|29|6.1|8.6|0|19|0.0|12.1|45|50|13.6|13.1|30|27|9.1|8.1|0|19|0.0|12.1|65|74|19.7|19.6|10|21|3.0|6.1|330|137|270|115|81.8|13.7|65|52|19.7|13.1|0|19|0.0|12.1|0|19|0.0|12.1|65417|39373|92019|39535|72917|58942|415|178|415|178|100.0|9.7|325|149|78.3|15.5|110|84|26.5|16.6|0|19|0.0|9.7|415|178|330|137|330|137|330|137|100.0|12.1|270|124|81.8|18.4|85|75|25.8|20.5|0|19|0.0|12.1|0|19|0|19|-|**|0|19|-|**|0|19|-|**|0|19|-|**|85|64|85|64|100.0|36.7|55|52|64.7|44.0|30|42|35.3|41.8|0|19|0.0|36.7|2.4|4.8|2.4|4.8|2.4|4.8|-|**
9700000US0604230|Bear Valley Unified School District, CA|0604230|2019-2023|205|2065|352|1650|325|79.9|8.5|1650|325|79.9|8.5|1545|334|74.8|9.6|100|68|4.8|3.4|0|21|0.0|2.0|415|191|20.1|8.5|1650|325|6.1|4.4|1100|217|835|167|75.9|12.9|835|167|75.9|12.9|735|176|66.8|13.9|1545|334|1175|292|76.1|8.1|85|58|5.5|3.9|0|21|0.0|2.7|0|21|0.0|2.7|4|8|0.3|0.5|285|139|18.4|7.6|34.9|10.4|1545|334|640|172|41.4|8.3|380|153|24.6|7.3|160|84|10.4|5.3|210|111|13.6|6.2|155|85|10.0|5.2|1545|334|60|57|3.9|3.7|215|125|13.9|6.6|90|76|5.8|4.6|0|21|0.0|2.7|125|81|8.1|4.8|40|50|2.6|3.3|60|59|3.9|3.9|75|75|4.9|4.7|175|81|11.3|4.9|245|112|15.9|7.4|250|119|16.2|7.3|105|71|6.8|4.2|100|83|6.5|4.8|1545|334|1005|249|65.0|8.2|335|127|21.7|6.5|205|117|13.3|7.1|0|21|0.0|2.7|54629|3868|56173|15737|63977|13342|2065|352|1855|347|89.8|6.6|1340|291|64.9|9.6|595|260|28.8|11.2|210|138|10.2|6.5|2065|352|1650|325|1545|334|1345|300|87.1|8.0|1095|265|70.9|9.7|290|173|18.8|10.4|205|136|13.3|8.0|100|68|100|68|100.0|33.1|45|42|45.0|36.5|60|53|60.0|36.2|0|21|0.0|33.1|415|191|410|193|98.8|4.4|205|107|49.4|26.0|245|177|59.0|25.2|10|17|2.4|4.2|5.8|3.8|5.8|3.8|5.8|3.8|-|**
9500000US0604260|Beardsley Elementary School District, CA|0604260|2019-2023|205|2070|415|1465|304|70.8|7.2|1465|304|70.8|7.2|1355|296|65.5|6.8|105|89|5.1|4.4|0|21|0.0|2.0|605|204|29.2|7.2|1465|304|7.2|6.0|1220|256|735|194|60.2|11.2|735|194|60.2|11.2|670|189|54.9|11.2|1345|295|1190|265|88.5|8.2|120|120|8.9|8.2|0|21|0.0|3.1|0|21|0.0|3.1|0|21|0.0|3.1|30|29|2.2|2.4|24.7|4.5|1355|296|325|128|24.0|9.2|110|91|8.1|6.7|365|159|26.9|9.6|355|152|26.2|10.1|205|127|15.1|7.9|1355|296|125|107|9.2|7.7|220|128|16.2|8.6|15|24|1.1|1.8|0|21|0.0|3.1|145|77|10.7|6.6|210|116|15.5|7.6|0|21|0.0|3.1|4|12|0.3|0.9|130|94|9.6|6.1|170|110|12.5|7.9|55|55|4.1|3.9|185|157|13.7|10.9|95|64|7.0|4.8|1355|296|1010|273|74.5|10.5|275|133|20.3|9.4|70|64|5.2|4.7|0|21|0.0|3.1|50300|16664|65473|12308|52754|3105|2070|415|1820|395|87.9|7.7|820|333|39.6|12.3|1105|277|53.4|11.5|250|167|12.1|7.7|2070|415|1465|304|1355|296|1235|279|91.1|7.1|700|276|51.7|14.0|635|181|46.9|12.5|120|101|8.9|7.2|105|89|85|83|81.0|27.6|0|21|0.0|32.0|85|83|81.0|27.6|20|26|19.0|27.2|605|204|500|185|82.6|13.5|120|117|19.8|17.3|385|156|63.6|18.8|105|92|17.4|13.7|24.4|10.2|24.4|10.2|24.4|10.2|-|**
9700000US0604290|Beaumont Unified School District, CA|0604290|2019-2023|205|11195|860|9445|779|84.4|2.4|9445|779|84.4|2.4|9070|742|81.0|2.5|375|175|3.3|1.5|0|32|0.0|0.4|1750|293|15.6|2.4|9445|779|4.0|1.8|5820|484|4255|451|73.1|4.8|4255|451|73.1|4.8|4060|444|69.8|5.0|8900|726|7085|726|79.6|4.1|880|287|9.9|3.2|55|54|0.6|0.6|95|73|1.1|0.8|110|90|1.2|1.0|680|218|7.6|2.4|38.4|4.0|9070|742|4275|584|47.1|5.1|1210|312|13.3|3.0|1465|363|16.2|4.0|1165|294|12.8|3.1|955|234|10.5|2.5|9070|742|155|89|1.7|1.0|810|252|8.9|2.7|645|236|7.1|2.6|150|92|1.7|1.0|540|218|6.0|2.4|935|337|10.3|3.5|300|164|3.3|1.9|500|212|5.5|2.4|545|200|6.0|2.1|3105|534|34.2|5.1|555|277|6.1|2.9|240|128|2.6|1.4|580|178|6.4|1.8|9070|742|6420|787|70.8|4.5|2230|353|24.6|4.2|420|153|4.6|1.7|0|32|0.0|0.5|68652|2816|86250|13331|71368|12228|11195|860|10470|806|93.5|3.1|9325|845|83.3|4.2|1590|391|14.2|3.5|725|358|6.5|3.0|11165|862|9435|781|9060|744|8490|694|93.7|3.6|7920|712|87.4|4.3|800|283|8.8|3.1|570|336|6.3|3.5|375|175|365|174|97.3|4.2|185|133|49.3|24.9|270|141|72.0|16.6|10|14|2.7|3.8|1730|298|1585|294|91.6|4.9|1200|274|69.4|9.9|495|205|28.6|11.2|145|85|8.4|4.9|6.5|2.4|6.5|2.4|6.5|2.4|0.0|61.9
9500000US0604380|Bellevue Union School District, CA|0604380|2019-2023|205|2950|597|2515|533|85.3|5.6|2500|532|84.7|5.8|2315|486|78.5|8.2|190|209|6.4|6.7|10|26|0.3|0.9|440|189|14.9|5.7|2500|532|7.6|7.9|1415|297|1010|271|71.4|11.5|1010|271|71.4|11.5|995|271|70.3|11.6|2225|477|1520|412|68.3|10.5|470|206|21.1|9.5|45|44|2.0|2.0|0|25|0.0|1.9|10|23|0.4|1.1|175|158|7.9|6.5|29.4|7.7|2315|486|420|211|18.1|8.0|455|192|19.7|7.6|545|350|23.5|12.8|635|241|27.4|10.5|260|140|11.2|6.4|2315|486|165|169|7.1|7.3|340|153|14.7|6.7|205|177|8.9|7.2|150|173|6.5|7.0|115|93|5.0|4.0|165|127|7.1|5.9|20|27|0.9|1.2|35|39|1.5|1.8|340|199|14.7|7.4|290|151|12.5|5.9|65|52|2.8|2.4|255|157|11.0|6.7|170|116|7.3|5.0|2315|486|1985|456|85.7|6.9|215|124|9.3|5.1|110|89|4.8|3.7|0|25|0.0|1.8|42058|5017|48538|23206|55721|11424|2940|595|2370|571|80.6|8.4|1800|459|61.2|10.9|665|347|22.6|10.2|570|258|19.4|8.4|2940|595|2500|532|2315|486|1920|499|82.9|8.8|1550|407|67.0|13.0|470|319|20.3|12.0|390|193|16.8|8.7|190|209|10|14|5.3|12.6|10|14|5.3|12.6|0|25|0.0|19.9|180|211|94.7|13.0|440|189|440|189|100.0|9.2|240|141|54.5|19.8|200|112|45.5|19.9|0|25|0.0|9.2|7.5|6.7|7.5|6.7|7.5|6.7|-|**
9700000US0604440|Bellflower Unified School District, CA|0604440|2019-2023|205|11310|857|9155|757|80.9|2.9|9145|759|80.9|2.9|8725|726|77.1|3.0|420|201|3.7|1.7|10|16|0.1|0.1|2155|370|19.1|2.9|9145|759|4.6|2.1|6120|476|4345|462|71.0|5.1|4345|462|71.0|5.1|4110|465|67.2|5.4|8540|706|6550|633|76.7|3.9|1045|265|12.2|2.9|45|59|0.5|0.7|105|96|1.2|1.1|40|33|0.5|0.4|760|220|8.9|2.5|28.4|1.7|8725|726|2600|457|29.8|4.2|1285|267|14.7|3.0|2190|362|25.1|3.4|950|263|10.9|2.9|1695|279|19.4|3.0|8725|726|70|78|0.8|0.9|760|249|8.7|2.8|1055|248|12.1|2.6|480|228|5.5|2.6|750|214|8.6|2.2|725|201|8.3|2.3|95|70|1.1|0.8|270|110|3.1|1.2|835|228|9.6|2.4|1935|333|22.2|3.3|680|198|7.8|2.2|670|238|7.7|2.5|405|150|4.6|1.7|8725|726|6635|653|76.0|3.6|1500|288|17.2|3.0|580|205|6.6|2.3|10|13|0.1|0.1|47744|5480|63396|7587|53798|4974|11300|858|10050|790|88.9|3.3|7400|702|65.5|4.1|3115|580|27.6|4.7|1255|395|11.1|3.3|11265|854|9135|754|8715|723|7805|717|89.6|3.5|6430|676|73.8|4.2|1770|352|20.3|3.9|910|311|10.4|3.5|420|201|365|185|86.9|15.6|155|138|36.9|25.2|210|117|50.0|20.7|55|71|13.1|15.5|2130|370|1840|341|86.4|7.5|795|223|37.3|8.5|1095|276|51.4|9.9|290|174|13.6|7.6|15.3|4.0|15.3|4.0|15.2|4.0|25.0|39.5
9500000US0604530|Belmont-Redwood Shores Elementary School District, CA|0604530|2019-2023|205|5440|707|4865|697|89.4|3.0|4865|697|89.4|3.0|4490|676|82.5|5.7|370|320|6.8|5.7|0|29|0.0|0.8|580|155|10.7|2.9|4865|697|7.6|6.4|2765|372|2290|375|82.8|5.4|2290|375|82.8|5.4|2090|344|75.6|7.3|4460|674|2490|441|55.8|5.7|245|141|5.5|2.9|150|77|3.4|1.7|120|81|2.7|1.8|55|49|1.2|1.1|1400|319|31.4|5.6|29.7|3.4|4490|676|3575|520|79.6|5.2|355|193|7.9|3.6|420|138|9.4|3.0|20|26|0.4|0.6|125|108|2.8|2.3|4490|676|0|29|0.0|0.9|110|67|2.4|1.5|490|164|10.9|3.7|40|50|0.9|1.1|295|140|6.6|3.1|10|20|0.2|0.5|395|146|8.8|3.2|420|136|9.4|2.9|1335|336|29.7|5.1|925|271|20.6|4.4|185|120|4.1|2.4|100|61|2.2|1.4|180|107|4.0|2.4|4490|676|3595|511|80.1|6.0|710|321|15.8|6.0|160|80|3.6|1.6|25|29|0.6|0.6|159347|27785|215417|18847|159894|39898|5440|707|5415|707|99.5|0.8|5040|692|92.6|5.8|405|321|7.4|5.7|30|37|0.6|0.7|5430|709|4850|697|4480|674|4460|673|99.6|0.6|4350|661|97.1|2.2|110|98|2.5|2.1|20|25|0.4|0.6|370|320|370|320|100.0|10.8|145|84|39.2|46.3|245|321|66.2|42.1|0|29|0.0|10.8|580|155|570|159|98.3|3.0|530|158|91.4|7.0|35|38|6.0|6.6|10|15|1.7|2.8|4.9|5.8|4.9|5.8|4.9|5.8|0.0|87.6
9700000US0604620|Benicia Unified School District, CA|0604620|2019-2023|205|3895|420|3455|382|88.7|3.1|3450|382|88.6|3.0|3395|355|87.2|3.0|55|58|1.4|1.4|4|4|0.1|0.1|440|131|11.3|3.1|3450|382|1.6|1.6|1980|253|1595|242|80.6|5.7|1595|242|80.6|5.7|1540|213|77.8|5.4|3240|348|2300|263|71.0|6.9|305|164|9.4|4.7|70|49|2.2|1.5|15|25|0.5|0.8|0|25|0.0|1.3|555|158|17.1|3.9|30.2|3.3|3395|355|2075|281|61.1|6.3|470|189|13.8|5.0|495|110|14.6|3.5|220|126|6.5|3.5|135|103|4.0|3.0|3395|355|0|25|0.0|1.2|275|130|8.1|3.7|420|144|12.4|3.9|50|38|1.5|1.1|160|88|4.7|2.6|160|101|4.7|3.0|35|34|1.0|1.0|335|145|9.9|4.3|485|154|14.3|4.1|1095|225|32.3|5.3|100|74|2.9|2.2|90|55|2.7|1.6|185|86|5.4|2.5|3395|355|2425|312|71.4|5.2|760|174|22.4|4.7|205|88|6.0|2.5|4|10|0.1|0.3|105654|12533|126625|15269|112596|14073|3890|419|3815|420|98.1|1.7|3455|341|88.8|3.8|450|175|11.6|4.0|75|65|1.9|1.7|3880|420|3440|383|3385|356|3360|359|99.3|1.1|3095|298|91.4|3.9|345|153|10.2|4.1|25|38|0.7|1.2|55|58|55|58|100.0|45.7|55|58|100.0|45.7|0|25|0.0|45.7|0|25|0.0|45.7|440|131|385|121|87.5|12.0|305|108|69.3|14.6|95|67|21.6|13.6|55|56|12.5|11.9|5.5|3.7|5.5|3.7|5.5|3.7|0.0|100.0
9500000US0604650|Bennett Valley Union Elementary School District, CA|0604650|2019-2023|205|865|221|755|186|87.3|9.0|755|186|87.3|9.0|750|183|86.7|9.2|4|11|0.5|1.2|0|21|0.0|4.8|110|88|12.7|9.0|755|186|0.5|1.4|405|104|290|98|71.6|20.3|290|98|71.6|20.3|285|97|70.4|20.8|715|185|515|158|72.0|13.1|40|49|5.6|6.7|10|16|1.4|2.2|0|21|0.0|5.8|0|21|0.0|5.8|155|90|21.7|11.1|26.6|10.3|750|183|415|148|55.3|13.5|105|60|14.0|7.7|110|65|14.7|7.9|115|98|15.3|13.0|4|16|0.5|2.3|750|183|0|21|0.0|5.5|130|101|17.3|13.4|50|60|6.7|8.0|80|53|10.7|6.4|30|33|4.0|4.2|25|22|3.3|3.0|0|21|0.0|5.5|60|54|8.0|7.1|40|41|5.3|5.7|225|120|30.0|12.4|70|51|9.3|6.6|20|23|2.7|3.1|20|24|2.7|3.3|750|183|525|146|70.0|12.9|185|116|24.7|13.0|40|35|5.3|4.8|0|21|0.0|5.5|75568|35562|101250|60225|90600|20724|865|221|845|224|97.7|4.7|630|185|72.8|19.1|235|187|27.2|18.7|25|40|2.9|4.7|865|221|755|186|750|183|725|190|96.7|5.7|610|186|81.3|13.9|140|109|18.7|14.0|25|40|3.3|5.5|4|11|4|11|100.0|100.0|0|21|0.0|100.0|4|11|100.0|100.0|0|21|0.0|100.0|110|88|110|88|100.0|31.0|25|24|22.7|27.4|90|84|81.8|30.2|0|21|0.0|31.0|0.0|4.8|0.0|4.8|0.0|4.8|-|**
9700000US0604740|Berkeley Unified School District, CA|0604740|2019-2023|205|9445|714|8360|665|88.5|2.2|8360|665|88.5|2.2|8115|648|85.9|2.2|245|103|2.6|1.1|0|32|0.0|0.4|1085|220|11.5|2.2|8360|665|2.9|1.2|5065|424|4245|426|83.8|3.7|4245|426|83.8|3.7|4125|424|81.4|3.8|7985|653|2745|303|34.4|3.5|535|173|6.7|2.0|805|158|10.1|1.9|350|127|4.4|1.6|485|140|6.1|1.6|3065|460|38.4|4.2|31.5|2.5|8115|648|6570|581|81.0|3.4|415|144|5.1|1.8|675|169|8.3|1.9|290|182|3.6|2.2|170|65|2.1|0.8|8115|648|20|29|0.2|0.4|355|191|4.4|2.3|410|134|5.1|1.6|90|60|1.1|0.7|355|107|4.4|1.2|220|125|2.7|1.5|380|129|4.7|1.5|520|223|6.4|2.6|2155|333|26.6|3.7|2500|278|30.8|2.9|355|111|4.4|1.3|285|95|3.5|1.2|470|145|5.8|1.8|8115|648|5655|614|69.7|3.8|1615|248|19.9|3.1|845|205|10.4|2.4|0|32|0.0|0.5|125938|10960|178897|7281|122256|14046|9445|714|9155|742|96.9|2.2|8545|759|90.5|3.3|865|251|9.2|2.6|290|206|3.1|2.2|9365|712|8300|663|8055|648|7865|667|97.6|1.6|7570|682|94.0|2.6|470|170|5.8|2.1|190|130|2.4|1.6|245|103|225|104|91.8|12.5|180|88|73.5|18.2|70|46|28.6|15.1|15|27|6.1|11.6|1065|219|985|199|92.5|8.3|725|157|68.1|11.2|285|123|26.8|9.6|80|91|7.5|8.1|3.7|2.5|3.7|2.5|3.7|2.6|0.0|39.2
9500000US0604800|Berryessa Union Elementary School District, CA|0604800|2019-2023|205|6290|614|5460|588|86.8|2.4|5435|585|86.4|2.4|5245|536|83.4|2.6|190|132|3.0|2.0|25|38|0.4|0.6|830|154|13.2|2.4|5435|585|3.5|2.3|3210|308|2445|273|76.2|4.0|2420|269|75.4|4.0|2350|267|73.2|4.4|5190|529|3600|446|69.4|4.4|590|141|11.4|2.6|60|50|1.2|0.9|40|44|0.8|0.8|10|14|0.2|0.3|900|218|17.3|3.8|28.3|2.0|5245|536|3135|417|59.8|5.6|835|231|15.9|4.0|610|187|11.6|3.2|315|116|6.0|2.1|350|126|6.7|2.4|5245|536|10|18|0.2|0.3|220|111|4.2|2.0|1340|223|25.5|3.9|70|60|1.3|1.2|180|93|3.4|1.7|115|80|2.2|1.5|255|95|4.9|1.7|265|134|5.1|2.4|1075|217|20.5|3.5|1020|216|19.4|3.8|365|178|7.0|3.2|185|85|3.5|1.6|145|93|2.8|1.8|5245|536|4440|543|84.7|4.2|600|187|11.4|3.5|205|122|3.9|2.4|0|32|0.0|0.8|86034|10496|135142|19291|78139|14383|6265|612|6125|593|97.8|1.7|5485|543|87.5|3.6|765|238|12.2|3.4|140|108|2.2|1.7|6250|612|5420|586|5230|537|5125|523|98.0|1.4|4760|508|91.0|3.4|475|184|9.1|3.3|105|74|2.0|1.4|190|132|190|132|100.0|19.9|90|64|47.4|36.9|100|116|52.6|36.4|0|32|0.0|19.9|830|154|795|152|95.8|5.7|620|131|74.7|11.8|175|103|21.1|10.9|35|49|4.2|5.9|6.7|3.5|6.7|3.5|6.7|3.5|0.0|87.6
9700000US0604830|Beverly Hills Unified School District, CA|0604830|2019-2023|205|3645|560|2890|471|79.3|4.8|2890|471|79.3|4.8|2755|456|75.6|5.1|130|83|3.6|2.2|0|29|0.0|1.2|755|209|20.7|4.7|2890|471|4.5|2.8|1930|281|1335|259|69.2|8.9|1335|259|69.2|8.9|1245|244|64.5|9.3|2710|463|1790|420|66.1|8.3|125|85|4.6|2.9|20|26|0.7|0.9|215|121|7.9|4.6|0|29|0.0|1.6|560|202|20.7|7.4|24.4|4.1|2755|456|1940|375|70.4|6.9|105|91|3.8|3.3|540|190|19.6|6.1|125|136|4.5|4.8|50|65|1.8|2.4|2755|456|0|29|0.0|1.5|115|141|4.2|5.1|120|70|4.4|2.4|285|166|10.3|5.7|225|159|8.2|5.6|85|57|3.1|2.1|70|55|2.5|2.0|235|137|8.5|4.8|550|178|20.0|6.6|810|279|29.4|8.3|20|25|0.7|0.9|25|29|0.9|1.0|205|130|7.4|4.6|2755|456|2050|448|74.4|8.7|315|154|11.4|5.3|390|180|14.2|6.6|0|29|0.0|1.5|115272|53149|205386|49754|151458|94002|3645|560|3480|553|95.5|2.8|3200|568|87.8|5.1|365|167|10.0|4.8|160|102|4.4|2.8|3590|555|2845|463|2715|450|2660|443|98.0|2.1|2515|458|92.6|4.3|190|102|7.0|4.0|55|57|2.0|2.1|130|83|110|77|84.6|23.8|40|41|30.8|33.0|75|72|57.7|38.1|20|34|15.4|25.4|745|210|655|211|87.9|9.9|625|209|83.9|10.8|45|46|6.0|6.6|85|72|11.4|9.7|9.1|4.1|9.1|4.1|9.2|4.2|0.0|45.7
9700000US0601409|Bishop Unified School District, CA|0601409|2019-2023|205|1325|266|1210|250|91.3|6.7|1210|250|91.3|6.7|1195|248|90.2|6.6|10|22|0.8|1.6|0|21|0.0|3.2|115|94|8.7|6.7|1210|250|0.8|1.8|785|169|695|157|88.5|10.9|695|157|88.5|10.9|690|155|87.9|10.7|1180|248|665|182|56.4|11.2|325|157|27.5|11.9|0|21|0.0|3.5|10|18|0.8|1.5|80|60|6.8|5.0|105|82|8.9|6.3|16.3|3.4|1195|248|595|205|49.8|12.3|210|100|17.6|7.5|310|124|25.9|10.0|55|60|4.6|4.9|25|23|2.1|2.0|1195|248|4|5|0.3|0.4|40|54|3.3|4.4|20|22|1.7|1.9|60|54|5.0|4.1|120|66|10.0|5.8|60|49|5.0|4.1|0|21|0.0|3.5|50|67|4.2|5.4|25|43|2.1|3.4|350|132|29.3|9.2|190|104|15.9|8.9|30|33|2.5|2.6|240|139|20.1|10.6|1195|248|590|173|49.4|12.7|465|176|38.9|11.4|145|100|12.1|7.6|0|21|0.0|3.5|54360|17963|71285|7494|54449|13851|1325|266|1250|268|94.3|3.4|975|245|73.6|10.3|325|159|24.5|10.8|75|42|5.7|3.4|1310|268|1210|250|1195|248|1130|251|94.6|3.8|905|228|75.7|10.3|265|150|22.2|11.5|70|41|5.9|3.6|10|22|10|18|100.0|100.0|4|14|40.0|60.0|4|11|40.0|60.0|4|4|40.0|60.0|100|89|95|89|95.0|16.7|60|83|60.0|44.7|35|35|35.0|41.7|4|13|4.0|14.9|6.0|4.7|6.0|4.7|6.1|4.8|0.0|87.6
9700000US0605240|Black Oak Mine Unified School District, CA|0605240|2019-2023|205|1285|327|1000|277|77.8|8.5|1000|277|77.8|8.5|960|272|74.7|8.5|40|43|3.1|3.3|0|21|0.0|3.2|285|131|22.2|8.6|1000|277|4.0|4.2|815|258|600|216|73.6|12.5|600|216|73.6|12.5|560|212|68.7|12.8|860|215|590|167|68.6|11.1|60|68|7.0|7.5|0|21|0.0|4.8|0|21|0.0|4.8|25|41|2.9|4.7|180|94|20.9|10.1|50.0|13.6|960|272|380|142|39.6|11.9|245|114|25.5|9.8|250|166|26.0|13.6|70|58|7.3|6.0|15|28|1.6|3.0|960|272|0|21|0.0|4.3|125|76|13.0|7.9|15|35|1.6|3.6|10|13|1.0|1.4|150|159|15.6|14.2|50|51|5.2|5.2|10|17|1.0|1.7|115|83|12.0|8.3|140|82|14.6|8.5|195|105|20.3|9.1|60|63|6.3|6.5|20|31|2.1|3.2|70|47|7.3|4.8|960|272|745|252|77.6|8.7|130|70|13.5|7.0|85|59|8.9|6.2|0|21|0.0|4.3|53281|10419|81641|62898|49771|14874|1285|327|1255|325|97.7|3.1|840|259|65.4|14.6|465|240|36.2|14.5|35|40|2.7|3.1|1285|327|1000|277|960|272|940|270|97.9|3.9|750|234|78.1|16.5|240|179|25.0|15.7|20|38|2.1|3.9|40|43|40|43|100.0|53.6|20|32|50.0|50.0|20|37|50.0|50.0|0|21|0.0|53.6|285|131|275|130|96.5|6.6|70|55|24.6|22.3|200|132|70.2|23.1|10|17|3.5|6.1|8.6|6.4|8.6|6.4|8.6|6.4|-|**
9700000US0605610|Bonita Unified School District, CA|0605610|2019-2023|205|8660|898|7520|834|86.8|3.2|7520|834|86.8|3.2|7245|773|83.7|3.4|275|197|3.2|2.2|0|32|0.0|0.5|1140|298|13.2|3.2|7520|834|3.7|2.5|4250|453|3285|423|77.3|6.0|3285|423|77.3|6.0|3135|409|73.8|6.1|6965|728|5115|644|73.4|5.0|785|314|11.3|4.1|55|49|0.8|0.7|20|27|0.3|0.4|35|42|0.5|0.6|960|224|13.8|3.3|35.5|2.8|7245|773|3910|556|54.0|4.8|765|217|10.6|2.8|1105|244|15.3|3.6|660|258|9.1|3.2|810|265|11.2|3.4|7245|773|40|38|0.6|0.5|625|276|8.6|3.4|650|171|9.0|2.5|330|245|4.6|3.3|440|193|6.1|2.6|375|141|5.2|1.9|105|81|1.4|1.1|495|193|6.8|2.8|565|190|7.8|2.7|2160|444|29.8|5.1|220|116|3.0|1.6|630|213|8.7|2.7|605|201|8.4|2.7|7245|773|4975|661|68.7|5.4|1790|380|24.7|4.7|475|197|6.6|2.6|10|14|0.1|0.2|77662|10858|97201|9510|81865|6776|8660|898|8045|732|92.9|4.9|7120|655|82.2|5.2|1090|343|12.6|3.8|615|459|7.1|4.9|8625|897|7505|832|7230|772|6770|642|93.6|4.1|6185|604|85.5|4.8|705|244|9.8|3.3|460|324|6.4|4.1|275|197|150|83|54.5|41.8|30|26|10.9|11.8|120|79|43.6|36.6|125|179|45.5|42.1|1125|297|1095|295|97.3|2.7|875|236|77.8|10.8|235|152|20.9|11.3|25|31|2.2|2.7|7.8|2.8|7.8|2.8|7.7|2.8|11.4|57.5
9700000US0601426|Bonsall Unified School District, CA|0601426|2019-2023|205|2955|511|2460|452|83.2|4.9|2200|434|74.5|6.5|2185|434|73.9|6.4|15|26|0.5|0.9|260|138|8.8|4.6|495|165|16.8|4.9|2200|434|0.7|1.2|1515|263|1135|237|74.9|8.5|1085|228|71.6|8.9|1085|228|71.6|8.9|2425|455|1715|297|70.7|5.2|95|94|3.9|3.9|0|21|0.0|1.7|0|21|0.0|1.7|0|21|0.0|1.7|615|218|25.4|5.9|37.1|5.4|2185|434|1205|304|55.1|8.4|220|111|10.1|5.6|520|170|23.8|8.5|65|46|3.0|2.1|175|205|8.0|8.3|2185|434|25|18|1.1|0.9|210|222|9.6|8.7|280|212|12.8|7.9|15|22|0.7|1.0|200|127|9.2|5.9|55|49|2.5|2.3|80|93|3.7|4.1|125|78|5.7|3.7|290|129|13.3|6.3|405|145|18.5|7.4|110|67|5.0|3.0|235|136|10.8|6.3|155|100|7.1|4.9|2185|434|1635|314|74.8|6.2|300|117|13.7|6.1|250|201|11.4|7.7|0|21|0.0|1.9|100226|14869|108690|20614|105337|23440|2695|491|2475|500|91.8|4.9|2370|510|87.9|6.3|340|223|12.6|6.9|220|125|8.2|4.9|2690|490|2195|434|2180|434|2045|438|93.8|3.7|1975|445|90.6|5.3|280|222|12.8|8.5|135|75|6.2|3.7|15|26|15|26|100.0|87.6|15|26|100.0|87.6|0|21|0.0|87.6|0|21|0.0|87.6|495|165|405|141|81.8|16.6|375|149|75.8|17.8|55|45|11.1|10.0|90|93|18.2|16.4|8.8|5.7|8.8|5.7|8.8|5.7|0.0|100.0
9500000US0605790|Brawley Elementary School District, CA|0605790|2019-2023|205|3095|431|2335|376|75.4|5.8|2335|376|75.4|5.8|2255|373|72.9|5.5|80|75|2.6|2.5|0|25|0.0|1.4|765|205|24.7|5.8|2335|376|3.4|3.2|1735|249|1150|233|66.3|7.7|1150|233|66.3|7.7|1105|232|63.7|7.8|2160|336|1750|292|81.0|6.8|90|73|4.2|3.2|0|25|0.0|1.9|45|64|2.1|2.9|65|72|3.0|3.3|210|145|9.7|6.2|25.2|6.6|2255|373|415|170|18.4|7.0|700|225|31.0|9.6|375|196|16.6|7.3|350|158|15.5|6.6|410|174|18.2|7.0|2255|373|355|191|15.7|8.0|45|75|2.0|3.3|15|25|0.7|1.1|85|85|3.8|3.8|275|193|12.2|7.8|210|126|9.3|5.1|15|26|0.7|1.2|25|29|1.1|1.3|130|89|5.8|3.9|420|161|18.6|7.0|220|132|9.8|5.8|35|35|1.6|1.5|425|186|18.8|7.5|2255|373|1410|300|62.5|8.3|695|217|30.8|8.6|130|103|5.8|4.3|20|32|0.9|1.4|41611|4471|59333|27681|41472|6840|3095|431|2680|416|86.6|5.7|1170|294|37.8|7.9|1645|340|53.2|8.1|415|184|13.4|5.6|3095|431|2335|376|2255|373|1950|351|86.5|5.7|1065|286|47.2|9.8|1020|275|45.2|9.5|305|137|13.5|5.7|80|75|45|42|56.3|46.3|0|25|0.0|37.9|45|42|56.3|46.3|35|63|43.8|48.2|765|205|690|212|90.2|10.9|105|69|13.7|10.7|585|228|76.5|14.0|75|82|9.8|10.8|17.6|5.9|17.6|5.9|17.6|5.9|-|**
9600000US0605820|Brawley Union High School District, CA|0605820|2019-2023|205|2305|434|1735|380|75.3|7.3|1735|380|75.3|7.3|1595|374|69.2|7.4|135|112|5.9|4.9|0|29|0.0|1.8|570|198|24.7|7.4|1735|380|7.8|6.3|1220|266|790|260|64.8|13.9|790|260|64.8|13.9|745|257|61.1|14.4|1475|329|1185|294|80.3|9.9|100|81|6.8|5.3|0|29|0.0|2.8|4|29|0.3|0.1|145|125|9.8|8.0|45|48|3.1|3.3|27.8|8.7|1595|374|190|92|11.9|6.0|380|179|23.8|9.1|375|210|23.5|10.6|330|155|20.7|9.2|325|132|20.4|7.4|1595|374|285|175|17.9|10.1|60|76|3.8|4.7|0|29|0.0|2.6|30|48|1.9|3.1|280|158|17.6|9.0|210|121|13.2|6.9|30|45|1.9|2.9|10|17|0.6|1.0|95|88|6.0|5.3|245|134|15.4|7.5|90|80|5.6|4.8|25|27|1.6|1.7|235|150|14.7|8.5|1595|374|1090|281|68.3|9.6|400|182|25.1|9.6|100|90|6.3|5.2|4|29|0.3|0.1|43508|13439|74714|31208|47623|13199|2305|434|2030|396|88.1|7.6|1110|328|48.2|10.2|1035|254|44.9|8.7|275|189|11.9|7.5|2285|438|1735|380|1595|374|1405|333|88.1|7.8|855|252|53.6|11.6|640|231|40.1|9.6|195|135|12.2|7.7|135|112|100|100|74.1|40.5|55|84|40.7|50.2|50|62|37.0|42.4|35|63|25.9|41.8|550|200|505|194|91.8|12.5|180|145|32.7|19.8|325|130|59.1|19.7|45|70|8.2|12.2|20.0|7.8|20.0|7.8|20.1|7.9|0.0|75.8
9700000US0605880|Brea-Olinda Unified School District, CA|0605880|2019-2023|205|6585|682|5570|644|84.6|3.3|5570|644|84.6|3.3|5260|638|79.9|4.4|310|199|4.7|3.0|0|29|0.0|0.6|1020|232|15.5|3.3|5570|644|5.6|3.5|3685|390|2745|402|74.5|6.1|2745|402|74.5|6.1|2535|392|68.8|7.5|5095|626|3900|549|76.5|4.4|410|181|8.0|3.4|0|29|0.0|0.8|40|39|0.8|0.8|85|76|1.7|1.5|660|199|13.0|3.8|34.0|2.4|5260|638|2655|425|50.5|5.9|570|215|10.8|3.6|1260|292|24.0|4.8|415|190|7.9|3.6|355|206|6.7|3.7|5260|638|0|29|0.0|0.8|170|101|3.2|1.9|710|233|13.5|4.1|315|181|6.0|3.5|310|129|5.9|2.4|150|80|2.9|1.5|135|111|2.6|2.0|565|178|10.7|3.3|700|215|13.3|3.9|1350|354|25.7|5.5|405|208|7.7|3.8|215|132|4.1|2.5|230|128|4.4|2.3|5260|638|4170|563|79.3|5.1|760|295|14.4|5.0|280|117|5.3|2.3|55|70|1.0|1.3|71957|13145|92469|6731|79167|19690|6585|682|6115|659|92.9|3.4|5340|649|81.1|4.3|1015|302|15.4|4.6|470|232|7.1|3.4|6570|683|5550|646|5240|635|4970|627|94.8|2.6|4505|646|86.0|4.3|570|192|10.9|3.8|275|136|5.2|2.6|310|199|270|191|87.1|21.2|195|179|62.9|30.1|195|179|62.9|28.6|40|61|12.9|21.0|1020|232|860|237|84.3|9.2|635|216|62.3|11.7|240|94|23.5|8.7|155|91|15.2|9.5|6.2|3.2|6.2|3.2|6.2|3.2|0.0|87.6
9500000US0605910|Brentwood Union Elementary School District, CA|0605910|2019-2023|205|9780|926|8080|859|82.6|3.9|8080|859|82.6|3.9|7800|849|79.8|4.3|275|147|2.8|1.5|0|32|0.0|0.4|1700|409|17.4|3.9|8080|859|3.4|1.8|5310|557|3820|564|71.9|7.0|3820|564|71.9|7.0|3685|562|69.4|7.2|7485|804|5195|734|69.4|5.5|555|218|7.4|2.9|160|107|2.1|1.4|145|149|1.9|1.9|40|45|0.5|0.6|1385|364|18.5|4.6|44.5|4.5|7800|849|4390|695|56.3|5.7|1000|316|12.8|3.9|1050|284|13.5|3.7|850|277|10.9|3.4|515|242|6.6|2.9|7800|849|105|102|1.3|1.3|580|177|7.4|2.3|295|142|3.8|1.8|15|23|0.2|0.3|565|300|7.2|3.6|445|235|5.7|2.8|135|85|1.7|1.1|575|184|7.4|2.5|1235|312|15.8|3.7|2515|550|32.2|5.8|320|134|4.1|1.7|260|138|3.3|1.7|765|304|9.8|3.6|7800|849|5565|694|71.3|5.4|1805|480|23.1|5.3|430|155|5.5|1.9|0|32|0.0|0.5|90466|10529|118796|10818|80730|12841|9780|926|9635|920|98.5|1.3|8680|859|88.8|4.5|1515|487|15.5|4.6|140|129|1.4|1.3|9755|924|8050|861|7775|852|7675|833|98.7|1.6|7340|842|94.4|3.3|740|266|9.5|3.5|100|122|1.3|1.5|275|147|275|147|100.0|14.3|80|77|29.1|23.2|195|120|70.9|22.8|0|32|0.0|14.3|1700|409|1660|406|97.6|3.1|1235|269|72.6|14.8|580|328|34.1|14.3|40|51|2.4|3.0|7.2|4.0|7.2|4.0|7.2|4.0|0.0|100.0
9600000US0605940|Bret Harte Union High School District, CA|0605940|2019-2023|205|595|248|575|242|96.6|3.8|575|242|96.6|3.8|540|227|90.8|8.9|35|51|5.9|7.7|0|21|0.0|6.9|20|24|3.4|3.9|575|242|6.1|8.0|310|150|290|143|93.5|7.6|290|143|93.5|7.6|255|131|82.3|17.0|540|227|420|186|77.8|19.6|90|124|16.7|20.9|4|11|0.7|2.3|25|44|4.6|8.0|0|21|0.0|7.6|0|21|0.0|7.6|30.6|9.3|540|227|240|164|44.4|19.5|90|62|16.7|11.7|75|75|13.9|12.2|105|77|19.4|14.8|30|41|5.6|7.2|540|227|0|21|0.0|7.6|125|88|23.1|15.8|10|17|1.9|3.2|30|41|5.6|7.2|60|74|11.1|12.7|10|17|1.9|3.2|0|21|0.0|7.6|0|21|0.0|7.6|20|25|3.7|4.9|210|153|38.9|16.7|15|19|2.8|3.6|4|11|0.7|2.1|50|52|9.3|10.2|540|227|260|154|48.1|21.1|250|164|46.3|21.1|30|31|5.6|6.3|0|21|0.0|7.6|75129|33545|101371|37788|43030|31693|595|248|585|247|98.3|2.7|480|231|80.7|12.9|105|78|17.6|13.1|10|13|1.7|2.3|595|248|575|242|540|227|530|225|98.1|2.9|435|216|80.6|13.9|95|73|17.6|14.3|10|13|1.9|2.6|35|51|35|51|100.0|57.3|35|51|100.0|57.3|0|21|0.0|57.3|0|21|0.0|57.3|20|24|20|24|100.0|75.8|10|21|50.0|50.0|10|15|50.0|50.0|0|21|0.0|75.8|4.2|5.5|4.2|5.5|4.2|5.5|-|**
9500000US0606030|Briggs Elementary School District, CA|0606030|2019-2023|205|265|107|255|102|96.2|4.8|255|102|96.2|4.8|235|97|88.7|8.5|25|21|9.4|8.2|0|14|0.0|14.8|10|12|3.8|4.5|255|102|9.8|8.3|145|60|135|57|93.1|8.5|135|57|93.1|8.5|125|54|86.2|14.7|210|89|140|66|66.7|20.9|50|50|23.8|18.5|0|14|0.0|18.2|0|14|0.0|18.2|0|14|0.0|18.2|20|30|9.5|13.9|23.1|5.1|235|97|50|38|21.3|13.7|70|44|29.8|16.7|45|36|19.1|14.5|35|50|14.9|18.5|35|29|14.9|10.9|235|97|30|46|12.8|17.4|10|16|4.3|7.4|20|18|8.5|7.6|4|9|1.7|3.9|4|12|1.7|4.9|20|19|8.5|7.8|0|14|0.0|16.5|10|14|4.3|5.8|30|34|12.8|12.6|75|42|31.9|15.2|0|14|0.0|16.5|0|14|0.0|16.5|30|33|12.8|13.7|235|97|150|75|63.8|17.0|85|53|36.2|17.4|0|14|0.0|16.5|0|14|0.0|16.5|47826|26643|51458|17880|55962|8301|265|107|260|106|98.1|6.2|185|87|69.8|20.1|80|66|30.2|20.1|4|17|1.5|6.4|265|107|255|102|235|97|230|98|97.9|4.4|170|83|72.3|22.0|70|66|29.8|23.3|4|14|1.7|0.8|25|21|20|19|80.0|47.4|4|9|16.0|38.0|15|18|60.0|55.6|4|8|16.0|34.8|10|12|10|12|100.0|100.0|10|12|100.0|100.0|0|14|0.0|100.0|0|14|0.0|100.0|1.5|3.7|1.5|3.7|1.5|3.7|-|**
9500000US0606060|Brisbane Elementary School District, CA|0606060|2019-2023|205|595|159|560|152|94.1|6.7|560|152|94.1|6.7|535|148|89.9|5.9|25|33|4.2|5.6|0|19|0.0|6.9|35|41|5.9|6.6|560|152|4.5|5.8|335|95|300|97|89.6|12.0|300|97|89.6|12.0|285|93|85.1|9.3|470|143|145|84|30.9|19.2|160|115|34.0|21.0|45|42|9.6|8.2|0|19|0.0|8.6|0|19|0.0|8.6|120|91|25.5|17.0|32.2|9.8|535|148|320|154|59.8|20.9|45|52|8.4|10.6|120|94|22.4|16.5|20|31|3.7|5.7|30|32|5.6|6.1|535|148|0|19|0.0|7.6|45|66|8.4|12.4|50|74|9.3|13.7|10|18|1.9|3.3|35|39|6.5|7.8|45|44|8.4|8.2|0|19|0.0|7.6|35|45|6.5|8.6|120|92|22.4|15.2|105|75|19.6|12.6|45|49|8.4|9.2|0|19|0.0|7.6|50|45|9.3|8.1|535|148|335|118|62.6|15.0|125|82|23.4|13.6|75|74|14.0|13.5|0|19|0.0|7.6|78108|40260|85682|75844|79583|40929|595|159|520|150|87.4|11.9|445|150|74.8|16.6|75|77|12.6|13.0|75|74|12.6|12.1|595|159|560|152|535|148|470|141|87.9|13.2|415|144|77.6|16.2|55|52|10.3|10.2|65|73|12.1|13.3|25|33|15|27|60.0|60.0|15|27|60.0|60.0|0|19|0.0|67.8|10|18|40.0|54.8|35|41|35|41|100.0|57.3|15|27|42.9|57.1|20|33|57.1|57.1|0|19|0.0|57.3|15.1|16.7|15.1|16.7|15.1|16.7|-|**
9500000US0606090|Brittan Elementary School District, CA|0606090|2019-2023|205|375|168|325|164|86.7|12.7|325|164|86.7|12.7|325|164|86.7|12.7|0|14|0.0|10.7|0|14|0.0|10.7|50|45|13.3|12.5|325|164|0.0|12.2|185|86|135|80|73.0|22.6|135|80|73.0|22.6|135|80|73.0|22.6|325|164|215|85|66.2|29.1|15|20|4.6|6.4|0|14|0.0|12.2|0|14|0.0|12.2|0|14|0.0|12.2|95|134|29.2|30.7|42.7|17.4|325|164|175|158|53.8|27.9|100|81|30.8|24.0|20|34|6.2|11.2|25|28|7.7|9.8|4|16|1.2|6.0|325|164|30|41|9.2|12.5|55|71|16.9|14.9|0|14|0.0|12.2|4|16|1.2|6.0|0|14|0.0|12.2|4|12|1.2|3.9|0|14|0.0|12.2|20|34|6.2|11.2|60|72|18.5|16.8|45|34|13.8|13.0|4|14|1.2|4.6|65|83|20.0|24.3|25|37|7.7|11.5|325|164|105|59|32.3|21.5|140|139|43.1|26.5|80|84|24.6|25.3|0|14|0.0|12.2|88417|33362|116595|49515|-|**|375|168|375|168|100.0|10.7|320|171|85.3|12.5|70|51|18.7|16.2|0|14|0.0|10.7|375|168|325|164|325|164|325|164|100.0|12.2|285|165|87.7|11.4|45|35|13.8|13.5|0|14|0.0|12.2|0|14|0|14|-|**|0|14|-|**|0|14|-|**|0|14|-|**|50|45|50|45|100.0|48.0|35|37|70.0|38.7|25|25|50.0|45.2|0|14|0.0|48.0|2.7|4.9|2.7|4.9|2.7|4.9|-|**
9500000US0606270|Buckeye Union Elementary School District, CA|0606270|2019-2023|205|5515|636|4540|528|82.3|3.2|4530|527|82.1|3.2|4360|495|79.1|3.8|170|119|3.1|2.1|10|18|0.2|0.3|975|222|17.7|3.2|4530|527|3.8|2.5|2820|356|1985|322|70.4|6.6|1985|322|70.4|6.6|1880|304|66.7|6.8|4270|495|2650|388|62.1|5.4|245|109|5.7|2.5|10|14|0.2|0.3|0|29|0.0|1.0|15|28|0.4|0.6|1355|281|31.7|5.4|34.1|4.3|4360|495|2705|392|62.0|6.4|430|177|9.9|3.7|775|242|17.8|4.9|190|117|4.4|2.7|260|147|6.0|3.4|4360|495|0|29|0.0|1.0|290|160|6.7|3.4|325|136|7.5|3.0|70|85|1.6|1.9|185|90|4.2|2.1|225|140|5.2|3.2|185|98|4.2|2.3|545|191|12.5|4.1|675|226|15.5|4.6|1055|233|24.2|4.7|100|70|2.3|1.6|305|151|7.0|3.4|400|156|9.2|3.4|4360|495|3010|431|69.0|5.7|1145|292|26.3|6.4|205|117|4.7|2.5|0|29|0.0|1.0|101634|8884|128038|17784|96713|19594|5505|634|5355|658|97.3|2.8|5210|655|94.6|3.2|325|143|5.9|2.6|150|150|2.7|2.7|5485|637|4510|530|4340|499|4235|516|97.6|2.8|4145|522|95.5|3.3|235|126|5.4|2.9|105|120|2.4|2.8|170|119|170|119|100.0|21.9|130|113|76.5|26.4|45|44|26.5|26.2|0|29|0.0|21.9|975|222|930|225|95.4|5.4|920|227|94.4|5.7|30|32|3.1|3.4|45|52|4.6|5.4|3.8|2.0|3.8|2.0|3.8|2.0|0.0|75.8
9500000US0606330|Buellton Union Elementary School District, CA|0606330|2019-2023|205|440|161|400|151|90.9|9.8|400|151|90.9|9.8|400|151|90.9|9.8|0|19|0.0|9.2|0|19|0.0|9.2|40|46|9.1|9.6|400|151|0.0|10.1|225|91|205|83|91.1|17.3|205|83|91.1|17.3|205|83|91.1|17.3|400|151|290|128|72.5|18.2|85|74|21.3|16.4|0|19|0.0|10.1|0|19|0.0|10.1|15|27|3.8|6.7|10|21|2.5|5.0|27.5|7.8|400|151|220|109|55.0|19.6|55|54|13.8|12.3|60|60|15.0|13.9|0|19|0.0|10.1|70|55|17.5|12.3|400|151|0|19|0.0|10.1|0|19|0.0|10.1|0|19|0.0|10.1|0|19|0.0|10.1|75|72|18.8|16.6|95|58|23.8|12.0|0|19|0.0|10.1|0|19|0.0|10.1|10|15|2.5|3.7|180|86|45.0|13.2|20|32|5.0|7.8|0|19|0.0|10.1|15|28|3.8|6.5|400|151|270|126|67.5|16.7|100|77|25.0|18.6|30|45|7.5|10.6|0|19|0.0|10.1|69236|21146|69931|18534|79306|51718|440|161|440|161|100.0|9.2|410|168|93.2|10.3|30|41|6.8|10.2|0|19|0.0|9.2|440|161|400|151|400|151|400|151|100.0|10.1|385|151|96.3|7.1|15|29|3.8|7.3|0|19|0.0|10.1|0|19|0|19|-|**|0|19|-|**|0|19|-|**|0|19|-|**|40|46|40|46|100.0|53.6|25|40|62.5|62.5|15|27|37.5|62.5|0|19|0.0|53.6|2.3|3.4|2.3|3.4|2.3|3.4|-|**
9500000US0606360|Buena Park Elementary School District, CA|0606360|2019-2023|205|4470|552|3915|492|87.6|3.6|3880|486|86.8|3.5|3820|476|85.5|3.7|60|53|1.3|1.1|35|51|0.8|1.2|555|180|12.4|3.6|3880|486|1.5|1.3|2220|329|1725|312|77.7|7.0|1725|312|77.7|7.0|1680|306|75.7|7.1|3800|478|2660|413|70.0|7.0|590|253|15.5|6.1|60|77|1.6|2.0|30|47|0.8|1.2|145|86|3.8|2.2|315|114|8.3|3.2|30.3|3.9|3820|476|1430|329|37.4|6.7|550|184|14.4|5.1|985|280|25.8|6.1|345|165|9.0|4.1|515|191|13.5|4.9|3820|476|130|114|3.4|3.0|320|150|8.4|3.9|300|171|7.9|4.3|225|138|5.9|3.4|360|220|9.4|5.5|320|138|8.4|3.5|55|46|1.4|1.2|160|103|4.2|2.6|295|128|7.7|3.4|1040|293|27.2|6.6|380|161|9.9|4.4|200|115|5.2|2.8|35|29|0.9|0.8|3820|476|2955|395|77.4|4.9|510|171|13.4|4.0|325|157|8.5|3.9|30|43|0.8|1.1|54332|9154|62294|6975|61900|7598|4435|547|3885|558|87.6|5.2|2835|509|63.9|7.0|1300|295|29.3|6.0|550|233|12.4|5.3|4435|547|3880|486|3820|476|3295|486|86.3|6.0|2635|481|69.0|7.7|895|247|23.4|6.3|525|233|13.7|6.0|60|53|60|53|100.0|43.8|15|22|25.0|44.0|45|47|75.0|38.3|0|29|0.0|43.8|555|180|530|168|95.5|6.7|180|110|32.4|16.4|365|136|65.8|16.6|25|39|4.5|6.9|6.6|3.1|6.6|3.1|6.6|3.1|-|**
9700000US0606450|Burbank Unified School District, CA|0606450|2019-2023|205|13530|1039|10840|892|80.1|3.9|10840|892|80.1|3.9|10330|820|76.3|3.8|510|255|3.8|1.8|0|32|0.0|0.3|2690|606|19.9|3.9|10840|892|4.7|2.2|7320|550|5275|553|72.1|5.7|5275|553|72.1|5.7|5010|556|68.4|5.9|10235|810|7030|801|68.7|4.6|385|159|3.8|1.5|55|56|0.5|0.6|40|44|0.4|0.4|65|54|0.6|0.5|2665|439|26.0|4.2|28.5|1.8|10330|820|6780|695|65.6|4.6|1105|340|10.7|3.0|1360|355|13.2|3.3|620|215|6.0|2.1|465|185|4.5|1.8|10330|820|4|9|0.0|0.1|410|150|4.0|1.4|465|216|4.5|2.1|140|120|1.4|1.1|820|285|7.9|2.7|300|145|2.9|1.4|1385|284|13.4|2.6|715|243|6.9|2.4|1755|403|17.0|3.6|2370|389|22.9|3.2|915|310|8.9|2.9|415|161|4.0|1.5|630|233|6.1|2.2|10330|820|7530|748|72.9|4.6|1840|391|17.8|3.5|960|343|9.3|3.2|0|32|0.0|0.4|85442|7299|110977|11773|76250|8515|13530|1039|13140|1022|97.1|1.5|10955|1058|81.0|3.7|2400|471|17.7|3.5|395|208|2.9|1.5|13410|1028|10825|892|10315|822|10050|812|97.4|1.6|8710|813|84.4|3.6|1500|343|14.5|3.2|265|165|2.6|1.6|510|255|495|255|97.1|5.7|380|240|74.5|15.2|120|61|23.5|13.6|20|29|3.9|5.9|2585|569|2470|569|95.6|3.2|1805|578|69.8|11.2|675|266|26.1|10.8|110|77|4.3|3.2|7.2|2.5|7.2|2.5|6.9|2.4|33.3|42.4
9500000US0606480|Burlingame Elementary School District, CA|0606480|2019-2023|205|3715|418|3235|397|87.1|3.7|3235|397|87.1|3.7|3110|403|83.7|4.4|125|94|3.4|2.6|0|29|0.0|1.1|480|147|12.9|3.7|3235|397|3.9|2.9|1855|221|1430|234|77.1|7.5|1430|234|77.1|7.5|1370|231|73.9|7.6|3100|404|1885|341|60.8|7.3|105|78|3.4|2.3|215|118|6.9|3.7|35|42|1.1|1.3|85|84|2.7|2.7|775|201|25.0|6.1|30.1|2.7|3110|403|2305|375|74.1|7.2|265|123|8.5|3.8|330|143|10.6|4.3|40|46|1.3|1.5|175|103|5.6|3.2|3110|403|0|29|0.0|1.4|155|101|5.0|3.2|260|146|8.4|4.5|25|39|0.8|1.2|185|110|5.9|3.4|95|61|3.1|2.0|175|76|5.6|2.3|415|143|13.3|4.4|910|208|29.3|5.5|500|148|16.1|4.6|220|120|7.1|3.7|15|22|0.5|0.7|160|94|5.1|3.0|3110|403|2405|407|77.3|6.0|405|142|13.0|4.5|305|111|9.8|3.8|0|29|0.0|1.4|147491|41795|212143|26027|185928|32637|3715|418|3685|414|99.2|1.0|3380|421|91.0|3.7|320|145|8.6|3.9|30|36|0.8|1.0|3695|421|3230|398|3105|405|3080|397|99.2|1.2|2885|403|92.9|3.1|200|98|6.4|3.2|30|36|1.0|1.2|125|94|125|94|100.0|28.1|100|85|80.0|31.3|25|38|20.0|29.7|0|29|0.0|28.1|470|147|470|147|100.0|8.6|390|136|83.0|10.0|80|52|17.0|10.4|0|29|0.0|8.6|1.6|1.5|1.6|1.5|1.6|1.6|0.0|87.6
9500000US0606570|Burton Elementary School District, CA|0606570|2019-2023|205|2720|654|2265|605|83.3|6.2|2265|605|83.3|6.2|2220|600|81.6|6.4|45|45|1.7|1.7|0|21|0.0|1.5|455|175|16.7|6.2|2265|605|2.0|2.0|1470|339|1170|324|79.6|8.8|1170|324|79.6|8.8|1125|322|76.5|9.3|2055|567|1245|351|60.6|14.7|675|435|32.8|15.8|0|21|0.0|2.0|70|118|3.4|5.7|40|68|1.9|3.4|25|29|1.2|1.5|19.0|5.1|2220|600|725|327|32.7|9.2|550|199|24.8|6.5|365|204|16.4|8.7|280|117|12.6|5.9|305|175|13.7|6.5|2220|600|230|103|10.4|5.0|40|45|1.8|2.1|200|138|9.0|5.7|4|23|0.2|1.1|100|84|4.5|4.0|75|88|3.4|3.5|0|21|0.0|1.9|20|29|0.9|1.3|55|64|2.5|2.9|845|462|38.1|13.8|205|163|9.2|7.4|65|55|2.9|2.5|375|224|16.9|9.7|2220|600|1080|327|48.6|12.2|1065|479|48.0|12.7|75|54|3.4|2.8|0|21|0.0|1.9|42404|9634|71287|27640|62863|29111|2720|654|2620|648|96.3|2.9|1530|556|56.3|12.7|1160|406|42.6|13.1|100|79|3.7|3.0|2720|654|2265|605|2220|600|2170|600|97.7|2.6|1425|551|64.2|13.3|810|323|36.5|13.8|55|53|2.5|2.5|45|45|45|45|100.0|50.6|0|21|0.0|50.6|45|45|100.0|50.6|0|21|0.0|50.6|455|175|405|172|89.0|10.2|105|65|23.1|12.5|305|153|67.0|17.0|50|46|11.0|10.3|10.1|5.3|10.1|5.3|10.1|5.3|-|**
9500000US0606750|Byron Union Elementary School District, CA|0606750|2019-2023|205|1155|322|945|294|81.8|8.5|945|294|81.8|8.5|915|295|79.2|9.0|30|39|2.6|3.5|0|21|0.0|3.6|210|107|18.2|8.4|945|294|3.2|4.3|555|158|350|132|63.1|15.5|350|132|63.1|15.5|320|138|57.7|16.6|915|295|535|170|58.5|15.2|195|188|21.3|17.6|0|21|0.0|4.5|35|47|3.8|5.1|30|48|3.3|5.2|120|93|13.1|8.2|49.3|8.8|915|295|590|231|64.5|11.2|130|95|14.2|9.1|105|88|11.5|8.9|85|53|9.3|6.2|4|14|0.4|1.5|915|295|0|21|0.0|4.5|120|102|13.1|10.3|60|66|6.6|7.3|4|15|0.4|1.6|4|20|0.4|2.3|15|21|1.6|2.3|15|23|1.6|2.5|100|104|10.9|10.8|215|174|23.5|15.8|210|122|23.0|11.9|40|45|4.4|5.0|45|48|4.9|5.6|85|86|9.3|8.4|915|295|795|264|86.9|9.5|125|96|13.7|9.4|0|21|0.0|4.5|0|21|0.0|4.5|112684|18642|135536|58146|83000|57568|1155|322|1145|317|99.1|3.4|1090|320|94.4|4.9|200|120|17.3|9.7|10|40|0.9|3.4|1155|322|945|294|915|295|915|295|100.0|4.5|880|293|96.2|5.0|175|127|19.1|11.9|0|21|0.0|4.5|30|39|30|39|100.0|61.9|30|39|100.0|61.9|0|21|0.0|61.9|0|21|0.0|61.9|210|107|200|101|95.2|19.1|180|100|85.7|19.3|25|34|11.9|16.0|10|40|4.8|18.5|3.0|4.2|3.0|4.2|3.0|4.2|-|**
9700000US0606780|Cabrillo Unified School District, CA|0606780|2019-2023|205|2375|528|2090|511|88.0|5.9|2090|511|88.0|5.9|2040|511|85.9|5.9|50|42|2.1|1.8|0|25|0.0|1.8|280|140|11.8|5.9|2090|511|2.4|2.1|1115|265|950|255|85.2|7.9|950|255|85.2|7.9|910|258|81.6|8.2|1875|417|1200|282|64.0|9.8|135|63|7.2|3.3|0|25|0.0|2.2|35|50|1.9|2.7|65|103|3.5|5.2|440|220|23.5|9.2|28.6|3.4|2040|511|1065|341|52.2|8.5|355|177|17.4|7.2|285|138|14.0|6.5|325|167|15.9|7.4|15|32|0.7|1.6|2040|511|80|80|3.9|3.7|170|105|8.3|4.8|35|36|1.7|1.7|35|59|1.7|2.8|285|139|14.0|6.1|0|25|0.0|2.1|50|56|2.5|2.8|60|61|2.9|3.0|420|205|20.6|8.2|540|327|26.5|13.1|95|62|4.7|3.3|90|54|4.4|2.8|180|120|8.8|5.7|2040|511|1395|381|68.4|8.1|525|214|25.7|8.0|120|74|5.9|3.4|0|25|0.0|2.1|71959|33395|121151|20365|55846|31622|2375|528|2245|520|94.5|4.1|2000|496|84.2|7.0|265|162|11.2|6.6|125|96|5.3|4.1|2375|528|2090|511|2040|511|1935|498|94.9|4.1|1760|467|86.3|6.3|195|121|9.6|5.5|105|83|5.1|4.1|50|42|50|42|100.0|48.0|40|38|80.0|35.0|10|17|20.0|31.7|0|25|0.0|48.0|280|140|260|141|92.9|11.0|200|119|71.4|25.1|60|79|21.4|24.0|25|28|8.9|11.0|1.7|1.9|1.7|1.9|1.7|1.9|-|**
9500000US0606810|Cajon Valley Union Elementary School District, CA|0606810|2019-2023|205|18875|1352|14640|1076|77.6|2.7|14490|1082|76.8|2.7|13705|999|72.6|2.6|785|232|4.2|1.2|145|95|0.8|0.5|4240|635|22.5|2.7|14490|1082|5.4|1.5|10440|739|6810|583|65.2|4.7|6800|583|65.1|4.7|6205|538|59.4|4.5|13610|1000|10750|827|79.0|3.1|1060|325|7.8|2.2|50|40|0.4|0.3|200|111|1.5|0.8|330|197|2.4|1.4|1225|381|9.0|2.6|25.2|1.8|13705|999|4895|634|35.7|4.1|2775|455|20.2|3.1|2585|545|18.9|3.6|1740|295|12.7|2.1|1710|424|12.5|2.7|13705|999|100|83|0.7|0.6|1535|295|11.2|2.1|810|255|5.9|1.9|340|209|2.5|1.5|1335|413|9.7|2.9|760|264|5.5|1.8|240|123|1.8|0.9|760|321|5.5|2.3|1500|439|10.9|3.0|3665|528|26.7|3.3|1120|288|8.2|2.1|730|253|5.3|1.8|810|245|5.9|1.7|13705|999|10190|843|74.4|3.2|2235|426|16.3|2.8|1280|306|9.3|2.1|0|32|0.0|0.3|49421|4004|88213|16296|54222|7673|18730|1359|17485|1292|93.4|2.7|10810|989|57.7|3.9|8120|919|43.4|4.0|1245|535|6.6|2.7|18705|1353|14470|1078|13685|994|12950|994|94.6|2.2|9340|898|68.2|3.8|4765|606|34.8|4.2|735|306|5.4|2.2|785|232|735|234|93.6|11.1|180|102|22.9|11.1|570|200|72.6|13.3|55|86|7.0|10.9|4235|634|3775|549|89.1|6.2|1265|273|29.9|6.1|2760|501|65.2|7.2|460|287|10.9|6.2|16.1|2.8|16.1|2.8|16.1|2.8|0.0|67.8
9700000US0606870|Calaveras Unified School District, CA|0606870|2019-2023|205|2015|419|1735|385|86.1|6.2|1735|385|86.1|6.2|1705|391|84.6|6.8|30|53|1.5|2.7|0|25|0.0|2.1|280|137|13.9|6.3|1735|385|1.7|3.1|1110|245|960|224|86.5|6.6|960|224|86.5|6.6|960|224|86.5|6.6|1640|384|1290|342|78.7|8.6|255|145|15.5|8.4|15|29|0.9|1.8|0|25|0.0|2.6|0|25|0.0|2.6|80|73|4.9|4.3|47.0|9.6|1705|391|520|197|30.5|9.1|325|153|19.1|7.5|340|126|19.9|7.2|295|153|17.3|7.5|225|133|13.2|7.0|1705|391|35|41|2.1|2.3|275|128|16.1|7.5|150|122|8.8|6.3|0|25|0.0|2.5|130|115|7.6|6.4|120|87|7.0|4.9|0|25|0.0|2.5|100|101|5.9|6.1|55|56|3.2|3.3|595|215|34.9|9.8|85|68|5.0|4.0|0|25|0.0|2.5|165|131|9.7|6.9|1705|391|1230|266|72.1|8.6|365|207|21.4|9.3|110|73|6.5|4.2|0|25|0.0|2.5|55256|13087|74231|28049|61522|34734|2015|419|2005|416|99.5|0.9|1585|380|78.7|8.8|490|209|24.3|9.1|10|17|0.5|0.8|2015|419|1735|385|1705|391|1705|391|100.0|2.5|1400|353|82.1|8.9|360|180|21.1|9.2|0|25|0.0|2.5|30|53|30|53|100.0|61.9|15|23|50.0|50.0|15|49|50.0|50.0|0|25|0.0|61.9|280|137|270|137|96.4|6.6|170|115|60.7|23.6|110|78|39.3|23.0|10|17|3.6|6.4|14.1|8.0|14.1|8.0|14.1|8.0|-|**
9700000US0606900|Calexico Unified School District, CA|0606900|2019-2023|205|5505|518|4640|453|84.3|4.0|4640|453|84.3|4.0|4035|475|73.3|5.2|605|201|11.0|3.7|0|29|0.0|0.8|865|247|15.7|4.0|4640|453|13.0|4.4|3355|335|2585|327|77.0|6.9|2585|327|77.0|6.9|2115|330|63.0|8.0|3810|473|3055|439|80.2|6.6|360|180|9.4|4.5|50|77|1.3|2.0|100|84|2.6|2.2|40|56|1.0|1.5|200|127|5.2|3.1|26.2|2.9|4035|475|1090|325|27.0|6.7|1035|316|25.7|7.7|710|221|17.6|5.2|700|276|17.3|6.1|500|183|12.4|4.9|4035|475|400|206|9.9|5.0|335|223|8.3|5.1|275|139|6.8|3.5|60|51|1.5|1.3|415|159|10.3|3.7|225|122|5.6|3.1|0|29|0.0|1.0|150|108|3.7|2.5|205|129|5.1|3.3|1145|303|28.4|6.4|195|142|4.8|3.6|60|80|1.5|2.0|565|287|14.0|6.9|4035|475|2450|354|60.7|7.1|1285|310|31.8|6.6|295|173|7.3|3.9|0|29|0.0|1.0|36101|9447|75102|6352|41522|12458|5505|518|5135|527|93.3|3.6|2375|425|43.1|7.1|2830|511|51.4|7.2|370|201|6.7|3.6|5470|523|4640|453|4035|475|3755|473|93.1|4.0|2020|384|50.1|7.2|1805|347|44.7|7.0|280|165|6.9|4.0|605|201|525|197|86.8|11.0|195|102|32.2|14.5|325|157|53.7|15.1|85|69|14.0|11.2|830|249|825|248|99.4|2.5|160|81|19.3|10.1|665|243|80.1|10.3|10|14|1.2|1.8|19.2|5.3|19.2|5.3|19.3|5.3|0.0|57.3
9700000US0607020|Calistoga Joint Unified School District, CA|0607020|2019-2023|205|1095|238|870|172|79.5|10.4|870|172|79.5|10.4|820|166|74.9|9.6|50|65|4.6|6.0|0|19|0.0|3.8|225|140|20.5|10.3|870|172|5.7|7.2|535|130|495|127|92.5|8.6|495|127|92.5|8.6|450|149|84.1|17.4|820|166|700|193|85.4|12.2|45|48|5.5|5.9|0|19|0.0|5.0|70|80|8.5|10.1|4|8|0.5|1.0|0|19|0.0|5.0|22.1|3.8|820|166|215|135|26.2|15.7|290|212|35.4|25.9|115|94|14.0|11.4|90|116|11.0|12.6|105|98|12.8|11.9|820|166|70|59|8.5|7.1|15|24|1.8|2.9|60|56|7.3|7.0|90|139|11.0|17.1|0|19|0.0|5.0|0|19|0.0|5.0|0|19|0.0|5.0|50|76|6.1|9.6|90|101|11.0|10.6|135|128|16.5|13.6|310|179|37.8|22.4|0|19|0.0|5.0|0|19|0.0|5.0|820|166|765|126|93.3|10.1|50|93|6.1|10.1|4|5|0.5|0.6|0|19|0.0|5.0|54359|9188|56178|34503|73750|48425|1095|238|925|227|84.5|16.1|790|286|72.1|21.6|250|176|22.8|16.2|170|189|15.5|16.1|1095|238|870|172|820|166|740|169|90.2|10.8|615|229|75.0|21.2|145|144|17.7|18.3|80|89|9.8|10.6|50|65|50|65|100.0|48.0|50|65|100.0|48.0|0|19|0.0|48.0|0|19|0.0|48.0|225|140|135|108|60.0|38.4|130|110|57.8|38.1|110|106|48.9|39.4|90|103|40.0|38.5|0.0|3.8|0.0|3.8|0.0|3.8|-|**
9500000US0607140|Cambrian Elementary School District, CA|0607140|2019-2023|205|3525|665|2980|575|84.5|4.5|2980|575|84.5|4.5|2940|565|83.4|4.8|40|41|1.1|1.1|0|29|0.0|1.2|545|196|15.5|4.5|2980|575|1.3|1.3|1850|386|1355|305|73.2|7.1|1355|305|73.2|7.1|1345|306|72.7|7.1|2855|558|1975|505|69.2|8.1|55|54|1.9|1.9|25|24|0.9|0.8|20|33|0.7|1.2|105|87|3.7|2.9|675|223|23.6|7.8|27.2|4.0|2940|565|2170|500|73.8|7.3|45|58|1.5|1.9|495|211|16.8|6.2|150|89|5.1|3.2|85|62|2.9|2.3|2940|565|0|29|0.0|1.4|170|105|5.8|3.5|705|289|24.0|8.1|85|90|2.9|3.1|190|154|6.5|4.9|75|54|2.6|2.1|245|130|8.3|4.3|260|122|8.8|4.1|450|170|15.3|5.6|610|249|20.7|6.6|50|46|1.7|1.7|55|56|1.9|1.9|40|40|1.4|1.4|2940|565|2500|551|85.0|5.1|280|120|9.5|4.3|160|105|5.4|3.6|0|29|0.0|1.4|131509|48298|215750|37653|114336|13471|3525|665|3445|668|97.7|1.9|3260|635|92.5|3.9|190|136|5.4|3.6|80|63|2.3|1.9|3525|663|2980|574|2940|564|2860|568|97.3|2.3|2835|564|96.4|2.4|30|35|1.0|1.2|80|63|2.7|2.2|40|41|40|41|100.0|53.6|30|43|75.0|44.7|10|14|25.0|42.4|0|29|0.0|53.6|545|196|545|196|100.0|7.5|395|149|72.5|19.3|155|130|28.4|19.6|0|29|0.0|7.5|2.4|2.1|2.4|2.1|2.4|2.1|0.0|100.0
9500000US0607200|Campbell Union Elementary School District, CA|0607200|2019-2023|205|8350|877|7015|762|84.0|3.2|7015|762|84.0|3.2|6885|756|82.5|3.2|130|78|1.6|0.9|0|32|0.0|0.5|1335|311|16.0|3.2|7015|762|1.9|1.1|4435|447|3250|415|73.3|5.9|3250|415|73.3|5.9|3175|418|71.6|5.9|6850|750|4665|631|68.1|6.1|615|391|9.0|5.4|95|63|1.4|0.9|205|159|3.0|2.3|135|75|2.0|1.1|1130|297|16.5|4.3|23.2|1.7|6885|756|3870|672|56.2|6.2|995|254|14.5|3.6|960|262|13.9|3.7|535|239|7.8|3.4|530|203|7.7|2.9|6885|756|30|35|0.4|0.5|530|244|7.7|3.4|1115|432|16.2|5.5|75|69|1.1|1.0|540|171|7.8|2.5|205|123|3.0|1.8|350|142|5.1|2.0|215|93|3.1|1.4|1250|261|18.2|3.7|1705|384|24.8|4.7|565|193|8.2|2.9|130|78|1.9|1.2|180|123|2.6|1.7|6885|756|5565|621|80.8|4.3|1035|326|15.0|3.9|265|100|3.8|1.5|20|30|0.3|0.4|93049|8607|119250|26041|91250|18166|8350|877|8010|884|95.9|2.0|7090|868|84.9|4.1|1300|359|15.6|4.2|345|166|4.1|2.0|8285|877|6950|759|6820|754|6580|767|96.5|2.3|5910|741|86.7|4.3|1035|316|15.2|4.4|240|152|3.5|2.3|130|78|110|71|84.6|24.3|60|57|46.2|32.5|45|42|34.6|30.3|20|35|15.4|25.6|1335|311|1255|312|94.0|5.0|1120|282|83.9|7.8|150|96|11.2|6.5|85|65|6.4|4.9|4.2|1.9|4.2|1.9|4.2|1.9|0.0|42.1
9600000US0607230|Campbell Union High School District, CA|0607230|2019-2023|205|12325|985|10390|974|84.3|2.7|10390|974|84.3|2.7|10075|936|81.7|2.9|310|156|2.5|1.2|0|32|0.0|0.3|1940|332|15.7|2.7|10390|974|3.0|1.4|6340|547|4810|539|75.9|4.5|4810|539|75.9|4.5|4740|534|74.8|4.4|9935|910|6770|813|68.1|4.1|555|157|5.6|1.6|90|62|0.9|0.6|120|82|1.2|0.8|170|99|1.7|1.0|2230|390|22.4|3.6|24.6|1.4|10075|936|6095|641|60.5|4.3|1140|359|11.3|3.2|1530|308|15.2|2.7|595|208|5.9|1.9|720|235|7.1|2.2|10075|936|15|23|0.1|0.2|765|228|7.6|2.1|1490|315|14.8|2.8|220|132|2.2|1.3|720|233|7.1|2.3|365|139|3.6|1.3|440|139|4.4|1.4|570|199|5.7|1.8|2240|451|22.2|3.8|2065|289|20.5|2.7|435|195|4.3|1.9|465|218|4.6|2.0|280|127|2.8|1.2|10075|936|8130|812|80.7|3.2|1290|292|12.8|2.7|625|202|6.2|1.9|35|54|0.3|0.5|104197|6431|158333|24200|103780|12806|12325|985|12130|976|98.4|0.9|10985|911|89.1|2.6|1625|371|13.2|2.7|195|108|1.6|0.9|12210|981|10310|965|10005|928|9885|913|98.8|0.7|9175|829|91.7|2.7|1080|353|10.8|3.1|120|75|1.2|0.7|305|157|295|159|96.7|7.0|275|157|90.2|13.1|40|43|13.1|13.8|10|18|3.3|6.8|1905|325|1840|329|96.6|3.3|1480|287|77.7|8.5|385|181|20.2|8.4|65|61|3.4|3.2|4.7|1.9|4.7|1.9|4.8|1.9|0.0|30.0
9700000US0607440|Capistrano Unified School District, CA|0607440|2019-2023|205|50740|1841|42015|1597|82.8|1.3|41885|1607|82.5|1.3|40605|1577|80.0|1.4|1280|319|2.5|0.6|130|137|0.3|0.3|8725|754|17.2|1.3|41885|1607|3.1|0.7|26345|958|18625|914|70.7|2.5|18595|915|70.6|2.4|17920|892|68.0|2.5|40410|1527|26035|1123|64.4|2.3|2655|446|6.6|1.1|105|88|0.3|0.2|450|211|1.1|0.5|620|217|1.5|0.5|10545|1145|26.1|2.3|27.6|1.2|40605|1577|25230|1491|62.1|2.1|4605|556|11.3|1.4|7620|662|18.8|1.5|1345|312|3.3|0.7|1805|389|4.4|1.0|40605|1577|100|67|0.2|0.2|1810|421|4.5|1.0|4445|615|10.9|1.5|1485|358|3.7|0.8|3100|530|7.6|1.3|870|241|2.1|0.6|1115|309|2.7|0.7|5235|592|12.9|1.4|8200|816|20.2|1.8|8670|678|21.4|1.4|2385|471|5.9|1.2|1410|347|3.5|0.8|1780|355|4.4|0.9|40605|1577|31700|1433|78.1|1.8|5195|566|12.8|1.3|3635|598|9.0|1.4|75|56|0.2|0.1|101643|2777|147426|9684|95858|7316|50610|1850|47805|1981|94.5|1.2|44175|1968|87.3|1.8|5245|791|10.4|1.5|2805|615|5.5|1.2|50040|1839|41495|1583|40255|1559|38460|1664|95.5|1.2|36140|1668|89.8|1.8|3450|656|8.6|1.5|1800|493|4.5|1.2|1235|312|1110|305|89.9|7.6|895|262|72.5|10.8|270|144|21.9|9.9|125|97|10.1|7.6|8550|753|7720|720|90.3|2.7|6845|663|80.1|4.3|1155|335|13.5|3.6|830|239|9.7|2.7|3.4|1.1|3.4|1.1|3.4|1.1|0.0|8.3
9500000US0607470|Cardiff Elementary School District, CA|0607470|2019-2023|205|1020|746|965|744|94.6|6.6|965|744|94.6|6.6|965|744|94.6|6.6|0|21|0.0|4.1|0|21|0.0|4.1|60|44|5.9|6.4|965|744|0.0|4.3|525|403|475|404|90.5|11.4|475|404|90.5|11.4|475|404|90.5|11.4|955|743|675|711|70.7|30.3|45|43|4.7|6.9|0|21|0.0|4.3|0|21|0.0|4.3|0|21|0.0|4.3|235|194|24.6|26.8|21.5|11.7|965|744|350|218|36.3|35.8|275|387|28.5|25.1|110|85|11.4|13.8|215|316|22.3|21.3|10|17|1.0|2.2|965|744|0|21|0.0|4.3|230|318|23.8|19.9|40|36|4.1|5.5|10|20|1.0|2.9|15|25|1.6|3.5|40|52|4.1|6.8|55|86|5.7|9.5|35|56|3.6|7.1|135|114|14.0|15.4|95|57|9.8|11.7|0|21|0.0|4.3|265|387|27.5|25.9|30|34|3.1|5.0|965|744|380|235|39.4|38.8|100|65|10.4|11.6|480|701|49.7|47.1|0|21|0.0|4.3|-|**|-|**|-|**|1020|746|540|270|52.9|46.1|540|270|52.9|46.1|0|21|0.0|4.1|480|701|47.1|46.0|1020|746|965|744|965|744|480|258|49.7|47.5|480|258|49.7|47.5|0|21|0.0|4.3|480|701|49.7|47.1|0|21|0|21|-|**|0|21|-|**|0|21|-|**|0|21|-|**|60|44|60|44|100.0|43.8|60|44|100.0|43.8|0|21|0.0|43.8|0|21|0.0|43.8|47.1|46.0|47.1|46.0|47.1|46.0|-|**
9700000US0607500|Carlsbad Unified School District, CA|0607500|2019-2023|205|12045|1064|10105|1007|83.9|2.9|10045|1016|83.4|2.9|9590|973|79.6|3.2|455|177|3.8|1.4|60|60|0.5|0.5|1935|363|16.1|2.9|10045|1016|4.5|1.7|6375|572|4705|544|73.8|4.6|4675|549|73.3|4.6|4350|540|68.2|5.3|9575|960|5945|585|62.1|4.5|570|208|6.0|2.1|4|10|0.0|0.1|85|59|0.9|0.6|120|77|1.3|0.8|2845|583|29.7|4.2|27.2|2.2|9590|973|6350|906|66.2|4.8|1185|313|12.4|3.3|1100|269|11.5|2.8|405|139|4.2|1.5|545|196|5.7|1.9|9590|973|10|23|0.1|0.2|285|157|3.0|1.6|1555|441|16.2|3.6|235|114|2.5|1.2|455|153|4.7|1.6|300|139|3.1|1.5|125|77|1.3|0.8|1030|346|10.7|3.5|1950|430|20.3|3.7|1730|366|18.0|3.6|875|263|9.1|2.8|580|204|6.0|2.0|465|208|4.8|2.2|9590|973|7395|724|77.1|3.7|1170|305|12.2|3.1|1005|366|10.5|3.2|25|33|0.3|0.3|91082|10991|133763|20931|104718|24542|11980|1074|11080|1036|92.5|3.8|10265|973|85.7|4.1|1140|306|9.5|2.4|900|469|7.5|3.8|11880|1071|9945|1010|9490|967|8890|970|93.7|3.3|8470|943|89.3|3.5|645|215|6.8|2.1|600|312|6.3|3.3|455|177|430|175|94.5|9.5|310|156|68.1|19.7|120|91|26.4|18.7|25|41|5.5|9.3|1935|363|1665|303|86.0|9.6|1385|267|71.6|10.2|320|143|16.5|6.6|275|208|14.2|9.6|6.8|3.4|6.8|3.4|6.8|3.4|0.0|33.1
9700000US0607530|Carmel Unified School District, CA|0607530|2019-2023|205|2445|497|2015|399|82.4|7.3|2015|399|82.4|7.3|1975|394|80.8|7.1|40|38|1.6|1.6|0|25|0.0|1.7|430|220|17.6|7.4|2015|399|2.0|1.9|1335|272|970|224|72.7|12.4|970|224|72.7|12.4|950|220|71.2|12.2|1940|386|1315|340|67.8|10.1|185|92|9.5|4.7|0|25|0.0|2.2|65|99|3.4|5.0|0|25|0.0|2.2|375|185|19.3|9.1|27.3|6.5|1975|394|1125|250|57.0|10.1|375|205|19.0|9.5|375|214|19.0|9.3|95|80|4.8|3.9|4|10|0.2|0.5|1975|394|10|18|0.5|1.0|140|120|7.1|5.7|100|95|5.1|4.6|45|50|2.3|2.6|45|46|2.3|2.3|4|10|0.2|0.5|0|25|0.0|2.1|215|148|10.9|6.6|285|130|14.4|6.7|575|171|29.1|8.0|405|216|20.5|9.5|75|90|3.8|4.6|75|58|3.8|3.0|1975|394|1340|314|67.8|8.1|285|115|14.4|5.4|290|165|14.7|7.7|55|32|2.8|1.7|107321|31001|153095|46320|110035|35584|2445|497|2420|495|99.0|1.4|2265|501|92.6|4.4|165|100|6.7|4.3|25|33|1.0|1.4|2425|494|1995|397|1955|391|1950|393|99.7|0.9|1860|396|95.1|4.9|100|98|5.1|5.1|4|14|0.2|0.7|40|38|40|38|100.0|53.6|35|36|87.5|43.2|4|15|10.0|39.1|0|25|0.0|53.6|430|220|405|217|94.2|8.1|370|210|86.0|12.4|40|40|9.3|9.3|25|31|5.8|8.0|1.4|1.7|1.4|1.7|1.4|1.7|0.0|75.8
9700000US0607560|Carpinteria Unified School District, CA|0607560|2019-2023|205|2120|425|1590|310|75.0|6.6|1590|310|75.0|6.6|1545|300|72.9|6.3|45|43|2.1|2.0|0|21|0.0|2.0|535|199|25.2|6.6|1590|310|2.8|2.6|1055|199|570|121|54.0|13.3|570|121|54.0|13.3|535|112|50.7|12.7|1440|308|930|253|64.6|8.1|250|118|17.4|7.5|10|15|0.7|1.1|50|43|3.5|3.0|25|31|1.7|2.2|175|94|12.2|6.3|19.1|2.5|1545|300|575|162|37.2|10.2|340|214|22.0|11.1|225|92|14.6|5.7|275|123|17.8|7.5|130|85|8.4|5.8|1545|300|195|119|12.6|7.5|110|92|7.1|5.9|90|47|5.8|3.3|40|53|2.6|3.4|115|89|7.4|5.9|30|41|1.9|2.5|55|62|3.6|4.0|60|48|3.9|3.1|230|88|14.9|5.9|320|144|20.7|9.2|205|188|13.3|10.5|55|61|3.6|3.8|45|42|2.9|2.8|1545|300|1120|261|72.5|9.2|240|116|15.5|7.2|175|119|11.3|7.3|10|17|0.6|1.1|49519|21681|71288|22556|63947|27446|2120|425|1950|431|92.0|7.2|1695|402|80.0|9.1|310|195|14.6|8.8|170|154|8.0|7.3|2105|427|1590|310|1545|300|1480|304|95.8|4.5|1370|296|88.7|6.8|125|102|8.1|6.5|65|68|4.2|4.4|45|43|45|43|100.0|50.6|30|32|66.7|51.7|15|29|33.3|53.6|0|21|0.0|50.6|515|201|410|164|79.6|26.0|295|150|57.3|23.6|155|94|30.1|20.1|105|149|20.4|26.0|6.4|6.7|6.4|6.7|6.4|6.8|0.0|75.8
9600000US0699002|Caruthers Unified School District (9-12), CA|0699002|2019-2023|205|220|91|160|76|72.7|13.3|160|76|72.7|13.3|135|62|61.4|12.5|25|27|11.4|11.3|0|14|0.0|17.5|60|35|27.3|13.6|160|76|15.6|14.4|130|49|70|40|53.8|22.2|70|40|53.8|22.2|55|36|42.3|22.2|135|62|95|49|70.4|25.6|40|39|29.6|23.2|0|14|0.0|26.5|0|14|0.0|26.5|4|3|3.0|2.4|0|14|0.0|26.5|22.0|5.0|135|62|20|25|14.8|17.3|20|19|14.8|14.0|0|14|0.0|26.5|70|47|51.9|21.7|25|26|18.5|17.5|135|62|65|46|48.1|22.7|4|14|3.0|1.5|10|16|7.4|10.9|0|14|0.0|26.5|0|14|0.0|26.5|4|15|3.0|10.9|0|14|0.0|26.5|4|14|3.0|1.5|15|18|11.1|13.5|30|29|22.2|19.8|0|14|0.0|26.5|4|14|3.0|1.5|4|3|3.0|2.4|135|62|130|59|96.3|12.0|4|7|3.0|4.9|4|14|3.0|1.5|0|14|0.0|26.5|22153|14603|37059|12328|-|**|220|91|180|84|81.8|15.8|45|33|20.5|13.3|160|79|72.7|15.9|40|36|18.2|15.5|210|86|150|75|125|60|105|58|84.0|17.4|20|15|16.0|10.7|90|53|72.0|19.9|20|24|16.0|18.2|25|27|10|19|40.0|60.0|10|19|40.0|60.0|10|19|40.0|60.0|15|18|60.0|60.0|60|35|50|35|83.3|26.2|15|20|25.0|30.9|50|34|83.3|20.5|4|10|6.7|20.0|50.0|22.4|50.0|22.4|47.6|22.6|100.0|100.0
9500000US0607680|Cascade Union Elementary School District, CA|0607680|2019-2023|205|1530|429|1320|391|86.3|6.0|1320|391|86.3|6.0|1270|366|83.0|7.2|55|60|3.6|3.6|0|21|0.0|2.7|210|103|13.7|6.0|1320|391|4.2|4.2|775|206|635|194|81.9|10.2|635|194|81.9|10.2|585|179|75.5|11.8|1270|366|950|315|74.8|13.2|180|163|14.2|12.1|0|21|0.0|3.3|0|21|0.0|3.3|45|70|3.5|5.4|95|90|7.5|6.8|19.9|4.4|1270|366|255|119|20.1|9.5|410|184|32.3|13.0|220|141|17.3|8.9|350|213|27.6|12.4|30|32|2.4|2.8|1270|366|20|38|1.6|3.1|350|264|27.6|17.4|15|26|1.2|2.2|10|21|0.8|1.7|95|84|7.5|6.4|35|39|2.8|3.3|0|21|0.0|3.3|215|164|16.9|10.8|85|69|6.7|5.4|175|82|13.8|6.6|155|120|12.2|9.2|25|33|2.0|2.7|80|69|6.3|5.5|1270|366|870|319|68.5|11.0|200|98|15.7|8.2|195|130|15.4|9.3|0|21|0.0|3.3|57768|17790|67844|22535|58542|5713|1530|429|1325|400|86.6|8.6|915|345|59.8|12.7|525|223|34.3|12.4|210|138|13.7|8.6|1530|429|1320|391|1270|366|1115|340|87.8|8.7|885|332|69.7|12.9|315|155|24.8|12.5|155|116|12.2|8.6|55|60|55|60|100.0|45.7|30|35|54.5|43.3|55|60|100.0|45.7|0|21|0.0|45.7|210|103|155|90|73.8|24.7|0|21|0.0|18.2|155|90|73.8|24.7|55|57|26.2|25.0|12.4|7.1|12.4|7.1|12.4|7.1|-|**
9500000US0607740|Castaic Union School District, CA|0607740|2019-2023|205|2330|401|2070|398|88.8|3.5|2070|398|88.8|3.5|1985|406|85.2|5.2|85|69|3.6|3.0|0|25|0.0|1.8|260|73|11.2|3.5|2070|398|4.1|3.4|1145|187|940|188|82.1|6.1|940|188|82.1|6.1|895|188|78.2|7.4|1880|335|1435|277|76.3|8.0|160|133|8.5|7.0|0|25|0.0|2.2|0|25|0.0|2.2|35|47|1.9|2.5|255|109|13.6|5.0|33.4|4.6|1985|406|850|179|42.8|8.3|305|140|15.4|6.8|490|189|24.7|6.5|230|157|11.6|6.8|105|84|5.3|4.2|1985|406|4|9|0.2|0.5|180|154|9.1|6.9|90|50|4.5|2.5|115|125|5.8|5.8|240|98|12.1|5.0|50|42|2.5|2.1|80|45|4.0|2.3|155|91|7.8|4.6|275|149|13.9|7.0|450|136|22.7|6.3|115|114|5.8|5.7|15|20|0.8|1.0|215|140|10.8|6.9|1985|406|1180|260|59.4|8.4|575|179|29.0|7.9|230|176|11.6|7.8|0|25|0.0|2.1|72426|6156|97639|18807|76192|23960|2330|401|2065|334|88.6|6.2|1890|317|81.1|6.3|225|115|9.7|5.0|265|165|11.4|6.2|2325|403|2065|403|1985|406|1740|324|87.7|7.0|1630|304|82.1|7.0|145|103|7.3|5.1|245|165|12.3|7.0|80|65|55|57|68.8|40.4|45|45|56.3|38.0|15|23|18.8|26.8|20|37|25.0|43.1|260|73|260|73|100.0|15.0|215|63|82.7|14.9|60|43|23.1|14.4|0|25|0.0|15.0|0.9|1.1|0.9|1.1|0.6|0.8|100.0|100.0
9700000US0607800|Castro Valley Unified School District, CA|0607800|2019-2023|205|8645|805|7460|688|86.3|2.8|7455|687|86.2|2.8|7420|688|85.8|2.7|35|31|0.4|0.4|4|11|0.0|0.1|1185|289|13.7|2.9|7455|687|0.5|0.4|4520|456|3660|382|81.0|4.6|3660|382|81.0|4.6|3655|381|80.9|4.6|7165|660|4495|601|62.7|5.7|740|227|10.3|3.0|385|138|5.4|1.9|10|21|0.1|0.3|70|52|1.0|0.7|1460|371|20.4|4.9|37.9|2.7|7420|688|4670|465|62.9|4.6|630|196|8.5|2.5|920|240|12.4|3.0|505|167|6.8|2.1|690|246|9.3|2.9|7420|688|40|54|0.5|0.7|445|149|6.0|1.9|605|167|8.2|2.3|180|115|2.4|1.5|475|153|6.4|2.0|285|102|3.8|1.4|300|170|4.0|2.2|610|257|8.2|3.3|1195|250|16.1|3.6|2180|439|29.4|4.5|255|112|3.4|1.6|245|162|3.3|2.1|600|239|8.1|3.1|7420|688|5465|612|73.7|3.9|1550|303|20.9|3.4|405|131|5.5|1.9|0|32|0.0|0.6|100587|4897|122550|4573|95208|17556|8640|806|8440|850|97.7|2.0|7760|790|89.8|3.4|875|315|10.1|3.5|200|168|2.3|2.0|8620|800|7455|687|7420|688|7275|720|98.0|2.0|6865|714|92.5|3.1|540|182|7.3|2.4|145|149|2.0|2.0|35|31|20|23|57.1|51.5|10|13|28.6|35.5|10|14|28.6|39.8|15|23|42.9|48.9|1165|282|1130|280|97.0|4.1|870|199|74.7|12.4|320|190|27.5|13.0|35|46|3.0|4.1|5.3|2.7|5.3|2.7|5.3|2.7|0.0|75.8
9700000US0607900|Center Joint Unified School District, CA|0607900|2019-2023|205|4160|560|3195|426|76.8|6.6|3195|426|76.8|6.6|2810|406|67.5|6.3|390|162|9.4|3.9|0|29|0.0|1.0|960|335|23.1|6.5|3195|426|12.2|4.8|2325|311|1645|289|70.8|9.7|1645|289|70.8|9.7|1310|274|56.3|9.9|2755|404|1875|353|68.1|7.6|240|108|8.7|3.8|30|41|1.1|1.5|0|29|0.0|1.5|150|116|5.4|4.0|455|181|16.5|6.3|32.5|5.7|2810|406|1255|215|44.7|6.7|435|185|15.5|6.4|430|138|15.3|4.5|235|121|8.4|4.0|455|211|16.2|6.3|2810|406|70|46|2.5|1.8|140|98|5.0|3.5|245|121|8.7|4.2|20|25|0.7|0.9|140|94|5.0|3.3|360|212|12.8|6.7|0|29|0.0|1.5|50|42|1.8|1.5|430|212|15.3|6.7|710|216|25.3|7.0|115|75|4.1|2.7|145|90|5.2|3.1|380|166|13.5|6.1|2810|406|1965|398|69.9|8.2|625|231|22.2|8.1|205|114|7.3|3.9|15|27|0.5|1.0|57636|6689|71756|17578|62771|6634|4160|560|3820|491|91.8|5.7|2430|468|58.4|8.5|1640|386|39.4|8.4|340|255|8.2|5.7|4155|560|3195|426|2810|406|2650|374|94.3|4.4|2080|399|74.0|8.5|735|223|26.2|7.9|155|130|5.5|4.4|390|162|270|161|69.2|30.7|0|29|0.0|10.3|270|161|69.2|30.7|120|126|30.8|30.7|955|335|895|301|93.7|11.0|350|164|36.6|15.9|635|278|66.5|15.8|65|110|6.8|10.8|17.3|7.6|17.3|7.6|17.3|7.7|0.0|100.0
9600000US0607920|Centinela Valley Union High School District, CA|0607920|2019-2023|205|9360|950|7475|800|79.9|3.2|7465|802|79.8|3.2|7115|786|76.0|3.7|350|175|3.7|1.8|10|15|0.1|0.2|1885|366|20.1|3.2|7465|802|4.7|2.3|5030|493|3415|415|67.9|5.5|3415|415|67.9|5.5|3275|409|65.1|5.5|6950|777|4725|593|68.0|4.5|935|281|13.5|3.6|275|205|4.0|2.9|170|97|2.4|1.4|325|193|4.7|2.7|520|166|7.5|2.4|28.1|2.4|7115|786|1345|328|18.9|4.2|2090|436|29.4|4.8|1385|347|19.5|4.6|850|257|11.9|3.5|1445|291|20.3|3.3|7115|786|10|20|0.1|0.3|665|249|9.3|3.5|640|215|9.0|2.8|130|92|1.8|1.3|590|154|8.3|2.1|855|241|12.0|3.0|0|32|0.0|0.6|420|162|5.9|2.2|860|329|12.1|4.3|1070|316|15.0|4.0|1115|281|15.7|3.6|625|210|8.8|3.0|135|76|1.9|1.0|7115|786|5615|679|78.9|3.6|710|171|10.0|2.3|720|241|10.1|3.1|75|89|1.1|1.3|33776|3024|44974|4748|38665|2299|9350|949|7215|767|77.2|3.8|4030|655|43.1|5.6|3280|586|35.1|5.3|2135|441|22.8|3.8|9270|956|7430|800|7080|787|5430|633|76.7|4.0|3355|542|47.4|6.1|2155|455|30.4|5.3|1650|357|23.3|4.0|350|175|255|141|72.9|26.6|110|73|31.4|19.4|145|108|41.4|23.7|95|111|27.1|26.2|1840|364|1450|328|78.8|7.5|550|225|29.9|10.2|900|261|48.9|10.7|385|151|20.9|7.4|19.4|5.6|19.4|5.6|19.5|5.7|12.5|18.3
9500000US0607950|Central Elementary School District, CA|0607950|2019-2023|205|3930|590|3510|546|89.3|3.6|3510|546|89.3|3.6|3385|523|86.1|3.8|125|75|3.2|1.8|0|29|0.0|1.1|420|154|10.7|3.6|3510|546|3.6|2.0|2210|374|1815|350|82.1|6.5|1815|350|82.1|6.5|1740|345|78.7|6.7|3325|530|2530|441|76.1|5.1|435|190|13.1|5.1|10|14|0.3|0.4|15|24|0.5|0.7|0|29|0.0|1.3|340|122|10.2|3.6|33.9|3.7|3385|523|1565|333|46.2|7.7|390|200|11.5|5.7|845|304|25.0|7.7|245|137|7.2|3.9|345|144|10.2|4.1|3385|523|25|37|0.7|1.1|230|115|6.8|3.3|485|189|14.3|5.1|95|69|2.8|2.0|310|156|9.2|4.3|255|134|7.5|4.0|80|63|2.4|1.8|270|141|8.0|4.0|205|87|6.1|2.4|885|248|26.1|6.4|145|83|4.3|2.4|330|214|9.7|5.8|80|50|2.4|1.5|3385|523|2760|526|81.5|5.6|450|162|13.3|5.1|175|93|5.2|2.8|0|29|0.0|1.2|67668|12819|78824|5690|70313|19443|3930|590|3710|597|94.4|3.6|3260|591|83.0|5.6|550|187|14.0|4.9|220|138|5.6|3.6|3930|590|3510|546|3385|523|3255|532|96.2|2.9|2900|535|85.7|5.1|450|169|13.3|5.2|130|94|3.8|2.9|125|75|105|66|84.0|25.6|90|65|72.0|26.2|15|18|12.0|15.6|20|36|16.0|26.3|420|154|350|146|83.3|13.5|265|126|63.1|17.8|85|57|20.2|11.3|70|57|16.7|13.2|5.5|3.3|5.5|3.3|5.5|3.3|-|**
9700000US0607970|Central Unified School District, CA|0607970|2019-2023|205|13920|1468|11210|1200|80.5|3.5|11120|1192|79.9|3.8|10615|1177|76.3|3.8|505|194|3.6|1.4|90|118|0.6|0.8|2710|608|19.5|3.5|11120|1192|4.5|1.7|7380|742|5325|623|72.2|5.2|5325|623|72.2|5.2|4980|606|67.5|4.8|10455|1131|8085|963|77.3|4.3|975|277|9.3|2.4|0|32|0.0|0.4|0|32|0.0|0.4|125|113|1.2|1.1|1270|419|12.1|3.7|23.7|1.6|10615|1177|3620|697|34.1|4.8|1520|341|14.3|2.9|2310|483|21.8|3.8|1535|386|14.5|3.4|1635|352|15.4|3.0|10615|1177|310|133|2.9|1.3|1145|332|10.8|2.7|620|241|5.8|2.2|175|100|1.6|0.9|1100|346|10.4|3.0|1040|246|9.8|2.2|85|69|0.8|0.6|730|237|6.9|2.1|980|321|9.2|2.7|2885|707|27.2|5.4|460|194|4.3|1.8|455|212|4.3|2.1|635|185|6.0|1.8|10615|1177|7860|1019|74.0|4.0|2175|486|20.5|4.1|515|178|4.9|1.7|65|86|0.6|0.8|48801|4925|61225|5166|53685|8467|13830|1451|13180|1414|95.3|1.8|9705|1191|70.2|5.4|4375|916|31.6|5.4|650|258|4.7|1.8|13765|1457|11095|1193|10590|1178|10140|1157|95.8|1.8|8390|1059|79.2|4.7|2265|556|21.4|4.7|450|195|4.2|1.8|505|194|495|194|98.0|3.9|185|80|36.6|16.9|370|182|73.3|16.0|10|16|2.0|3.4|2675|606|2485|584|92.9|4.2|1085|330|40.6|11.0|1680|544|62.8|10.7|190|115|7.1|4.2|13.8|3.5|13.8|3.5|13.8|3.5|15.4|21.7
9500000US0607980|Central Union Elementary School District, CA|0607980|2019-2023|205|1105|337|700|222|63.3|7.0|355|158|32.1|10.6|280|129|25.3|10.2|75|80|6.8|6.5|350|133|31.7|7.6|405|151|36.7|7.0|355|158|21.1|19.0|585|163|280|130|47.9|17.3|200|89|34.2|12.7|165|85|28.2|12.4|605|192|510|168|84.3|7.9|30|24|5.0|3.8|0|19|0.0|6.8|4|11|0.7|1.9|4|11|0.7|2.0|60|52|9.9|7.6|17.9|4.0|280|129|100|70|35.7|18.7|30|25|10.7|9.0|75|59|26.8|17.3|55|43|19.6|13.1|20|28|7.1|8.7|280|129|35|37|12.5|13.8|4|19|1.4|0.7|35|56|12.5|16.6|0|19|0.0|14.0|35|47|12.5|15.3|10|14|3.6|5.3|0|19|0.0|14.0|40|46|14.3|15.6|40|42|14.3|15.2|55|55|19.6|16.4|10|13|3.6|4.9|4|4|1.4|1.5|10|17|3.6|5.9|280|129|215|117|76.8|16.1|35|29|12.5|10.0|20|27|7.1|9.7|10|16|3.6|5.9|46597|14866|60324|8912|50114|25569|760|248|725|249|95.4|4.1|600|199|78.9|15.3|160|145|21.1|15.8|30|31|3.9|4.5|760|248|355|158|280|129|275|130|98.2|4.0|235|129|83.9|13.6|60|43|21.4|16.7|4|3|1.4|1.1|75|80|75|80|100.0|39.2|30|36|40.0|51.7|45|73|60.0|51.4|0|19|0.0|39.2|405|151|375|148|92.6|6.7|330|134|81.5|16.1|55|71|13.6|16.7|30|27|7.4|6.6|17.2|8.6|17.2|8.6|17.2|8.6|-|**
9600000US0608010|Central Union High School District, CA|0608010|2019-2023|205|3965|618|3240|613|81.7|5.2|3235|614|81.6|5.2|3010|583|75.9|5.9|225|128|5.7|3.0|4|16|0.1|0.4|725|197|18.3|5.2|3235|614|7.0|3.7|2170|310|1495|327|68.9|9.0|1495|327|68.9|9.0|1345|313|62.0|10.0|2885|567|2340|480|81.1|7.1|455|244|15.8|7.2|0|32|0.0|1.5|0|32|0.0|1.5|4|16|0.1|0.5|85|54|2.9|2.0|20.5|2.8|3010|583|940|303|31.2|7.5|885|337|29.4|8.3|490|158|16.3|5.3|350|121|11.6|4.6|345|213|11.5|6.3|3010|583|75|60|2.5|2.1|305|117|10.1|4.3|175|116|5.8|4.0|10|18|0.3|0.6|300|127|10.0|3.8|65|47|2.2|1.6|50|70|1.7|2.2|115|84|3.8|2.9|175|133|5.8|4.5|675|248|22.4|6.9|260|209|8.6|6.6|95|81|3.2|2.6|710|343|23.6|8.2|3010|583|1575|272|52.3|8.1|1080|375|35.9|7.3|355|232|11.8|7.2|0|32|0.0|1.4|42346|12810|51088|4059|48718|16507|3960|619|3615|619|91.3|5.1|2305|580|58.2|9.2|1715|431|43.3|8.2|345|205|8.7|5.1|3940|614|3220|610|3010|583|2815|593|93.5|4.8|2020|552|67.1|9.6|1170|386|38.9|9.2|195|143|6.5|4.8|210|114|195|110|92.9|11.6|20|22|9.5|10.3|175|105|83.3|14.4|15|24|7.1|11.4|725|197|585|179|80.7|11.8|265|109|36.6|12.0|355|155|49.0|15.7|140|94|19.3|11.9|21.3|8.5|21.3|8.5|21.0|8.4|100.0|87.6
9500000US0608070|Centralia Elementary School District, CA|0608070|2019-2023|205|4645|686|3695|604|79.5|3.9|3695|604|79.5|3.9|3550|583|76.4|4.5|145|102|3.1|2.1|0|32|0.0|0.9|950|206|20.5|3.9|3695|604|3.9|2.7|2540|470|1750|450|68.9|8.1|1750|450|68.9|8.1|1710|451|67.3|8.3|3515|580|2570|418|73.1|8.1|410|137|11.7|3.7|20|27|0.6|0.8|25|34|0.7|1.0|20|31|0.6|0.9|470|325|13.4|8.1|32.6|2.8|3550|583|1595|434|44.9|8.3|575|219|16.2|5.7|560|156|15.8|4.3|385|200|10.8|5.6|430|156|12.1|3.6|3550|583|95|92|2.7|2.6|280|129|7.9|3.7|320|134|9.0|3.2|85|58|2.4|1.7|590|219|16.6|5.8|80|75|2.3|2.0|45|65|1.3|1.8|155|90|4.4|2.7|315|107|8.9|3.0|970|326|27.3|6.9|285|153|8.0|3.9|145|92|4.1|2.5|190|118|5.4|3.4|3550|583|3000|530|84.5|5.0|480|187|13.5|4.9|50|40|1.4|1.1|20|31|0.6|0.9|52384|5501|81994|10831|52405|11577|4645|686|4280|667|92.1|3.2|3575|629|77.0|6.5|1015|404|21.9|7.7|365|150|7.9|3.2|4630|686|3695|604|3550|583|3340|569|94.1|2.8|2905|521|81.8|5.9|620|262|17.5|6.5|210|99|5.9|2.7|145|102|145|102|100.0|25.0|85|75|58.6|35.0|90|84|62.1|37.0|0|32|0.0|25.0|935|206|795|197|85.0|7.7|585|182|62.6|12.2|300|161|32.1|15.0|140|75|15.0|7.7|14.4|6.3|14.4|6.3|14.5|6.3|0.0|87.6
9700000US0608130|Ceres Unified School District, CA|0608130|2019-2023|205|8225|683|6245|621|75.9|3.2|6245|621|75.9|3.2|5615|622|68.3|4.0|630|256|7.7|3.1|0|32|0.0|0.5|1980|286|24.1|3.2|6245|621|10.1|4.0|4470|393|2700|372|60.4|5.6|2700|372|60.4|5.6|2400|333|53.7|5.4|5380|605|4425|568|82.2|4.5|740|223|13.8|4.1|4|13|0.1|0.2|30|47|0.6|0.9|4|6|0.1|0.1|170|106|3.2|1.9|38.0|4.5|5615|622|980|228|17.5|4.1|925|219|16.5|3.3|1060|296|18.9|4.3|1195|238|21.3|4.0|1455|287|25.9|3.9|5615|622|390|163|6.9|2.7|720|215|12.8|3.8|845|257|15.0|4.0|105|84|1.9|1.5|655|219|11.7|3.6|675|170|12.0|3.2|20|25|0.4|0.4|130|70|2.3|1.2|465|178|8.3|3.0|960|213|17.1|3.4|320|120|5.7|2.0|185|92|3.3|1.6|150|114|2.7|1.9|5615|622|4520|499|80.5|3.9|675|203|12.0|3.0|405|168|7.2|2.9|10|13|0.2|0.2|46667|6466|61642|7039|41674|8194|8225|683|7420|602|90.2|3.0|4460|668|54.2|6.5|3275|517|39.8|6.2|805|268|9.8|3.0|8220|683|6245|621|5615|622|5180|565|92.3|3.1|3680|566|65.5|6.2|1740|329|31.0|5.8|430|189|7.7|3.1|630|256|525|218|83.3|19.9|110|100|17.5|13.6|435|176|69.0|20.2|105|137|16.7|19.7|1975|285|1705|269|86.3|5.1|670|215|33.9|9.6|1090|252|55.2|9.9|270|106|13.7|5.1|15.5|3.9|15.5|3.9|15.4|3.9|100.0|100.0
9600000US0608160|Chaffey Joint Union High School District, CA|0608160|2019-2023|205|27910|1918|22875|1641|82.0|1.5|22875|1641|82.0|1.5|22095|1591|79.2|1.6|780|252|2.8|0.9|0|32|0.0|0.2|5035|537|18.0|1.5|22875|1641|3.4|1.1|15360|1082|11055|852|72.0|2.6|11055|852|72.0|2.6|10605|846|69.0|2.8|21525|1584|16130|1289|74.9|2.8|2600|510|12.1|2.2|235|153|1.1|0.7|185|84|0.9|0.4|210|108|1.0|0.5|2165|433|10.1|1.9|32.6|1.6|22095|1591|8115|780|36.7|2.7|3560|557|16.1|2.0|4370|552|19.8|2.1|2015|410|9.1|1.6|4035|534|18.3|2.1|22095|1591|170|124|0.8|0.6|1705|322|7.7|1.3|2515|458|11.4|1.9|705|230|3.2|1.0|1830|341|8.3|1.4|2690|457|12.2|1.9|280|200|1.3|0.9|1115|255|5.0|1.1|2390|458|10.8|1.8|4850|614|22.0|2.6|1500|437|6.8|1.8|1105|268|5.0|1.2|1240|296|5.6|1.3|22095|1591|16265|1337|73.6|2.6|4305|604|19.5|2.5|1495|291|6.8|1.2|30|37|0.1|0.2|54350|2805|69467|3653|58020|2863|27910|1918|25180|1837|90.2|1.8|20030|1630|71.8|3.1|6405|924|22.9|2.9|2730|518|9.8|1.8|27765|1924|22810|1654|22045|1597|20185|1541|91.6|1.8|17185|1415|78.0|2.9|3900|624|17.7|2.6|1865|409|8.5|1.8|765|252|625|228|81.7|9.6|335|154|43.8|15.9|300|171|39.2|15.9|135|80|17.6|9.7|4955|535|4225|508|85.3|3.9|2420|403|48.8|6.8|2105|423|42.5|6.7|730|202|14.7|3.9|7.8|1.4|7.8|1.4|7.8|1.4|17.2|16.6
9700000US0608190|Charter Oak Unified School District, CA|0608190|2019-2023|205|5005|681|4215|595|84.2|3.1|4210|596|84.1|3.2|3910|584|78.1|4.3|295|171|5.9|3.3|10|14|0.2|0.3|790|191|15.8|3.1|4210|596|7.0|3.9|2670|392|2005|343|75.1|5.9|2005|343|75.1|5.9|1905|336|71.3|6.1|3745|555|2620|446|70.0|6.0|300|119|8.0|3.1|40|28|1.1|0.8|10|15|0.3|0.4|20|22|0.5|0.6|755|234|20.2|5.0|32.9|3.0|3910|584|1380|304|35.3|6.7|725|303|18.5|6.4|830|212|21.2|4.9|505|211|12.9|5.0|470|189|12.0|4.4|3910|584|30|31|0.8|0.8|330|151|8.4|3.8|510|210|13.0|4.9|20|29|0.5|0.8|325|185|8.3|4.4|260|107|6.6|2.5|55|70|1.4|1.7|250|103|6.4|2.7|650|219|16.6|4.8|945|260|24.2|5.7|130|69|3.3|1.8|185|97|4.7|2.4|215|107|5.5|2.6|3910|584|2770|431|70.8|4.9|795|207|20.3|4.3|350|163|9.0|3.7|0|29|0.0|1.1|57520|9009|72062|6797|70703|18688|5000|682|4540|646|90.8|3.7|3730|628|74.6|5.8|1030|277|20.6|5.1|455|195|9.1|3.7|5000|682|4210|596|3910|584|3540|536|90.5|4.9|3170|518|81.1|5.8|540|169|13.8|3.9|375|203|9.6|4.8|295|171|240|153|81.4|20.7|115|121|39.0|31.7|125|98|42.4|28.5|55|64|18.6|20.4|790|191|765|185|96.8|3.5|445|155|56.3|13.5|370|136|46.8|13.6|25|31|3.2|3.7|10.3|4.7|10.3|4.7|10.3|4.7|-|**
9700000US0600116|Chawanakee Unified School District, CA|0600116|2019-2023|205|885|336|665|286|75.1|11.8|665|286|75.1|11.8|650|284|73.4|12.2|15|27|1.7|3.1|0|19|0.0|4.7|220|122|24.9|11.8|665|286|2.3|4.2|490|198|310|159|63.3|17.8|310|159|63.3|17.8|310|159|63.3|17.8|650|284|570|281|87.7|10.8|55|57|8.5|9.2|0|19|0.0|6.3|0|19|0.0|6.3|0|19|0.0|6.3|25|29|3.8|5.1|34.3|6.8|650|284|275|148|42.3|20.5|10|18|1.5|3.1|190|135|29.2|13.5|45|47|6.9|7.5|130|115|20.0|13.1|650|284|40|33|6.2|5.3|40|40|6.2|6.9|40|45|6.2|6.9|0|19|0.0|6.3|15|23|2.3|3.6|290|265|44.6|29.7|70|102|10.8|15.8|4|2|0.6|0.4|50|55|7.7|9.6|70|81|10.8|12.3|10|16|1.5|2.8|4|2|0.6|0.4|25|40|3.8|6.1|650|284|380|171|58.5|13.3|125|110|19.2|16.7|145|127|22.3|14.4|0|19|0.0|6.3|-|**|81921|63938|88088|63408|885|336|880|335|99.4|1.2|570|243|64.4|19.8|325|231|36.7|19.1|4|2|0.5|0.3|875|331|655|281|640|279|635|279|99.2|1.9|375|169|58.6|25.8|260|230|40.6|25.9|4|2|0.6|0.5|15|27|15|27|100.0|87.6|0|19|0.0|87.6|15|27|100.0|87.6|0|19|0.0|87.6|220|122|220|122|100.0|17.5|185|108|84.1|20.2|40|53|18.2|21.5|0|19|0.0|17.5|0.5|0.7|0.5|0.7|0.5|0.7|0.0|100.0
9700000US0608370|Chico Unified School District, CA|0608370|2019-2023|205|14035|909|11715|860|83.5|2.3|11690|858|83.3|2.3|11340|871|80.8|2.6|350|168|2.5|1.2|25|38|0.2|0.3|2320|340|16.5|2.3|11690|858|3.0|1.5|7745|597|6005|553|77.5|3.9|6005|553|77.5|3.9|5790|572|74.8|4.1|10985|855|7985|732|72.7|3.6|1115|263|10.2|2.3|15|26|0.1|0.2|190|107|1.7|1.0|360|124|3.3|1.1|1320|278|12.0|2.2|18.6|1.4|11340|871|6365|638|56.1|4.0|1710|351|15.1|2.9|1840|293|16.2|2.3|845|270|7.5|2.2|580|157|5.1|1.4|11340|871|205|102|1.8|0.9|780|391|6.9|3.3|610|177|5.4|1.7|270|111|2.4|0.9|830|208|7.3|1.8|735|250|6.5|2.2|110|91|1.0|0.8|570|204|5.0|1.7|865|226|7.6|1.9|4680|545|41.3|3.9|525|191|4.6|1.7|615|202|5.4|1.6|545|134|4.8|1.2|11340|871|7360|732|64.9|3.6|2855|392|25.2|3.1|1055|275|9.3|2.3|70|72|0.6|0.6|64886|6657|91909|5576|62027|8014|14015|905|13570|924|96.8|1.3|10475|960|74.7|4.0|3740|553|26.7|3.9|445|180|3.2|1.3|13950|900|11665|857|11310|871|10960|873|96.9|1.2|9355|910|82.7|3.4|2030|371|17.9|3.4|350|138|3.1|1.2|350|168|275|139|78.6|22.1|155|68|44.3|22.9|145|122|41.4|24.4|75|89|21.4|21.6|2285|335|2265|335|99.1|0.9|930|202|40.7|8.2|1510|297|66.1|7.1|20|20|0.9|0.9|13.6|2.5|13.6|2.5|13.7|2.5|15.4|22.1
9700000US0608460|Chino Valley Unified School District, CA|0608460|2019-2023|205|28325|1436|23300|1353|82.3|1.8|23300|1353|82.3|1.8|22365|1286|79.0|1.9|935|259|3.3|0.9|0|32|0.0|0.1|5025|523|17.7|1.8|23300|1353|4.0|1.1|15125|809|10790|813|71.3|3.0|10790|813|71.3|3.0|10295|754|68.1|3.0|21915|1263|15685|1125|71.6|3.5|2735|574|12.5|2.5|175|93|0.8|0.4|90|51|0.4|0.2|50|29|0.2|0.1|3180|603|14.5|2.6|35.1|2.1|22365|1286|9610|845|43.0|3.1|3045|573|13.6|2.3|4830|592|21.6|2.3|1675|334|7.5|1.4|3205|552|14.3|2.3|22365|1286|0|32|0.0|0.2|1520|455|6.8|2.0|2080|452|9.3|1.9|1010|278|4.5|1.2|1700|307|7.6|1.4|2265|506|10.1|2.2|415|175|1.9|0.8|1330|274|5.9|1.2|2665|446|11.9|1.8|5500|592|24.6|2.4|1620|456|7.2|1.9|865|272|3.9|1.2|1400|324|6.3|1.4|22365|1286|16320|1309|73.0|2.9|4690|606|21.0|2.7|1345|356|6.0|1.6|10|13|0.0|0.1|64102|3683|84952|8664|62049|7480|28325|1436|26585|1481|93.9|1.5|22200|1279|78.4|2.8|5340|788|18.9|2.4|1740|428|6.1|1.5|28235|1430|23280|1350|22345|1281|21370|1330|95.6|1.4|18575|1181|83.1|2.4|3475|560|15.6|2.2|975|315|4.4|1.4|935|259|850|244|90.9|7.3|540|206|57.8|15.6|335|178|35.8|16.5|85|72|9.1|7.2|4960|515|4280|514|86.3|4.2|3060|384|61.7|6.7|1440|403|29.0|6.7|680|210|13.7|4.2|6.6|1.8|6.6|1.8|6.6|1.8|11.1|27.3
9500000US0608520|Chowchilla Elementary School District, CA|0608520|2019-2023|205|2370|351|1910|337|80.6|5.3|1910|337|80.6|5.3|1760|327|74.3|6.3|150|101|6.3|4.2|0|25|0.0|1.8|460|127|19.4|5.4|1910|337|7.9|5.2|1310|223|930|228|71.0|8.4|930|228|71.0|8.4|840|212|64.1|9.3|1760|327|1335|318|75.9|11.7|305|164|17.3|9.1|0|25|0.0|2.4|10|14|0.6|0.8|80|100|4.5|5.4|35|45|2.0|2.6|28.7|5.4|1760|327|730|197|41.5|8.7|290|149|16.5|9.4|205|142|11.6|7.1|330|137|18.8|7.0|205|140|11.6|7.2|1760|327|260|129|14.8|7.2|110|80|6.3|4.6|205|145|11.6|7.3|35|40|2.0|2.3|90|116|5.1|6.1|130|114|7.4|6.2|0|25|0.0|2.4|200|127|11.4|7.1|160|103|9.1|5.8|420|164|23.9|9.3|115|80|6.5|4.6|10|15|0.6|0.8|20|24|1.1|1.4|1760|327|1480|320|84.1|6.5|220|107|12.5|6.1|60|43|3.4|2.5|0|25|0.0|2.4|36773|5633|45893|18109|41286|25071|2370|351|2015|345|85.0|6.4|1300|343|54.9|10.4|895|209|37.8|8.7|350|157|14.8|6.4|2340|346|1910|337|1760|327|1500|313|85.2|6.9|1090|312|61.9|12.3|530|171|30.1|9.3|260|126|14.8|6.9|150|101|115|91|76.7|26.6|0|25|0.0|24.3|115|91|76.7|26.6|35|42|23.3|27.1|430|121|375|114|87.2|10.6|210|87|48.8|17.2|220|91|51.2|17.2|55|49|12.8|10.7|19.4|7.7|19.4|7.7|18.8|7.6|60.0|60.0
9600000US0608550|Chowchilla Union High School District, CA|0608550|2019-2023|205|1475|380|1250|359|84.7|6.2|1250|359|84.7|6.2|1210|345|82.0|6.7|40|41|2.7|2.5|0|25|0.0|2.8|225|93|15.3|6.2|1250|359|3.2|3.0|840|204|620|186|73.8|10.2|620|186|73.8|10.2|620|186|73.8|10.2|1205|344|795|195|66.0|16.8|145|108|12.0|10.0|0|25|0.0|3.5|150|174|12.4|12.3|10|16|0.8|1.3|105|144|8.7|10.3|18.4|4.7|1210|345|560|337|46.3|18.1|200|102|16.5|8.7|120|89|9.9|7.0|190|100|15.7|8.2|140|118|11.6|10.8|1210|345|130|81|10.7|6.6|85|73|7.0|6.0|80|57|6.6|5.0|35|40|2.9|3.3|15|26|1.2|2.1|20|25|1.7|2.0|15|33|1.2|2.7|175|179|14.5|12.0|105|82|8.7|7.1|330|187|27.3|10.6|155|120|12.8|11.0|20|24|1.7|2.0|45|59|3.7|5.1|1210|345|750|222|62.0|20.4|295|178|24.4|10.8|160|176|13.2|12.3|0|25|0.0|3.4|35000|22692|84464|29411|53000|48839|1475|380|1385|364|93.9|4.1|955|360|64.7|12.5|570|200|38.6|14.0|95|62|6.4|3.9|1470|381|1250|359|1210|345|1120|335|92.6|4.7|830|354|68.6|14.4|410|162|33.9|15.5|85|62|7.0|4.9|40|41|40|41|100.0|53.6|10|15|25.0|36.8|30|36|75.0|38.8|0|25|0.0|53.6|220|92|210|91|95.5|8.6|115|51|52.3|19.0|120|74|54.5|20.2|4|11|1.8|5.1|13.9|7.7|13.9|7.7|13.9|7.7|0.0|100.0
9500000US0608610|Chula Vista Elementary School District, CA|0608610|2019-2023|205|31100|1633|26410|1382|84.9|1.8|25000|1324|80.4|2.3|23095|1233|74.3|2.5|1905|418|6.1|1.3|1410|364|4.5|1.1|4690|667|15.1|1.8|25000|1324|7.6|1.6|16450|865|12540|685|76.2|2.9|12165|660|74.0|3.2|10745|690|65.3|3.9|24075|1289|18300|1204|76.0|2.7|2210|418|9.2|1.7|145|81|0.6|0.3|70|105|0.3|0.4|195|125|0.8|0.5|3160|554|13.1|2.2|30.0|1.1|23095|1233|10870|804|47.1|3.0|3270|597|14.2|2.5|4240|614|18.4|2.5|1970|355|8.5|1.5|2745|621|11.9|2.4|23095|1233|125|96|0.5|0.4|1365|327|5.9|1.4|2210|541|9.6|2.1|310|126|1.3|0.6|1905|526|8.2|2.1|2180|472|9.4|2.0|365|179|1.6|0.8|1415|358|6.1|1.6|2745|380|11.9|1.6|6420|611|27.8|2.5|1000|282|4.3|1.2|825|280|3.6|1.2|2230|482|9.7|2.0|23095|1233|16390|1034|71.0|2.6|5425|644|23.5|2.4|1270|328|5.5|1.4|10|14|0.0|0.1|66495|3070|78765|3994|67639|8195|29690|1541|27730|1549|93.4|1.9|23330|1381|78.6|2.6|6310|832|21.3|2.6|1965|588|6.6|1.9|29590|1550|24935|1325|23040|1235|21790|1276|94.6|1.8|19355|1188|84.0|2.7|3800|756|16.5|3.0|1250|409|5.4|1.8|1900|416|1610|378|84.7|8.2|885|267|46.6|11.0|835|271|43.9|11.0|290|164|15.3|8.1|4655|666|4230|683|90.9|4.4|2990|506|64.2|6.6|1585|441|34.0|7.4|425|197|9.1|4.4|6.4|1.5|6.4|1.5|6.4|1.5|0.0|35.4
9500000US0608700|Cinnabar Elementary School District, CA|0608700|2019-2023|205|125|89|75|58|60.0|16.6|75|58|60.0|16.6|75|58|60.0|16.6|0|14|0.0|28.1|0|14|0.0|28.1|50|39|40.0|16.5|75|58|0.0|39.2|70|45|25|21|35.7|27.2|25|21|35.7|27.2|25|21|35.7|27.2|75|58|65|59|86.7|22.9|0|14|0.0|39.2|0|14|0.0|39.2|0|14|0.0|39.2|0|14|0.0|39.2|10|15|13.3|20.1|31.4|5.9|75|58|30|25|40.0|27.6|20|23|26.7|24.7|0|14|0.0|39.2|4|19|5.3|24.9|20|38|26.7|42.2|75|58|4|19|5.3|24.9|0|14|0.0|39.2|20|38|26.7|42.2|0|14|0.0|39.2|0|14|0.0|39.2|0|14|0.0|39.2|0|14|0.0|39.2|0|14|0.0|39.2|20|23|26.7|26.2|10|14|13.3|20.1|20|23|26.7|24.7|0|14|0.0|39.2|0|14|0.0|39.2|75|58|65|58|86.7|28.0|4|3|5.3|5.9|10|15|13.3|20.1|0|14|0.0|39.2|63869|39753|64107|11681|-|**|125|89|125|89|100.0|28.1|75|60|60.0|38.0|70|76|56.0|35.1|0|14|0.0|28.1|125|89|75|58|75|58|75|58|100.0|39.2|55|44|73.3|39.4|30|41|40.0|40.0|0|14|0.0|39.2|0|14|0|14|-|**|0|14|-|**|0|14|-|**|0|14|-|**|50|39|50|39|100.0|48.0|20|23|40.0|44.1|40|37|80.0|33.2|0|14|0.0|48.0|40.0|34.6|40.0|34.6|40.0|34.6|-|**
9700000US0608760|Claremont Unified School District, CA|0608760|2019-2023|205|5155|543|4420|480|85.7|3.1|4420|480|85.7|3.1|4320|472|83.8|3.3|100|54|1.9|1.0|0|29|0.0|0.8|740|183|14.4|3.1|4420|480|2.3|1.2|2740|297|2115|270|77.2|6.0|2115|270|77.2|6.0|2065|268|75.4|6.2|4235|474|2590|350|61.2|5.4|455|153|10.7|3.5|100|75|2.4|1.8|40|42|0.9|1.0|70|70|1.7|1.6|975|245|23.0|4.7|31.9|2.8|4320|472|3010|404|69.7|4.8|340|131|7.9|2.9|475|147|11.0|3.3|200|97|4.6|2.2|290|126|6.7|2.8|4320|472|15|19|0.3|0.5|195|89|4.5|2.1|170|93|3.9|2.1|160|87|3.7|2.0|225|126|5.2|2.9|290|149|6.7|3.5|115|133|2.7|3.0|190|93|4.4|2.1|670|209|15.5|4.4|1770|275|41.0|5.3|90|68|2.1|1.5|165|111|3.8|2.4|255|128|5.9|2.8|4320|472|2800|423|64.8|5.5|1305|266|30.2|5.5|205|111|4.7|2.6|10|14|0.2|0.3|94538|8109|115507|9850|94236|7338|5155|543|5045|538|97.9|1.6|4655|564|90.3|3.7|495|174|9.6|3.6|115|84|2.2|1.6|5125|547|4420|480|4320|472|4255|469|98.5|1.4|4045|475|93.6|2.9|290|118|6.7|2.8|65|58|1.5|1.3|100|54|60|39|60.0|32.0|60|39|60.0|32.0|0|29|0.0|33.1|35|41|35.0|30.0|705|186|695|184|98.6|2.1|535|175|75.9|13.8|170|103|24.1|13.7|10|15|1.4|2.1|6.2|2.7|6.2|2.7|6.0|2.6|57.1|57.1
9700000US0608970|Cloverdale Unified School District, CA|0608970|2019-2023|205|1735|418|1460|334|84.1|7.1|1460|334|84.1|7.1|1460|334|84.1|7.1|0|21|0.0|2.4|0|21|0.0|2.4|275|158|15.9|7.1|1460|334|0.0|2.9|1030|263|865|288|84.0|9.3|865|288|84.0|9.3|865|288|84.0|9.3|1460|334|1020|272|69.9|14.3|130|82|8.9|5.8|0|21|0.0|2.9|50|47|3.4|3.1|0|21|0.0|2.9|260|227|17.8|13.9|29.6|5.7|1460|334|700|341|47.9|16.1|300|141|20.5|10.7|250|132|17.1|9.3|115|91|7.9|6.3|90|66|6.2|4.8|1460|334|30|31|2.1|2.1|85|86|5.8|6.1|265|195|18.2|12.1|80|99|5.5|6.4|95|78|6.5|5.8|75|51|5.1|3.9|0|21|0.0|2.9|4|14|0.3|0.9|185|136|12.7|9.3|370|305|25.3|18.3|75|57|5.1|4.1|50|83|3.4|5.7|140|96|9.6|6.8|1460|334|1180|350|80.8|10.5|205|106|14.0|8.1|70|96|4.8|6.5|0|21|0.0|2.9|70081|13266|72390|42246|-|**|1735|418|1605|422|92.5|5.5|1445|411|83.3|9.6|220|220|12.7|12.2|130|91|7.5|5.5|1735|418|1460|334|1460|334|1355|342|92.8|5.6|1210|309|82.9|10.3|205|219|14.0|13.9|105|78|7.2|5.7|0|21|0|21|-|**|0|21|-|**|0|21|-|**|0|21|-|**|275|158|250|156|90.9|12.5|235|167|85.5|20.9|15|29|5.5|12.9|25|31|9.1|12.6|3.2|4.5|3.2|4.5|3.2|4.5|-|**
9700000US0609030|Clovis Unified School District, CA|0609030|2019-2023|205|38600|1666|33105|1528|85.8|1.4|32785|1534|84.9|1.4|31685|1520|82.1|1.5|1100|301|2.8|0.8|320|174|0.8|0.5|5495|584|14.2|1.4|32785|1534|3.4|0.9|20475|943|15975|881|78.0|2.4|15885|881|77.6|2.4|15460|880|75.5|2.4|31070|1456|23435|1217|75.4|2.0|2840|457|9.1|1.4|50|49|0.2|0.2|65|86|0.2|0.3|355|186|1.1|0.6|4325|581|13.9|1.7|25.7|1.6|31685|1520|16690|1056|52.7|2.2|4235|544|13.4|1.7|6280|747|19.8|2.0|1805|440|5.7|1.4|2675|431|8.4|1.3|31685|1520|410|165|1.3|0.5|1935|432|6.1|1.4|1735|332|5.5|1.0|820|266|2.6|0.8|2680|499|8.5|1.6|1885|382|5.9|1.2|270|104|0.9|0.3|2130|381|6.7|1.1|2775|443|8.8|1.3|11665|976|36.8|2.5|1370|325|4.3|1.0|920|255|2.9|0.8|3090|545|9.8|1.6|31685|1520|20425|1158|64.5|2.3|9400|919|29.7|2.3|1835|329|5.8|1.0|25|33|0.1|0.1|71833|1708|93261|6083|74712|5879|38280|1678|37075|1728|96.9|1.1|32385|1675|84.6|2.2|6550|854|17.1|2.1|1205|416|3.1|1.1|38085|1685|32760|1531|31660|1516|30905|1576|97.6|0.9|27965|1563|88.3|1.9|4420|637|14.0|1.9|755|269|2.4|0.9|1100|301|930|269|84.5|13.1|445|185|40.5|13.9|495|192|45.0|14.2|170|154|15.5|13.2|5330|589|5045|571|94.7|2.4|3830|512|71.9|5.0|1530|327|28.7|5.5|285|131|5.3|2.4|6.0|1.2|6.0|1.2|6.0|1.2|10.5|15.9
9700000US0609070|Coachella Valley Unified School District, CA|0609070|2019-2023|205|12420|996|10465|872|84.3|2.4|10465|872|84.3|2.4|9900|771|79.7|2.7|560|256|4.5|1.9|0|32|0.0|0.3|1960|351|15.8|2.4|10465|872|5.4|2.3|6910|560|5345|526|77.4|4.4|5345|526|77.4|4.4|4995|434|72.3|4.5|9705|750|7250|665|74.7|4.1|1835|377|18.9|3.6|4|12|0.0|0.1|305|219|3.1|2.2|60|46|0.6|0.5|245|147|2.5|1.5|27.8|2.5|9900|771|1350|307|13.6|3.0|2820|413|28.5|3.7|1430|310|14.4|3.0|3080|503|31.1|4.3|1225|299|12.4|2.7|9900|771|1830|328|18.5|3.1|1140|346|11.5|3.2|240|132|2.4|1.3|190|100|1.9|1.0|675|214|6.8|2.1|420|180|4.2|1.8|140|95|1.4|1.0|180|105|1.8|1.0|1650|334|16.7|3.1|1775|358|17.9|3.3|915|242|9.2|2.3|460|174|4.6|1.7|290|132|2.9|1.3|9900|771|7995|675|80.8|2.8|1205|263|12.2|2.3|685|177|6.9|1.8|15|28|0.2|0.3|35685|2783|46080|4311|34629|4549|12420|996|10400|1021|83.7|3.5|4850|694|39.0|4.3|6030|793|48.6|4.7|2020|431|16.3|3.5|12360|999|10425|874|9865|775|8395|794|85.1|3.5|4275|593|43.3|4.9|4500|629|45.6|4.9|1470|347|14.9|3.5|560|256|390|178|69.6|17.2|80|104|14.3|16.7|310|147|55.4|19.3|170|136|30.4|17.1|1930|344|1550|346|80.3|8.9|480|166|24.9|7.1|1175|275|60.9|9.5|380|175|19.7|9.0|14.6|3.0|14.6|3.0|14.5|2.9|38.5|51.5
9700000US0609120|Coalinga-Huron Unified School District, CA|0609120|2019-2023|205|3420|409|2585|345|75.6|5.8|2585|345|75.6|5.8|2280|366|66.7|7.6|305|158|8.9|4.6|0|25|0.0|1.2|835|233|24.4|5.8|2585|345|11.8|6.2|1930|222|1170|189|60.6|8.6|1170|189|60.6|8.6|970|204|50.3|9.8|2245|371|1895|338|84.4|5.6|185|97|8.2|3.9|0|25|0.0|1.9|35|59|1.6|2.7|65|51|2.9|2.3|60|64|2.7|2.8|24.7|3.9|2280|366|435|160|19.1|6.5|460|158|20.2|6.3|175|90|7.7|3.8|745|228|32.7|9.1|465|223|20.4|8.5|2280|366|825|223|36.2|8.5|115|70|5.0|3.0|120|80|5.3|3.3|50|57|2.2|2.4|115|101|5.0|4.2|115|93|5.0|4.0|65|88|2.9|3.7|40|58|1.8|2.5|70|66|3.1|2.9|365|139|16.0|5.6|185|81|8.1|3.7|4|16|0.2|0.7|200|145|8.8|6.1|2280|366|1730|304|75.9|7.5|505|202|22.1|7.8|40|44|1.8|1.9|10|20|0.4|0.9|33921|5605|44587|3515|38125|12607|3420|409|2960|401|86.5|5.0|1370|354|40.1|8.6|1700|350|49.7|9.2|460|177|13.5|5.0|3390|409|2555|343|2280|366|1990|336|87.3|6.0|1110|330|48.7|10.8|940|252|41.2|10.5|290|150|12.7|6.0|270|132|240|119|88.9|15.7|40|45|14.8|16.3|200|116|74.1|21.8|30|45|11.1|15.8|835|233|695|222|83.2|11.4|220|113|26.3|12.4|525|194|62.9|11.3|140|99|16.8|11.4|28.2|8.1|28.2|8.1|27.6|8.0|100.0|61.9
9700000US0600049|Coast Unified School District, CA|0600049|2019-2023|205|535|237|415|179|77.6|10.8|410|179|76.6|11.0|400|176|74.8|10.1|4|20|0.7|3.7|10|18|1.9|3.5|120|86|22.4|10.7|410|179|1.0|4.8|285|118|205|88|71.9|20.0|205|88|71.9|20.0|200|85|70.2|19.5|410|176|265|144|64.6|21.8|70|96|17.1|21.0|0|19|0.0|9.8|40|40|9.8|9.7|15|20|3.7|5.0|20|22|4.9|5.6|13.3|4.4|400|176|95|54|23.8|14.0|180|123|45.0|24.3|25|22|6.3|6.2|100|111|25.0|22.3|0|19|0.0|10.1|400|176|15|22|3.8|5.9|65|101|16.3|22.6|0|19|0.0|10.1|0|19|0.0|10.1|15|21|3.8|5.8|4|11|1.0|2.7|4|12|1.0|3.0|4|9|1.0|2.2|30|41|7.5|10.4|65|51|16.3|12.1|160|119|40.0|24.7|4|9|1.0|2.3|35|53|8.8|12.5|400|176|340|161|85.0|13.5|50|54|12.5|12.3|10|15|2.5|3.8|0|19|0.0|10.1|43106|19677|62875|30394|43409|6692|530|237|225|120|42.5|21.2|215|122|40.6|21.3|70|87|13.2|15.4|305|205|57.5|21.6|525|239|410|179|400|176|200|110|50.0|21.9|195|110|48.8|22.0|65|90|16.3|19.8|200|136|50.0|22.1|4|20|0|19|0.0|100.0|0|19|0.0|100.0|0|19|0.0|100.0|4|20|100.0|100.0|120|86|20|25|16.7|22.7|20|25|16.7|22.7|0|19|0.0|29.0|100|82|83.3|21.5|10.3|15.5|10.3|15.5|10.3|15.6|0.0|100.0
9500000US0609270|Cold Spring Elementary School District, CA|0609270|2019-2023|205|270|123|185|96|68.5|18.0|185|96|68.5|18.0|185|96|68.5|18.0|0|14|0.0|14.5|0|14|0.0|14.5|85|64|31.5|17.7|185|96|0.0|20.4|135|62|95|52|70.4|20.9|95|52|70.4|20.9|95|52|70.4|20.9|185|96|110|68|59.5|15.8|10|14|5.4|7.5|0|14|0.0|20.4|20|19|10.8|11.1|0|14|0.0|20.4|50|38|27.0|13.2|12.6|4.1|185|96|130|83|70.3|21.3|4|4|2.2|2.2|50|43|27.0|21.0|0|14|0.0|20.4|0|14|0.0|20.4|185|96|0|14|0.0|20.4|30|48|16.2|21.2|4|14|2.2|7.3|0|14|0.0|20.4|10|14|5.4|7.3|0|14|0.0|20.4|4|15|2.2|8.3|20|23|10.8|12.1|15|17|8.1|8.6|80|45|43.2|18.4|20|34|10.8|17.6|0|14|0.0|20.4|0|14|0.0|20.4|185|96|100|77|54.1|21.4|45|42|24.3|20.4|35|26|18.9|12.8|0|14|0.0|20.4|83594|19587|250,000+|***|82303|2772|270|123|270|123|100.0|14.5|265|120|98.1|4.5|25|25|9.3|8.7|0|14|0.0|14.5|270|123|185|96|185|96|185|96|100.0|20.4|185|96|100.0|20.4|10|15|5.4|8.0|0|14|0.0|20.4|0|14|0|14|-|**|0|14|-|**|0|14|-|**|0|14|-|**|85|64|85|64|100.0|36.7|80|61|94.1|13.1|10|21|11.8|24.7|0|14|0.0|36.7|11.1|17.5|11.1|17.5|11.1|17.5|-|**
9500000US0609300|Colfax Elementary School District, CA|0609300|2019-2023|205|440|179|380|169|86.4|12.0|380|169|86.4|12.0|330|148|75.0|18.3|50|75|11.4|15.7|0|19|0.0|9.2|60|55|13.6|12.0|380|169|13.2|17.9|230|96|185|84|80.4|18.2|185|84|80.4|18.2|160|73|69.6|20.0|330|148|290|136|87.9|11.4|0|19|0.0|12.1|0|19|0.0|12.1|0|19|0.0|12.1|0|19|0.0|12.1|40|39|12.1|10.9|28.7|5.2|330|148|180|96|54.5|19.5|60|45|18.2|12.5|65|95|19.7|25.9|0|19|0.0|12.1|20|34|6.1|9.9|330|148|0|19|0.0|12.1|40|47|12.1|13.4|45|55|13.6|15.2|0|19|0.0|12.1|0|19|0.0|12.1|0|19|0.0|12.1|30|38|9.1|10.8|20|34|6.1|9.9|60|52|18.2|12.7|70|65|21.2|17.7|25|31|7.6|9.0|0|19|0.0|12.1|40|33|12.1|10.1|330|148|245|126|74.2|20.8|75|66|22.7|17.8|10|17|3.0|5.0|0|19|0.0|12.1|50978|26058|79779|3004|45625|26458|440|179|380|157|86.4|16.8|325|148|73.9|18.3|135|101|30.7|20.4|60|81|13.6|16.6|440|179|380|169|330|148|330|148|100.0|12.1|310|148|93.9|6.9|95|98|28.8|25.5|0|19|0.0|12.1|50|75|4|10|8.0|34.9|4|10|8.0|34.9|0|19|0.0|48.0|45|75|90.0|35.7|60|55|45|46|75.0|44.6|4|17|6.7|28.5|35|45|58.3|51.4|15|30|25.0|47.2|8.0|9.8|8.0|9.8|8.0|9.8|-|**
9500000US0609330|College Elementary School District, CA|0609330|2019-2023|205|675|287|455|204|67.4|16.4|455|204|67.4|16.4|455|204|67.4|16.4|0|19|0.0|6.1|0|19|0.0|6.1|225|161|33.3|16.7|455|204|0.0|8.9|350|171|150|91|42.9|25.5|150|91|42.9|25.5|150|91|42.9|25.5|455|204|325|188|71.4|17.7|4|7|0.9|1.7|0|19|0.0|8.9|30|45|6.6|10.0|0|19|0.0|8.9|90|69|19.8|15.6|28.8|8.0|455|204|330|205|72.5|22.6|65|70|14.3|16.4|40|58|8.8|13.3|20|27|4.4|6.6|0|19|0.0|8.9|455|204|35|43|7.7|9.7|55|64|12.1|14.6|0|19|0.0|8.9|0|19|0.0|8.9|0|19|0.0|8.9|15|28|3.3|6.6|0|19|0.0|8.9|55|79|12.1|14.4|160|113|35.2|22.2|60|77|13.2|13.3|35|59|7.7|12.6|35|39|7.7|9.9|4|6|0.9|1.3|455|204|435|200|95.6|6.2|15|28|3.3|6.4|0|19|0.0|8.9|0|19|0.0|8.9|96618|65701|135714|89510|146167|45277|675|287|645|299|95.6|7.1|550|267|81.5|18.4|95|128|14.1|17.1|35|37|5.2|6.7|675|287|455|204|455|204|425|213|93.4|9.5|415|212|91.2|10.2|10|13|2.2|2.9|30|38|6.6|9.7|0|19|0|19|-|**|0|19|-|**|0|19|-|**|0|19|-|**|225|161|220|160|97.8|3.9|135|100|60.0|42.7|90|128|40.0|43.4|4|19|1.8|1.5|17.8|17.8|17.8|17.8|17.8|17.8|-|**
9700000US0609390|Colton Joint Unified School District, CA|0609390|2019-2023|205|18245|1284|14190|1152|77.8|2.8|14190|1152|77.8|2.8|13400|1158|73.4|2.9|790|274|4.3|1.5|0|32|0.0|0.2|4055|556|22.2|2.8|14190|1152|5.6|1.9|10200|775|6810|723|66.8|4.1|6810|723|66.8|4.1|6335|708|62.1|4.1|12950|1136|10085|925|77.9|3.3|1265|325|9.8|2.3|35|40|0.3|0.3|150|155|1.2|1.2|255|157|2.0|1.2|1165|390|9.0|2.8|31.1|2.2|13400|1158|3450|584|25.7|3.3|2075|346|15.5|2.7|2670|498|19.9|3.2|1850|405|13.8|2.5|3355|445|25.0|3.0|13400|1158|100|75|0.7|0.6|1375|350|10.3|2.2|1390|244|10.4|1.8|535|202|4.0|1.4|1220|364|9.1|2.6|1775|300|13.2|2.1|180|139|1.3|1.0|715|373|5.3|2.6|900|233|6.7|1.7|2745|401|20.5|2.9|985|306|7.4|2.2|750|241|5.6|1.7|730|219|5.4|1.5|13400|1158|10495|928|78.3|3.1|1935|375|14.4|2.5|965|285|7.2|1.9|0|32|0.0|0.3|47321|3530|61153|1901|46984|4957|18245|1284|16195|1279|88.8|2.6|11100|1311|60.8|4.4|5680|837|31.1|4.7|2050|486|11.2|2.6|18140|1297|14100|1165|13400|1158|12030|1135|89.8|2.5|9105|1087|67.9|4.2|3240|578|24.2|4.3|1370|340|10.2|2.5|700|229|540|210|77.1|13.0|120|95|17.1|12.8|415|191|59.3|16.1|160|96|22.9|13.0|4040|560|3520|561|87.1|4.7|1870|480|46.3|8.1|1915|406|47.4|8.2|520|189|12.9|4.8|13.1|2.7|13.1|2.7|12.7|2.5|85.7|38.1
9500000US0609450|Columbia Elementary School District, CA|0609450|2019-2023|205|745|200|495|152|66.4|9.2|495|152|66.4|9.2|495|152|66.4|9.2|0|19|0.0|5.5|0|19|0.0|5.5|250|96|33.6|9.3|495|152|0.0|8.2|395|107|160|73|40.5|15.3|160|73|40.5|15.3|160|73|40.5|15.3|485|150|370|135|76.3|14.9|20|24|4.1|5.0|0|19|0.0|8.4|0|19|0.0|8.4|0|19|0.0|8.4|90|76|18.6|14.5|13.9|1.9|495|152|280|137|56.6|17.8|20|24|4.0|4.9|75|67|15.2|12.7|35|34|7.1|7.0|85|63|17.2|11.6|495|152|0|19|0.0|8.2|75|57|15.2|11.0|4|19|0.8|0.2|10|19|2.0|3.8|55|41|11.1|7.5|40|37|8.1|7.3|30|34|6.1|7.1|20|20|4.0|4.2|30|33|6.1|5.8|170|105|34.3|17.0|20|33|4.0|6.4|15|21|3.0|4.1|35|33|7.1|6.5|495|152|380|149|76.8|13.9|55|40|11.1|7.8|60|39|12.1|8.3|4|4|0.8|0.8|77778|10910|95595|31168|76500|33599|745|200|720|194|96.6|3.5|575|204|77.2|12.8|175|85|23.5|12.6|25|28|3.4|3.5|745|200|495|152|495|152|490|146|99.0|3.8|425|151|85.9|10.7|95|48|19.2|11.2|10|14|2.0|2.8|0|19|0|19|-|**|0|19|-|**|0|19|-|**|0|19|-|**|250|96|230|91|92.0|9.2|155|90|62.0|22.9|75|48|30.0|21.3|20|23|8.0|8.9|3.4|5.4|3.4|5.4|3.4|5.4|-|**
9500000US0609480|Columbia Union Elementary School District, CA|0609480|2019-2023|205|780|237|655|210|84.0|12.6|655|210|84.0|12.6|625|205|80.1|12.6|35|42|4.5|5.3|0|19|0.0|5.3|125|111|16.0|12.6|655|210|5.3|6.1|395|128|310|103|78.5|20.0|310|103|78.5|20.0|310|103|78.5|20.0|625|205|505|157|80.8|17.3|4|7|0.6|1.1|0|19|0.0|6.6|0|19|0.0|6.6|0|19|0.0|6.6|115|130|18.4|17.6|15.1|3.3|625|205|270|146|43.2|19.7|150|141|24.0|20.2|95|84|15.2|12.6|75|71|12.0|11.2|40|38|6.4|6.1|625|205|0|19|0.0|6.6|100|79|16.0|12.2|0|19|0.0|6.6|0|19|0.0|6.6|125|110|20.0|17.1|20|36|3.2|5.6|4|14|0.6|2.3|0|19|0.0|6.6|15|30|2.4|4.6|95|69|15.2|9.8|120|119|19.2|17.0|125|90|20.0|13.6|25|23|4.0|4.1|625|205|250|108|40.0|15.8|100|68|16.0|11.1|280|168|44.8|18.5|0|19|0.0|6.6|29773|21924|50370|46920|-|**|780|237|780|237|100.0|5.3|380|197|48.7|20.0|455|178|58.3|18.6|0|19|0.0|5.3|780|237|655|210|625|205|625|205|100.0|6.6|320|161|51.2|21.8|360|164|57.6|19.4|0|19|0.0|6.6|35|42|35|42|100.0|57.3|15|23|42.9|57.1|20|35|57.1|57.1|0|19|0.0|57.3|125|111|125|111|100.0|28.1|50|77|40.0|47.0|75|76|60.0|46.4|0|19|0.0|28.1|19.2|16.4|19.2|16.4|19.2|16.4|-|**
9700000US0609570|Colusa Unified School District, CA|0609570|2019-2023|205|1305|177|1135|204|87.0|6.4|1135|204|87.0|6.4|1050|219|80.5|8.7|85|82|6.5|6.4|0|19|0.0|3.2|170|75|13.0|6.4|1135|204|7.5|7.3|705|102|535|135|75.9|11.8|535|135|75.9|11.8|490|135|69.5|13.7|975|217|905|216|92.8|5.9|40|41|4.1|4.3|0|19|0.0|4.3|0|19|0.0|4.3|15|25|1.5|2.5|15|27|1.5|2.7|21.7|3.5|1050|219|385|170|36.7|11.8|110|69|10.5|6.6|55|45|5.2|4.2|290|121|27.6|12.1|215|106|20.5|9.0|1050|219|120|70|11.4|7.2|35|37|3.3|3.4|260|113|24.8|8.4|4|14|0.4|1.3|40|47|3.8|4.5|30|31|2.9|3.1|0|19|0.0|4.0|10|20|1.0|2.0|30|33|2.9|3.2|265|133|25.2|9.5|65|53|6.2|5.0|60|44|5.7|4.5|130|87|12.4|7.8|1050|219|710|137|67.6|10.1|315|147|30.0|10.2|25|22|2.4|2.1|0|19|0.0|4.0|57409|15730|80636|18455|60224|9566|1305|177|1235|179|94.6|3.8|845|217|64.8|11.3|440|152|33.7|12.9|70|50|5.4|3.8|1305|177|1135|204|1050|219|995|217|94.8|4.6|760|228|72.4|11.1|260|104|24.8|11.5|55|48|5.2|4.5|85|82|80|82|94.1|17.7|4|5|4.7|9.3|80|81|94.1|15.2|4|6|4.7|9.7|170|75|160|76|94.1|11.6|80|64|47.1|23.4|95|53|55.9|26.1|10|18|5.9|10.6|13.8|7.5|13.8|7.5|13.8|7.5|-|**
9700000US0609620|Compton Unified School District, CA|0609620|2019-2023|205|22340|1133|17125|956|76.7|1.7|17105|959|76.6|1.7|16120|951|72.2|1.9|985|226|4.4|1.0|20|34|0.1|0.2|5215|455|23.3|1.7|17105|959|5.8|1.3|12335|707|8130|599|65.9|2.7|8130|599|65.9|2.7|7415|595|60.1|3.0|15890|960|12030|804|75.7|2.6|2115|355|13.3|2.2|410|141|2.6|0.9|195|138|1.2|0.9|255|145|1.6|0.9|880|234|5.5|1.4|30.6|1.4|16120|951|3210|454|19.9|2.4|3120|484|19.4|2.9|3045|430|18.9|2.3|2615|392|16.2|2.3|4135|503|25.7|2.8|16120|951|75|64|0.5|0.4|2225|436|13.8|2.4|2190|384|13.6|2.4|500|180|3.1|1.1|1270|313|7.9|1.8|2145|331|13.3|1.9|115|84|0.7|0.5|560|210|3.5|1.3|1540|278|9.6|1.8|3060|385|19.0|2.1|970|214|6.0|1.3|840|244|5.2|1.5|635|200|3.9|1.2|16120|951|13095|840|81.2|2.6|1940|352|12.0|2.0|1090|280|6.8|1.7|0|32|0.0|0.3|39085|2806|48627|3595|41543|3606|22320|1136|18540|1108|83.1|2.4|10090|872|45.2|3.2|9330|837|41.8|3.0|3775|565|16.9|2.4|22075|1145|17005|966|16020|954|13280|930|82.9|2.8|8860|765|55.3|3.6|5240|604|32.7|3.2|2740|467|17.1|2.8|985|226|805|195|81.7|11.7|265|106|26.9|10.0|545|166|55.3|11.7|180|129|18.3|11.7|5070|468|4215|453|83.1|4.1|950|221|18.7|4.1|3310|425|65.3|5.2|855|218|16.9|4.1|15.7|2.4|15.7|2.4|15.9|2.4|0.0|15.9
9700000US0609640|Conejo Valley Unified School District, CA|0609640|2019-2023|205|17840|903|14690|823|82.3|1.9|14665|823|82.2|1.9|14045|770|78.7|2.0|615|241|3.4|1.3|25|28|0.1|0.2|3155|378|17.7|1.9|14665|823|4.2|1.6|9255|516|6620|505|71.5|3.5|6620|505|71.5|3.5|6275|463|67.8|3.5|13900|761|9005|568|64.8|2.9|1085|361|7.8|2.5|135|107|1.0|0.8|75|46|0.5|0.3|155|90|1.1|0.6|3450|450|24.8|2.8|26.1|1.7|14045|770|8850|711|63.0|3.7|1470|322|10.5|2.3|2375|365|16.9|2.5|530|159|3.8|1.1|825|338|5.9|2.3|14045|770|95|69|0.7|0.5|455|172|3.2|1.2|1520|230|10.8|1.6|445|176|3.2|1.2|825|170|5.9|1.2|570|196|4.1|1.3|820|300|5.8|2.0|1690|385|12.0|2.7|2505|377|17.8|2.3|3040|376|21.6|2.7|915|233|6.5|1.6|605|208|4.3|1.4|565|152|4.0|1.1|14045|770|11150|712|79.4|2.4|1785|256|12.7|1.7|1080|261|7.7|1.8|30|30|0.2|0.2|95009|5883|139609|10989|91738|12077|17815|903|16325|877|91.6|2.3|14845|870|83.3|3.2|1875|391|10.5|2.0|1495|431|8.4|2.3|17700|894|14615|818|13995|766|12880|756|92.0|2.7|11870|750|84.8|3.5|1275|340|9.1|2.3|1120|386|8.0|2.7|615|241|480|190|78.0|21.6|420|191|68.3|21.8|70|50|11.4|9.2|135|156|22.0|21.7|3090|373|2850|365|92.2|3.5|2455|313|79.4|5.7|415|169|13.4|4.9|240|110|7.8|3.5|6.8|2.4|6.8|2.4|6.9|2.4|0.0|30.0
9700000US0609690|Corcoran Joint Unified School District, CA|0609690|2019-2023|205|2625|357|1810|331|69.0|7.8|1810|331|69.0|7.8|1740|331|66.3|7.8|70|64|2.7|2.5|0|25|0.0|1.6|815|227|31.0|7.8|1810|331|3.9|3.5|1530|212|885|216|57.8|10.7|885|216|57.8|10.7|835|214|54.6|10.7|1730|331|1360|269|78.6|8.5|280|170|16.2|8.6|0|25|0.0|2.4|40|44|2.3|2.5|40|62|2.3|3.6|15|21|0.9|1.2|22.7|3.3|1740|331|355|133|20.4|7.1|260|93|14.9|5.2|235|142|13.5|7.3|640|227|36.8|10.3|250|134|14.4|7.4|1740|331|600|214|34.5|10.5|60|46|3.4|2.7|215|125|12.4|6.8|30|28|1.7|1.6|75|71|4.3|4.0|165|107|9.5|5.7|20|31|1.1|1.8|10|18|0.6|1.1|40|38|2.3|2.1|310|150|17.8|7.3|70|56|4.0|3.1|70|68|4.0|3.8|75|58|4.3|3.4|1740|331|1355|295|77.9|7.7|285|106|16.4|5.8|100|92|5.7|4.9|4|14|0.2|0.8|41678|2569|49493|6236|42925|4604|2625|357|2390|345|91.0|4.7|1370|348|52.2|10.7|1185|324|45.1|11.4|240|127|9.1|4.6|2610|357|1810|331|1740|331|1605|315|92.2|5.9|1130|326|64.9|11.2|595|181|34.2|11.0|135|106|7.8|5.8|70|64|45|43|64.3|44.2|4|6|5.7|9.7|40|43|57.1|44.4|25|44|35.7|46.5|795|232|720|245|90.6|8.7|235|116|29.6|12.7|530|236|66.7|15.7|75|65|9.4|8.7|19.6|8.6|19.7|8.7|19.7|8.7|0.0|100.0
9500000US0609780|Corning Union Elementary School District, CA|0609780|2019-2023|205|1440|384|1140|344|79.2|10.9|1140|344|79.2|10.9|1130|343|78.5|10.9|10|13|0.7|0.9|0|21|0.0|2.9|300|173|20.8|10.8|1140|344|0.9|1.1|810|229|510|195|63.0|17.9|510|195|63.0|17.9|510|195|63.0|17.9|1115|344|875|269|78.5|15.1|240|202|21.5|15.1|0|21|0.0|3.7|0|21|0.0|3.7|0|21|0.0|3.7|0|21|0.0|3.7|16.6|4.3|1130|343|105|66|9.3|5.6|320|173|28.3|12.7|295|200|26.1|14.1|105|84|9.3|6.7|305|146|27.0|12.2|1130|343|95|93|8.4|8.4|100|102|8.8|8.4|195|129|17.3|11.3|0|21|0.0|3.7|40|40|3.5|3.3|10|20|0.9|1.8|0|21|0.0|3.7|65|54|5.8|5.1|0|21|0.0|3.7|265|157|23.5|12.6|180|113|15.9|8.5|20|32|1.8|2.9|160|201|14.2|16.1|1130|343|740|238|65.5|15.3|320|224|28.3|16.0|20|32|1.8|2.9|55|59|4.9|4.9|44733|4589|47750|10183|47306|5572|1440|384|1270|367|88.2|8.2|990|332|68.8|11.5|320|132|22.2|8.4|170|120|11.8|8.1|1440|383|1140|344|1130|343|1050|333|92.9|6.8|825|302|73.0|11.7|255|126|22.6|10.4|85|77|7.5|6.9|10|13|10|13|100.0|100.0|0|21|0.0|100.0|10|13|100.0|100.0|0|21|0.0|100.0|300|173|210|129|70.0|26.2|160|128|53.3|25.3|50|54|16.7|22.5|85|98|28.3|26.3|8.7|7.9|8.7|7.9|8.7|7.9|0.0|100.0
9600000US0609810|Corning Union High School District, CA|0609810|2019-2023|205|1085|271|780|231|71.9|11.0|780|231|71.9|11.0|780|231|71.9|11.0|0|21|0.0|3.8|0|21|0.0|3.8|305|140|28.1|11.0|780|231|0.0|5.3|645|182|365|134|56.6|16.1|365|134|56.6|16.1|365|134|56.6|16.1|725|222|605|189|83.4|8.2|90|63|12.4|7.4|0|21|0.0|5.7|0|21|0.0|5.7|0|21|0.0|5.7|30|40|4.1|5.3|23.2|3.8|780|231|175|82|22.4|9.2|225|107|28.8|11.2|90|73|11.5|7.8|125|98|16.0|11.8|170|113|21.8|12.8|780|231|65|76|8.3|9.3|60|68|7.7|8.8|95|93|12.2|11.2|0|21|0.0|5.3|45|44|5.8|5.3|20|20|2.6|2.6|0|21|0.0|5.3|65|54|8.3|6.4|10|23|1.3|2.8|215|131|27.6|13.4|135|68|17.3|8.0|55|52|7.1|6.2|20|22|2.6|2.8|780|231|555|193|71.2|13.8|180|115|23.1|12.7|50|52|6.4|6.2|0|21|0.0|5.3|40824|5018|47556|8168|40455|3583|1085|271|1005|272|92.6|5.7|720|272|66.4|14.8|335|144|30.9|12.6|80|62|7.4|5.8|1075|270|780|231|780|231|735|233|94.2|8.4|560|205|71.8|12.8|225|116|28.8|12.6|45|66|5.8|8.4|0|21|0|21|-|**|0|21|-|**|0|21|-|**|0|21|-|**|295|139|260|141|88.1|17.6|155|138|52.5|30.9|100|91|33.9|32.4|35|50|11.9|18.1|10.1|8.1|10.1|8.1|10.2|8.1|0.0|100.0
9700000US0609850|Corona-Norco Unified School District, CA|0609850|2019-2023|205|47175|2001|39125|1762|82.9|1.6|39085|1763|82.9|1.5|38040|1687|80.6|1.6|1050|343|2.2|0.7|40|59|0.1|0.1|8045|829|17.1|1.6|39085|1763|2.7|0.8|24455|1030|17675|918|72.3|2.5|17675|918|72.3|2.5|17080|896|69.8|2.7|37470|1679|26785|1239|71.5|2.2|3385|522|9.0|1.3|215|118|0.6|0.3|195|125|0.5|0.3|565|219|1.5|0.6|6330|875|16.9|2.0|37.9|1.5|38040|1687|18330|1276|48.2|2.3|4875|522|12.8|1.4|6775|704|17.8|1.6|3360|501|8.8|1.3|4700|605|12.4|1.6|38040|1687|245|99|0.6|0.3|3505|529|9.2|1.3|4875|587|12.8|1.5|1280|319|3.4|0.8|2685|535|7.1|1.2|2800|554|7.4|1.4|555|206|1.5|0.5|2685|679|7.1|1.7|4460|596|11.7|1.4|8590|655|22.6|1.8|2020|593|5.3|1.6|1365|298|3.6|0.8|2975|488|7.8|1.2|38040|1687|28675|1409|75.4|1.7|7565|678|19.9|1.6|1700|377|4.5|0.9|100|73|0.3|0.2|68867|3329|90393|6139|65477|4936|47135|2004|43755|2044|92.8|1.4|38190|2004|81.0|2.1|7415|788|15.7|1.6|3380|640|7.2|1.4|46675|1978|38885|1778|37840|1700|35715|1795|94.4|1.2|32295|1792|85.3|2.0|4690|613|12.4|1.6|2125|451|5.6|1.2|1050|343|970|340|92.4|6.1|635|267|60.5|14.5|345|173|32.9|12.8|80|61|7.6|6.1|7790|776|6625|670|85.0|4.3|4955|652|63.6|5.2|2005|364|25.7|4.3|1165|381|15.0|4.3|5.9|1.3|5.9|1.3|5.8|1.3|8.7|9.8
9700000US0609870|Coronado Unified School District, CA|0609870|2019-2023|205|2020|265|1710|272|84.7|5.2|1430|244|70.8|6.8|1415|241|70.0|6.9|15|21|0.7|1.0|275|120|13.6|5.4|310|101|15.3|5.2|1430|244|1.0|1.5|1120|160|830|175|74.1|9.1|785|168|70.1|9.2|770|165|68.8|9.3|1670|267|965|173|57.8|8.7|110|60|6.6|3.7|25|29|1.5|1.8|35|30|2.1|1.8|100|60|6.0|3.5|435|199|26.0|9.3|23.2|2.4|1415|241|1020|214|72.1|7.5|95|47|6.7|3.4|230|102|16.3|6.8|25|42|1.8|2.9|45|30|3.2|2.1|1415|241|35|39|2.5|2.7|55|35|3.9|2.5|40|33|2.8|2.4|30|28|2.1|2.0|165|125|11.7|8.4|85|53|6.0|3.7|20|21|1.4|1.5|120|105|8.5|6.6|220|102|15.5|6.2|420|103|29.7|7.2|60|42|4.2|2.8|65|44|4.6|3.1|100|61|7.1|4.5|1415|241|960|164|67.8|9.6|225|71|15.9|5.5|225|185|15.9|11.4|10|14|0.7|1.0|91625|23184|136500|22279|87500|31745|1745|239|1660|245|95.1|4.0|1570|249|90.0|5.6|185|94|10.6|5.4|85|69|4.9|4.0|1720|237|1410|244|1395|241|1315|239|94.3|4.9|1285|238|92.1|5.1|90|44|6.5|3.2|80|69|5.7|4.9|15|21|15|21|100.0|87.6|15|21|100.0|87.6|0|21|0.0|87.6|0|21|0.0|87.6|310|98|305|101|98.4|4.6|245|74|79.0|18.0|80|78|25.8|19.9|4|11|1.3|3.7|4.0|2.7|4.0|2.7|4.0|2.7|0.0|67.8
9700000US0609940|Cotati-Rohnert Park Unified School District, CA|0609940|2019-2023|205|7675|649|6440|580|83.9|3.5|6435|578|83.8|3.5|6190|574|80.7|3.7|245|126|3.2|1.6|10|13|0.1|0.2|1235|298|16.1|3.5|6435|578|3.8|1.9|3965|368|3015|393|76.0|6.4|3015|393|76.0|6.4|2865|394|72.3|6.7|6110|557|4365|514|71.4|6.5|660|291|10.8|4.6|30|35|0.5|0.6|0|32|0.0|0.7|55|62|0.9|1.0|995|329|16.3|5.0|27.4|2.2|6190|574|2180|365|35.2|5.1|1355|355|21.9|5.1|1315|330|21.2|4.8|940|246|15.2|3.9|395|169|6.4|2.7|6190|574|140|102|2.3|1.6|935|306|15.1|4.8|395|189|6.4|2.9|125|70|2.0|1.2|300|136|4.8|2.2|305|129|4.9|2.1|75|52|1.2|0.8|375|125|6.1|2.0|700|268|11.3|4.2|1325|290|21.4|4.2|565|272|9.1|4.2|320|162|5.2|2.5|625|249|10.1|4.2|6190|574|4545|556|73.4|5.0|1415|327|22.9|5.2|215|95|3.5|1.5|15|26|0.2|0.4|65086|8675|86116|8975|70009|11523|7665|647|7195|629|93.9|2.6|6250|682|81.5|4.6|1380|402|18.0|5.2|470|206|6.1|2.6|7585|644|6380|574|6135|570|5815|555|94.8|2.7|5460|594|89.0|4.5|670|327|10.9|5.3|320|169|5.2|2.7|245|126|235|124|95.9|7.7|145|93|59.2|26.1|90|80|36.7|25.2|10|16|4.1|7.3|1205|296|1065|275|88.4|7.4|620|218|51.5|13.2|555|205|46.1|12.8|140|93|11.6|7.4|6.1|2.7|6.1|2.7|6.1|2.8|0.0|37.9
9500000US0609990|Cottonwood Union Elementary School District, CA|0609990|2019-2023|205|935|578|725|532|77.5|20.3|725|532|77.5|20.3|725|532|77.5|20.3|0|19|0.0|4.4|0|19|0.0|4.4|215|186|23.0|19.9|725|532|0.0|5.7|440|299|315|275|71.6|31.0|315|275|71.6|31.0|315|275|71.6|31.0|725|532|650|536|89.7|12.6|25|51|3.4|8.7|0|19|0.0|5.7|0|19|0.0|5.7|0|19|0.0|5.7|45|42|6.2|7.8|25.3|4.8|725|532|360|292|49.7|13.4|45|76|6.2|11.1|55|61|7.6|10.8|255|267|35.2|20.1|10|16|1.4|2.6|725|532|10|41|1.4|6.7|25|33|3.4|5.4|30|33|4.1|5.6|0|19|0.0|5.7|85|122|11.7|20.2|10|15|1.4|2.7|10|14|1.4|2.4|205|266|28.3|21.3|45|51|6.2|8.8|95|97|13.1|16.7|0|19|0.0|5.7|0|19|0.0|5.7|210|252|29.0|17.9|725|532|460|302|63.4|16.4|250|260|34.5|16.5|10|17|1.4|2.4|0|19|0.0|5.7|77697|42308|-|**|54201|40506|935|578|860|565|92.0|13.1|835|586|89.3|16.5|60|113|6.4|14.1|75|119|8.0|13.0|935|578|725|532|725|532|725|532|100.0|5.7|710|544|97.9|11.2|35|77|4.8|13.1|0|19|0.0|5.7|0|19|0|19|-|**|0|19|-|**|0|19|-|**|0|19|-|**|215|186|140|132|65.1|42.6|125|137|58.1|43.1|20|41|9.3|22.0|75|119|34.9|42.7|2.1|3.9|2.1|3.9|2.1|3.9|-|**
9700000US0610050|Covina-Valley Unified School District, CA|0610050|2019-2023|205|8975|916|7655|800|85.3|2.4|7655|800|85.3|2.4|7400|778|82.5|2.7|255|120|2.8|1.3|0|32|0.0|0.5|1320|261|14.7|2.4|7655|800|3.3|1.5|5155|546|3965|490|76.9|4.1|3965|490|76.9|4.1|3770|466|73.1|4.4|7295|757|5400|629|74.0|3.7|940|262|12.9|3.2|110|91|1.5|1.2|15|20|0.2|0.3|130|110|1.8|1.5|710|172|9.7|2.4|33.2|2.4|7400|778|2330|424|31.5|4.8|1345|322|18.2|3.5|1910|340|25.8|4.1|760|214|10.3|2.7|1050|296|14.2|3.7|7400|778|75|54|1.0|0.7|505|193|6.8|2.5|530|152|7.2|2.0|435|197|5.9|2.6|665|221|9.0|3.0|570|210|7.7|2.7|65|40|0.9|0.5|385|139|5.2|1.9|730|238|9.9|2.8|2130|430|28.8|4.5|485|179|6.6|2.3|345|136|4.7|1.8|480|161|6.5|2.3|7400|778|5660|727|76.5|4.0|1375|271|18.6|3.5|350|136|4.7|1.8|15|22|0.2|0.3|49596|3339|68692|6189|51764|6264|8975|916|8135|858|90.6|3.5|6445|704|71.8|4.4|1930|419|21.5|3.8|840|332|9.4|3.5|8945|917|7650|802|7390|783|6825|729|92.4|3.2|5650|627|76.5|5.1|1350|379|18.3|4.4|570|254|7.7|3.2|255|120|230|113|90.2|15.7|105|81|41.2|26.3|125|86|49.0|26.7|30|36|11.8|13.7|1295|256|1055|216|81.5|8.5|680|174|52.5|9.8|425|137|32.8|9.1|240|126|18.5|8.4|7.9|2.4|7.9|2.4|7.9|2.4|0.0|61.9
9500000US0616300|Cucamonga Elementary School District, CA|0616300|2019-2023|205|2725|488|2180|441|80.0|6.9|2180|441|80.0|6.9|1975|423|72.5|8.9|205|205|7.5|7.4|0|29|0.0|1.5|545|209|20.0|6.9|2180|441|9.4|9.1|1575|312|1090|268|69.2|10.9|1090|268|69.2|10.9|995|270|63.2|11.9|1880|415|1500|363|79.8|9.5|125|91|6.6|4.7|0|29|0.0|2.2|0|29|0.0|2.2|15|24|0.8|1.3|240|158|12.8|7.4|29.9|3.6|1975|423|730|255|37.0|9.0|295|152|14.9|7.0|340|124|17.2|6.7|190|77|9.6|4.0|425|234|21.5|10.0|1975|423|0|29|0.0|2.1|75|57|3.8|2.8|155|95|7.8|4.7|20|30|1.0|1.5|245|133|12.4|6.3|260|195|13.2|8.9|45|52|2.3|2.5|40|54|2.0|2.6|235|109|11.9|5.5|585|229|29.6|8.0|65|64|3.3|3.1|185|102|9.4|5.7|65|72|3.3|3.5|1975|423|1555|402|78.7|7.6|255|105|12.9|4.9|160|91|8.1|4.8|0|29|0.0|2.1|45118|9271|59430|11791|68036|26817|2725|488|2245|492|82.4|8.4|1655|449|60.7|9.9|640|231|23.5|8.0|480|235|17.6|8.5|2705|492|2160|444|1955|428|1710|417|87.5|8.4|1425|415|72.9|11.7|320|158|16.4|7.9|245|171|12.5|8.4|205|205|130|119|63.4|22.9|50|72|24.4|36.1|75|96|36.6|21.3|80|104|39.0|22.9|545|209|390|224|71.6|24.5|180|116|33.0|16.0|220|166|40.4|24.5|155|127|28.4|24.5|23.5|8.2|23.5|8.2|23.7|8.2|0.0|75.8
9700000US0610260|Culver City Unified School District, CA|0610260|2019-2023|205|5255|579|4680|542|89.1|3.7|4680|542|89.1|3.7|4380|497|83.3|4.9|300|156|5.7|2.7|0|29|0.0|0.8|575|206|10.9|3.7|4680|542|6.4|3.1|2740|328|2240|333|81.8|6.9|2240|333|81.8|6.9|2115|303|77.2|7.0|4290|484|2645|399|61.7|5.7|85|76|2.0|1.7|125|92|2.9|2.1|95|94|2.2|2.2|180|93|4.2|2.1|1160|266|27.0|5.5|26.6|2.0|4380|497|3475|453|79.3|5.8|305|156|7.0|3.4|355|181|8.1|4.1|185|145|4.2|3.2|60|72|1.4|1.6|4380|497|15|30|0.3|0.7|180|145|4.1|3.2|225|112|5.1|2.5|140|122|3.2|2.8|150|75|3.4|1.7|55|46|1.3|1.0|520|198|11.9|4.2|320|122|7.3|2.8|900|263|20.5|5.8|1275|339|29.1|6.7|240|115|5.5|2.6|125|102|2.9|2.2|235|116|5.4|2.7|4380|497|3190|399|72.8|5.1|800|201|18.3|3.9|385|168|8.8|3.6|0|29|0.0|1.0|111033|18241|130237|18730|121058|38213|5255|579|4945|568|94.1|4.2|4780|560|91.0|4.7|380|186|7.2|3.4|305|222|5.8|4.1|5230|572|4655|536|4355|489|4140|489|95.1|3.2|4005|480|92.0|4.0|275|165|6.3|3.7|210|137|4.8|3.1|300|156|300|156|100.0|13.2|270|155|90.0|17.2|60|57|20.0|18.9|0|29|0.0|13.2|575|206|480|194|83.5|16.5|475|193|82.6|16.4|45|46|7.8|7.9|95|97|16.5|16.5|4.2|3.3|4.2|3.3|4.2|3.3|0.0|67.8
9500000US0610290|Cupertino Union Elementary School District, CA|0610290|2019-2023|205|21065|1123|17040|894|80.9|1.6|17030|896|80.8|1.6|16550|860|78.6|1.7|480|150|2.3|0.7|15|23|0.1|0.1|4025|447|19.1|1.6|17030|896|2.8|0.8|10460|583|6755|450|64.6|3.1|6755|450|64.6|3.1|6420|444|61.4|3.3|16395|862|10495|790|64.0|3.4|730|215|4.5|1.3|210|80|1.3|0.5|245|163|1.5|1.0|245|106|1.5|0.6|4465|517|27.2|3.0|25.8|1.1|16550|860|14590|820|88.2|2.2|540|162|3.3|1.0|960|294|5.8|1.7|210|123|1.3|0.7|250|91|1.5|0.5|16550|860|0|32|0.0|0.3|260|136|1.6|0.8|4225|556|25.5|3.0|110|66|0.7|0.4|755|217|4.6|1.3|175|68|1.1|0.4|1790|342|10.8|1.9|655|149|4.0|0.9|5660|498|34.2|2.5|2170|395|13.1|2.3|295|134|1.8|0.8|265|131|1.6|0.8|195|90|1.2|0.5|16550|860|15030|839|90.8|1.9|1025|288|6.2|1.7|430|169|2.6|1.0|65|52|0.4|0.3|195645|8257|230606|8747|177230|9467|21050|1125|20785|1121|98.7|0.8|20575|1133|97.7|0.8|365|140|1.7|0.7|270|163|1.3|0.8|21025|1122|17000|891|16525|855|16315|848|98.7|0.8|16215|858|98.1|0.8|190|98|1.1|0.6|205|132|1.2|0.8|480|150|480|150|100.0|8.5|470|151|97.9|3.8|50|63|10.4|12.6|0|32|0.0|8.5|4025|447|3960|450|98.4|1.4|3895|455|96.8|1.9|95|53|2.4|1.4|65|55|1.6|1.4|2.7|1.1|2.7|1.1|2.7|1.1|0.0|67.8
9500000US0610320|Curtis Creek Elementary School District, CA|0610320|2019-2023|205|685|224|600|222|87.6|10.0|600|222|87.6|10.0|600|222|87.6|10.0|0|19|0.0|6.0|0|19|0.0|6.0|85|72|12.4|10.3|600|222|0.0|6.8|310|115|225|102|72.6|19.7|225|102|72.6|19.7|225|102|72.6|19.7|600|222|545|220|90.8|9.5|40|46|6.7|7.7|0|19|0.0|6.8|0|19|0.0|6.8|0|19|0.0|6.8|20|35|3.3|5.6|29.5|10.1|600|222|300|126|50.0|17.7|50|54|8.3|8.2|115|121|19.2|17.0|95|86|15.8|12.8|40|56|6.7|8.8|600|222|75|91|12.5|13.9|10|22|1.7|3.7|0|19|0.0|6.8|0|19|0.0|6.8|85|79|14.2|10.7|120|77|20.0|11.0|0|19|0.0|6.8|0|19|0.0|6.8|45|64|7.5|9.5|225|115|37.5|14.5|10|14|1.7|2.4|30|36|5.0|6.4|0|19|0.0|6.8|600|222|305|159|50.8|15.5|285|135|47.5|14.7|10|22|1.7|4.0|0|19|0.0|6.8|50625|11753|82266|25849|46699|5796|685|224|670|232|97.8|3.6|590|229|86.1|11.5|85|76|12.4|11.0|10|22|1.5|3.5|685|224|600|222|600|222|590|227|98.3|4.3|535|230|89.2|9.9|50|55|8.3|9.3|10|22|1.7|4.0|0|19|0|19|-|**|0|19|-|**|0|19|-|**|0|19|-|**|85|72|85|72|100.0|36.7|50|45|58.8|48.8|30|62|35.3|51.7|0|19|0.0|36.7|4.4|8.9|4.4|8.9|4.4|8.9|-|**
9700000US0610350|Cutler-Orosi Joint Unified School District, CA|0610350|2019-2023|205|2625|592|2260|602|86.1|6.4|2260|602|86.1|6.4|1945|553|74.1|9.1|315|186|12.0|6.5|0|21|0.0|1.6|365|147|13.9|6.5|2260|602|13.9|7.6|1675|473|1345|483|80.3|10.2|1345|483|80.3|10.2|1115|429|66.6|12.5|1870|567|1305|486|69.8|11.2|535|234|28.6|11.5|0|21|0.0|2.2|0|21|0.0|2.2|25|42|1.3|2.3|0|21|0.0|2.2|30.4|6.4|1945|553|50|46|2.6|2.4|190|111|9.8|5.4|415|323|21.3|13.6|960|328|49.4|12.8|335|150|17.2|7.5|1945|553|855|317|44.0|11.8|70|87|3.6|4.5|120|92|6.2|4.3|135|109|6.9|5.6|285|299|14.7|13.4|90|89|4.6|4.6|0|21|0.0|2.2|20|32|1.0|1.7|165|123|8.5|6.6|145|90|7.5|5.1|35|54|1.8|2.7|15|23|0.8|1.2|10|15|0.5|0.8|1945|553|1760|525|90.5|4.6|100|78|5.1|4.0|85|83|4.4|4.3|0|21|0.0|2.2|22786|4632|46585|8630|32383|23487|2625|592|2205|529|84.0|7.9|710|401|27.0|12.0|1630|363|62.1|10.8|420|227|16.0|8.0|2625|592|2260|602|1945|553|1635|488|84.1|8.8|545|327|28.0|12.8|1110|337|57.1|13.4|310|189|15.9|8.8|315|186|240|159|76.2|26.8|110|123|34.9|32.5|240|159|76.2|26.8|75|92|23.8|26.8|365|147|335|133|91.8|9.2|55|55|15.1|15.3|280|133|76.7|16.3|30|38|8.2|9.4|31.6|10.0|31.6|10.0|31.6|10.0|-|**
9500000US0610380|Cutten Elementary School District, CA|0610380|2019-2023|205|630|257|415|156|65.9|13.4|415|156|65.9|13.4|400|160|63.5|13.5|15|22|2.4|3.7|0|19|0.0|6.5|220|141|34.9|13.9|415|156|3.6|5.5|315|146|130|62|41.3|23.3|130|62|41.3|23.3|130|62|41.3|23.3|400|160|350|158|87.5|13.0|40|48|10.0|12.3|0|19|0.0|10.1|0|19|0.0|10.1|0|19|0.0|10.1|10|19|2.5|4.5|23.9|11.6|400|160|155|117|38.8|20.2|80|73|20.0|14.5|55|38|13.8|10.4|80|69|20.0|16.3|30|35|7.5|8.4|400|160|30|42|7.5|9.9|15|37|3.8|8.9|50|79|12.5|18.2|15|27|3.8|6.6|50|56|12.5|13.2|10|24|2.5|6.3|0|19|0.0|10.1|0|19|0.0|10.1|15|27|3.8|6.4|150|82|37.5|16.1|15|27|3.8|6.0|10|21|2.5|5.1|30|47|7.5|10.9|400|160|255|120|63.8|15.9|115|83|28.8|17.0|30|32|7.5|7.2|0|19|0.0|10.1|54191|27122|109531|61907|-|**|630|257|595|256|94.4|8.2|510|256|81.0|12.9|120|64|19.0|11.3|35|51|5.6|8.1|630|257|415|156|400|160|400|160|100.0|10.1|325|154|81.3|12.8|105|59|26.3|12.7|0|19|0.0|10.1|15|22|15|22|100.0|87.6|0|19|0.0|87.6|15|22|100.0|87.6|0|19|0.0|87.6|220|141|185|136|84.1|24.0|185|136|84.1|24.0|0|19|0.0|17.5|35|51|15.9|23.6|14.3|12.7|14.3|12.7|14.3|12.7|-|**
9500000US0610440|Cypress Elementary School District, CA|0610440|2019-2023|205|4900|555|4145|522|84.6|3.7|4145|522|84.6|3.7|4070|521|83.1|4.0|75|44|1.5|0.9|0|29|0.0|0.9|755|191|15.4|3.7|4145|522|1.8|1.1|2525|288|1880|297|74.5|6.9|1880|297|74.5|6.9|1850|297|73.3|7.2|3990|505|2840|452|71.2|5.0|260|119|6.5|3.1|0|29|0.0|1.1|15|22|0.4|0.5|15|31|0.4|0.8|860|199|21.6|4.4|32.6|2.8|4070|521|2815|475|69.2|5.4|365|142|9.0|3.4|465|137|11.4|3.4|190|102|4.7|2.5|235|130|5.8|3.2|4070|521|15|29|0.4|0.7|150|77|3.7|1.9|335|136|8.2|3.2|320|168|7.9|3.8|175|77|4.3|1.9|350|184|8.6|4.1|60|47|1.5|1.1|310|100|7.6|2.5|545|164|13.4|3.9|1235|270|30.3|4.7|190|103|4.7|2.5|115|65|2.8|1.6|275|101|6.8|2.4|4070|521|2980|407|73.2|4.4|875|221|21.5|4.2|200|86|4.9|2.1|15|24|0.4|0.6|84571|6248|98487|17871|85783|4908|4900|555|4605|531|94.0|3.5|4055|554|82.8|5.4|670|206|13.7|4.3|295|178|6.0|3.5|4900|555|4145|522|4070|521|3850|506|94.6|3.2|3555|504|87.3|4.0|410|137|10.1|3.5|220|133|5.4|3.2|75|44|75|44|100.0|39.2|40|33|53.3|38.2|35|38|46.7|39.5|0|29|0.0|39.2|755|191|680|180|90.1|8.8|455|141|60.3|14.0|225|118|29.8|12.6|75|70|9.9|8.7|3.4|2.4|3.4|2.4|3.4|2.4|-|**
9700000US0610620|Davis Joint Unified School District, CA|0610620|2019-2023|205|7200|585|6215|512|86.3|2.7|6190|509|86.0|2.7|6075|504|84.4|2.8|115|71|1.6|1.0|20|29|0.3|0.4|985|225|13.7|2.7|6190|509|1.9|1.1|3905|342|3175|354|81.3|4.2|3175|354|81.3|4.2|3100|351|79.4|4.2|6020|499|3165|338|52.6|4.7|140|70|2.3|1.2|85|50|1.4|0.8|145|113|2.4|1.8|545|144|9.1|2.3|1940|343|32.2|4.6|26.2|2.2|6075|504|4715|432|77.6|4.0|570|178|9.4|2.6|570|179|9.4|2.9|55|39|0.9|0.6|170|78|2.8|1.3|6075|504|85|64|1.4|1.0|100|57|1.6|0.9|280|109|4.6|1.8|105|69|1.7|1.1|220|117|3.6|1.9|265|134|4.4|2.2|70|48|1.2|0.8|335|146|5.5|2.3|800|171|13.2|2.7|2670|289|44.0|4.4|310|135|5.1|2.1|110|55|1.8|0.9|725|230|11.9|3.3|6075|504|3260|398|53.7|4.5|2475|344|40.7|4.5|345|101|5.7|1.7|0|32|0.0|0.7|108468|7524|139583|18715|109892|19265|7180|581|7070|554|98.5|1.4|6605|562|92.0|2.2|700|174|9.7|2.3|110|105|1.5|1.4|7025|552|6145|507|6030|501|5955|468|98.8|1.5|5705|463|94.6|2.0|355|117|5.9|2.0|75|93|1.2|1.5|115|71|115|71|100.0|30.0|40|48|34.8|33.1|75|49|65.2|33.8|0|32|0.0|30.0|880|219|850|207|96.6|4.6|750|216|85.2|8.9|125|74|14.2|8.6|35|41|4.0|4.4|5.0|2.2|5.0|2.2|5.1|2.2|0.0|24.3
9500000US0610710|Dehesa Elementary School District, CA|0610710|2019-2023|205|145|94|115|82|79.3|18.1|115|82|79.3|18.1|115|82|79.3|18.1|0|14|0.0|25.0|0|14|0.0|25.0|25|29|17.2|17.5|115|82|0.0|30.0|70|45|45|37|64.3|34.7|45|37|64.3|34.7|45|37|64.3|34.7|110|75|100|66|90.9|16.1|0|14|0.0|31.0|0|14|0.0|31.0|0|14|0.0|31.0|0|14|0.0|31.0|10|20|9.1|16.1|34.7|7.1|115|82|50|53|43.5|23.9|10|13|8.7|9.5|25|28|21.7|18.4|20|32|17.4|25.9|10|11|8.7|10.9|115|82|0|14|0.0|30.0|25|32|21.7|26.6|4|10|3.5|8.1|10|13|8.7|12.7|0|14|0.0|30.0|0|14|0.0|30.0|0|14|0.0|30.0|4|14|3.5|2.6|10|14|8.7|10.5|50|56|43.5|30.3|4|3|3.5|3.8|10|13|8.7|9.5|4|16|3.5|12.7|115|82|110|68|95.7|29.0|10|37|8.7|28.7|0|14|0.0|30.0|0|14|0.0|30.0|93456|38529|-|**|119318|12619|145|94|115|81|79.3|19.2|95|78|65.5|33.7|25|29|17.2|17.5|25|30|17.2|17.1|145|94|115|82|115|82|95|77|82.6|25.3|90|78|78.3|24.4|4|5|3.5|4.8|25|31|21.7|25.7|0|14|0|14|-|**|0|14|-|**|0|14|-|**|0|14|-|**|25|29|25|30|100.0|67.8|4|9|16.0|41.7|20|29|80.0|71.5|4|2|16.0|23.6|2.8|2.1|2.8|2.1|2.8|2.1|-|**
9500000US0610740|Del Mar Union Elementary School District, CA|0610740|2019-2023|205|4070|622|3445|547|84.6|3.8|3395|543|83.4|3.6|3245|545|79.7|4.9|150|156|3.7|3.8|50|60|1.2|1.5|620|182|15.2|3.8|3395|543|4.4|4.5|2155|368|1610|328|74.7|6.5|1610|328|74.7|6.5|1460|313|67.7|8.3|3240|552|1960|455|60.5|8.0|205|126|6.3|4.1|4|5|0.1|0.2|45|63|1.4|2.0|15|21|0.5|0.7|1010|286|31.2|7.5|25.3|4.5|3245|545|2720|474|83.8|5.4|55|48|1.7|1.5|330|176|10.2|5.0|75|89|2.3|2.7|65|70|2.0|2.2|3245|545|0|29|0.0|1.3|35|44|1.1|1.4|540|183|16.6|4.9|115|80|3.5|2.4|105|76|3.2|2.4|95|79|2.9|2.5|85|56|2.6|1.8|435|180|13.4|5.0|975|244|30.0|5.9|645|211|19.9|6.0|210|184|6.5|5.2|4|15|0.1|0.5|0|29|0.0|1.3|3245|545|2665|496|82.1|6.2|215|105|6.6|3.1|325|175|10.0|5.2|40|52|1.2|1.6|136250|25953|204722|39631|114769|34519|4015|622|3945|611|98.3|2.2|3785|580|94.3|3.3|210|140|5.2|3.3|70|88|1.7|2.2|4015|622|3395|543|3245|545|3195|542|98.5|2.5|3085|502|95.1|3.5|145|106|4.5|3.0|50|81|1.5|2.5|150|156|150|156|100.0|24.3|150|156|100.0|24.3|0|29|0.0|24.3|0|29|0.0|24.3|620|182|600|175|96.8|5.3|550|172|88.7|9.4|65|60|10.5|9.3|20|36|3.2|5.4|3.9|3.1|3.9|3.1|3.9|3.1|-|**
9700000US0610770|Del Norte County Unified School District, CA|0610770|2019-2023|205|3325|480|2940|441|88.4|4.2|2940|441|88.4|4.2|2860|438|86.0|4.6|80|63|2.4|1.9|0|25|0.0|1.3|385|152|11.6|4.2|2940|441|2.7|2.1|1640|278|1395|268|85.1|6.1|1395|268|85.1|6.1|1315|267|80.2|7.3|2755|431|1820|343|66.1|6.9|665|221|24.1|7.5|4|12|0.1|0.4|55|65|2.0|2.4|30|37|1.1|1.3|180|126|6.5|4.3|16.9|5.0|2860|438|1105|334|38.6|9.4|825|226|28.8|7.7|320|140|11.2|4.5|500|195|17.5|6.0|110|72|3.8|2.6|2860|438|245|146|8.6|4.8|145|115|5.1|4.0|115|53|4.0|1.9|20|26|0.7|0.9|130|88|4.5|3.1|35|51|1.2|1.8|70|67|2.4|2.3|25|42|0.9|1.5|80|73|2.8|2.6|935|302|32.7|8.5|250|161|8.7|5.3|150|89|5.2|3.1|660|192|23.1|6.1|2860|438|1455|319|50.9|6.9|1120|262|39.2|7.0|265|123|9.3|4.4|20|35|0.7|1.2|51911|8882|79195|9177|57340|10842|3325|480|3250|467|97.7|1.7|2370|394|71.3|7.1|1020|259|30.7|6.5|75|58|2.3|1.7|3300|475|2940|441|2860|438|2805|426|98.1|1.7|2190|380|76.6|7.4|730|217|25.5|6.8|55|49|1.9|1.6|80|63|80|63|100.0|37.9|50|58|62.5|33.7|30|25|37.5|34.7|0|25|0.0|37.9|360|141|340|140|94.4|9.9|125|80|34.7|20.2|235|131|65.3|20.5|20|37|5.6|10.1|6.8|4.1|6.8|4.1|6.2|3.8|80.0|76.4
9600000US0610860|Delano Joint Union High School District, CA|0610860|2019-2023|205|5215|769|4035|598|77.4|5.7|4035|598|77.4|5.7|3780|572|72.5|5.8|255|132|4.9|2.5|0|32|0.0|0.8|1180|378|22.6|5.7|4035|598|6.3|3.1|3055|412|2000|316|65.5|9.4|2000|316|65.5|9.4|1810|301|59.2|9.5|3605|565|2835|566|78.6|6.6|695|223|19.3|6.6|0|32|0.0|1.2|4|11|0.1|0.3|25|44|0.7|1.2|40|48|1.1|1.3|20.5|1.9|3780|572|625|176|16.5|4.5|780|306|20.6|6.7|490|250|13.0|5.8|1395|331|36.9|9.3|495|265|13.1|6.2|3780|572|1360|326|36.0|9.2|150|97|4.0|2.6|95|82|2.5|2.2|85|63|2.2|1.7|285|124|7.5|3.3|275|252|7.3|6.2|0|32|0.0|1.1|15|23|0.4|0.6|190|106|5.0|2.9|750|280|19.8|6.0|320|253|8.5|6.1|45|51|1.2|1.4|215|153|5.7|4.0|3780|572|2935|501|77.6|8.8|705|372|18.7|8.9|140|70|3.7|1.8|0|32|0.0|1.1|35906|4285|45306|7291|42708|9794|5215|769|4780|777|91.7|3.3|2250|553|43.1|9.5|2660|711|51.0|10.0|435|162|8.3|3.3|5215|769|4035|598|3780|572|3435|583|90.9|4.0|1980|525|52.4|9.8|1565|421|41.4|10.0|345|141|9.1|3.9|255|132|235|134|92.2|9.1|105|96|41.2|27.2|150|99|58.8|27.8|20|20|7.8|9.0|1180|378|1110|382|94.1|4.9|165|105|14.0|8.9|945|362|80.1|10.3|70|51|5.9|4.8|16.8|6.4|16.8|6.4|16.8|6.4|-|**
9500000US0610890|Delano Union Elementary School District, CA|0610890|2019-2023|205|6250|898|5185|831|83.0|4.9|5185|831|83.0|4.9|4805|797|76.9|5.2|380|166|6.1|2.6|0|32|0.0|0.7|1065|323|17.0|4.8|5185|831|7.3|3.1|3415|456|2530|441|74.1|7.6|2530|441|74.1|7.6|2320|418|67.9|7.6|4590|807|3630|695|79.1|6.1|855|309|18.6|5.9|0|32|0.0|0.9|30|45|0.7|1.0|0|32|0.0|0.9|70|55|1.5|1.1|23.6|4.6|4805|797|1205|300|25.1|5.1|1045|362|21.7|5.7|690|306|14.4|5.5|1300|393|27.1|7.6|565|200|11.8|3.9|4805|797|1270|416|26.4|7.8|225|146|4.7|3.0|180|112|3.7|2.3|100|83|2.1|1.7|385|157|8.0|3.1|270|151|5.6|3.2|0|32|0.0|0.9|10|16|0.2|0.3|255|120|5.3|2.5|1350|383|28.1|6.1|285|238|5.9|4.6|30|36|0.6|0.8|445|284|9.3|5.5|4805|797|3675|699|76.5|8.0|930|416|19.4|7.9|195|90|4.1|1.7|0|32|0.0|0.9|33367|5267|49831|7825|39261|11739|6250|898|5845|859|93.5|2.8|3010|696|48.2|7.3|3050|582|48.8|7.9|405|185|6.5|2.8|6225|894|5160|829|4780|795|4455|767|93.2|3.3|2710|665|56.7|7.8|1930|422|40.4|8.3|325|161|6.8|3.3|380|166|380|166|100.0|10.6|15|23|3.9|6.5|365|166|96.1|6.1|0|32|0.0|10.6|1065|323|985|313|92.5|6.5|285|168|26.8|11.9|730|249|68.5|12.5|85|69|8.0|6.2|20.3|6.8|20.3|6.8|20.4|6.9|0.0|67.8
9700000US0600039|Delhi Unified School District, CA|0600039|2019-2023|205|2080|370|1665|330|80.0|6.1|1665|330|80.0|6.1|1510|323|72.6|6.7|155|89|7.5|4.3|0|21|0.0|2.0|415|144|20.0|6.1|1665|330|9.3|5.3|1095|225|690|209|63.0|12.1|690|209|63.0|12.1|550|216|50.2|13.7|1425|294|1245|268|87.4|6.0|105|85|7.4|5.8|0|21|0.0|2.9|0|21|0.0|2.9|4|6|0.3|0.4|65|64|4.6|4.2|23.7|3.7|1510|323|280|115|18.5|6.8|170|156|11.3|9.2|330|175|21.9|10.5|280|118|18.5|8.2|450|178|29.8|9.8|1510|323|265|124|17.5|8.5|15|22|1.0|1.5|260|144|17.2|7.8|55|74|3.6|4.6|145|93|9.6|6.5|125|77|8.3|4.9|0|21|0.0|2.8|4|12|0.3|0.8|175|141|11.6|8.7|350|141|23.2|6.7|35|44|2.3|2.8|75|68|5.0|4.5|10|19|0.7|1.2|1510|323|1235|284|81.8|6.5|145|94|9.6|5.2|125|86|8.3|6.0|0|21|0.0|2.8|34686|4395|44688|7606|40125|22118|2080|370|1890|370|90.9|6.2|1265|341|60.8|10.0|740|243|35.6|10.4|190|132|9.1|6.2|2080|370|1665|330|1510|323|1345|314|89.1|8.2|1075|307|71.2|10.1|380|180|25.2|11.0|165|128|10.9|8.1|155|89|155|89|100.0|23.7|70|74|45.2|38.6|85|76|54.8|40.9|0|21|0.0|23.7|415|144|390|150|94.0|9.8|115|73|27.7|16.6|275|136|66.3|17.8|25|38|6.0|9.4|19.2|8.8|19.2|8.8|19.2|8.8|-|**
9700000US0611040|Denair Unified School District, CA|0611040|2019-2023|205|1220|366|1055|335|86.5|8.7|1055|335|86.5|8.7|1020|341|83.6|10.3|35|45|2.9|3.8|0|19|0.0|3.4|160|116|13.1|8.7|1055|335|3.3|4.5|510|165|380|146|74.5|16.1|380|146|74.5|16.1|380|146|74.5|16.1|1020|341|625|249|61.3|18.2|345|237|33.8|18.5|0|19|0.0|4.1|0|19|0.0|4.1|0|19|0.0|4.1|50|60|4.9|5.8|31.9|12.4|1020|341|360|189|35.3|14.4|115|93|11.3|8.2|85|59|8.3|5.1|340|181|33.3|14.0|120|97|11.8|8.9|1020|341|55|61|5.4|5.7|250|166|24.5|14.2|90|79|8.8|7.7|0|19|0.0|4.1|65|55|6.4|5.3|80|82|7.8|7.6|0|19|0.0|4.1|0|19|0.0|4.1|20|34|2.0|3.2|325|167|31.9|11.3|0|19|0.0|4.1|85|78|8.3|7.4|50|79|4.9|7.3|1020|341|690|276|67.6|14.5|220|157|21.6|12.9|115|82|11.3|7.7|0|19|0.0|4.1|65359|13282|85924|26833|52344|7147|1220|366|1125|333|92.2|9.7|955|300|78.3|13.7|170|143|13.9|10.8|90|126|7.4|9.6|1220|366|1055|335|1020|341|930|307|91.2|11.5|845|298|82.8|13.3|80|83|7.8|7.9|90|126|8.8|11.4|35|45|35|45|100.0|57.3|35|45|100.0|57.3|0|19|0.0|57.3|0|19|0.0|57.3|160|116|160|116|100.0|23.0|75|67|46.9|27.5|85|79|53.1|28.9|0|19|0.0|23.0|6.1|7.4|6.1|7.4|6.1|7.4|-|**
9700000US0611110|Desert Sands Unified School District, CA|0611110|2019-2023|205|21160|1328|17540|1125|82.9|2.5|17515|1121|82.8|2.5|16540|1120|78.2|2.7|975|310|4.6|1.5|20|32|0.1|0.2|3620|612|17.1|2.5|17515|1121|5.6|1.8|11325|728|8455|699|74.7|4.6|8455|699|74.7|4.6|7825|739|69.1|4.7|16015|1133|12800|1062|79.9|3.0|1915|391|12.0|2.4|10|28|0.1|0.2|20|30|0.1|0.2|295|146|1.8|0.9|975|273|6.1|1.7|22.8|1.9|16540|1120|5470|584|33.1|3.3|4525|746|27.4|3.8|2375|386|14.4|1.9|2670|566|16.1|3.3|1500|365|9.1|2.2|16540|1120|340|140|2.1|0.8|2095|421|12.7|2.5|450|165|2.7|1.0|325|200|2.0|1.2|1470|356|8.9|2.1|805|276|4.9|1.6|205|196|1.2|1.2|555|199|3.4|1.2|1640|439|9.9|2.5|3945|518|23.9|2.9|2570|530|15.5|3.0|1300|356|7.9|2.1|840|224|5.1|1.3|16540|1120|12060|958|72.9|3.5|2470|489|14.9|2.7|1985|542|12.0|3.2|30|38|0.2|0.2|43611|3244|68727|5424|43721|2872|21140|1322|17835|1250|84.4|3.0|11355|1074|53.7|4.3|7150|1014|33.8|4.1|3305|676|15.6|3.0|20920|1335|17465|1125|16490|1124|14160|1076|85.9|2.8|9725|933|59.0|4.6|4920|820|29.8|4.3|2330|494|14.1|2.8|975|310|805|269|82.6|11.4|480|205|49.2|13.9|335|155|34.4|12.6|170|129|17.4|11.6|3455|603|2650|554|76.7|8.9|1120|308|32.4|7.5|1670|484|48.3|10.7|805|339|23.3|8.9|11.9|2.7|11.9|2.7|11.7|2.7|29.5|23.8
9600000US0606016|Dinuba Unified School District (9-12), CA|0606016|2019-2023|205|495|142|355|106|71.7|8.0|355|106|71.7|8.0|320|94|64.6|7.0|35|31|7.1|5.8|0|14|0.0|8.2|140|60|28.3|8.2|355|106|9.9|7.5|260|83|120|60|46.2|16.8|120|60|46.2|16.8|105|59|40.4|17.5|310|94|260|83|83.9|11.8|50|41|16.1|11.6|0|14|0.0|12.8|0|14|0.0|12.8|0|14|0.0|12.8|0|14|0.0|12.8|23.2|4.2|320|94|75|44|23.4|13.0|20|24|6.3|7.5|20|25|6.3|7.2|160|70|50.0|17.7|40|36|12.5|10.1|320|94|170|71|53.1|17.4|40|25|12.5|7.6|15|22|4.7|6.3|15|22|4.7|6.6|10|22|3.1|6.9|10|13|3.1|4.2|0|14|0.0|12.4|0|14|0.0|12.4|0|14|0.0|12.4|40|38|12.5|11.1|10|15|3.1|4.6|10|16|3.1|4.9|0|14|0.0|12.4|320|94|280|86|87.5|10.9|40|38|12.5|10.9|0|14|0.0|12.4|0|14|0.0|12.4|26667|9382|42679|29684|31938|9835|495|142|460|139|92.9|5.8|70|44|14.1|8.5|390|126|78.8|8.8|35|28|7.1|5.7|495|142|355|106|320|94|300|97|93.8|7.8|60|44|18.8|12.6|240|81|75.0|11.4|15|25|4.7|7.9|35|31|25|27|71.4|44.2|0|14|0.0|57.3|25|27|71.4|44.2|10|13|28.6|40.2|140|60|130|57|92.9|10.4|4|11|2.9|8.2|125|56|89.3|11.2|10|13|7.1|9.2|43.4|13.7|43.4|13.7|43.4|13.7|-|**
9700000US0600065|Dinuba Unified School District, CA|0600065|2019-2023|205|5075|564|3855|584|76.0|5.6|3855|584|76.0|5.6|3450|547|68.0|6.2|405|220|8.0|4.1|0|25|0.0|0.8|1220|273|24.0|5.6|3855|584|10.5|5.3|2975|338|1880|398|63.2|9.2|1880|398|63.2|9.2|1705|394|57.3|9.7|3300|524|2845|458|86.2|5.6|390|202|11.8|5.6|0|25|0.0|1.3|15|23|0.5|0.7|10|16|0.3|0.5|40|41|1.2|1.2|25.5|3.5|3450|547|1000|313|29.0|7.8|620|243|18.0|6.3|350|122|10.1|3.8|860|224|24.9|5.8|615|288|17.8|7.3|3450|547|730|270|21.2|8.2|180|111|5.2|3.2|365|215|10.6|5.8|120|76|3.5|2.2|275|267|8.0|7.3|150|71|4.3|1.9|25|32|0.7|0.9|70|68|2.0|2.0|105|69|3.0|2.0|860|319|24.9|8.4|295|184|8.6|4.9|35|41|1.0|1.2|230|116|6.7|3.5|3450|547|2645|518|76.7|9.1|675|318|19.6|8.7|130|71|3.8|2.0|0|25|0.0|1.2|35369|3415|50479|14251|39227|10320|5075|564|4455|639|87.8|7.4|2450|562|48.3|8.5|2170|358|42.8|6.7|615|378|12.1|7.4|5040|567|3835|584|3430|548|3095|611|90.2|6.7|2155|555|62.8|9.0|1085|231|31.6|6.7|335|212|9.8|6.7|405|220|375|210|92.6|12.1|65|75|16.0|18.8|310|202|76.5|21.6|30|52|7.4|12.2|1205|281|950|225|78.8|12.1|230|105|19.1|7.9|740|200|61.4|12.4|255|177|21.2|12.2|33.1|8.2|33.1|8.2|33.0|8.3|42.9|57.1
9500000US0611220|Dixie Elementary School District, CA|0611220|2019-2023|205|2290|364|1955|329|85.4|5.0|1955|329|85.4|5.0|1915|325|83.6|5.1|40|42|1.7|1.8|0|25|0.0|1.8|335|128|14.6|5.0|1955|329|2.0|2.1|1210|195|910|189|75.2|9.5|910|189|75.2|9.5|900|190|74.4|9.5|1895|319|955|271|50.4|9.9|90|66|4.7|3.4|95|70|5.0|3.6|15|24|0.8|1.2|45|55|2.4|3.0|695|205|36.7|10.0|32.8|4.6|1915|325|1340|273|70.0|8.0|245|154|12.8|7.7|260|98|13.6|5.0|35|42|1.8|2.1|35|46|1.8|2.4|1915|325|25|30|1.3|1.6|15|34|0.8|1.8|125|75|6.5|4.0|15|27|0.8|1.4|105|77|5.5|3.9|15|23|0.8|1.2|75|57|3.9|3.0|130|78|6.8|3.8|565|192|29.5|7.9|520|203|27.2|9.0|90|72|4.7|3.8|140|73|7.3|3.9|90|73|4.7|3.9|1915|325|1520|287|79.4|7.4|210|112|11.0|5.4|185|100|9.7|5.0|0|25|0.0|2.2|138686|28539|169417|51873|144412|48806|2290|364|2265|364|98.9|2.2|2145|367|93.7|4.3|245|135|10.7|5.8|25|51|1.1|2.2|2270|364|1955|329|1915|325|1890|321|98.7|2.7|1830|323|95.6|3.5|115|84|6.0|4.4|25|51|1.3|2.6|40|42|40|42|100.0|53.6|30|39|75.0|47.1|10|19|25.0|51.1|0|25|0.0|53.6|315|122|315|122|100.0|12.6|265|125|84.1|16.2|95|69|30.2|21.8|0|25|0.0|12.6|6.1|5.3|6.1|5.3|6.2|5.4|0.0|75.8
9700000US0611280|Dixon Unified School District, CA|0611280|2019-2023|205|4140|569|3305|546|79.8|5.9|3280|542|79.2|6.0|3195|535|77.2|5.8|85|64|2.1|1.6|25|44|0.6|1.0|835|254|20.2|5.9|3280|542|2.6|1.9|2260|407|1500|436|66.4|11.5|1500|436|66.4|11.5|1415|430|62.6|11.5|3210|537|2545|450|79.3|9.3|200|119|6.2|3.6|0|25|0.0|1.3|0|25|0.0|1.3|75|96|2.3|3.1|390|310|12.1|8.6|27.4|2.8|3195|535|1150|433|36.0|10.1|775|244|24.3|6.5|315|116|9.9|3.8|410|187|12.8|6.0|545|182|17.1|5.6|3195|535|55|59|1.7|1.8|280|111|8.8|3.3|260|167|8.1|5.7|60|77|1.9|2.4|145|89|4.5|3.0|160|134|5.0|4.2|65|70|2.0|2.1|400|335|12.5|9.7|380|160|11.9|5.4|630|223|19.7|5.7|95|86|3.0|2.7|335|190|10.5|5.2|325|168|10.2|4.9|3195|535|2290|423|71.7|7.4|545|232|17.1|6.5|335|164|10.5|4.6|25|41|0.8|1.3|62126|13783|94231|20795|61812|18836|4115|565|3815|528|92.7|5.2|3050|524|74.1|8.2|855|332|20.8|7.7|300|228|7.3|5.2|4105|562|3280|541|3195|535|2945|495|92.2|6.3|2525|488|79.0|8.1|505|224|15.8|7.0|250|214|7.8|6.3|85|63|75|63|88.2|21.1|15|31|17.6|36.4|60|59|70.6|39.0|4|16|4.7|21.6|825|252|780|245|94.5|6.7|505|206|61.2|17.3|280|172|33.9|17.6|45|56|5.5|6.7|2.3|2.3|2.3|2.3|2.3|2.3|0.0|100.0
9700000US0600033|Dos Palos-Oro Loma Joint Unified School District, CA|0600033|2019-2023|205|1740|381|1270|312|73.0|7.7|1270|312|73.0|7.7|1240|315|71.3|7.9|25|31|1.4|1.9|0|21|0.0|2.4|470|169|27.0|7.7|1270|312|2.0|2.6|855|195|470|148|55.0|12.6|470|148|55.0|12.6|465|148|54.4|12.4|1205|308|895|276|74.3|8.9|145|84|12.0|7.5|0|21|0.0|3.5|45|54|3.7|4.4|15|29|1.2|2.4|100|87|8.3|6.7|30.2|8.8|1240|315|240|120|19.4|7.6|290|141|23.4|10.7|165|114|13.3|8.0|395|152|31.9|10.1|155|101|12.5|7.8|1240|315|315|118|25.4|8.5|160|120|12.9|8.7|115|98|9.3|7.1|70|83|5.6|6.3|60|56|4.8|4.5|15|33|1.2|2.7|0|21|0.0|3.4|20|33|1.6|2.6|100|102|8.1|7.7|205|122|16.5|9.1|10|21|0.8|1.7|100|89|8.1|7.4|70|64|5.6|5.0|1240|315|1035|291|83.5|9.1|130|100|10.5|7.6|75|82|6.0|6.3|0|21|0.0|3.4|42163|11095|49119|7586|39643|31011|1740|381|1360|372|78.2|10.7|610|268|35.1|12.7|845|260|48.6|11.1|375|198|21.6|10.7|1740|381|1270|312|1240|315|900|301|72.6|13.5|480|226|38.7|14.6|475|193|38.3|12.5|345|181|27.8|13.5|25|31|25|31|100.0|67.8|4|10|16.0|35.2|20|30|80.0|46.0|0|21|0.0|67.8|470|169|435|163|92.6|8.4|125|106|26.6|19.0|345|130|73.4|17.7|35|40|7.4|8.3|18.1|8.4|18.1|8.4|18.1|8.4|-|**
9700000US0611460|Downey Unified School District, CA|0611460|2019-2023|205|17105|972|14450|886|84.5|1.8|14410|887|84.2|1.9|13900|867|81.3|2.1|510|194|3.0|1.1|40|43|0.2|0.3|2655|348|15.5|1.8|14410|887|3.5|1.3|9295|550|7065|493|76.0|2.6|7065|493|76.0|2.6|6760|494|72.7|3.0|13530|860|10010|747|74.0|3.9|1685|498|12.5|3.5|335|203|2.5|1.5|70|61|0.5|0.4|170|96|1.3|0.7|1255|278|9.3|2.0|32.0|2.4|13900|867|4820|528|34.7|3.4|2000|356|14.4|2.4|3430|479|24.7|3.1|1485|267|10.7|1.8|2165|428|15.6|2.7|13900|867|40|43|0.3|0.3|1205|265|8.7|1.9|1675|296|12.1|2.0|545|190|3.9|1.3|1325|381|9.5|2.5|1355|305|9.7|2.1|195|87|1.4|0.6|890|256|6.4|1.8|1020|244|7.3|1.7|3610|552|26.0|3.8|695|174|5.0|1.3|745|224|5.4|1.6|595|200|4.3|1.4|13900|867|10065|766|72.4|3.2|2775|447|20.0|2.9|1040|273|7.5|1.9|15|27|0.1|0.2|53245|2600|68462|4570|52965|6330|17065|972|15565|968|91.2|1.9|12030|874|70.5|3.1|4370|630|25.6|3.3|1505|327|8.8|1.9|16920|972|14325|891|13810|874|12790|882|92.6|1.8|10335|834|74.8|3.2|3080|515|22.3|3.4|1025|243|7.4|1.8|510|194|420|176|82.4|15.1|170|117|33.3|18.5|250|129|49.0|17.2|90|86|17.6|15.1|2595|340|2210|319|85.2|5.0|1390|245|53.6|6.7|960|251|37.0|7.7|385|137|14.8|5.0|8.1|2.0|8.1|2.0|8.1|2.1|2.8|6.8
9500000US0611490|Dry Creek Joint Elementary School District, CA|0611490|2019-2023|205|5955|754|5015|636|84.2|3.4|5000|637|84.0|3.5|4820|620|80.9|3.8|180|139|3.0|2.3|15|23|0.3|0.4|940|251|15.8|3.4|5000|637|3.6|2.7|3355|420|2590|372|77.2|5.5|2590|372|77.2|5.5|2490|359|74.2|6.2|4800|621|3460|533|72.1|5.3|245|128|5.1|2.7|60|71|1.3|1.4|10|17|0.2|0.4|35|32|0.7|0.7|990|263|20.6|4.8|28.0|2.2|4820|620|2610|478|54.1|5.7|640|192|13.3|3.7|805|230|16.7|4.5|225|120|4.7|2.5|545|221|11.3|4.5|4820|620|30|51|0.6|1.1|270|124|5.6|2.6|170|95|3.5|2.0|120|106|2.5|2.2|415|192|8.6|3.7|540|262|11.2|5.2|90|75|1.9|1.6|245|121|5.1|2.4|725|230|15.0|3.8|1275|253|26.5|4.3|285|120|5.9|2.4|215|123|4.5|2.4|445|169|9.2|3.3|4820|620|3545|553|73.5|5.5|975|222|20.2|4.2|300|184|6.2|3.8|0|32|0.0|0.9|78557|9240|100417|7196|81625|10041|5940|753|5715|751|96.2|2.2|4330|662|72.9|5.3|1630|361|27.4|5.6|225|127|3.8|2.1|5940|753|5000|637|4820|620|4640|621|96.3|2.4|3695|587|76.7|5.1|1115|251|23.1|5.1|180|115|3.7|2.4|180|139|180|139|100.0|20.8|65|50|36.1|32.1|140|138|77.8|26.0|0|32|0.0|20.8|940|251|895|246|95.2|4.0|570|202|60.6|11.5|375|135|39.9|12.3|45|38|4.8|3.9|3.6|3.6|3.6|3.6|3.6|3.6|-|**
9700000US0611520|Duarte Unified School District, CA|0611520|2019-2023|205|3115|426|2685|365|86.2|3.9|2685|365|86.2|3.9|2585|354|83.0|4.4|100|77|3.2|2.4|0|25|0.0|1.4|430|146|13.8|3.9|2685|365|3.7|2.8|1630|235|1295|218|79.4|6.8|1295|218|79.4|6.8|1240|215|76.1|7.6|2540|344|1865|266|73.4|6.6|265|95|10.4|3.5|10|17|0.4|0.7|90|81|3.5|3.2|0|25|0.0|1.7|315|159|12.4|5.6|26.8|2.9|2585|354|960|262|37.1|8.3|375|158|14.5|5.8|590|152|22.8|5.5|430|176|16.6|6.3|235|99|9.1|3.8|2585|354|10|13|0.4|0.5|285|137|11.0|5.2|190|98|7.4|3.6|75|54|2.9|2.1|240|115|9.3|4.3|125|82|4.8|3.1|15|27|0.6|1.1|115|66|4.4|2.4|310|153|12.0|5.5|790|208|30.6|6.5|100|62|3.9|2.5|260|133|10.1|4.9|75|60|2.9|2.4|2585|354|1830|325|70.8|7.0|600|176|23.2|6.3|155|86|6.0|3.3|0|25|0.0|1.6|53582|6615|63136|8829|62895|14660|3115|426|2950|421|94.7|2.7|2235|385|71.7|7.1|785|255|25.2|7.5|165|85|5.3|2.7|3115|426|2685|365|2585|354|2470|348|95.6|2.8|2040|336|78.9|5.8|490|171|19.0|6.5|115|74|4.4|2.8|100|77|90|75|90.0|17.7|60|66|60.0|36.1|30|38|30.0|34.0|10|15|10.0|16.3|430|146|390|140|90.7|8.4|130|80|30.2|15.4|265|119|61.6|15.1|40|38|9.3|8.4|4.7|3.6|4.7|3.6|4.7|3.6|-|**
9700000US0600019|Dublin Unified School District, CA|0600019|2019-2023|205|15205|807|12790|838|84.1|2.4|12755|844|83.9|2.4|12275|790|80.7|2.4|480|177|3.2|1.1|35|33|0.2|0.2|2415|356|15.9|2.4|12755|844|3.8|1.3|7630|440|5335|531|69.9|4.8|5335|531|69.9|4.8|5025|492|65.9|4.5|12100|777|5280|520|43.6|4.0|800|225|6.6|1.8|845|247|7.0|2.0|75|83|0.6|0.7|270|129|2.2|1.0|4830|649|39.9|4.2|42.7|2.4|12275|790|9475|776|77.2|3.3|480|156|3.9|1.2|1640|292|13.4|2.5|145|125|1.2|1.0|535|197|4.4|1.6|12275|790|0|32|0.0|0.3|265|137|2.2|1.1|1460|323|11.9|2.4|115|73|0.9|0.6|1125|254|9.2|2.0|400|129|3.3|1.1|810|250|6.6|1.9|995|220|8.1|1.8|4225|455|34.4|3.5|1770|304|14.4|2.1|425|176|3.5|1.4|175|131|1.4|1.1|505|174|4.1|1.4|12275|790|10540|781|85.9|2.5|1225|262|10.0|2.0|500|166|4.1|1.4|15|22|0.1|0.2|150506|8537|192649|13836|124688|15865|15170|814|14825|817|97.7|1.4|14350|867|94.6|2.1|910|317|6.0|2.1|350|213|2.3|1.4|15160|814|12745|845|12265|791|12065|788|98.4|1.3|11935|794|97.3|1.7|495|183|4.0|1.5|200|162|1.6|1.3|480|177|430|175|89.6|12.1|370|157|77.1|19.8|65|91|13.5|18.5|50|57|10.4|12.1|2415|356|2315|333|95.9|3.4|2030|310|84.1|6.5|345|166|14.3|6.4|100|86|4.1|3.4|2.3|1.3|2.3|1.3|2.3|1.3|0.0|100.0
9500000US0611760|Earlimart Elementary School District, CA|0611760|2019-2023|205|1480|374|1185|323|80.1|8.7|1185|323|80.1|8.7|1025|298|69.3|10.9|160|133|10.8|8.3|0|21|0.0|2.8|295|149|19.9|8.7|1185|323|13.5|10.2|885|224|615|196|69.5|12.8|615|196|69.5|12.8|550|185|62.1|13.8|940|265|525|191|55.9|14.4|375|192|39.9|16.0|0|21|0.0|4.4|0|21|0.0|4.4|0|21|0.0|4.4|40|57|4.3|5.8|29.1|6.9|1025|298|115|79|11.2|7.4|215|117|21.0|10.0|4|6|0.4|0.6|600|222|58.5|10.3|90|61|8.8|5.7|1025|298|535|226|52.2|12.5|100|78|9.8|7.5|35|42|3.4|4.1|0|21|0.0|4.1|35|45|3.4|4.5|4|8|0.4|0.8|0|21|0.0|4.1|10|24|1.0|2.4|60|70|5.9|6.3|220|126|21.5|11.8|4|16|0.4|1.6|15|23|1.5|2.2|4|10|0.4|0.9|1025|298|835|302|81.5|12.9|140|92|13.7|8.9|50|60|4.9|5.8|0|21|0.0|4.1|28134|9607|48484|9804|29848|21208|1480|374|1280|362|86.5|7.6|305|158|20.6|9.9|970|335|65.5|12.3|200|114|13.5|7.5|1480|374|1185|323|1025|298|905|291|88.3|7.7|305|156|29.8|13.9|600|268|58.5|15.7|120|78|11.7|7.7|160|133|135|131|84.4|25.8|0|21|0.0|23.0|135|131|84.4|25.8|25|38|15.6|26.3|295|149|240|138|81.4|17.4|4|4|1.4|1.5|235|135|79.7|17.0|55|50|18.6|16.8|14.2|7.5|14.2|7.5|14.2|7.5|-|**
9600000US0611780|East Nicolaus Joint Union High School District, CA|0611780|2019-2023|205|140|44|140|44|100.0|25.7|140|44|100.0|25.7|140|44|100.0|25.7|0|14|0.0|25.7|0|14|0.0|25.7|0|14|0.0|25.7|140|44|0.0|25.7|60|20|60|20|100.0|43.8|60|20|100.0|43.8|60|20|100.0|43.8|135|43|90|34|66.7|14.1|15|12|11.1|8.4|0|14|0.0|26.5|0|14|0.0|26.5|0|14|0.0|26.5|30|16|22.2|9.3|23.9|5.1|140|44|80|35|57.1|14.0|0|14|0.0|25.7|30|17|21.4|10.8|20|13|14.3|9.1|10|11|7.1|8.3|140|44|15|11|10.7|7.4|25|30|17.9|18.2|10|12|7.1|8.5|4|14|2.9|0.9|10|11|7.1|7.7|10|14|7.1|9.7|0|14|0.0|25.7|4|6|2.9|3.9|10|11|7.1|7.8|35|17|25.0|10.4|0|14|0.0|25.7|4|14|2.9|0.9|10|14|7.1|9.8|140|44|80|35|57.1|14.5|40|18|28.6|10.0|20|13|14.3|8.4|0|14|0.0|25.7|80000|21439|102500|68571|75625|23508|140|44|135|42|96.4|7.7|135|42|96.4|7.7|4|14|2.9|10.3|4|14|2.9|0.9|140|44|140|44|140|44|135|42|96.4|7.7|135|42|96.4|7.7|4|14|2.9|10.3|4|14|2.9|0.9|0|14|0|14|-|**|0|14|-|**|0|14|-|**|0|14|-|**|0|14|0|14|-|**|0|14|-|**|0|14|-|**|0|14|-|**|0.0|25.7|0.0|25.7|0.0|25.7|-|**
9600000US0611820|East Side Union High School District, CA|0611820|2019-2023|205|32760|1771|27715|1450|84.6|1.7|27700|1450|84.6|1.7|26705|1404|81.5|1.8|995|251|3.0|0.7|15|31|0.0|0.1|5045|694|15.4|1.7|27700|1450|3.6|0.9|17385|920|13440|756|77.3|2.9|13440|756|77.3|2.9|12880|737|74.1|2.9|25450|1336|17590|1021|69.1|2.2|3750|508|14.7|1.9|225|101|0.9|0.4|265|157|1.0|0.6|225|113|0.9|0.4|3395|473|13.3|1.6|28.7|1.0|26705|1404|10350|713|38.8|2.3|5605|551|21.0|1.8|3585|459|13.4|1.7|3175|459|11.9|1.5|3990|616|14.9|2.0|26705|1404|135|146|0.5|0.5|2780|415|10.4|1.4|5310|585|19.9|1.8|445|126|1.7|0.5|1515|257|5.7|1.0|1320|330|4.9|1.2|440|104|1.6|0.4|1175|306|4.4|1.2|4635|543|17.4|1.8|4390|495|16.4|1.8|1765|316|6.6|1.2|1945|407|7.3|1.4|850|209|3.2|0.8|26705|1404|21230|1272|79.5|2.1|3420|496|12.8|1.7|1955|351|7.3|1.3|100|85|0.4|0.3|59578|2845|80191|4338|61672|6591|32745|1775|30720|1689|93.8|1.1|24120|1382|73.7|2.4|7820|939|23.9|2.3|2025|390|6.2|1.1|32355|1696|27485|1405|26505|1357|25190|1317|95.0|1.0|21065|1228|79.5|2.3|4895|630|18.5|2.2|1315|267|5.0|1.0|975|252|805|236|82.6|10.6|455|161|46.7|13.5|405|169|41.5|11.5|175|109|17.9|10.8|4870|658|4335|593|89.0|3.4|2340|379|48.0|5.6|2150|420|44.1|5.4|535|190|11.0|3.4|6.2|1.4|6.2|1.4|6.2|1.3|7.6|11.2
9500000US0611850|East Whittier City Elementary School District, CA|0611850|2019-2023|205|8410|867|6780|713|80.6|3.4|6780|713|80.6|3.4|6675|705|79.4|3.5|105|64|1.2|0.7|0|32|0.0|0.5|1630|357|19.4|3.4|6780|713|1.5|0.9|4450|471|3040|377|68.3|5.3|3040|377|68.3|5.3|2960|373|66.5|5.4|6550|698|5005|579|76.4|3.8|790|231|12.1|3.0|4|12|0.1|0.2|20|23|0.3|0.3|75|56|1.1|0.9|650|181|9.9|2.7|34.7|2.0|6675|705|3030|459|45.4|4.2|890|251|13.3|3.4|1335|300|20.0|3.9|630|192|9.4|2.9|790|211|11.8|3.1|6675|705|30|43|0.4|0.6|540|182|8.1|2.7|660|210|9.9|3.0|305|134|4.6|2.1|435|186|6.5|2.7|440|125|6.6|2.0|135|137|2.0|2.0|510|174|7.6|2.4|725|254|10.9|3.4|1780|358|26.7|4.5|295|119|4.4|1.8|195|81|2.9|1.1|620|270|9.3|3.7|6675|705|4210|511|63.1|4.6|1825|370|27.3|4.5|640|235|9.6|3.3|0|32|0.0|0.6|71510|4976|85557|4914|68724|8479|8410|867|7720|851|91.8|2.9|6355|829|75.6|5.0|1600|371|19.0|4.3|690|248|8.2|2.9|8280|831|6780|713|6675|705|6315|715|94.6|2.3|5590|741|83.7|3.9|875|220|13.1|3.6|360|148|5.4|2.3|105|64|70|41|66.7|34.8|20|19|19.0|18.2|50|38|47.6|33.5|35|51|33.3|35.2|1500|290|1205|232|80.3|9.1|725|183|48.3|11.1|550|178|36.7|9.9|295|166|19.7|9.2|4.2|1.9|4.2|1.9|4.2|1.9|0.0|27.3
9500000US0611910|Eastside Union Elementary School District, CA|0611910|2019-2023|205|3315|513|2450|441|73.9|5.3|2450|441|73.9|5.3|2300|417|69.4|5.5|150|91|4.5|2.6|0|25|0.0|1.3|870|208|26.2|5.4|2450|441|6.1|3.5|2110|336|1415|283|67.1|7.6|1415|283|67.1|7.6|1265|266|60.0|8.0|2245|418|1730|365|77.1|7.2|215|114|9.6|4.8|70|62|3.1|2.7|0|25|0.0|1.9|25|32|1.1|1.4|205|122|9.1|5.1|31.0|5.3|2300|417|870|243|37.8|8.2|285|145|12.4|6.0|400|198|17.4|7.9|335|191|14.6|7.5|405|144|17.6|5.9|2300|417|70|79|3.0|3.3|135|98|5.9|4.0|310|150|13.5|5.6|35|37|1.5|1.6|345|175|15.0|7.5|105|75|4.6|3.5|15|22|0.7|1.0|15|30|0.7|1.3|130|93|5.7|3.8|630|198|27.4|7.3|170|118|7.4|5.0|155|92|6.7|4.1|190|136|8.3|5.5|2300|417|1705|353|74.1|7.9|525|198|22.8|7.4|70|52|3.0|2.2|4|3|0.2|0.1|44106|6555|48770|1625|46789|6884|3315|513|3180|480|95.9|2.8|2145|448|64.7|8.9|1065|294|32.1|7.8|140|98|4.2|2.7|3295|509|2450|441|2300|417|2205|400|95.9|3.8|1630|362|70.9|8.8|585|205|25.4|7.9|95|91|4.1|3.8|150|91|150|91|100.0|24.3|65|74|43.3|32.7|85|56|56.7|31.8|0|25|0.0|24.3|845|210|825|211|97.6|2.6|450|174|53.3|15.6|400|160|47.3|15.8|20|22|2.4|2.7|15.5|6.0|15.5|6.0|15.5|6.0|-|**
9500000US0611940|Edison Elementary School District, CA|0611940|2019-2023|205|605|230|555|220|91.7|6.3|555|220|91.7|6.3|455|198|75.2|16.1|100|110|16.5|16.9|0|19|0.0|6.8|50|40|8.3|6.2|555|220|18.0|18.2|315|137|270|135|85.7|13.4|270|135|85.7|13.4|200|89|63.5|25.3|435|192|415|191|95.4|5.6|20|23|4.6|5.7|0|19|0.0|9.3|0|19|0.0|9.3|0|19|0.0|9.3|0|19|0.0|9.3|33.6|15.9|455|198|120|84|26.4|15.4|20|36|4.4|7.9|60|49|13.2|8.8|90|60|19.8|11.0|170|137|37.4|23.4|455|198|30|30|6.6|6.5|65|51|14.3|9.9|25|32|5.5|5.8|25|41|5.5|8.0|15|21|3.3|4.5|120|128|26.4|24.8|0|19|0.0|8.9|0|19|0.0|8.9|30|43|6.6|8.6|115|65|25.3|11.6|0|19|0.0|8.9|4|11|0.9|2.5|20|36|4.4|7.9|455|198|390|188|85.7|10.1|65|45|14.3|9.8|0|19|0.0|8.9|0|19|0.0|8.9|35978|13797|42000|16815|27361|21888|605|230|515|215|85.1|18.6|350|161|57.9|21.7|165|128|27.3|16.9|90|121|14.9|18.9|605|230|555|220|455|198|365|183|80.2|23.8|305|161|67.0|24.1|60|51|13.2|9.3|90|121|19.8|24.3|100|110|100|110|100.0|33.1|25|37|25.0|47.9|75|104|75.0|48.2|0|19|0.0|33.1|50|40|50|40|100.0|48.0|20|25|40.0|46.9|30|35|60.0|46.2|0|19|0.0|48.0|14.0|16.1|14.0|16.1|14.0|16.1|-|**
9500000US0612030|El Centro Elementary School District, CA|0612030|2019-2023|205|4415|669|3450|574|78.1|5.5|3450|574|78.1|5.5|3180|548|72.0|5.8|270|117|6.1|2.6|0|29|0.0|1.0|965|287|21.9|5.5|3450|574|7.8|3.3|2565|378|1650|269|64.3|8.1|1650|269|64.3|8.1|1440|255|56.1|8.3|3065|558|2420|481|79.0|8.0|415|233|13.5|6.8|0|29|0.0|1.4|60|61|2.0|2.0|60|55|2.0|1.8|110|92|3.6|3.0|18.2|3.1|3180|548|855|314|26.9|8.2|680|215|21.4|6.2|585|218|18.4|6.9|505|198|15.9|5.7|550|238|17.3|6.3|3180|548|235|124|7.4|3.9|295|166|9.3|5.1|120|82|3.8|2.6|20|22|0.6|0.7|145|85|4.6|2.8|520|332|16.4|9.1|0|29|0.0|1.3|105|74|3.3|2.3|150|97|4.7|3.0|1045|310|32.9|8.6|285|155|9.0|4.9|60|61|1.9|1.9|200|117|6.3|3.6|3180|548|2120|426|66.7|7.3|655|241|20.6|7.6|405|208|12.7|5.5|0|29|0.0|1.3|34879|2265|41236|12785|43777|10239|4415|669|3855|566|87.3|7.3|1845|409|41.8|8.1|2280|485|51.6|9.2|560|353|12.7|7.3|4415|669|3450|574|3180|548|2810|506|88.4|6.2|1590|363|50.0|9.9|1475|441|46.4|10.7|370|209|11.6|6.2|270|117|270|117|100.0|14.5|25|37|9.3|14.2|245|118|90.7|14.0|0|29|0.0|14.5|965|287|775|261|80.3|16.1|230|101|23.8|10.9|560|240|58.0|16.4|190|168|19.7|16.0|21.6|6.8|21.6|6.8|21.6|6.8|-|**
9600000US0612070|El Dorado Union High School District, CA|0612070|2019-2023|205|8875|852|7115|818|80.2|3.6|7115|818|80.2|3.6|6825|813|76.9|4.1|290|143|3.3|1.6|0|32|0.0|0.5|1765|322|19.9|3.6|7115|818|4.1|2.0|4595|463|3420|459|74.4|5.4|3420|459|74.4|5.4|3310|463|72.0|5.6|6755|806|4485|609|66.4|4.8|635|225|9.4|2.9|30|37|0.4|0.5|60|65|0.9|1.0|60|78|0.9|1.2|1485|329|22.0|4.3|27.3|2.8|6825|813|4305|563|63.1|4.1|690|224|10.1|3.0|1040|277|15.2|3.7|395|168|5.8|2.3|395|172|5.8|2.4|6825|813|45|50|0.7|0.7|555|186|8.1|2.8|425|158|6.2|2.3|200|128|2.9|1.8|310|130|4.5|1.7|325|140|4.8|2.1|195|111|2.9|1.5|620|224|9.1|3.0|1015|381|14.9|4.8|1920|352|28.1|4.2|225|110|3.3|1.6|255|133|3.7|2.0|735|219|10.8|3.0|6825|813|4330|552|63.4|4.8|1700|370|24.9|4.4|785|246|11.5|3.0|10|15|0.1|0.2|99200|14585|139258|25944|98269|19086|8875|852|8570|828|96.6|1.6|7985|854|90.0|3.3|1225|394|13.8|4.2|305|146|3.4|1.6|8790|848|7095|818|6805|814|6590|797|96.8|1.8|6225|805|91.5|3.0|635|249|9.3|3.5|210|124|3.1|1.8|290|143|290|143|100.0|13.6|275|145|94.8|8.1|85|79|29.3|23.5|0|32|0.0|13.6|1695|311|1600|311|94.4|4.6|1405|291|82.9|7.5|420|287|24.8|14.4|95|78|5.6|4.6|4.7|3.3|4.7|3.3|4.7|3.3|4.4|6.5
9500000US0612090|El Monte City School District, CA|0612090|2019-2023|205|7200|759|5695|666|79.1|2.9|5685|663|79.0|3.0|5425|640|75.3|3.1|260|131|3.6|1.8|10|14|0.1|0.2|1505|244|20.9|2.9|5685|663|4.6|2.2|4010|414|2765|381|69.0|5.2|2765|381|69.0|5.2|2650|373|66.1|5.2|5310|641|4050|558|76.3|4.8|730|216|13.7|3.7|85|80|1.6|1.5|70|64|1.3|1.2|30|40|0.6|0.8|350|122|6.6|2.3|30.7|2.1|5425|640|1450|341|26.7|5.3|1440|314|26.5|5.1|1180|316|21.8|5.0|485|168|8.9|2.8|865|201|15.9|3.6|5425|640|20|24|0.4|0.5|375|141|6.9|2.5|730|172|13.5|3.0|250|131|4.6|2.3|390|122|7.2|2.2|240|90|4.4|1.7|65|49|1.2|0.9|415|268|7.6|4.7|515|206|9.5|3.6|1160|265|21.4|4.0|675|203|12.4|3.4|290|109|5.3|2.0|310|115|5.7|2.2|5425|640|4280|557|78.9|4.6|755|199|13.9|3.4|385|144|7.1|2.4|4|10|0.1|0.2|40192|2698|54528|8922|42860|6221|7190|755|6030|698|83.9|3.9|3490|573|48.5|5.2|2810|388|39.1|4.3|1165|303|16.2|3.9|7155|746|5660|660|5400|636|4530|594|83.9|4.2|3125|514|57.9|5.7|1650|303|30.6|4.6|870|245|16.1|4.2|260|131|255|127|98.1|8.2|25|26|9.6|10.4|235|124|90.4|12.0|4|21|1.5|8.1|1495|248|1205|228|80.6|6.4|340|125|22.7|7.3|890|183|59.5|7.2|290|103|19.4|6.4|17.9|3.9|17.9|3.9|18.0|3.8|0.0|57.3
9600000US0612120|El Monte Union High School District, CA|0612120|2019-2023|205|10000|780|7640|700|76.4|3.0|7640|700|76.4|3.0|7315|654|73.2|2.8|325|119|3.3|1.1|0|32|0.0|0.4|2360|331|23.6|3.0|7640|700|4.3|1.4|5555|453|3485|408|62.7|4.7|3485|408|62.7|4.7|3330|383|59.9|4.4|7160|658|5605|610|78.3|3.6|940|221|13.1|3.2|125|75|1.7|1.0|145|87|2.0|1.2|45|34|0.6|0.5|305|159|4.3|2.1|28.6|1.8|7315|654|1790|403|24.5|4.7|1385|269|18.9|3.3|1405|260|19.2|3.0|850|160|11.6|2.2|1885|323|25.8|4.1|7315|654|25|27|0.3|0.4|760|160|10.4|2.2|1350|238|18.5|3.1|335|143|4.6|2.0|645|188|8.8|2.3|555|167|7.6|2.4|100|68|1.4|0.9|240|91|3.3|1.2|570|298|7.8|3.9|1220|266|16.7|3.3|710|248|9.7|3.1|495|145|6.8|1.8|310|107|4.2|1.4|7315|654|5680|505|77.6|3.5|980|234|13.4|2.9|630|216|8.6|2.6|25|28|0.3|0.4|39184|4591|51641|4797|45871|3856|10000|780|8295|736|83.0|2.8|4870|525|48.7|3.7|3700|457|37.0|3.4|1700|291|17.0|2.8|9950|781|7615|700|7290|654|6255|632|85.8|2.6|4245|456|58.2|3.9|2230|361|30.6|3.8|1035|193|14.2|2.6|325|119|245|94|75.4|16.9|50|35|15.4|10.7|195|88|60.0|16.4|80|64|24.6|16.2|2335|327|1745|282|74.7|6.5|565|152|24.2|5.7|1225|248|52.5|7.6|590|178|25.3|6.6|18.2|3.9|18.2|3.9|18.2|3.9|0.0|48.0
9500000US0612150|El Nido Elementary School District, CA|0612150|2019-2023|205|125|66|75|42|60.0|14.7|75|42|60.0|14.7|75|41|60.0|10.0|4|3|3.2|2.7|0|14|0.0|28.1|45|30|36.0|10.4|75|42|5.3|4.3|60|32|15|13|25.0|20.8|15|13|25.0|20.8|10|15|16.7|25.6|70|39|60|33|85.7|19.6|4|14|5.7|3.0|0|14|0.0|40.5|10|15|14.3|19.8|0|14|0.0|40.5|4|11|5.7|17.1|25.8|14.4|75|41|10|14|13.3|17.2|4|14|5.3|3.0|4|5|5.3|8.4|35|28|46.7|24.4|20|17|26.7|22.1|75|41|35|27|46.7|25.7|10|17|13.3|20.4|10|12|13.3|16.7|4|4|5.3|6.0|4|1|5.3|3.6|15|16|20.0|20.9|0|14|0.0|39.2|0|14|0.0|39.2|4|4|5.3|6.2|0|14|0.0|39.2|0|14|0.0|39.2|0|14|0.0|39.2|0|14|0.0|39.2|75|41|70|36|93.3|20.7|0|14|0.0|39.2|4|16|5.3|20.4|0|14|0.0|39.2|51250|25521|54000|7661|-|**|125|66|75|51|60.0|20.9|45|36|36.0|22.4|35|31|28.0|18.2|45|30|36.0|20.6|125|66|75|42|75|41|50|33|66.7|22.0|35|28|46.7|23.1|15|17|20.0|19.7|25|18|33.3|22.6|4|3|4|5|100.0|100.0|0|14|0.0|100.0|4|5|100.0|100.0|4|4|100.0|100.0|45|30|25|22|55.6|30.0|10|15|22.2|34.1|20|21|44.4|38.5|20|18|44.4|32.8|16.0|17.7|16.0|17.7|16.0|17.7|-|**
9700000US0612180|El Rancho Unified School District, CA|0612180|2019-2023|205|7525|651|6255|557|83.1|2.6|6255|557|83.1|2.6|5975|527|79.4|3.0|280|155|3.7|2.0|0|32|0.0|0.6|1265|235|16.8|2.6|6255|557|4.5|2.4|4135|351|2965|300|71.7|4.8|2965|300|71.7|4.8|2755|286|66.6|5.3|5880|520|4475|469|76.1|4.5|645|164|11.0|2.7|95|63|1.6|1.1|15|24|0.3|0.4|60|55|1.0|0.9|585|212|9.9|3.4|30.9|2.3|5975|527|1805|341|30.2|4.7|980|233|16.4|3.8|1545|306|25.9|4.5|555|179|9.3|3.0|1085|251|18.2|4.0|5975|527|15|20|0.3|0.3|380|128|6.4|2.0|680|223|11.4|3.4|315|116|5.3|1.9|345|137|5.8|2.2|675|207|11.3|3.3|65|82|1.1|1.4|200|96|3.3|1.7|635|247|10.6|4.1|1605|271|26.9|4.1|410|168|6.9|2.6|240|118|4.0|2.0|405|147|6.8|2.5|5975|527|4440|511|74.3|4.7|1250|273|20.9|4.3|285|108|4.8|1.8|0|32|0.0|0.7|53011|4616|59941|5483|56944|5519|7525|651|6570|655|87.3|3.3|5270|598|70.0|5.0|1555|332|20.7|4.0|955|248|12.7|3.3|7490|653|6250|559|5970|529|5375|551|90.0|3.2|4540|541|76.0|4.9|1025|223|17.2|3.7|590|188|9.9|3.2|280|155|255|150|91.1|13.1|85|63|30.4|24.0|165|141|58.9|28.2|30|35|10.7|12.5|1240|234|910|209|73.4|9.2|640|187|51.6|10.6|325|101|26.2|7.0|330|126|26.6|9.2|5.2|1.9|5.2|1.9|5.0|2.0|57.1|57.1
9700000US0612210|El Segundo Unified School District, CA|0612210|2019-2023|205|2715|389|2325|397|85.6|4.9|2325|397|85.6|4.9|2230|389|82.1|5.0|90|62|3.3|2.3|0|21|0.0|1.6|395|123|14.5|4.9|2325|397|3.9|2.6|1365|203|1120|206|82.1|6.1|1120|206|82.1|6.1|1050|203|76.9|7.1|2205|386|1400|319|63.5|8.3|20|26|0.9|1.2|0|21|0.0|1.9|80|75|3.6|3.3|35|43|1.6|2.0|675|201|30.6|7.7|20.3|2.4|2230|389|1540|335|69.1|8.5|120|89|5.4|3.7|340|135|15.2|6.0|150|122|6.7|5.1|75|55|3.4|2.6|2230|389|0|21|0.0|1.9|110|75|4.9|3.2|300|124|13.5|4.7|50|45|2.2|2.1|70|50|3.1|2.2|45|39|2.0|1.8|275|143|12.3|5.4|295|126|13.2|5.2|455|154|20.4|7.6|370|146|16.6|5.4|15|25|0.7|1.2|85|83|3.8|3.6|165|122|7.4|5.2|2230|389|1635|305|73.3|6.6|305|141|13.7|5.8|270|126|12.1|5.0|20|32|0.9|1.4|114100|9117|148484|19046|101742|28909|2715|389|2625|368|96.7|3.0|2515|359|92.6|4.3|165|102|6.1|3.7|95|85|3.5|3.0|2680|395|2315|396|2225|388|2140|365|96.2|3.4|2105|358|94.6|3.8|55|50|2.5|2.2|85|78|3.8|3.4|90|62|85|61|94.4|25.5|85|61|94.4|25.5|0|21|0.0|35.4|10|16|11.1|18.5|360|121|360|121|100.0|11.1|290|92|80.6|19.4|70|83|19.4|19.4|0|21|0.0|11.1|4.2|3.2|4.2|3.2|4.3|3.2|0.0|53.6
9700000US0612330|Elk Grove Unified School District, CA|0612330|2019-2023|205|61880|2069|52270|1816|84.5|1.2|52070|1821|84.1|1.2|49415|1812|79.9|1.4|2655|467|4.3|0.8|200|184|0.3|0.3|9610|842|15.5|1.2|52070|1821|5.1|0.9|33040|1245|25890|1218|78.4|2.0|25890|1218|78.4|2.0|24600|1269|74.5|2.1|47495|1771|32185|1485|67.8|1.7|5865|626|12.3|1.2|190|84|0.4|0.2|295|130|0.6|0.3|905|223|1.9|0.5|8060|664|17.0|1.3|33.1|1.3|49415|1812|22430|1116|45.4|1.9|8205|822|16.6|1.5|9585|972|19.4|1.7|3615|438|7.3|0.9|5580|595|11.3|1.1|49415|1812|365|135|0.7|0.3|3195|463|6.5|0.9|3385|490|6.9|1.0|1035|254|2.1|0.5|3655|562|7.4|1.1|3875|569|7.8|1.0|695|184|1.4|0.4|3105|429|6.3|0.8|5100|679|10.3|1.3|12570|862|25.4|1.6|2805|563|5.7|1.1|2940|533|5.9|1.0|6685|766|13.5|1.4|49415|1812|32585|1484|65.9|1.7|13440|949|27.2|1.6|3260|502|6.6|1.0|125|82|0.3|0.2|63835|3385|84585|3356|71038|2863|61675|2089|58755|2075|95.3|0.8|47255|2036|76.6|1.9|15235|1264|24.7|1.9|2920|509|4.7|0.8|61310|2089|51870|1824|49255|1808|47410|1813|96.3|0.9|40335|1754|81.9|2.0|9595|1082|19.5|2.1|1845|434|3.7|0.9|2615|461|2445|458|93.5|4.2|1400|391|53.5|10.2|1230|315|47.0|9.9|175|112|6.7|4.3|9440|830|8535|754|90.4|3.0|5350|574|56.7|4.4|4085|515|43.3|3.7|905|306|9.6|3.0|11.3|1.8|11.3|1.8|11.4|1.8|4.1|5.6
9500000US0612600|Elverta Joint Elementary School District, CA|0612600|2019-2023|205|345|142|245|106|71.0|15.3|245|106|71.0|15.3|240|105|69.6|14.8|4|11|1.2|3.2|0|14|0.0|11.6|100|72|29.0|15.3|245|106|1.6|4.5|165|73|115|54|69.7|22.1|115|54|69.7|22.1|105|56|63.6|24.0|230|103|145|64|63.0|17.1|35|36|15.2|14.2|0|14|0.0|16.8|0|14|0.0|16.8|0|14|0.0|16.8|50|56|21.7|19.0|34.0|8.3|240|105|55|35|22.9|14.4|60|43|25.0|16.5|40|33|16.7|12.6|55|57|22.9|17.0|30|37|12.5|14.0|240|105|0|14|0.0|16.2|55|64|22.9|20.6|4|10|1.7|4.4|10|15|4.2|6.9|35|37|14.6|12.9|20|28|8.3|10.6|0|14|0.0|16.2|4|16|1.7|7.0|10|16|4.2|6.9|20|20|8.3|9.0|15|24|6.3|9.6|15|18|6.3|8.0|45|32|18.8|14.6|240|105|160|101|66.7|20.8|75|42|31.3|19.9|4|10|1.7|4.2|0|14|0.0|16.2|89509|11381|112000|44362|-|**|345|142|345|142|100.0|11.6|260|124|75.4|19.7|100|76|29.0|18.0|0|14|0.0|11.6|345|142|245|106|240|105|240|105|100.0|16.2|220|108|91.7|10.9|25|24|10.4|11.3|0|14|0.0|16.2|4|11|4|11|100.0|100.0|4|11|100.0|100.0|0|14|0.0|100.0|0|14|0.0|100.0|100|72|100|72|100.0|33.1|35|28|35.0|32.9|75|68|75.0|24.6|0|14|0.0|33.1|15.9|16.4|15.9|16.4|15.9|16.4|-|**
9500000US0612690|Empire Union Elementary School District, CA|0612690|2019-2023|205|3075|542|2480|497|80.7|6.0|2480|497|80.7|6.0|2335|508|75.9|7.1|145|109|4.7|3.6|0|29|0.0|1.4|595|199|19.3|6.0|2480|497|5.8|4.5|1725|292|1270|291|73.6|9.5|1270|291|73.6|9.5|1155|303|67.0|11.6|2275|511|1780|467|78.2|8.0|300|153|13.2|6.3|40|74|1.8|3.2|0|29|0.0|1.8|40|50|1.8|2.2|115|83|5.1|3.9|39.1|7.3|2335|508|875|317|37.5|9.7|305|150|13.1|6.0|405|162|17.3|7.1|275|132|11.8|5.6|470|202|20.1|6.1|2335|508|150|159|6.4|6.3|325|139|13.9|5.9|205|119|8.8|4.7|0|29|0.0|1.8|180|91|7.7|4.1|305|180|13.1|6.6|40|46|1.7|2.0|60|61|2.6|2.5|45|42|1.9|1.8|650|245|27.8|7.9|95|70|4.1|3.2|120|129|5.1|5.4|165|114|7.1|5.1|2335|508|1630|402|69.8|10.5|405|170|17.3|7.2|305|221|13.1|8.3|0|29|0.0|1.8|42667|4665|50815|7445|46328|14670|3075|542|2890|536|94.0|3.2|2105|544|68.5|10.0|910|289|29.6|9.3|185|98|6.0|3.2|3075|542|2480|497|2335|508|2205|498|94.4|3.6|1810|508|77.5|9.1|525|198|22.5|8.8|125|85|5.4|3.6|145|109|120|95|82.8|27.9|4|16|2.8|11.8|115|95|79.3|30.2|25|45|17.2|28.7|595|199|565|196|95.0|8.5|290|146|48.7|18.0|275|138|46.2|17.6|30|50|5.0|8.4|8.6|4.6|8.6|4.6|8.6|4.6|-|**
9500000US0612750|Encinitas Union Elementary School District, CA|0612750|2019-2023|205|6300|722|5440|650|86.3|2.9|5435|650|86.3|2.9|5310|643|84.3|3.1|125|64|2.0|1.0|4|18|0.1|0.3|860|210|13.7|2.9|5435|650|2.3|1.2|3230|381|2415|330|74.8|5.8|2415|330|74.8|5.8|2295|326|71.1|6.0|5100|594|2490|367|48.8|5.7|150|73|2.9|1.4|60|60|1.2|1.1|50|47|1.0|0.9|180|83|3.5|1.7|2175|458|42.6|6.2|29.6|3.2|5310|643|3885|530|73.2|4.3|330|169|6.2|3.0|935|236|17.6|4.1|55|39|1.0|0.7|105|70|2.0|1.4|5310|643|4|15|0.1|0.3|235|110|4.4|1.9|750|212|14.1|3.5|175|89|3.3|1.7|270|142|5.1|2.6|90|59|1.7|1.1|130|76|2.4|1.4|665|266|12.5|5.3|1470|331|27.7|5.0|975|222|18.4|3.6|175|95|3.3|1.8|155|128|2.9|2.3|205|125|3.9|2.2|5310|643|4020|519|75.7|4.6|895|249|16.9|4.0|380|139|7.2|2.4|20|25|0.4|0.5|119315|19422|179308|10711|118007|25369|6295|723|6265|722|99.5|0.5|6165|724|97.9|1.0|140|68|2.2|1.1|30|30|0.5|0.5|6285|722|5425|649|5300|642|5270|639|99.4|0.5|5255|641|99.2|0.6|45|37|0.8|0.7|30|28|0.6|0.5|125|64|125|64|100.0|28.1|115|63|92.0|13.5|10|15|8.0|12.3|0|32|0.0|28.1|860|210|860|212|100.0|4.8|800|221|93.0|7.0|70|56|8.1|7.0|4|6|0.5|0.7|3.5|1.7|3.5|1.7|3.5|1.7|0.0|100.0
9500000US0612810|Enterprise Elementary School District, CA|0612810|2019-2023|205|3250|468|2770|437|85.2|6.1|2770|437|85.2|6.1|2685|435|82.6|6.5|80|70|2.5|2.2|0|29|0.0|1.3|485|209|14.9|6.1|2770|437|2.9|2.6|1780|314|1525|305|85.7|6.3|1525|305|85.7|6.3|1515|305|85.1|6.4|2595|415|2075|373|80.0|5.6|270|108|10.4|4.1|0|29|0.0|1.6|4|12|0.2|0.5|20|26|0.8|1.1|220|110|8.5|3.9|14.3|1.6|2685|435|1140|287|42.5|9.2|695|259|25.9|7.8|460|190|17.1|6.5|195|86|7.3|3.2|195|109|7.3|4.0|2685|435|35|50|1.3|1.8|155|110|5.8|4.0|100|76|3.7|2.8|10|24|0.4|0.9|365|150|13.6|5.3|140|91|5.2|3.4|35|34|1.3|1.3|180|138|6.7|4.7|195|95|7.3|3.6|1005|256|37.4|9.6|105|72|3.9|2.6|65|61|2.4|2.3|300|164|11.2|5.2|2685|435|1805|335|67.2|6.5|790|229|29.4|6.7|90|80|3.4|3.0|0|29|0.0|1.6|49594|10175|76433|10108|47276|5547|3250|468|3085|472|94.9|4.4|2210|458|68.0|8.8|1010|303|31.1|8.9|170|142|5.2|4.4|3215|467|2770|437|2685|435|2550|446|95.0|5.2|1895|432|70.6|9.2|745|252|27.7|9.2|140|139|5.2|5.2|80|70|80|70|100.0|37.9|40|49|50.0|43.6|40|53|50.0|42.9|0|29|0.0|37.9|445|192|415|192|93.3|7.9|240|133|53.9|19.2|190|125|42.7|19.9|30|34|6.7|8.0|10.5|4.5|10.5|4.5|10.6|4.5|0.0|57.3
9700000US0612840|Escalon Unified School District, CA|0612840|2019-2023|205|2250|476|1810|421|80.4|6.8|1810|421|80.4|6.8|1780|422|79.1|6.9|25|30|1.1|1.4|0|21|0.0|1.9|440|173|19.6|6.8|1810|421|1.4|1.7|1135|254|735|228|64.8|13.2|735|228|64.8|13.2|710|230|62.6|13.4|1705|387|1250|349|73.3|11.6|100|92|5.9|5.4|65|88|3.8|5.1|20|26|1.2|1.5|50|63|2.9|3.6|225|153|13.2|8.8|26.2|7.1|1780|422|610|202|34.3|8.7|225|163|12.6|7.9|260|130|14.6|6.7|215|109|12.1|6.7|475|221|26.7|9.8|1780|422|230|142|12.9|7.8|280|141|15.7|7.3|230|107|12.9|6.2|55|67|3.1|3.7|10|20|0.6|1.2|145|116|8.1|5.9|65|81|3.7|4.2|40|41|2.2|2.2|145|134|8.1|7.2|430|199|24.2|7.9|25|44|1.4|2.5|50|56|2.8|3.2|80|58|4.5|3.5|1780|422|1360|351|76.4|8.7|270|125|15.2|6.1|155|127|8.7|6.6|0|21|0.0|2.4|73527|8587|77052|34962|72466|43741|2250|476|2080|475|92.4|4.5|1850|474|82.2|8.0|325|166|14.4|7.3|165|97|7.3|4.4|2250|476|1810|421|1780|422|1715|413|96.3|3.7|1615|414|90.7|6.0|165|93|9.3|5.3|65|67|3.7|3.7|25|30|20|30|80.0|80.0|20|30|80.0|80.0|0|21|0.0|67.8|10|14|40.0|58.4|440|173|345|172|78.4|15.6|220|162|50.0|24.9|160|87|36.4|19.0|95|62|21.6|15.7|13.1|7.6|13.1|7.6|13.1|7.6|-|**
9500000US0612880|Escondido Union Elementary School District, CA|0612880|2019-2023|205|16680|969|13235|806|79.3|1.9|13120|789|78.7|2.0|12815|820|76.8|2.5|305|186|1.8|1.1|110|86|0.7|0.5|3445|392|20.7|1.9|13120|789|2.3|1.4|9205|561|6230|479|67.7|3.0|6230|479|67.7|3.0|5985|493|65.0|3.3|12675|800|9465|731|74.7|3.2|1400|297|11.0|2.3|65|54|0.5|0.4|55|55|0.4|0.4|185|104|1.5|0.8|1510|301|11.9|2.2|27.2|1.3|12815|820|4430|539|34.6|3.7|2830|447|22.1|3.4|2245|366|17.5|2.6|1665|272|13.0|2.0|1645|396|12.8|2.8|12815|820|105|81|0.8|0.6|1780|313|13.9|2.2|1225|273|9.6|2.1|180|93|1.4|0.7|1050|302|8.2|2.2|490|151|3.8|1.2|110|72|0.9|0.6|665|195|5.2|1.5|1950|352|15.2|2.6|2590|421|20.2|2.8|1425|321|11.1|2.4|845|218|6.6|1.7|400|155|3.1|1.2|12815|820|9565|638|74.6|3.3|1985|436|15.5|3.0|1250|263|9.8|2.0|15|27|0.1|0.2|48762|4121|67128|5933|46993|6670|16570|950|13840|919|83.5|2.8|10480|862|63.2|3.6|4045|533|24.4|3.0|2730|490|16.5|2.8|16530|954|13115|789|12810|820|11225|777|87.6|2.4|9100|789|71.0|3.4|2705|425|21.1|3.3|1585|323|12.4|2.4|305|186|210|106|68.9|31.5|85|59|27.9|19.5|120|88|39.3|28.4|100|135|32.8|32.2|3415|395|2370|357|69.4|6.9|1285|235|37.6|6.1|1180|281|34.6|6.8|1045|268|30.6|6.9|14.4|3.3|14.5|3.3|14.5|3.3|0.0|87.6
9600000US0612910|Escondido Union High School District, CA|0612910|2019-2023|205|9365|845|7570|688|80.8|2.5|7535|691|80.5|2.5|7350|685|78.5|2.5|185|94|2.0|1.0|30|28|0.3|0.3|1795|306|19.2|2.5|7535|691|2.5|1.2|4950|447|3490|355|70.5|4.5|3490|355|70.5|4.5|3400|356|68.7|4.6|7235|677|5260|606|72.7|4.0|895|227|12.4|3.0|10|17|0.1|0.2|125|111|1.7|1.5|70|59|1.0|0.8|880|206|12.2|2.7|26.0|1.7|7350|685|2515|324|34.2|3.7|1775|346|24.1|3.8|1090|199|14.8|2.7|1030|278|14.0|3.2|940|229|12.8|2.9|7350|685|175|105|2.4|1.4|655|169|8.9|2.1|705|192|9.6|2.5|135|72|1.8|1.0|530|167|7.2|2.1|405|127|5.5|1.7|55|54|0.7|0.7|310|131|4.2|1.8|1480|341|20.1|3.9|1415|244|19.3|3.2|725|207|9.9|2.7|565|189|7.7|2.4|195|86|2.7|1.1|7350|685|5715|603|77.8|3.4|850|188|11.6|2.6|785|259|10.7|3.2|0|32|0.0|0.6|48534|4810|64825|8340|48577|3839|9335|849|7770|710|83.2|4.5|5515|588|59.1|4.6|2855|423|30.6|4.1|1560|470|16.7|4.4|9135|827|7440|680|7250|675|6145|557|84.8|4.4|4700|514|64.8|4.9|1880|296|25.9|3.8|1105|361|15.2|4.4|185|94|175|90|94.6|13.9|125|77|67.6|20.5|80|66|43.2|23.8|15|22|8.1|12.0|1695|297|1255|245|74.0|8.2|570|145|33.6|7.7|760|190|44.8|8.1|440|167|26.0|8.1|9.3|2.8|9.3|2.8|9.4|2.8|2.1|6.6
9700000US0612930|Esparto Unified School District, CA|0612930|2019-2023|205|745|216|620|198|83.2|10.5|620|198|83.2|10.5|610|195|81.9|10.4|10|16|1.3|2.0|0|19|0.0|5.5|130|87|17.4|10.8|620|198|1.6|2.4|365|112|255|127|69.9|24.3|255|127|69.9|24.3|245|125|67.1|24.6|610|195|500|156|82.0|14.2|80|98|13.1|13.8|0|19|0.0|6.7|4|17|0.7|2.7|15|23|2.5|3.8|15|27|2.5|4.3|28.4|6.0|610|195|235|106|38.5|15.9|85|88|13.9|13.9|60|70|9.8|9.8|185|123|30.3|16.5|45|50|7.4|7.8|610|195|60|97|9.8|14.0|120|80|19.7|14.0|15|24|2.5|4.0|20|27|3.3|4.6|55|69|9.0|9.9|10|22|1.6|3.5|15|29|2.5|4.7|0|19|0.0|6.7|25|29|4.1|4.6|175|93|28.7|13.9|55|82|9.0|13.2|35|48|5.7|7.6|25|35|4.1|5.9|610|195|395|184|64.8|19.3|150|91|24.6|13.2|60|85|9.8|13.6|0|19|0.0|6.7|51806|25360|90795|79896|50556|29732|745|216|645|166|86.6|12.4|505|157|67.8|20.8|235|152|31.5|15.7|105|107|14.1|12.4|740|220|615|202|605|199|505|170|83.5|15.6|445|142|73.6|22.1|115|117|19.0|15.9|105|107|17.4|15.6|10|16|10|16|100.0|100.0|10|16|100.0|100.0|10|16|100.0|100.0|0|19|0.0|100.0|125|86|125|86|100.0|28.1|50|49|40.0|41.2|110|92|88.0|25.7|0|19|0.0|28.1|25.5|21.4|25.5|21.4|25.7|21.5|0.0|100.0
9500000US0612960|Etiwanda Elementary School District, CA|0612960|2019-2023|205|12960|893|10900|844|84.1|2.4|10900|844|84.1|2.4|10580|834|81.6|2.8|325|170|2.5|1.3|0|32|0.0|0.3|2060|331|15.9|2.4|10900|844|3.0|1.5|6840|493|5035|490|73.6|4.4|5035|490|73.6|4.4|4895|476|71.6|4.5|10365|808|7895|839|76.2|3.9|635|225|6.1|2.2|45|77|0.4|0.8|10|13|0.1|0.1|220|142|2.1|1.4|1560|385|15.1|3.7|34.2|2.5|10580|834|5515|606|52.1|4.9|1340|298|12.7|2.6|2330|491|22.0|3.9|485|207|4.6|2.0|905|314|8.6|2.8|10580|834|45|80|0.4|0.8|565|220|5.3|2.1|590|215|5.6|2.0|375|203|3.5|1.8|930|374|8.8|3.3|1245|372|11.8|3.4|325|236|3.1|2.2|710|208|6.7|2.0|880|267|8.3|2.4|2670|413|25.2|3.6|490|274|4.6|2.5|650|201|6.1|1.9|1100|272|10.4|2.5|10580|834|7120|727|67.3|3.9|2500|395|23.6|3.7|870|263|8.2|2.4|95|144|0.9|1.3|81305|5484|102925|5392|77490|7655|12960|893|12390|871|95.6|2.3|11200|923|86.4|3.5|1690|400|13.0|3.1|570|312|4.4|2.3|12895|875|10870|844|10550|830|10190|845|96.6|1.7|9505|880|90.1|2.7|1025|267|9.7|2.5|360|175|3.4|1.7|325|170|325|170|100.0|12.2|165|105|50.8|19.2|165|108|50.8|19.7|0|32|0.0|12.2|2025|317|1815|316|89.6|7.8|1500|282|74.1|8.7|440|180|21.7|8.2|210|166|10.4|7.8|5.3|2.2|5.3|2.2|5.3|2.2|15.4|84.6
9600000US0699006|Eureka City Unified School District (7-12), CA|0699006|2019-2023|205|1015|336|885|316|87.2|6.8|885|316|87.2|6.8|875|314|86.2|7.1|10|17|1.0|1.7|0|21|0.0|4.1|125|71|12.3|6.9|885|316|1.1|1.9|575|220|460|214|80.0|13.7|460|214|80.0|13.7|445|210|77.4|13.8|875|313|480|175|54.9|16.3|205|191|23.4|17.4|35|55|4.0|6.1|75|76|8.6|8.6|30|36|3.4|4.2|45|37|5.1|4.3|20.8|6.1|875|314|385|223|44.0|17.6|165|103|18.9|12.4|150|108|17.1|10.2|145|101|16.6|10.4|35|35|4.0|4.0|875|314|90|84|10.3|8.7|45|53|5.1|6.5|4|3|0.5|0.4|15|26|1.7|2.9|25|26|2.9|3.0|35|31|4.0|3.6|0|21|0.0|4.7|4|4|0.5|0.5|75|58|8.6|6.8|335|169|38.3|15.3|4|4|0.5|0.5|125|163|14.3|16.4|120|88|13.7|9.8|875|314|555|262|63.4|16.6|250|164|28.6|16.1|75|46|8.6|6.0|0|21|0.0|4.7|47258|33594|-|**|-|**|1015|336|980|336|96.6|3.6|895|325|88.2|7.5|255|176|25.1|15.0|35|34|3.4|3.6|1010|334|885|316|875|314|840|312|96.0|4.0|790|311|90.3|7.2|220|166|25.1|16.7|35|34|4.0|4.1|10|17|10|17|100.0|100.0|0|21|0.0|100.0|10|17|100.0|100.0|0|21|0.0|100.0|125|71|125|71|100.0|28.1|100|56|80.0|26.2|20|35|16.0|24.5|0|21|0.0|28.1|4.4|4.4|4.4|4.4|4.5|4.4|0.0|100.0
9700000US0600052|Eureka City Unified School District, CA|0600052|2019-2023|205|3645|547|2935|495|80.5|6.2|2915|492|80.0|6.3|2820|495|77.4|6.7|100|80|2.7|2.2|15|31|0.4|0.9|710|252|19.5|6.2|2915|492|3.4|2.8|1865|317|1420|292|76.1|8.8|1420|292|76.1|8.8|1400|291|75.1|9.2|2805|494|1950|379|69.5|10.4|470|283|16.8|8.8|0|29|0.0|1.5|60|78|2.1|2.7|0|29|0.0|1.5|325|212|11.6|7.2|17.1|3.0|2820|495|1195|319|42.4|7.7|755|274|26.8|8.3|265|111|9.4|4.0|310|196|11.0|6.6|290|133|10.3|4.7|2820|495|230|175|8.2|6.0|260|163|9.2|5.2|210|110|7.4|3.7|4|15|0.1|0.5|170|136|6.0|4.8|175|103|6.2|3.6|20|35|0.7|1.3|30|33|1.1|1.2|355|192|12.6|6.1|905|273|32.1|7.9|160|121|5.7|4.5|65|47|2.3|1.8|225|152|8.0|5.2|2820|495|1505|353|53.4|8.8|775|239|27.5|7.4|525|256|18.6|8.1|10|23|0.4|0.8|51500|7810|57679|18780|65556|18414|3625|545|3380|541|93.2|4.9|2270|513|62.6|9.5|1385|355|38.2|8.8|245|181|6.8|4.9|3575|546|2915|492|2820|495|2650|491|94.0|5.1|1920|470|68.1|10.0|910|277|32.3|9.1|170|150|6.0|5.2|100|80|100|80|100.0|33.1|30|47|30.0|42.6|100|80|100.0|33.1|0|29|0.0|33.1|660|224|580|225|87.9|11.0|270|166|40.9|19.0|345|161|52.3|18.0|80|69|12.1|11.0|10.8|5.0|10.8|5.0|11.0|5.1|0.0|48.0
9500000US0613080|Eureka Union Elementary School District, CA|0613080|2019-2023|205|3180|552|2585|466|81.3|5.2|2575|467|81.0|5.2|2410|440|75.8|5.3|165|112|5.2|3.4|10|19|0.3|0.6|595|203|18.7|5.2|2575|467|6.4|4.1|1605|296|1040|254|64.8|10.4|1040|254|64.8|10.4|990|239|61.7|9.8|2415|441|1650|385|68.3|7.2|130|100|5.4|4.1|0|25|0.0|1.7|0|25|0.0|1.7|105|97|4.3|4.0|530|166|21.9|6.3|27.0|5.0|2410|440|1685|382|69.9|9.5|165|106|6.8|4.5|420|224|17.4|8.3|55|68|2.3|2.8|85|82|3.5|3.3|2410|440|0|25|0.0|1.7|215|144|8.9|5.5|195|142|8.1|5.7|100|145|4.1|5.9|115|102|4.8|4.0|130|82|5.4|3.4|70|58|2.9|2.3|235|110|9.8|4.4|370|155|15.4|5.4|745|197|30.9|7.3|25|30|1.0|1.3|70|82|2.9|3.3|140|95|5.8|4.1|2410|440|1900|368|78.8|5.9|390|157|16.2|6.2|120|95|5.0|3.6|0|25|0.0|1.7|110625|35700|200613|38737|80385|18479|3170|553|3100|530|97.8|2.9|3020|528|95.3|3.7|140|93|4.4|2.9|70|96|2.2|2.9|3165|551|2570|464|2405|437|2365|422|98.3|2.1|2350|421|97.7|2.6|50|49|2.1|2.0|40|53|1.7|2.1|165|112|135|102|81.8|27.9|135|102|81.8|27.9|0|25|0.0|22.5|30|49|18.2|27.9|595|203|595|203|100.0|6.9|530|190|89.1|9.6|90|58|15.1|9.4|0|25|0.0|6.9|5.0|4.6|5.0|4.6|5.0|4.6|0.0|100.0
9500000US0613140|Evergreen Elementary School District, CA|0613140|2019-2023|205|10720|875|9320|798|86.9|2.0|9320|798|86.9|2.0|8960|764|83.6|2.3|360|130|3.4|1.1|0|32|0.0|0.4|1395|239|13.0|2.0|9320|798|3.9|1.3|5560|469|4375|431|78.7|3.6|4375|431|78.7|3.6|4155|409|74.7|3.7|8560|724|5570|675|65.1|5.0|930|255|10.9|2.9|150|74|1.8|0.9|35|32|0.4|0.4|45|50|0.5|0.6|1830|362|21.4|3.9|34.0|2.4|8960|764|5925|599|66.1|4.3|840|237|9.4|2.5|1085|286|12.1|3.0|455|145|5.1|1.6|655|234|7.3|2.4|8960|764|25|24|0.3|0.3|270|107|3.0|1.2|1910|337|21.3|3.8|55|42|0.6|0.5|600|164|6.7|1.8|415|170|4.6|1.9|430|219|4.8|2.4|565|187|6.3|2.1|2155|385|24.1|3.5|1460|347|16.3|3.4|395|159|4.4|1.7|365|133|4.1|1.5|320|161|3.6|1.8|8960|764|7690|802|85.8|3.2|845|211|9.4|2.4|415|190|4.6|2.2|10|16|0.1|0.2|102617|13529|173889|31223|105673|19265|10720|875|10600|860|98.9|0.6|9525|762|88.9|2.9|1365|363|12.7|3.0|120|66|1.1|0.6|10710|874|9315|798|8955|764|8895|755|99.3|0.6|8190|677|91.5|3.2|945|328|10.6|3.3|55|52|0.6|0.6|360|130|340|128|94.4|6.5|265|104|73.6|14.7|95|61|26.4|13.4|20|23|5.6|6.3|1395|239|1355|234|97.1|2.4|1060|207|76.0|7.1|325|114|23.3|7.1|40|35|2.9|2.4|5.1|1.6|5.1|1.6|5.1|1.6|0.0|100.0
9500000US0613170|Evergreen Union Elementary School District, CA|0613170|2019-2023|205|1125|315|800|181|71.1|16.4|800|181|71.1|16.4|745|181|66.2|16.4|55|59|4.9|5.3|0|19|0.0|3.7|325|247|28.9|16.5|800|181|6.9|7.4|575|179|370|105|64.3|19.1|370|105|64.3|19.1|370|105|64.3|19.1|745|181|480|189|64.4|23.2|185|180|24.8|22.6|0|19|0.0|5.5|0|19|0.0|5.5|0|19|0.0|5.5|80|69|10.7|9.1|27.9|2.1|745|181|290|166|38.9|19.9|35|52|4.7|6.9|260|117|34.9|12.9|0|19|0.0|5.5|160|92|21.5|12.1|745|181|0|19|0.0|5.5|0|19|0.0|5.5|0|19|0.0|5.5|0|19|0.0|5.5|130|84|17.4|10.9|65|52|8.7|6.5|10|19|1.3|2.8|80|79|10.7|10.6|105|100|14.1|13.2|245|172|32.9|21.6|35|52|4.7|6.9|0|19|0.0|5.5|80|65|10.7|8.5|745|181|375|165|50.3|20.4|310|173|41.6|21.0|55|46|7.4|5.7|0|19|0.0|5.5|49257|2519|53997|20039|46745|1296|1125|315|1100|316|97.8|2.9|690|184|61.3|15.5|480|272|42.7|16.9|25|30|2.2|2.8|1125|315|800|181|745|181|735|182|98.7|3.2|575|156|77.2|13.7|210|154|28.2|18.6|10|20|1.3|2.7|55|59|35|57|63.6|52.0|35|57|63.6|52.0|0|19|0.0|45.7|15|24|27.3|60.6|325|247|325|247|100.0|12.2|80|77|24.6|24.1|270|222|83.1|17.7|0|19|0.0|12.2|4.9|6.8|4.9|6.8|4.9|6.8|-|**
9600000US0606028|Exeter Unified School District (9-12), CA|0606028|2019-2023|205|120|59|85|41|70.8|15.0|85|41|70.8|15.0|85|41|70.8|15.0|0|14|0.0|29.0|0|14|0.0|29.0|35|25|29.2|14.5|85|41|0.0|36.7|65|31|45|24|69.2|24.9|45|24|69.2|24.9|45|24|69.2|24.9|85|41|55|32|64.7|27.1|30|29|35.3|26.5|0|14|0.0|36.7|0|14|0.0|36.7|0|14|0.0|36.7|0|14|0.0|36.7|29.3|8.8|85|41|35|28|41.2|22.5|4|14|4.7|2.1|35|24|41.2|25.0|0|14|0.0|36.7|15|17|17.6|17.7|85|41|0|14|0.0|36.7|0|14|0.0|36.7|15|17|17.6|17.7|10|18|11.8|18.7|15|15|17.6|18.0|0|14|0.0|36.7|0|14|0.0|36.7|0|14|0.0|36.7|4|13|4.7|12.8|20|20|23.5|20.6|4|14|4.7|2.1|0|14|0.0|36.7|20|22|23.5|24.0|85|41|45|29|52.9|25.4|35|27|41.2|25.0|4|13|4.7|12.8|0|14|0.0|36.7|85750|41201|-|**|76250|53105|120|59|100|51|83.3|22.5|85|46|70.8|18.5|25|25|20.8|20.9|15|27|12.5|18.6|120|59|85|41|85|41|80|36|94.1|13.5|65|33|76.5|21.1|20|21|23.5|21.4|4|13|4.7|12.8|0|14|0|14|-|**|0|14|-|**|0|14|-|**|0|14|-|**|35|25|20|21|57.1|53.0|20|21|57.1|53.0|4|5|11.4|17.2|10|16|28.6|36.0|8.3|11.8|8.3|11.8|8.3|11.8|-|**
9700000US0601423|Exeter Unified School District, CA|0601423|2019-2023|205|2100|383|1735|381|82.6|6.5|1735|381|82.6|6.5|1505|361|71.7|7.9|230|142|11.0|6.5|0|21|0.0|2.0|365|135|17.4|6.5|1735|381|13.3|7.7|1210|236|965|233|79.8|8.2|965|233|79.8|8.2|770|221|63.6|11.7|1475|360|1245|330|84.4|6.6|180|95|12.2|5.9|0|21|0.0|2.8|0|21|0.0|2.8|15|21|1.0|1.5|35|46|2.4|3.1|19.5|4.4|1505|361|305|122|20.3|7.7|335|105|22.3|7.5|450|297|29.9|15.0|250|171|16.6|10.9|170|99|11.3|7.1|1505|361|55|72|3.7|4.9|185|152|12.3|10.0|250|105|16.6|6.9|115|130|7.6|7.5|120|81|8.0|5.4|15|17|1.0|1.2|4|14|0.3|0.9|60|42|4.0|3.0|170|103|11.3|6.8|310|171|20.6|8.1|60|46|4.0|3.2|30|35|2.0|2.3|135|85|9.0|4.9|1505|361|1125|326|74.8|9.2|320|139|21.3|8.4|60|56|4.0|3.8|0|21|0.0|2.8|43712|7693|68612|5277|49468|15933|2100|383|1920|376|91.4|5.7|1135|373|54.0|12.9|890|252|42.4|11.5|175|126|8.3|5.8|2100|383|1735|381|1505|361|1390|363|92.4|6.5|1045|369|69.4|12.4|405|174|26.9|11.9|120|95|8.0|6.4|230|142|230|142|100.0|16.8|0|21|0.0|16.8|230|142|100.0|16.8|0|21|0.0|16.8|365|135|305|120|83.6|17.5|90|59|24.7|14.7|260|110|71.2|17.4|60|69|16.4|17.3|14.0|5.6|14.0|5.6|14.0|5.6|-|**
9500000US0613290|Fairfax Elementary School District, CA|0613290|2019-2023|205|2170|558|1600|507|73.7|9.0|1600|507|73.7|9.0|1495|493|68.9|10.0|105|109|4.8|5.0|0|21|0.0|1.9|575|205|26.5|9.1|1600|507|6.6|6.8|1210|348|845|357|69.8|15.4|845|357|69.8|15.4|790|351|65.3|16.6|1495|493|1115|259|74.6|15.3|195|290|13.0|16.7|0|21|0.0|2.8|55|80|3.7|5.3|0|21|0.0|2.8|130|120|8.7|8.0|28.7|10.7|1495|493|205|154|13.7|8.1|380|216|25.4|9.4|215|148|14.4|9.6|370|232|24.7|12.8|320|150|21.4|11.0|1495|493|360|276|24.1|14.2|90|103|6.0|7.1|40|44|2.7|3.2|0|21|0.0|2.8|180|148|12.0|9.4|215|165|14.4|11.2|0|21|0.0|2.8|20|29|1.3|2.0|55|80|3.7|5.3|350|218|23.4|10.1|105|80|7.0|5.7|0|21|0.0|2.8|80|74|5.4|5.1|1495|493|1035|354|69.2|12.3|250|193|16.7|9.4|210|140|14.0|9.7|0|21|0.0|2.8|30133|5493|39747|14829|22468|3163|2170|558|1640|398|75.6|13.0|510|213|23.5|10.6|1160|376|53.5|11.8|530|359|24.4|13.0|2155|559|1600|507|1495|493|1105|317|73.9|14.7|305|121|20.4|10.5|830|324|55.5|13.5|385|302|25.8|14.8|105|109|50|83|47.6|52.4|0|21|0.0|32.0|50|83|47.6|52.4|55|83|52.4|52.4|555|206|465|186|83.8|17.7|205|131|36.9|18.8|260|126|46.8|18.9|90|107|16.2|17.7|22.8|11.7|22.8|11.7|22.3|11.6|100.0|87.6
9700000US0613360|Fairfield-Suisun Unified School District, CA|0613360|2019-2023|205|19990|1021|16795|934|84.0|1.8|16680|927|83.4|1.8|15815|875|79.1|2.1|870|283|4.4|1.4|110|71|0.6|0.4|3195|391|16.0|1.8|16680|927|5.2|1.6|10970|559|8215|516|74.9|3.2|8205|517|74.8|3.2|7725|531|70.4|3.4|15525|887|11550|864|74.4|3.0|2040|345|13.1|2.3|135|105|0.9|0.7|85|64|0.5|0.4|110|73|0.7|0.5|1610|278|10.4|1.7|35.1|2.6|15815|875|5295|502|33.5|2.6|3235|430|20.5|2.5|3045|416|19.3|2.5|2220|375|14.0|2.2|2015|387|12.7|2.3|15815|875|345|146|2.2|0.9|1640|359|10.4|2.1|1470|316|9.3|2.0|245|126|1.5|0.8|1200|263|7.6|1.6|1090|285|6.9|1.7|190|114|1.2|0.7|570|176|3.6|1.1|2000|351|12.6|2.1|3985|510|25.2|2.9|1060|303|6.7|1.9|585|195|3.7|1.2|1435|325|9.1|1.9|15815|875|11660|759|73.7|2.4|3370|412|21.3|2.3|785|211|5.0|1.3|0|32|0.0|0.3|60214|2161|79843|5514|58506|5206|19880|1017|18820|1061|94.7|1.6|14920|1125|75.1|3.2|4710|643|23.7|3.3|1060|312|5.3|1.6|19835|1018|16670|930|15800|876|15080|899|95.4|1.5|12720|881|80.5|2.9|2980|503|18.9|3.1|720|225|4.6|1.4|870|283|845|282|97.1|3.3|510|210|58.6|14.5|345|173|39.7|14.6|25|29|2.9|3.4|3170|385|2865|405|90.4|4.2|1690|358|53.3|8.0|1355|288|42.7|7.9|305|128|9.6|4.2|8.0|1.9|8.0|1.9|8.0|2.0|0.0|53.6
9700000US0613470|Fall River Joint Unified School District, CA|0613470|2019-2023|205|905|264|785|239|86.7|7.1|785|239|86.7|7.1|700|229|77.3|9.5|90|67|9.9|7.1|0|19|0.0|4.6|120|72|13.3|7.0|785|239|11.5|8.1|580|182|485|177|83.6|11.3|485|177|83.6|11.3|415|170|71.6|14.4|670|227|505|155|75.4|16.5|50|54|7.5|7.8|0|19|0.0|6.1|90|126|13.4|16.8|0|19|0.0|6.1|25|42|3.7|5.9|19.6|7.4|700|229|210|131|30.0|15.7|40|65|5.7|8.5|265|165|37.9|18.8|75|54|10.7|7.5|110|87|15.7|12.9|700|229|180|163|25.7|18.5|30|37|4.3|5.3|4|14|0.6|2.1|25|44|3.6|6.3|55|67|7.9|10.4|120|76|17.1|11.0|0|19|0.0|5.9|35|48|5.0|6.5|25|42|3.6|5.7|155|86|22.1|10.7|0|19|0.0|5.9|40|45|5.7|6.6|25|33|3.6|4.7|700|229|435|181|62.1|19.2|210|138|30.0|16.2|55|58|7.9|7.7|0|19|0.0|5.9|54632|11473|67148|35293|57056|25067|905|264|855|259|94.5|9.6|605|190|66.9|15.3|295|170|32.6|14.8|55|88|6.1|9.5|895|259|775|236|685|227|660|225|96.4|6.6|475|153|69.3|16.4|185|148|27.0|16.9|25|44|3.6|6.5|90|67|90|67|100.0|35.4|55|48|61.1|46.5|70|59|77.8|33.5|0|19|0.0|35.4|120|72|95|62|79.2|33.6|65|46|54.2|34.2|40|42|33.3|29.1|25|44|20.8|32.1|10.5|11.1|10.5|11.1|10.6|11.3|0.0|87.6
9500000US0613500|Fallbrook Union Elementary School District, CA|0613500|2019-2023|205|5275|816|3950|635|74.9|4.9|3255|505|61.7|6.3|3055|472|57.9|6.0|200|118|3.8|2.2|695|275|13.2|4.1|1325|344|25.1|4.9|3255|505|6.1|3.4|2775|468|1625|340|58.6|8.2|1610|343|58.0|8.3|1565|342|56.4|8.3|3580|590|2885|549|80.6|5.3|240|108|6.7|3.0|0|32|0.0|1.2|0|32|0.0|1.2|110|79|3.1|2.3|345|157|9.6|4.1|31.0|3.4|3055|472|1310|339|42.9|8.2|585|211|19.1|6.1|435|180|14.2|5.6|445|163|14.6|4.9|280|115|9.2|3.9|3055|472|300|166|9.8|5.3|170|94|5.6|3.3|245|134|8.0|4.1|45|57|1.5|1.9|115|87|3.8|2.8|195|91|6.4|2.9|95|146|3.1|4.7|105|98|3.4|3.1|365|181|11.9|5.6|685|247|22.4|6.8|250|124|8.2|4.1|175|88|5.7|2.8|305|185|10.0|5.7|3055|472|2030|350|66.4|8.3|805|305|26.4|8.2|220|113|7.2|3.5|0|32|0.0|1.4|49107|4668|63711|16361|66835|12999|4580|662|3960|629|86.5|5.0|2920|577|63.8|8.4|1300|402|28.4|7.2|620|237|13.5|5.0|4580|662|3255|505|3055|472|2625|450|85.9|6.5|2130|437|69.7|8.3|590|197|19.3|6.3|430|206|14.1|6.5|200|118|190|124|95.0|12.8|155|110|77.5|30.6|40|61|20.0|26.7|10|21|5.0|12.7|1325|344|1145|331|86.4|7.4|635|269|47.9|13.8|670|262|50.6|12.6|180|99|13.6|7.4|15.0|6.5|15.0|6.5|15.0|6.5|-|**
9600000US0613530|Fallbrook Union High School District, CA|0613530|2019-2023|205|2815|586|2305|546|81.9|5.7|2110|454|75.0|6.9|1920|432|68.2|7.2|190|138|6.7|4.8|195|207|6.9|6.7|510|164|18.1|5.7|2110|454|9.0|6.2|1380|282|935|243|67.8|8.8|935|243|67.8|8.8|930|245|67.4|8.9|2080|527|1680|468|80.8|8.0|165|115|7.9|5.6|0|32|0.0|2.0|75|114|3.6|5.4|0|32|0.0|2.0|160|94|7.7|4.2|25.3|3.6|1920|432|755|264|39.3|10.4|390|202|20.3|8.6|280|133|14.6|7.4|305|161|15.9|6.8|190|103|9.9|5.3|1920|432|235|111|12.2|5.0|135|96|7.0|4.9|115|88|6.0|4.6|75|64|3.9|3.6|105|80|5.5|3.7|115|105|6.0|5.1|20|28|1.0|1.5|45|46|2.3|2.4|330|197|17.2|9.0|505|213|26.3|9.9|75|78|3.9|3.8|90|81|4.7|4.3|80|89|4.2|4.5|1920|432|1230|332|64.1|9.4|405|222|21.1|10.5|285|156|14.8|7.4|0|32|0.0|2.2|49982|8408|65306|14847|71204|12206|2620|504|2210|455|84.4|6.8|1550|413|59.2|9.3|755|259|28.8|9.6|410|199|15.6|6.8|2610|504|2095|456|1910|433|1700|377|89.0|5.5|1290|351|67.5|9.3|460|190|24.1|9.7|205|126|10.7|5.5|190|138|135|113|71.1|36.1|135|113|71.1|36.1|10|21|5.3|12.8|55|78|28.9|36.1|510|164|360|137|70.6|15.2|125|77|24.5|14.1|270|121|52.9|16.8|150|92|29.4|15.0|11.2|6.5|11.2|6.5|11.2|6.5|0.0|100.0
9700000US0600035|Farmersville Unified School District, CA|0600035|2019-2023|205|1945|269|1235|260|63.5|10.2|1235|260|63.5|10.2|1195|251|61.4|9.9|40|35|2.1|1.8|0|21|0.0|2.2|710|218|36.5|10.2|1235|260|3.2|2.7|1130|190|500|168|44.2|14.8|500|168|44.2|14.8|465|163|41.2|14.4|1195|251|1035|230|86.6|7.2|55|61|4.6|5.0|0|21|0.0|3.5|4|8|0.3|0.7|0|21|0.0|3.5|100|73|8.4|5.6|18.6|2.6|1195|251|190|110|15.9|7.8|255|120|21.3|8.0|235|109|19.7|8.9|275|131|23.0|9.1|240|115|20.1|9.9|1195|251|160|98|13.4|7.0|170|123|14.2|9.7|80|70|6.7|6.4|45|44|3.8|3.6|120|98|10.0|8.0|65|64|5.4|5.2|0|21|0.0|3.5|4|8|0.3|0.7|105|81|8.8|6.5|190|102|15.9|7.4|80|57|6.7|4.8|120|96|10.0|7.2|50|62|4.2|4.9|1195|251|805|193|67.4|12.7|130|89|10.9|6.6|255|154|21.3|11.0|0|21|0.0|3.5|32281|5403|44034|17201|32448|13401|1945|269|1620|258|83.3|9.0|535|195|27.5|9.5|1170|251|60.2|10.7|320|185|16.5|8.8|1935|266|1235|260|1195|251|1030|257|86.2|8.6|470|179|39.3|13.5|620|235|51.9|13.8|165|105|13.8|8.7|40|35|30|33|75.0|42.6|4|10|10.0|24.9|25|31|62.5|45.2|10|15|25.0|37.0|700|215|550|191|78.6|13.6|50|35|7.1|5.8|520|192|74.3|12.8|150|103|21.4|13.5|30.6|13.0|30.6|13.0|30.7|13.0|0.0|100.0
9700000US0613800|Fillmore Unified School District, CA|0613800|2019-2023|205|3225|452|2580|422|80.0|6.0|2580|422|80.0|6.0|2490|409|77.2|6.0|85|65|2.6|1.9|0|25|0.0|1.3|645|208|20.0|6.0|2580|422|3.3|2.4|1900|268|1405|281|73.9|8.8|1405|281|73.9|8.8|1325|273|69.7|9.1|2475|408|1615|327|65.3|11.6|575|334|23.2|11.7|0|25|0.0|1.7|45|47|1.8|1.9|20|35|0.8|1.4|220|117|8.9|5.0|25.5|2.5|2490|409|725|225|29.1|7.7|415|169|16.7|7.1|355|203|14.3|7.5|715|234|28.7|7.5|285|114|11.4|4.4|2490|409|225|122|9.0|4.7|290|135|11.6|5.2|245|127|9.8|5.2|85|81|3.4|3.2|300|235|12.0|8.6|90|69|3.6|2.8|0|25|0.0|1.7|100|76|4.0|3.0|185|91|7.4|3.7|505|139|20.3|5.8|40|60|1.6|2.4|225|198|9.0|7.4|195|103|7.8|4.6|2490|409|1780|371|71.5|7.9|505|168|20.3|7.9|205|188|8.2|7.0|0|25|0.0|1.7|47388|11155|70530|14167|43611|20507|3225|452|2905|468|90.1|5.2|1955|424|60.6|11.0|1040|433|32.2|11.8|320|165|9.9|5.2|3225|452|2580|422|2490|409|2270|412|91.2|5.1|1655|333|66.5|12.7|700|393|28.1|13.6|220|126|8.8|5.2|85|65|50|47|58.8|44.1|35|44|41.2|42.0|15|19|17.6|24.4|35|47|41.2|43.2|645|208|580|198|89.9|8.6|265|133|41.1|15.3|330|148|51.2|16.1|65|58|10.1|8.8|5.9|4.0|5.9|4.0|5.9|4.0|-|**
9700000US0613840|Firebaugh-Las Deltas Unified School District, CA|0613840|2019-2023|205|2010|397|1300|327|64.7|10.4|1300|327|64.7|10.4|1095|248|54.5|8.0|205|146|10.2|6.7|0|19|0.0|2.1|710|241|35.3|10.2|1300|327|15.8|8.9|1100|230|530|238|48.2|17.5|530|238|48.2|17.5|415|193|37.7|14.9|1080|241|1020|241|94.4|5.3|60|56|5.6|5.3|0|19|0.0|3.9|0|19|0.0|3.9|0|19|0.0|3.9|0|19|0.0|3.9|24.0|4.6|1095|248|100|71|9.1|6.4|345|173|31.5|13.1|0|19|0.0|3.8|510|172|46.6|14.5|140|110|12.8|9.6|1095|248|405|171|37.0|14.6|75|64|6.8|6.0|80|60|7.3|5.1|0|19|0.0|3.8|15|36|1.4|3.4|75|71|6.8|6.5|0|19|0.0|3.8|10|19|0.9|1.7|55|80|5.0|7.5|150|124|13.7|10.9|80|113|7.3|10.1|115|85|10.5|7.2|30|44|2.7|4.1|1095|248|1005|250|91.8|7.5|75|71|6.8|6.6|15|36|1.4|3.4|0|19|0.0|3.8|34844|10990|52521|9551|48145|24572|2010|397|1805|372|89.8|9.8|625|265|31.1|11.5|1400|348|69.7|12.3|205|206|10.2|9.8|1950|382|1250|314|1045|235|935|241|89.5|10.2|400|153|38.3|13.1|645|231|61.7|14.7|110|108|10.5|10.2|205|146|205|146|100.0|18.6|4|9|2.0|4.8|200|147|97.6|6.3|0|19|0.0|18.6|700|245|605|219|86.4|13.1|220|190|31.4|20.2|495|190|70.7|15.8|95|98|13.6|13.2|32.6|11.2|32.6|11.2|32.8|11.3|16.7|54.4
9700000US0613890|Folsom-Cordova Unified School District, CA|0613890|2019-2023|205|25735|1235|21695|1125|84.3|1.9|21675|1127|84.2|2.0|20780|1103|80.7|2.3|900|302|3.5|1.1|15|23|0.1|0.1|4040|551|15.7|2.0|21675|1127|4.2|1.4|13295|635|10030|625|75.4|2.9|10025|627|75.4|2.9|9420|649|70.9|3.7|20085|1011|12075|821|60.1|3.0|1670|425|8.3|2.1|205|121|1.0|0.6|405|291|2.0|1.4|345|164|1.7|0.8|5380|619|26.8|2.9|27.9|1.9|20780|1103|11465|805|55.2|3.2|2710|456|13.0|2.0|3935|580|18.9|2.5|1235|259|5.9|1.2|1430|321|6.9|1.4|20780|1103|20|23|0.1|0.1|1300|256|6.3|1.2|2045|358|9.8|1.7|580|253|2.8|1.2|1995|543|9.6|2.4|1075|305|5.2|1.5|320|121|1.5|0.6|1645|317|7.9|1.6|3400|490|16.4|2.3|4455|545|21.4|2.4|1310|355|6.3|1.6|625|205|3.0|1.0|2010|335|9.7|1.6|20780|1103|14760|1031|71.0|2.6|4555|531|21.9|2.4|1465|338|7.1|1.6|0|32|0.0|0.2|79831|4493|116304|6773|79587|4311|25720|1236|24500|1176|95.3|1.2|20025|1048|77.9|2.8|5395|768|21.0|2.7|1220|333|4.7|1.2|25690|1235|21660|1128|20765|1103|19975|1067|96.2|1.1|17340|973|83.5|2.4|3275|546|15.8|2.5|790|227|3.8|1.1|900|302|605|191|67.2|21.1|200|84|22.2|12.1|405|199|45.0|19.7|290|246|32.2|20.9|4030|547|3890|547|96.5|2.3|2465|358|61.2|6.7|1695|425|42.1|6.9|140|93|3.5|2.3|6.2|1.3|6.2|1.3|6.2|1.3|0.0|61.9
9700000US0613920|Fontana Unified School District, CA|0613920|2019-2023|205|32890|1427|25125|1185|76.4|1.9|25055|1177|76.2|1.9|23825|1194|72.4|1.9|1230|286|3.7|0.9|70|52|0.2|0.2|7765|741|23.6|1.9|25055|1177|4.9|1.1|17925|890|10870|767|60.6|3.2|10870|767|60.6|3.2|10095|761|56.3|3.2|23345|1206|17145|1057|73.4|2.4|2135|400|9.1|1.6|200|134|0.9|0.6|130|102|0.6|0.4|90|55|0.4|0.2|3645|518|15.6|2.2|33.5|1.9|23825|1194|5425|799|22.8|2.7|3610|387|15.2|1.6|4765|549|20.0|2.0|3345|408|14.0|1.8|6680|620|28.0|2.3|23825|1194|90|80|0.4|0.3|2660|366|11.2|1.6|2480|383|10.4|1.4|790|231|3.3|1.0|2495|437|10.5|1.7|4185|528|17.6|2.1|325|173|1.4|0.7|870|231|3.7|1.0|1855|300|7.8|1.1|4240|706|17.8|2.7|1145|282|4.8|1.2|1630|379|6.8|1.6|1065|287|4.5|1.2|23825|1194|19015|1153|79.8|2.2|2935|448|12.3|1.7|1865|339|7.8|1.5|10|22|0.0|0.1|46031|1755|60909|3655|46936|2929|32820|1425|26840|1528|81.8|2.7|18555|1548|56.5|3.5|9395|973|28.6|2.9|5980|886|18.2|2.7|32610|1438|24900|1177|23665|1195|19910|1360|84.1|2.7|15720|1375|66.4|3.4|5070|596|21.4|2.6|3755|617|15.9|2.7|1230|286|915|251|74.4|10.7|390|156|31.7|10.8|555|193|45.1|11.8|315|150|25.6|10.8|7710|747|5860|643|76.0|4.5|2375|394|30.8|5.4|3625|626|47.0|5.7|1850|400|24.0|4.5|12.8|2.2|12.8|2.2|12.8|2.2|13.5|16.8
9500000US0614010|Forestville Union Elementary School District, CA|0614010|2019-2023|205|960|427|920|421|95.8|6.1|920|421|95.8|6.1|920|421|95.8|6.1|0|19|0.0|4.3|0|19|0.0|4.3|40|54|4.2|5.9|920|421|0.0|4.5|485|221|445|212|91.8|11.2|445|212|91.8|11.2|445|212|91.8|11.2|840|388|695|381|82.7|16.0|40|61|4.8|7.7|0|19|0.0|4.9|0|19|0.0|4.9|0|19|0.0|4.9|105|109|12.5|13.4|24.3|4.6|920|421|275|114|29.9|16.5|155|141|16.8|12.7|150|153|16.3|13.6|50|40|5.4|5.2|290|214|31.5|12.4|920|421|20|30|2.2|3.6|50|40|5.4|5.2|215|238|23.4|23.6|55|87|6.0|9.2|100|145|10.9|13.8|125|158|13.6|14.5|0|19|0.0|4.5|40|56|4.3|6.2|30|37|3.3|4.2|225|134|24.5|13.3|10|18|1.1|2.1|15|24|1.6|3.1|35|41|3.8|5.2|920|421|765|430|83.2|13.7|70|50|7.6|7.3|85|75|9.2|9.6|0|19|0.0|4.5|49482|29381|120000|77614|-|**|960|427|960|427|100.0|4.3|900|417|93.8|6.6|170|138|17.7|14.9|0|19|0.0|4.3|960|427|920|421|920|421|920|421|100.0|4.5|895|417|97.3|3.6|140|124|15.2|14.0|0|19|0.0|4.5|0|19|0|19|-|**|0|19|-|**|0|19|-|**|0|19|-|**|40|54|40|54|100.0|53.6|4|10|10.0|46.5|35|54|87.5|51.6|0|19|0.0|53.6|1.0|1.8|1.0|1.8|1.0|1.8|-|**
9700000US0614070|Fort Bragg Unified School District, CA|0614070|2019-2023|205|1715|319|1365|272|79.6|6.4|1365|272|79.6|6.4|1320|268|77.0|6.2|45|50|2.6|3.0|0|21|0.0|2.4|350|129|20.4|6.4|1365|272|3.3|3.6|1005|174|720|160|71.6|9.8|720|160|71.6|9.8|680|156|67.7|9.9|1295|264|1000|260|77.2|9.3|150|84|11.6|6.9|0|21|0.0|3.2|45|60|3.5|4.8|0|21|0.0|3.2|100|76|7.7|5.6|26.0|10.2|1320|268|545|159|41.3|9.7|240|122|18.2|8.7|150|85|11.4|5.6|185|100|14.0|6.9|195|113|14.8|8.0|1320|268|25|43|1.9|3.1|145|87|11.0|6.7|105|72|8.0|5.1|0|21|0.0|3.2|115|86|8.7|5.9|80|82|6.1|6.1|4|16|0.3|1.2|55|44|4.2|3.1|95|64|7.2|4.8|380|120|28.8|7.6|240|111|18.2|7.9|60|56|4.5|4.1|4|16|0.3|1.2|1320|268|850|235|64.4|11.8|195|90|14.8|6.9|265|162|20.1|11.1|10|17|0.8|1.2|37470|8346|48023|15504|43563|2822|1715|319|1565|311|91.3|4.9|985|316|57.4|11.2|780|201|45.5|11.9|150|85|8.7|4.9|1700|316|1350|272|1305|267|1210|260|92.7|5.0|800|271|61.3|11.8|560|163|42.9|12.8|95|65|7.3|5.0|45|50|4|23|8.9|48.7|0|21|0.0|50.6|4|23|8.9|48.7|40|45|88.9|40.8|350|129|335|125|95.7|6.7|185|92|52.9|18.7|200|95|57.1|21.3|15|24|4.3|6.8|12.0|7.6|12.0|7.6|12.1|7.7|0.0|87.6
9500000US0601420|Fortuna Elementary School District, CA|0601420|2019-2023|205|1750|286|1465|295|83.7|7.7|1465|295|83.7|7.7|1380|287|78.9|8.4|85|56|4.9|3.1|0|21|0.0|2.4|280|132|16.0|7.7|1465|295|5.8|3.8|795|174|555|177|69.8|14.2|555|177|69.8|14.2|550|176|69.2|14.1|1370|286|1050|255|76.6|11.5|125|81|9.1|6.2|0|21|0.0|3.1|0|21|0.0|3.1|45|48|3.3|3.6|145|152|10.6|10.3|14.1|2.7|1380|287|435|139|31.5|8.5|270|160|19.6|10.0|275|121|19.9|7.1|200|112|14.5|7.5|200|90|14.5|6.4|1380|287|40|45|2.9|3.1|290|167|21.0|11.9|115|76|8.3|5.2|30|38|2.2|2.8|120|66|8.7|4.9|30|38|2.2|3.0|15|22|1.1|1.7|35|56|2.5|3.9|140|171|10.1|11.6|235|87|17.0|7.4|140|149|10.1|9.7|55|49|4.0|3.4|135|84|9.8|6.1|1380|287|855|234|62.0|12.6|295|137|21.4|10.0|205|170|14.9|11.1|25|40|1.8|2.9|54423|15310|73750|10884|50750|30607|1750|286|1700|287|97.1|3.0|1175|295|67.1|12.2|665|236|38.0|12.1|50|52|2.9|3.0|1750|286|1465|295|1380|287|1330|290|96.4|3.8|990|266|71.7|11.8|440|168|31.9|11.1|50|52|3.6|3.8|85|56|85|56|100.0|36.7|55|49|64.7|47.4|35|44|41.2|45.1|0|21|0.0|36.7|280|132|280|132|100.0|14.0|130|87|46.4|23.6|190|115|67.9|20.1|0|21|0.0|14.0|17.1|10.4|17.1|10.4|17.1|10.4|-|**
9600000US0614190|Fortuna Union High School District, CA|0614190|2019-2023|205|1045|284|780|234|74.6|11.7|780|234|74.6|11.7|730|233|69.9|13.8|45|47|4.3|4.1|0|25|0.0|4.0|265|150|25.4|12.0|780|234|5.8|5.9|600|203|445|202|74.2|15.5|445|202|74.2|15.5|445|202|74.2|15.5|720|231|620|232|86.1|9.7|25|34|3.5|4.8|0|25|0.0|5.7|10|21|1.4|2.9|0|25|0.0|5.7|65|54|9.0|7.6|21.5|5.8|730|233|250|103|34.2|13.3|115|139|15.8|16.0|265|148|36.3|15.0|75|48|10.3|6.3|25|32|3.4|4.2|730|233|30|40|4.1|5.6|30|36|4.1|4.8|15|21|2.1|2.9|30|37|4.1|5.2|65|52|8.9|6.6|20|25|2.7|3.4|15|22|2.1|3.1|85|69|11.6|8.4|0|25|0.0|5.7|115|63|15.8|8.2|95|138|13.0|16.4|60|50|8.2|6.9|180|142|24.7|16.2|730|233|405|181|55.5|16.3|260|153|35.6|15.9|35|38|4.8|5.2|25|40|3.4|5.3|29263|14190|91528|37620|29209|23840|1045|284|1035|279|99.0|2.1|525|205|50.2|16.3|645|259|61.7|15.0|15|20|1.4|1.9|1045|284|780|234|730|233|730|230|100.0|5.7|380|155|52.1|19.4|400|206|54.8|17.8|4|4|0.5|0.6|45|47|45|47|100.0|50.6|4|17|8.9|38.7|45|47|100.0|50.6|0|25|0.0|50.6|265|150|255|149|96.2|5.4|140|124|52.8|30.4|200|139|75.5|24.4|10|15|3.8|6.2|21.5|13.8|21.5|13.8|21.5|13.8|-|**
9500000US0614220|Fountain Valley Elementary School District, CA|0614220|2019-2023|205|5730|766|4800|678|83.8|4.4|4800|678|83.8|4.4|4610|672|80.5|4.5|190|115|3.3|2.0|0|32|0.0|0.7|930|285|16.2|4.4|4800|678|4.0|2.4|2935|399|2110|368|71.9|7.9|2110|368|71.9|7.9|1990|367|67.8|8.2|4530|665|3385|528|74.7|4.6|165|64|3.6|1.5|15|22|0.3|0.5|40|36|0.9|0.8|40|41|0.9|0.9|880|257|19.4|4.5|24.1|1.6|4610|672|2705|508|58.7|6.5|550|173|11.9|3.1|885|284|19.2|5.8|145|87|3.1|1.9|320|131|6.9|2.6|4610|672|0|32|0.0|0.9|225|131|4.9|2.5|485|139|10.5|2.8|140|95|3.0|2.0|480|187|10.4|4.2|335|210|7.3|4.1|105|90|2.3|1.8|430|122|9.3|2.9|535|151|11.6|3.3|1170|305|25.4|5.1|320|141|6.9|2.8|225|105|4.9|2.3|165|75|3.6|1.6|4610|672|3470|584|75.3|4.2|780|202|16.9|4.3|350|130|7.6|2.6|10|16|0.2|0.3|80346|13942|116250|15124|77428|23208|5730|766|5510|766|96.2|2.5|4490|743|78.4|7.0|1150|443|20.1|7.3|220|147|3.8|2.6|5700|765|4770|675|4580|670|4475|671|97.7|1.9|3910|699|85.4|5.4|670|258|14.6|5.8|105|85|2.3|1.9|190|115|190|115|100.0|19.9|130|99|68.4|29.0|60|59|31.6|28.5|0|32|0.0|19.9|930|285|845|274|90.9|7.2|450|141|48.4|15.2|420|241|45.2|17.1|85|69|9.1|7.1|4.5|2.1|4.5|2.1|4.5|2.1|-|**
9700000US0614250|Fowler Unified School District, CA|0614250|2019-2023|205|1850|255|1460|243|78.9|5.5|1460|243|78.9|5.5|1360|251|73.5|7.3|95|70|5.1|3.8|0|21|0.0|2.3|395|106|21.4|5.5|1460|243|6.5|5.0|995|142|630|141|63.3|9.5|630|141|63.3|9.5|565|148|56.8|12.1|1360|251|985|209|72.4|8.8|280|125|20.6|8.2|0|21|0.0|3.1|0|21|0.0|3.1|30|38|2.2|2.8|70|60|5.1|4.2|20.6|2.5|1360|251|430|145|31.6|9.9|215|108|15.8|7.1|130|91|9.6|6.4|355|163|26.1|10.8|235|107|17.3|7.3|1360|251|175|140|12.9|9.7|120|82|8.8|6.0|220|108|16.2|7.1|0|21|0.0|3.1|95|79|7.0|5.7|130|99|9.6|7.2|20|30|1.5|2.2|20|21|1.5|1.5|55|52|4.0|3.8|340|135|25.0|8.6|120|97|8.8|6.8|0|21|0.0|3.1|75|58|5.5|4.3|1360|251|1015|227|74.6|9.0|320|129|23.5|8.6|25|26|1.8|1.9|0|21|0.0|3.1|43443|6808|65855|34578|65052|28671|1850|255|1585|269|85.7|8.3|1125|257|60.8|11.4|605|207|32.7|10.0|265|158|14.3|8.3|1850|256|1455|244|1360|251|1205|245|88.6|10.3|935|223|68.8|11.5|360|135|26.5|9.3|155|146|11.4|10.3|95|70|95|70|100.0|34.2|0|21|0.0|34.2|95|70|100.0|34.2|0|21|0.0|34.2|395|106|285|91|72.2|16.8|190|81|48.1|19.1|145|73|36.7|16.6|110|78|27.8|16.8|23.0|11.0|23.0|11.0|23.0|11.0|0.0|100.0
9500000US0614340|Franklin Elementary School District, CA|0614340|2019-2023|205|250|120|185|90|74.0|13.3|185|90|74.0|13.3|155|87|62.0|19.2|30|26|12.0|9.6|0|14|0.0|15.6|65|50|26.0|13.2|185|90|16.2|14.1|115|61|80|48|69.6|22.2|80|48|69.6|22.2|60|45|52.2|24.7|150|80|115|66|76.7|16.9|20|30|13.3|15.3|0|14|0.0|24.3|4|11|2.7|7.8|0|14|0.0|24.3|4|11|2.7|7.1|15.8|5.0|155|87|80|60|51.6|18.9|15|22|9.7|13.9|60|51|38.7|23.1|0|14|0.0|23.7|0|14|0.0|23.7|155|87|0|14|0.0|23.7|0|14|0.0|23.7|0|14|0.0|23.7|0|14|0.0|23.7|50|46|32.3|22.1|0|14|0.0|23.7|0|14|0.0|23.7|4|17|2.6|10.1|15|19|9.7|13.4|35|37|22.6|17.6|20|32|12.9|20.9|0|14|0.0|23.7|30|33|19.4|14.5|155|87|60|53|38.7|22.3|75|58|48.4|24.6|20|32|12.9|20.9|0|14|0.0|23.7|-|**|147500|32754|-|**|250|120|240|120|96.0|6.9|225|117|90.0|9.6|20|30|8.0|11.5|10|16|4.0|6.4|250|120|185|90|155|87|150|82|96.8|10.6|150|82|96.8|10.6|4|17|2.6|10.1|10|16|6.5|10.1|30|26|30|26|100.0|61.9|20|24|66.7|54.6|10|15|33.3|51.8|0|14|0.0|61.9|65|50|65|50|100.0|42.1|60|49|92.3|23.1|4|13|6.2|22.9|0|14|0.0|42.1|20.0|21.2|20.0|21.2|20.0|21.2|-|**
9500000US0614370|Franklin-McKinley Elementary School District, CA|0614370|2019-2023|205|9755|879|8225|760|84.3|2.5|8225|760|84.3|2.5|7950|726|81.5|2.6|275|134|2.8|1.3|0|32|0.0|0.4|1525|286|15.6|2.5|8225|760|3.3|1.6|5460|537|4265|513|78.1|4.2|4265|513|78.1|4.2|4070|489|74.5|4.6|7605|722|5750|679|75.6|4.3|925|228|12.2|3.0|90|78|1.2|1.0|35|49|0.5|0.6|90|61|1.2|0.8|710|242|9.3|3.1|28.8|1.9|7950|726|2255|384|28.4|4.3|2255|440|28.4|4.5|1210|260|15.2|3.0|965|222|12.1|2.8|1265|310|15.9|3.5|7950|726|45|67|0.6|0.8|720|181|9.1|2.4|1310|312|16.5|3.4|205|113|2.6|1.4|645|184|8.1|2.2|300|140|3.8|1.7|220|124|2.8|1.5|330|201|4.2|2.5|870|214|10.9|2.4|1775|323|22.3|4.0|580|187|7.3|2.2|645|217|8.1|2.6|300|116|3.8|1.5|7950|726|6075|649|76.4|3.8|1365|289|17.2|3.3|515|219|6.5|2.7|0|32|0.0|0.5|49495|2908|67956|8528|52116|4545|9755|879|9015|860|92.4|2.1|6490|761|66.5|4.7|2905|526|29.8|4.8|740|208|7.6|2.1|9675|859|8210|762|7935|727|7355|724|92.7|2.4|5730|673|72.2|5.0|1945|403|24.5|4.8|575|194|7.2|2.4|275|134|265|133|96.4|7.2|130|92|47.3|26.7|170|117|61.8|24.5|10|17|3.6|6.5|1465|267|1315|246|89.8|5.2|620|165|42.3|9.2|720|200|49.1|9.6|155|83|10.6|5.2|4.6|2.0|4.6|2.0|4.5|2.0|5.3|18.3
9700000US0614400|Fremont Unified School District, CA|0614400|2019-2023|205|41560|1535|35135|1418|84.5|1.3|35055|1419|84.3|1.3|34005|1391|81.8|1.4|1050|255|2.5|0.6|80|59|0.2|0.1|6425|573|15.5|1.3|35055|1419|3.0|0.7|21095|869|15440|863|73.2|2.3|15425|862|73.1|2.3|14780|859|70.1|2.4|31215|1328|16315|1175|52.3|2.7|2285|472|7.3|1.5|1330|312|4.3|1.0|320|177|1.0|0.6|465|283|1.5|0.9|10500|904|33.6|2.5|32.5|1.1|34005|1391|25610|1254|75.3|2.2|2360|535|6.9|1.5|3265|521|9.6|1.4|1100|326|3.2|0.9|1670|331|4.9|1.0|34005|1391|30|29|0.1|0.1|1030|282|3.0|0.8|5800|511|17.1|1.5|545|267|1.6|0.8|1865|370|5.5|1.1|905|233|2.7|0.7|1735|354|5.1|1.0|2125|369|6.2|1.1|11420|867|33.6|2.2|5765|674|17.0|1.7|1095|487|3.2|1.4|750|303|2.2|0.9|940|195|2.8|0.5|34005|1391|29310|1066|86.2|1.3|3320|418|9.8|1.0|1350|315|4.0|0.9|30|30|0.1|0.1|135457|7369|177250|3340|117743|4894|41480|1532|40505|1592|97.6|1.1|37345|1503|90.0|1.7|3755|741|9.1|1.7|975|461|2.4|1.1|41340|1505|35025|1418|33980|1387|33440|1412|98.4|1.0|31510|1399|92.7|1.6|2340|521|6.9|1.5|540|329|1.6|1.0|1050|255|920|248|87.6|11.3|720|216|68.6|13.2|225|129|21.4|11.0|130|125|12.4|11.3|6315|557|6010|558|95.2|2.9|5095|497|80.7|4.6|1050|286|16.6|4.1|305|187|4.8|2.9|2.3|0.8|2.3|0.8|2.2|0.7|39.3|46.8
9600000US0614430|Fremont Union High School District, CA|0614430|2019-2023|205|16355|1053|13720|945|83.9|2.1|13705|947|83.8|2.2|13430|949|82.1|2.2|275|109|1.7|0.7|15|36|0.1|0.2|2635|389|16.1|2.1|13705|947|2.0|0.8|8310|525|6105|475|73.5|3.7|6090|475|73.3|3.6|5945|480|71.5|3.8|13250|962|8170|763|61.7|3.9|1060|351|8.0|2.5|220|88|1.7|0.6|150|78|1.1|0.6|220|92|1.7|0.7|3430|466|25.9|3.1|25.1|1.2|13430|949|10070|786|75.0|3.8|935|354|7.0|2.5|1455|421|10.8|2.9|345|168|2.6|1.2|625|219|4.7|1.6|13430|949|0|32|0.0|0.3|325|164|2.4|1.2|3335|435|24.8|2.8|275|185|2.0|1.4|755|218|5.6|1.5|355|151|2.6|1.1|950|251|7.1|1.8|555|132|4.1|1.0|3905|459|29.1|2.7|1985|353|14.8|2.4|425|161|3.2|1.2|260|124|1.9|0.9|310|139|2.3|1.0|13430|949|11490|896|85.6|2.6|1275|308|9.5|2.3|625|173|4.7|1.2|35|34|0.3|0.3|156423|12147|205068|10565|140042|21451|16340|1054|15900|1045|97.3|1.1|15445|1041|94.5|1.4|835|283|5.1|1.7|440|179|2.7|1.1|16130|1049|13515|920|13240|922|12910|905|97.5|1.2|12680|910|95.8|1.4|390|152|2.9|1.1|330|161|2.5|1.2|275|109|275|109|100.0|14.3|215|84|78.2|18.9|60|63|21.8|18.9|0|32|0.0|14.3|2615|388|2505|353|95.8|3.7|2375|343|90.8|4.6|200|94|7.6|3.4|110|103|4.2|3.7|3.4|1.3|3.4|1.3|3.4|1.3|0.0|18.2
9700000US0614550|Fresno Unified School District, CA|0614550|2019-2023|205|54205|2024|42490|1729|78.4|1.4|42355|1723|78.1|1.4|38690|1700|71.4|1.6|3665|464|6.8|0.8|135|84|0.2|0.2|11715|875|21.6|1.4|42355|1723|8.7|1.1|31180|1151|22220|1077|71.3|2.2|22170|1086|71.1|2.2|19675|1105|63.1|2.4|37525|1541|27360|1252|72.9|1.9|5470|685|14.6|1.7|345|174|0.9|0.5|415|157|1.1|0.4|630|195|1.7|0.5|3305|511|8.8|1.3|22.3|1.0|38690|1700|9720|881|25.1|1.9|9160|846|23.7|1.8|7150|851|18.5|2.1|6715|819|17.4|1.9|5945|627|15.4|1.6|38690|1700|2930|487|7.6|1.2|3630|631|9.4|1.6|3080|474|8.0|1.2|1160|419|3.0|1.1|2800|492|7.2|1.3|1965|391|5.1|1.0|245|113|0.6|0.3|1575|297|4.1|0.8|3845|589|9.9|1.4|9040|864|23.4|2.0|3365|535|8.7|1.3|2245|506|5.8|1.3|2810|513|7.3|1.2|38690|1700|28520|1532|73.7|2.3|7365|877|19.0|2.1|2710|462|7.0|1.2|95|76|0.2|0.2|37732|1408|51130|2252|41511|1718|54075|2016|48860|1884|90.4|1.2|25935|1617|48.0|2.3|26980|1401|49.9|1.8|5215|684|9.6|1.2|53675|2024|42215|1726|38595|1703|35005|1613|90.7|1.5|22105|1520|57.3|2.7|15975|1083|41.4|2.2|3590|596|9.3|1.5|3620|462|3170|462|87.6|4.4|575|177|15.9|5.0|2865|477|79.1|5.3|445|160|12.3|4.4|11460|871|10325|845|90.1|2.3|3165|427|27.6|3.0|7860|729|68.6|3.5|1130|279|9.9|2.3|24.5|1.8|24.5|1.8|24.3|1.8|49.1|28.2
9500000US0614700|Fruitvale Elementary School District, CA|0614700|2019-2023|205|2420|454|2035|414|84.1|4.3|2035|414|84.1|4.3|1965|407|81.2|5.0|65|53|2.7|2.2|0|25|0.0|1.7|385|115|15.9|4.3|2035|414|3.2|2.6|1440|273|1080|248|75.0|6.8|1080|248|75.0|6.8|1055|242|73.3|7.2|1760|395|1540|359|87.5|5.5|140|94|8.0|4.9|0|25|0.0|2.4|4|22|0.2|1.2|0|25|0.0|2.4|75|58|4.3|3.4|18.2|2.0|1965|407|905|301|46.1|11.4|275|199|14.0|9.3|430|156|21.9|7.7|205|94|10.4|4.1|150|92|7.6|4.7|1965|407|85|55|4.3|2.9|250|131|12.7|5.7|135|87|6.9|4.2|65|81|3.3|3.9|100|84|5.1|4.0|60|38|3.1|2.0|20|32|1.0|1.7|155|112|7.9|5.2|140|94|7.1|4.5|590|208|30.0|8.5|115|63|5.9|3.0|50|42|2.5|2.2|205|124|10.4|6.9|1965|407|1160|286|59.0|7.9|620|189|31.6|8.6|185|123|9.4|5.3|0|25|0.0|2.1|52951|7198|72946|14115|48636|22953|2420|454|2300|438|95.0|3.6|1875|420|77.5|7.5|555|187|22.9|7.4|120|93|5.0|3.6|2420|454|2035|414|1965|407|1870|393|95.2|4.1|1610|371|81.9|8.2|380|181|19.3|8.4|95|83|4.8|4.1|65|53|65|53|100.0|42.1|30|39|46.2|42.9|35|40|53.8|42.1|0|25|0.0|42.1|385|115|360|112|93.5|8.0|235|93|61.0|16.3|140|76|36.4|16.1|25|32|6.5|8.0|11.4|5.3|11.4|5.3|11.4|5.3|-|**
9500000US0614730|Fullerton Elementary School District, CA|0614730|2019-2023|205|13450|981|10915|845|81.2|2.9|10915|845|81.2|2.9|10645|829|79.1|3.0|270|112|2.0|0.8|0|32|0.0|0.3|2535|444|18.8|2.9|10915|845|2.5|1.0|6965|541|4805|451|69.0|5.1|4805|451|69.0|5.1|4595|452|66.0|5.5|10340|816|6920|667|66.9|4.3|1485|402|14.4|3.7|235|128|2.3|1.2|150|128|1.5|1.2|205|115|2.0|1.1|1345|264|13.0|2.4|33.5|2.2|10645|829|5280|604|49.6|4.8|1285|325|12.1|2.8|1495|309|14.0|2.8|1330|427|12.5|3.7|1255|317|11.8|2.9|10645|829|55|47|0.5|0.4|1255|394|11.8|3.4|1515|427|14.2|3.8|320|158|3.0|1.5|710|225|6.7|1.9|315|127|3.0|1.2|60|42|0.6|0.4|915|277|8.6|2.5|1520|367|14.3|3.3|2525|379|23.7|3.5|600|255|5.6|2.4|335|144|3.1|1.4|515|266|4.8|2.4|10645|829|7880|730|74.0|3.4|1925|372|18.1|3.1|840|246|7.9|2.3|0|32|0.0|0.4|61159|8521|83723|13321|73828|12418|13450|981|11795|835|87.7|3.4|9825|793|73.0|4.0|2335|424|17.4|3.0|1655|505|12.3|3.4|13405|978|10890|837|10620|821|9575|737|90.2|2.9|8325|701|78.4|3.8|1520|330|14.3|2.9|1045|336|9.8|2.9|270|112|250|108|92.6|8.7|160|96|59.3|24.1|95|73|35.2|23.7|20|24|7.4|8.4|2515|445|1925|327|76.5|9.4|1310|291|52.1|9.3|690|201|27.4|7.3|590|292|23.5|9.3|12.3|3.8|12.3|3.8|12.4|3.8|0.0|50.6
9600000US0614760|Fullerton Joint Union High School District, CA|0614760|2019-2023|205|15555|1256|12985|1116|83.5|2.4|12985|1116|83.5|2.4|12250|1085|78.8|2.9|735|310|4.7|1.9|0|32|0.0|0.3|2570|426|16.5|2.4|12985|1116|5.7|2.3|7825|660|5960|594|76.2|3.7|5960|594|76.2|3.7|5375|540|68.7|4.8|11870|1045|8635|833|72.7|3.4|1420|398|12.0|3.1|105|76|0.9|0.6|200|131|1.7|1.1|220|89|1.9|0.7|1285|271|10.8|2.1|29.6|1.8|12250|1085|5325|671|43.5|4.1|2420|442|19.8|3.1|1830|356|14.9|2.8|1235|255|10.1|2.0|1445|413|11.8|3.0|12250|1085|245|129|2.0|1.1|1090|250|8.9|2.1|1135|332|9.3|2.5|465|171|3.8|1.4|820|234|6.7|1.8|595|230|4.9|1.9|75|46|0.6|0.4|765|188|6.2|1.6|1695|423|13.8|3.0|3100|567|25.3|4.1|890|288|7.3|2.2|425|143|3.5|1.1|960|306|7.8|2.3|12250|1085|8865|834|72.4|3.0|2385|407|19.5|2.6|1000|257|8.2|2.0|0|32|0.0|0.3|56534|5354|75564|12787|63898|6852|15585|1262|13960|1228|89.6|3.5|11135|1134|71.4|4.4|3390|550|21.8|3.3|1625|560|10.4|3.5|15455|1251|12940|1121|12220|1090|11085|1084|90.7|3.1|9565|1070|78.3|4.3|1950|360|16.0|2.9|1135|388|9.3|3.1|720|304|495|187|68.8|26.2|315|151|43.8|20.8|200|95|27.8|14.6|225|245|31.3|26.2|2515|415|2250|393|89.5|4.5|1230|272|48.9|8.5|1110|319|44.1|9.2|265|116|10.5|4.4|9.8|2.7|9.8|2.7|9.9|2.7|0.0|33.1
9500000US0614790|Galt Joint Union Elementary School District, CA|0614790|2019-2023|205|3985|567|3330|480|83.6|5.7|3310|476|83.1|5.6|3085|451|77.4|5.7|225|126|5.6|3.1|20|31|0.5|0.8|655|262|16.4|5.7|3310|476|6.8|3.7|1995|286|1510|276|75.7|8.8|1510|276|75.7|8.8|1365|272|68.4|9.6|2990|437|2055|366|68.7|8.7|485|203|16.2|6.0|10|16|0.3|0.6|40|51|1.3|1.7|25|28|0.8|1.0|380|211|12.7|6.6|33.0|6.3|3085|451|1485|341|48.1|7.3|350|142|11.3|4.7|425|191|13.8|5.6|445|167|14.4|5.6|375|168|12.2|5.0|3085|451|115|93|3.7|3.0|430|172|13.9|5.6|90|69|2.9|2.3|90|66|2.9|2.2|275|167|8.9|5.2|190|112|6.2|3.6|35|38|1.1|1.3|55|51|1.8|1.6|300|185|9.7|5.7|1085|329|35.2|8.4|75|57|2.4|1.9|45|50|1.5|1.6|295|145|9.6|4.7|3085|451|1815|311|58.8|7.7|905|289|29.3|7.7|360|173|11.7|5.1|0|29|0.0|1.4|59359|8347|89091|10987|60724|5449|3965|566|3745|563|94.5|4.5|2920|508|73.6|7.8|1120|424|28.2|9.1|220|177|5.5|4.4|3955|567|3300|476|3070|452|2935|449|95.6|3.2|2445|429|79.6|6.6|790|330|25.7|9.2|135|100|4.4|3.2|225|126|225|126|100.0|17.1|115|86|51.1|29.2|110|94|48.9|28.8|0|29|0.0|17.1|655|262|570|240|87.0|12.1|350|217|53.4|20.2|220|118|33.6|17.0|85|84|13.0|12.0|5.3|3.1|5.3|3.1|5.3|3.1|0.0|100.0
9600000US0614820|Galt Joint Union High School District, CA|0614820|2019-2023|205|3650|695|2810|586|77.0|6.7|2810|586|77.0|6.7|2700|566|74.0|6.8|105|74|2.9|1.9|0|29|0.0|1.2|845|295|23.2|6.7|2810|586|3.7|2.5|1825|334|1270|297|69.6|11.5|1270|297|69.6|11.5|1195|287|65.5|11.9|2480|541|1800|458|72.6|7.6|285|166|11.5|6.4|0|29|0.0|1.7|15|27|0.6|1.1|15|25|0.6|1.0|370|148|14.9|5.2|30.8|7.1|2700|566|1095|309|40.6|9.3|445|215|16.5|6.8|485|215|18.0|7.4|200|128|7.4|4.6|475|260|17.6|8.3|2700|566|85|64|3.1|2.3|315|189|11.7|6.6|70|45|2.6|1.7|285|234|10.6|8.1|195|140|7.2|5.0|385|204|14.3|6.4|15|30|0.6|1.1|4|10|0.1|0.4|95|63|3.5|2.3|755|286|28.0|8.9|100|85|3.7|3.1|10|16|0.4|0.6|390|121|14.4|4.7|2700|566|1540|509|57.0|11.3|880|277|32.6|10.7|245|163|9.1|5.6|35|51|1.3|1.9|52470|12961|91200|12719|64561|22295|3650|695|3315|611|90.8|6.1|2640|533|72.3|7.6|1095|413|30.0|10.6|335|250|9.2|6.1|3595|696|2810|586|2700|566|2565|556|95.0|3.9|2155|493|79.8|6.6|690|345|25.6|11.4|135|107|5.0|3.9|105|74|85|68|81.0|32.7|50|58|47.6|39.7|35|35|33.3|32.8|20|36|19.0|33.0|790|275|610|205|77.2|18.6|430|173|54.4|18.8|315|137|39.9|15.6|180|183|22.8|18.7|4.1|2.8|4.1|2.8|4.2|2.8|0.0|45.7
9700000US0614880|Garden Grove Unified School District, CA|0614880|2019-2023|205|36295|1634|29685|1463|81.8|1.5|29685|1463|81.8|1.5|28095|1410|77.4|1.7|1590|436|4.4|1.2|0|32|0.0|0.1|6615|607|18.2|1.5|29685|1463|5.4|1.4|19140|856|13940|748|72.8|2.3|13940|748|72.8|2.3|13080|752|68.3|2.6|27460|1385|20320|1246|74.0|2.2|3725|478|13.6|1.7|245|116|0.9|0.4|135|81|0.5|0.3|375|115|1.4|0.4|2660|440|9.7|1.5|28.7|0.7|28095|1410|8555|717|30.5|2.2|6385|562|22.7|1.7|4725|635|16.8|1.9|3000|428|10.7|1.4|5430|579|19.3|1.9|28095|1410|160|98|0.6|0.3|2605|412|9.3|1.4|5515|543|19.6|1.6|465|149|1.7|0.5|1835|319|6.5|1.1|1295|322|4.6|1.1|230|113|0.8|0.4|1655|315|5.9|1.1|2845|337|10.1|1.1|5265|512|18.7|1.6|2395|366|8.5|1.2|2675|430|9.5|1.5|1165|294|4.1|1.0|28095|1410|21970|1202|78.2|1.7|3785|460|13.5|1.5|2255|345|8.0|1.2|80|62|0.3|0.2|46384|1885|60186|3435|51791|2215|36295|1634|31735|1456|87.4|1.5|22145|1331|61.0|2.2|10930|887|30.1|2.3|4560|620|12.6|1.5|36020|1615|29520|1463|27960|1410|25090|1372|89.7|1.5|19305|1236|69.0|2.1|6920|692|24.7|2.3|2870|425|10.3|1.5|1560|435|1430|418|91.7|5.8|610|255|39.1|13.3|875|339|56.1|13.9|130|93|8.3|5.8|6500|592|4935|472|75.9|3.9|2115|290|32.5|4.4|2915|424|44.8|4.7|1565|311|24.1|3.9|11.1|1.6|11.1|1.6|10.9|1.6|33.3|23.1
9500000US0614940|Garvey Elementary School District, CA|0614940|2019-2023|205|4095|416|3080|321|75.2|4.4|3080|321|75.2|4.4|2870|317|70.1|4.7|215|108|5.3|2.6|0|29|0.0|1.0|1010|229|24.7|4.4|3080|321|7.0|3.4|2250|245|1465|193|65.1|6.6|1465|193|65.1|6.6|1375|194|61.1|6.6|2845|314|2205|294|77.5|6.2|375|148|13.2|4.9|110|78|3.9|2.7|10|15|0.4|0.5|15|24|0.5|0.8|130|72|4.6|2.5|26.1|2.7|2870|317|570|155|19.9|5.2|815|204|28.4|6.3|615|144|21.4|4.3|200|107|7.0|3.6|670|191|23.3|6.0|2870|317|0|29|0.0|1.5|175|96|6.1|3.3|375|155|13.1|5.1|105|73|3.7|2.5|260|96|9.1|3.3|385|147|13.4|5.0|15|23|0.5|0.8|70|45|2.4|1.6|265|98|9.2|3.2|275|107|9.6|3.5|410|144|14.3|5.0|460|174|16.0|5.8|75|60|2.6|2.0|2870|317|2450|284|85.4|4.2|205|95|7.1|3.1|205|82|7.1|2.7|10|15|0.3|0.5|33750|4450|44453|8861|33347|5438|4095|416|3780|415|92.3|3.0|2040|362|49.8|7.2|1840|317|44.9|6.4|310|125|7.6|3.0|4090|418|3080|321|2865|317|2670|320|93.2|2.8|1640|306|57.2|8.3|1100|248|38.4|7.6|190|79|6.6|2.8|215|108|215|108|100.0|17.8|85|55|39.5|25.1|140|100|65.1|24.2|0|29|0.0|17.8|1010|229|890|223|88.1|6.1|310|127|30.7|10.1|600|169|59.4|9.5|120|61|11.9|6.1|21.2|4.9|21.2|4.9|21.3|4.9|0.0|100.0
9700000US0614950|Gateway Unified School District, CA|0614950|2019-2023|205|3115|502|2690|458|86.4|4.6|2690|458|86.4|4.6|2440|434|78.3|6.0|250|121|8.0|3.6|0|25|0.0|1.4|425|157|13.6|4.6|2690|458|9.3|4.2|1730|254|1430|235|82.7|7.5|1430|235|82.7|7.5|1315|228|76.0|8.2|2330|417|1885|366|80.9|5.5|260|112|11.2|4.3|10|19|0.4|0.8|0|25|0.0|1.8|30|31|1.3|1.4|145|76|6.2|3.1|19.0|3.8|2440|434|850|226|34.8|8.1|665|257|27.3|8.7|405|155|16.6|5.8|250|158|10.2|6.1|270|139|11.1|5.2|2440|434|30|45|1.2|1.9|275|154|11.3|5.7|165|104|6.8|4.0|0|25|0.0|1.7|395|199|16.2|7.6|80|49|3.3|2.0|20|33|0.8|1.3|120|73|4.9|2.8|170|112|7.0|4.5|575|168|23.6|5.5|225|108|9.2|4.4|95|68|3.9|2.7|290|137|11.9|5.0|2440|434|1755|335|71.9|8.4|625|244|25.6|7.9|65|47|2.7|1.8|0|25|0.0|1.7|44823|4384|68990|9912|49974|15591|3115|502|2900|514|93.1|4.3|1930|461|62.0|8.4|1110|296|35.6|8.5|215|129|6.9|4.3|3115|502|2690|458|2440|434|2235|427|91.6|5.1|1705|409|69.9|8.3|655|211|26.8|8.0|205|126|8.4|5.1|250|121|245|121|98.0|7.3|105|85|42.0|26.6|155|92|62.0|24.7|4|18|1.6|7.5|425|157|420|157|98.8|2.2|120|70|28.2|15.7|300|142|70.6|15.6|4|4|0.9|1.0|11.4|5.3|11.4|5.3|11.4|5.3|-|**
9700000US0615180|Gilroy Unified School District, CA|0615180|2019-2023|205|10455|775|8310|658|79.5|3.2|8310|658|79.5|3.2|7850|668|75.1|3.2|460|126|4.4|1.3|0|32|0.0|0.4|2145|383|20.5|3.2|8310|658|5.5|1.6|5780|435|3910|410|67.6|5.2|3910|410|67.6|5.2|3570|406|61.8|5.2|7650|650|4950|602|64.7|5.2|1225|344|16.0|4.2|130|87|1.7|1.2|100|69|1.3|0.9|85|64|1.1|0.8|1155|321|15.1|4.1|37.0|2.7|7850|668|3500|489|44.6|5.1|945|211|12.0|2.7|1220|251|15.5|3.0|1345|357|17.1|4.2|840|233|10.7|2.7|7850|668|175|107|2.2|1.3|1155|379|14.7|4.6|940|273|12.0|3.2|170|97|2.2|1.2|670|193|8.5|2.3|350|168|4.5|2.1|165|83|2.1|1.1|410|145|5.2|1.9|1075|244|13.7|3.0|1570|327|20.0|3.6|370|139|4.7|1.8|390|141|5.0|1.8|410|242|5.2|3.0|7850|668|5985|624|76.2|4.0|1230|307|15.7|3.8|615|258|7.8|3.2|15|29|0.2|0.4|78801|5832|102444|13994|76850|10184|10455|775|9800|764|93.7|2.0|8015|793|76.7|4.0|1955|375|18.7|3.6|655|217|6.3|2.0|10455|775|8310|658|7850|668|7415|649|94.5|1.9|6405|687|81.6|3.8|1120|268|14.3|3.5|435|157|5.5|1.9|460|126|415|122|90.2|11.1|205|117|44.6|21.7|215|116|46.7|23.2|45|52|9.8|11.1|2145|383|1970|390|91.8|4.9|1405|331|65.5|9.0|620|190|28.9|7.5|175|99|8.2|4.9|4.8|1.8|4.8|1.8|4.8|1.8|-|**
9700000US0615240|Glendale Unified School District, CA|0615240|2019-2023|205|28115|1406|23230|1330|82.6|2.0|23220|1331|82.6|2.0|21800|1259|77.5|2.0|1420|329|5.1|1.1|10|18|0.0|0.1|4885|601|17.4|2.0|23220|1331|6.1|1.3|14665|792|11010|797|75.1|3.0|11010|797|75.1|3.0|10350|790|70.6|3.0|21310|1242|15100|952|70.9|2.5|1235|278|5.8|1.3|565|206|2.7|1.0|375|160|1.8|0.8|365|159|1.7|0.8|3670|591|17.2|2.3|26.7|1.2|21800|1259|11755|821|53.9|2.9|3070|477|14.1|2.0|4085|606|18.7|2.4|1150|303|5.3|1.4|1745|353|8.0|1.5|21800|1259|0|32|0.0|0.2|1130|310|5.2|1.4|1160|303|5.3|1.4|430|175|2.0|0.8|1600|286|7.3|1.4|1305|317|6.0|1.3|1220|284|5.6|1.3|1575|321|7.2|1.3|3130|529|14.4|2.3|6855|865|31.4|3.3|1470|276|6.7|1.3|1105|286|5.1|1.3|835|222|3.8|1.0|21800|1259|16040|1000|73.6|2.5|3295|490|15.1|2.1|2455|473|11.3|2.0|10|19|0.0|0.1|65409|7291|90015|6203|77606|6817|28105|1406|26075|1411|92.8|1.7|19215|1226|68.4|2.6|7750|764|27.6|2.4|2025|473|7.2|1.7|27980|1411|23155|1336|21740|1261|20335|1208|93.5|1.5|16340|1109|75.2|2.6|4615|527|21.2|2.2|1405|341|6.5|1.5|1420|329|1370|318|96.5|3.4|525|229|37.0|14.0|885|277|62.3|13.9|45|48|3.2|3.3|4825|597|4250|520|88.1|5.2|2290|398|47.5|6.5|2140|407|44.4|6.9|575|278|11.9|5.2|11.6|1.9|11.6|1.9|11.6|1.9|0.0|29.0
9700000US0615270|Glendora Unified School District, CA|0615270|2019-2023|205|5480|499|4545|481|82.9|3.3|4545|481|82.9|3.3|4440|485|81.0|3.5|100|71|1.8|1.3|0|29|0.0|0.8|935|183|17.1|3.3|4545|481|2.2|1.5|2730|265|1975|271|72.3|6.3|1975|271|72.3|6.3|1900|271|69.6|6.5|4280|449|2750|363|64.3|5.3|475|235|11.1|5.0|190|84|4.4|2.0|25|28|0.6|0.7|85|105|2.0|2.4|755|184|17.6|4.3|34.3|3.1|4440|485|2200|345|49.5|6.3|600|215|13.5|4.4|970|275|21.8|5.8|325|133|7.3|2.8|345|132|7.8|2.9|4440|485|60|50|1.4|1.1|310|151|7.0|3.3|220|132|5.0|2.9|355|196|8.0|4.1|275|169|6.2|3.5|365|147|8.2|3.3|130|78|2.9|1.7|160|62|3.6|1.5|480|151|10.8|3.5|1375|256|31.0|4.9|255|149|5.7|3.3|215|122|4.8|2.7|250|86|5.6|1.9|4440|485|3275|407|73.8|4.5|930|185|20.9|3.8|240|146|5.4|3.2|0|29|0.0|1.0|69464|15642|101417|18893|73417|14691|5480|499|5205|489|95.0|3.1|4615|520|84.2|5.6|670|277|12.2|5.0|275|173|5.0|3.1|5435|510|4545|481|4440|485|4205|464|94.7|3.2|3865|441|87.0|6.2|345|247|7.8|5.3|235|145|5.3|3.2|100|71|100|71|100.0|33.1|45|44|45.0|35.5|80|67|80.0|27.8|0|29|0.0|33.1|890|196|850|196|95.5|5.9|700|191|78.7|9.9|200|97|22.5|10.4|40|51|4.5|5.7|3.3|1.8|3.3|1.8|2.8|1.6|66.7|56.8
9500000US0615390|Gold Oak Union Elementary School District, CA|0615390|2019-2023|205|355|135|285|110|80.3|11.5|285|110|80.3|11.5|285|110|80.3|11.5|0|19|0.0|11.3|0|19|0.0|11.3|70|53|19.7|11.7|285|110|0.0|13.8|235|92|170|80|72.3|20.0|170|80|72.3|20.0|170|80|72.3|20.0|285|110|200|85|70.2|14.2|55|48|19.3|14.9|0|19|0.0|13.8|10|14|3.5|4.7|0|19|0.0|13.8|20|31|7.0|10.0|30.3|9.5|285|110|145|82|50.9|21.0|10|14|3.5|5.2|80|60|28.1|16.6|30|28|10.5|9.6|20|29|7.0|9.2|285|110|0|19|0.0|13.8|45|40|15.8|12.9|20|31|7.0|10.1|10|15|3.5|5.0|25|25|8.8|7.9|30|51|10.5|17.0|0|19|0.0|13.8|0|19|0.0|13.8|70|59|24.6|18.0|35|34|12.3|11.6|10|14|3.5|5.2|25|37|8.8|12.2|20|31|7.0|10.5|285|110|200|85|70.2|18.9|65|62|22.8|19.0|20|27|7.0|8.7|0|19|0.0|13.8|96650|18245|128529|52442|108105|14848|355|135|355|135|100.0|11.3|305|123|85.9|14.4|90|70|25.4|17.6|0|19|0.0|11.3|350|135|285|110|285|110|285|110|100.0|13.8|260|106|91.2|10.7|60|49|21.1|15.7|0|19|0.0|13.8|0|19|0|19|-|**|0|19|-|**|0|19|-|**|0|19|-|**|60|51|60|51|100.0|43.8|40|44|66.7|48.3|25|31|41.7|45.1|0|19|0.0|43.8|0.0|11.3|0.0|11.3|0.0|11.4|0.0|100.0
9700000US0691134|Golden Plains Unified School District, CA|0691134|2019-2023|205|1260|245|790|178|62.7|8.2|790|178|62.7|8.2|700|172|55.6|8.4|90|71|7.1|5.7|0|19|0.0|3.3|465|143|36.9|8.3|790|178|11.4|8.7|675|128|255|91|37.8|13.1|255|91|37.8|13.1|195|84|28.9|12.2|650|163|535|140|82.3|9.4|60|54|9.2|7.9|0|19|0.0|6.3|0|19|0.0|6.3|0|19|0.0|6.3|60|49|9.2|7.2|21.6|5.1|700|172|65|60|9.3|7.7|45|40|6.4|5.9|95|62|13.6|7.7|360|118|51.4|15.0|135|80|19.3|10.0|700|172|410|128|58.6|13.2|30|36|4.3|5.1|55|61|7.9|8.2|35|32|5.0|4.5|0|19|0.0|5.9|20|35|2.9|4.8|0|19|0.0|5.9|25|38|3.6|5.3|10|16|1.4|2.3|40|38|5.7|5.6|55|45|7.9|6.0|15|27|2.1|3.9|0|19|0.0|5.9|700|172|665|173|95.0|5.7|15|28|2.1|4.0|20|32|2.9|4.7|0|19|0.0|5.9|30694|5213|46528|8694|34219|23438|1260|245|1205|249|95.6|4.1|445|183|35.3|11.8|845|209|67.1|12.2|50|50|4.0|4.1|1260|245|790|178|700|172|670|172|95.7|5.0|365|161|52.1|15.3|345|111|49.3|15.5|30|34|4.3|4.9|90|71|90|71|100.0|35.4|10|15|11.1|18.5|90|71|100.0|35.4|0|19|0.0|35.4|465|143|445|145|95.7|5.5|70|53|15.1|11.9|405|147|87.1|11.3|20|25|4.3|5.7|34.1|12.8|34.1|12.8|34.1|12.8|-|**
9700000US0600068|Golden Valley Unified School District, CA|0600068|2019-2023|205|2125|390|1670|355|78.6|6.5|1670|355|78.6|6.5|1645|356|77.4|6.6|30|28|1.4|1.3|0|21|0.0|2.0|450|148|21.2|6.5|1670|355|1.8|1.7|1245|260|860|223|69.1|10.1|860|223|69.1|10.1|845|223|67.9|10.0|1625|358|1200|322|73.8|8.6|265|128|16.3|7.2|0|21|0.0|2.6|0|21|0.0|2.6|0|21|0.0|2.6|160|102|9.8|6.3|35.4|4.4|1645|356|920|291|55.9|11.3|225|95|13.7|5.6|240|155|14.6|9.0|130|88|7.9|5.3|130|113|7.9|6.6|1645|356|0|21|0.0|2.5|245|135|14.9|7.0|70|62|4.3|4.0|55|74|3.3|4.5|50|53|3.0|3.3|100|93|6.1|5.7|105|112|6.4|6.8|115|83|7.0|5.1|80|56|4.9|3.4|600|234|36.5|10.2|4|19|0.2|1.2|50|51|3.0|3.0|170|81|10.3|4.6|1645|356|1040|293|63.2|11.2|390|139|23.7|7.6|215|176|13.1|10.2|0|21|0.0|2.5|75735|12755|83241|7722|73705|25983|2125|390|2075|385|97.6|3.2|1890|405|88.9|7.1|355|149|16.7|7.4|45|68|2.1|3.2|2115|393|1670|355|1645|356|1635|357|99.4|1.1|1535|367|93.3|6.1|145|103|8.8|6.6|4|12|0.2|0.7|30|28|30|28|100.0|61.9|20|23|66.7|58.0|10|16|33.3|47.6|0|21|0.0|61.9|440|148|400|137|90.9|14.3|325|140|73.9|19.2|190|95|43.2|18.7|40|68|9.1|14.5|11.8|7.3|11.8|7.3|11.8|7.4|0.0|100.0
9500000US0615510|Goleta Union Elementary School District, CA|0615510|2019-2023|205|4820|615|4135|539|85.8|4.8|4135|539|85.8|4.8|4035|533|83.7|4.9|100|70|2.1|1.5|0|32|0.0|0.9|685|255|14.2|4.8|4135|539|2.4|1.7|2485|344|1915|300|77.1|8.3|1915|300|77.1|8.3|1890|299|76.1|8.5|4020|528|2355|405|58.6|6.7|570|227|14.2|5.2|135|183|3.4|4.4|120|79|3.0|2.0|255|146|6.3|3.7|590|159|14.7|3.7|16.9|1.9|4035|533|2620|401|64.9|5.9|410|155|10.2|3.8|575|227|14.3|4.7|200|86|5.0|2.1|230|127|5.7|3.1|4035|533|25|34|0.6|0.8|195|87|4.8|2.0|660|296|16.4|6.4|50|81|1.2|2.0|295|106|7.3|2.7|95|50|2.4|1.2|60|44|1.5|1.1|160|84|4.0|2.1|635|201|15.7|4.9|1325|259|32.8|4.9|190|80|4.7|1.9|170|103|4.2|2.5|175|81|4.3|2.0|4035|533|2855|484|70.8|5.8|890|208|22.1|4.6|255|116|6.3|3.0|35|61|0.9|1.5|75574|7432|130536|20254|80077|24596|4820|615|4390|533|91.1|6.5|3865|511|80.2|8.1|570|246|11.8|4.8|430|333|8.9|6.5|4815|619|4130|540|4030|535|3805|509|94.4|4.6|3540|496|87.8|6.1|310|150|7.7|3.6|225|190|5.6|4.5|100|70|100|70|100.0|33.1|45|50|45.0|38.8|55|52|55.0|37.4|0|32|0.0|33.1|685|255|480|177|70.1|18.6|280|91|40.9|19.1|195|160|28.5|19.1|205|165|29.9|18.7|3.5|2.2|3.5|2.2|3.5|2.2|0.0|100.0
9600000US0606053|Gonzales Unified School District (9-12), CA|0606053|2019-2023|205|215|97|160|89|74.4|16.2|160|89|74.4|16.2|160|89|74.4|16.2|0|14|0.0|17.8|0|14|0.0|17.8|55|38|25.6|16.8|160|89|0.0|23.0|125|58|75|47|60.0|25.2|75|47|60.0|25.2|75|47|60.0|25.2|160|89|130|72|81.3|15.7|4|9|2.5|5.6|0|14|0.0|23.0|4|18|2.5|10.0|0|14|0.0|23.0|20|25|12.5|13.7|22.3|3.0|160|89|15|24|9.4|12.7|40|39|25.0|19.8|30|26|18.8|13.4|55|41|34.4|19.3|20|25|12.5|13.1|160|89|55|43|34.4|20.1|4|5|2.5|3.4|10|14|6.3|8.3|10|16|6.3|9.7|20|21|12.5|10.5|10|18|6.3|10.7|0|14|0.0|23.0|4|5|2.5|3.1|15|22|9.4|12.6|20|24|12.5|14.0|4|9|2.5|5.6|15|21|9.4|11.9|0|14|0.0|23.0|160|89|140|77|87.5|14.7|4|18|2.5|10.0|15|22|9.4|12.2|0|14|0.0|23.0|43125|5663|47778|4318|26750|14739|215|97|195|94|90.7|11.4|140|77|65.1|18.9|55|46|25.6|18.4|20|26|9.3|11.7|215|97|160|89|160|89|155|85|96.9|11.4|105|66|65.6|21.0|50|44|31.3|22.7|10|14|6.3|8.3|0|14|0|14|-|**|0|14|-|**|0|14|-|**|0|14|-|**|55|38|40|32|72.7|35.9|35|28|63.6|33.9|10|14|18.2|24.3|10|23|18.2|35.0|14.0|12.8|14.0|12.8|14.0|12.8|-|**
9700000US0600046|Gonzales Unified School District, CA|0600046|2019-2023|205|1410|297|1060|254|75.2|6.9|1060|254|75.2|6.9|1025|245|72.7|7.0|35|38|2.5|2.7|0|19|0.0|3.0|350|117|24.8|7.0|1060|254|3.3|3.5|715|184|475|162|66.4|14.2|475|162|66.4|14.2|445|156|62.2|14.5|975|263|675|240|69.2|13.3|150|124|15.4|10.9|0|19|0.0|4.3|30|34|3.1|3.9|85|70|8.7|7.7|35|42|3.6|4.4|20.2|2.3|1025|245|15|25|1.5|2.4|65|48|6.3|5.0|405|162|39.5|13.3|360|146|35.1|10.4|190|120|18.5|10.5|1025|245|360|152|35.1|13.5|70|83|6.8|8.2|115|115|11.2|10.2|40|52|3.9|5.1|155|97|15.1|9.8|0|19|0.0|4.1|25|38|2.4|3.7|0|19|0.0|4.1|15|25|1.5|2.5|140|85|13.7|7.6|0|19|0.0|4.1|30|50|2.9|4.8|75|78|7.3|6.9|1025|245|820|207|80.0|11.2|160|109|15.6|9.1|45|70|4.4|6.9|0|19|0.0|4.1|48322|7856|55304|17726|41987|14574|1410|297|1010|304|71.6|11.3|755|258|53.5|13.6|265|188|18.8|12.0|400|155|28.4|11.4|1410|297|1060|254|1025|245|790|236|77.1|11.4|665|224|64.9|14.2|140|112|13.7|10.6|235|121|22.9|11.3|35|38|35|38|100.0|57.3|0|19|0.0|57.3|35|38|100.0|57.3|0|19|0.0|57.3|350|117|185|124|52.9|22.4|90|85|25.7|21.3|90|90|25.7|20.6|165|63|47.1|22.1|6.0|5.0|6.0|5.0|6.0|5.0|-|**
9500000US0615690|Grant Elementary School District, CA|0615690|2019-2023|205|260|105|180|91|69.2|15.4|180|91|69.2|15.4|175|89|67.3|15.6|4|11|1.5|4.0|0|14|0.0|15.0|80|45|30.8|15.6|180|91|2.2|5.8|155|64|85|47|54.8|22.7|85|47|54.8|22.7|80|46|51.6|22.6|175|89|140|83|80.0|17.3|4|16|2.3|9.0|0|14|0.0|21.4|0|14|0.0|21.4|0|14|0.0|21.4|30|32|17.1|17.2|26.3|13.1|175|89|105|53|60.0|25.7|15|16|8.6|8.4|30|32|17.1|13.9|0|14|0.0|21.4|30|33|17.1|15.7|175|89|15|22|8.6|12.2|0|14|0.0|21.4|10|17|5.7|9.6|0|14|0.0|21.4|15|24|8.6|13.3|35|33|20.0|15.2|0|14|0.0|21.4|10|13|5.7|7.4|20|30|11.4|14.8|35|24|20.0|13.3|20|21|11.4|10.6|0|14|0.0|21.4|20|17|11.4|10.1|175|89|135|83|77.1|15.9|35|23|20.0|13.4|4|12|2.3|7.2|0|14|0.0|21.4|175000|17580|211071|99109|-|**|260|105|250|102|96.2|6.3|225|104|86.5|14.2|30|34|11.5|13.2|10|18|3.8|6.7|260|105|180|91|175|89|170|89|97.1|5.6|165|88|94.3|7.5|10|13|5.7|6.9|4|10|2.3|5.7|4|11|0|14|0.0|100.0|0|14|0.0|100.0|0|14|0.0|100.0|4|11|100.0|100.0|80|45|80|45|100.0|37.9|60|43|75.0|37.8|20|32|25.0|39.3|0|14|0.0|37.9|15.4|15.6|15.4|15.6|15.4|15.6|-|**
9500000US0615780|Grass Valley Elementary School District, CA|0615780|2019-2023|205|2550|619|2025|563|79.4|6.5|2025|563|79.4|6.5|1990|565|78.0|6.7|40|39|1.6|1.6|0|25|0.0|1.7|525|180|20.6|6.5|2025|563|2.0|2.0|1295|254|835|227|64.5|11.1|835|227|64.5|11.1|825|228|63.7|11.3|1965|563|1560|469|79.4|6.7|145|80|7.4|4.0|0|25|0.0|2.1|0|25|0.0|2.1|0|25|0.0|2.1|265|156|13.5|6.7|19.5|5.5|1990|565|930|296|46.7|8.4|390|176|19.6|7.3|470|298|23.6|11.6|130|77|6.5|4.5|70|46|3.5|2.5|1990|565|45|70|2.3|3.5|175|129|8.8|6.4|20|31|1.0|1.6|80|95|4.0|4.8|335|271|16.8|11.3|30|45|1.5|2.3|50|60|2.5|3.1|50|65|2.5|3.3|130|76|6.5|3.9|690|297|34.7|10.1|150|106|7.5|5.6|180|115|9.0|5.6|50|48|2.5|2.4|1990|565|1525|439|76.6|10.3|305|189|15.3|7.5|155|103|7.8|4.7|0|25|0.0|2.1|51009|14096|64092|5035|75543|35345|2550|619|2515|612|98.6|2.0|1810|603|71.0|10.3|770|247|30.2|10.6|40|50|1.6|1.9|2550|619|2025|563|1990|565|1975|564|99.2|0.9|1605|555|80.7|8.6|430|164|21.6|8.9|10|15|0.5|0.8|40|39|40|39|100.0|53.6|15|22|37.5|57.6|25|35|62.5|54.7|0|25|0.0|53.6|525|180|500|176|95.2|9.4|190|117|36.2|18.9|315|138|60.0|19.6|25|51|4.8|9.5|15.3|7.2|15.3|7.2|15.3|7.2|-|**
9500000US0615840|Gravenstein Union Elementary School District, CA|0615840|2019-2023|205|710|238|585|204|82.4|10.4|585|204|82.4|10.4|550|205|77.5|11.6|35|39|4.9|5.9|0|19|0.0|5.8|125|87|17.6|10.5|585|204|6.0|7.2|435|178|330|150|75.9|16.8|330|150|75.9|16.8|295|151|67.8|19.2|490|208|405|192|82.7|12.2|0|19|0.0|8.3|15|31|3.1|7.5|25|32|5.1|6.5|0|19|0.0|8.3|40|41|8.2|7.7|34.8|10.1|550|205|205|89|37.3|13.6|55|59|10.0|9.8|205|138|37.3|18.1|85|80|15.5|15.1|0|19|0.0|7.4|550|205|15|26|2.7|4.9|95|79|17.3|14.4|55|58|10.0|9.9|80|56|14.5|9.9|90|114|16.4|17.6|30|31|5.5|5.4|15|31|2.7|6.3|4|15|0.7|2.5|35|31|6.4|5.8|115|74|20.9|11.1|0|19|0.0|7.4|0|19|0.0|7.4|10|21|1.8|3.8|550|205|355|123|64.5|17.8|65|50|11.8|8.1|130|124|23.6|17.5|0|19|0.0|7.4|-|**|122716|4662|105909|12820|710|238|595|217|83.8|12.0|490|209|69.0|15.5|110|79|15.5|11.0|115|91|16.2|12.0|710|238|585|204|550|205|480|197|87.3|9.5|430|196|78.2|15.4|60|70|10.9|13.1|70|51|12.7|9.3|35|39|35|39|100.0|57.3|15|26|42.9|57.1|20|31|57.1|57.1|0|19|0.0|57.3|125|87|80|46|64.0|42.7|45|34|36.0|34.4|30|38|24.0|31.6|45|74|36.0|43.7|13.4|11.7|13.4|11.7|13.4|11.7|-|**
9500000US0616080|Greenfield Union Elementary School District, CA|0616080|2019-2023|205|3125|469|2305|407|73.8|7.3|2305|407|73.8|7.3|2245|399|71.8|7.6|55|58|1.8|1.8|0|25|0.0|1.3|825|266|26.4|7.4|2305|407|2.4|2.5|1730|258|1160|244|67.1|9.7|1160|244|67.1|9.7|1105|239|63.9|10.0|2075|356|1365|318|65.8|9.4|270|151|13.0|6.8|0|25|0.0|2.0|0|25|0.0|2.0|405|167|19.5|7.7|40|49|1.9|2.4|25.6|3.1|2245|399|305|129|13.6|5.3|380|180|16.9|7.0|355|142|15.8|6.0|975|253|43.4|8.7|230|116|10.2|4.8|2245|399|1005|249|44.8|10.5|115|110|5.1|4.7|60|49|2.7|2.1|30|36|1.3|1.6|70|59|3.1|2.7|70|62|3.1|2.7|80|106|3.6|4.4|95|68|4.2|3.0|115|89|5.1|3.8|340|138|15.1|5.0|90|73|4.0|3.3|90|78|4.0|3.3|85|72|3.8|3.2|2245|399|1870|347|83.3|6.1|230|120|10.2|5.1|150|107|6.7|4.5|0|25|0.0|1.9|37553|4954|55505|18540|40714|6113|3125|469|2365|441|75.7|8.5|1515|404|48.5|9.3|960|246|30.7|7.6|760|290|24.3|8.5|3110|469|2290|405|2235|398|1780|398|79.6|8.7|1325|366|59.3|10.2|530|229|23.7|9.7|455|195|20.4|8.7|55|58|25|27|45.5|53.3|10|16|18.2|31.1|15|23|27.3|44.5|35|53|63.6|58.8|820|266|545|186|66.5|16.6|180|99|22.0|11.3|400|168|48.8|17.2|275|184|33.5|16.5|15.4|6.7|15.4|6.7|15.4|6.8|0.0|87.6
9500000US0616050|Greenfield Union School District, CA|0616050|2019-2023|205|6820|841|5260|723|77.1|4.1|5250|725|77.0|4.1|4870|710|71.4|4.9|380|215|5.6|3.1|10|14|0.1|0.2|1560|328|22.9|4.1|5250|725|7.2|4.0|3670|498|2185|402|59.5|7.3|2185|402|59.5|7.3|1950|377|53.1|8.1|4800|720|3890|626|81.0|5.3|555|252|11.6|4.8|25|51|0.5|1.0|55|59|1.1|1.2|70|79|1.5|1.6|205|140|4.3|2.9|26.1|4.4|4870|710|880|261|18.1|5.0|1035|305|21.3|5.0|500|209|10.3|4.0|1310|301|26.9|5.7|1145|372|23.5|6.3|4870|710|600|230|12.3|4.5|660|237|13.6|4.5|415|195|8.5|3.9|70|55|1.4|1.1|285|199|5.9|3.9|625|255|12.8|4.6|175|178|3.6|3.6|190|113|3.9|2.2|420|201|8.6|3.9|745|284|15.3|4.8|340|149|7.0|3.2|145|85|3.0|1.8|205|143|4.2|3.0|4870|710|3830|540|78.6|5.6|430|169|8.8|3.4|595|285|12.2|4.8|15|19|0.3|0.4|42349|5558|54074|8349|39167|7130|6810|841|5870|807|86.2|5.2|3080|613|45.2|7.0|2960|537|43.5|5.9|940|373|13.8|5.2|6810|841|5250|725|4870|710|4355|699|89.4|5.1|2630|578|54.0|7.2|1870|376|38.4|6.7|520|253|10.7|5.1|380|215|215|170|56.6|31.3|65|91|17.1|23.4|150|141|39.5|27.5|165|142|43.4|31.1|1560|325|1300|310|83.3|8.2|385|166|24.7|8.6|935|244|59.9|9.7|255|133|16.3|8.2|12.0|4.9|12.0|4.9|12.0|4.9|-|**
9700000US0600051|Gridley Unified School District, CA|0600051|2019-2023|205|1590|358|1390|353|87.4|6.9|1390|353|87.4|6.9|1295|348|81.4|7.6|95|75|6.0|4.8|0|21|0.0|2.6|200|105|12.6|6.8|1390|353|6.8|5.5|790|178|650|183|82.3|9.7|650|183|82.3|9.7|615|185|77.8|11.1|1285|348|1185|352|92.2|5.4|50|39|3.9|3.1|10|14|0.8|1.0|0|21|0.0|3.2|0|21|0.0|3.2|40|49|3.1|4.1|25.2|4.8|1295|348|660|256|51.0|11.4|130|71|10.0|6.0|260|173|20.1|11.2|105|77|8.1|6.6|135|96|10.4|7.3|1295|348|105|70|8.1|5.6|80|68|6.2|5.5|30|42|2.3|3.1|0|21|0.0|3.2|185|173|14.3|11.7|45|48|3.5|3.6|30|33|2.3|2.9|45|43|3.5|3.7|130|84|10.0|6.3|525|219|40.5|10.7|30|33|2.3|2.6|30|51|2.3|3.9|60|68|4.6|5.3|1295|348|880|261|68.0|11.2|235|120|18.1|10.3|180|173|13.9|11.8|0|21|0.0|3.2|42298|16700|55724|30601|41281|4821|1590|358|1520|347|95.6|4.1|880|289|55.3|15.8|665|310|41.8|16.2|70|67|4.4|4.1|1590|358|1390|353|1295|348|1230|332|95.0|5.1|780|255|60.2|18.9|475|308|36.7|19.5|65|67|5.0|5.1|95|75|95|75|100.0|34.2|30|47|31.6|41.1|65|58|68.4|41.7|0|21|0.0|34.2|200|105|195|105|97.5|6.2|75|60|37.5|27.7|125|89|62.5|26.4|4|8|2.0|3.9|6.3|5.3|6.3|5.3|6.3|5.3|-|**
9600000US0616230|Grossmont Union High School District, CA|0616230|2019-2023|205|29925|1691|24500|1442|81.9|1.7|24230|1451|81.0|1.8|22610|1343|75.6|1.8|1620|409|5.4|1.3|270|121|0.9|0.4|5425|614|18.1|1.7|24230|1451|6.7|1.6|16360|926|12080|817|73.8|2.7|12005|824|73.4|2.8|11070|759|67.7|2.9|22420|1322|16515|1264|73.7|3.0|1805|386|8.1|1.8|380|166|1.7|0.7|165|100|0.7|0.4|435|160|1.9|0.7|3115|530|13.9|2.2|28.1|1.1|22610|1343|9280|906|41.0|3.0|3600|474|15.9|2.0|5165|601|22.8|2.4|2590|405|11.5|1.6|1970|395|8.7|1.6|22610|1343|200|143|0.9|0.6|2520|390|11.1|1.7|1805|383|8.0|1.6|530|186|2.3|0.9|1860|421|8.2|1.7|1105|305|4.9|1.3|465|170|2.1|0.7|1190|325|5.3|1.4|2410|525|10.7|2.2|6025|673|26.6|2.5|1205|289|5.3|1.3|1355|324|6.0|1.4|1935|354|8.6|1.6|22610|1343|15660|1193|69.3|2.5|5095|496|22.5|2.0|1855|382|8.2|1.7|0|32|0.0|0.2|55305|2757|84667|7040|64210|9548|29655|1698|27760|1705|93.6|1.5|21075|1496|71.1|2.9|8995|1044|30.3|3.1|1890|440|6.4|1.5|29425|1675|24100|1452|22475|1346|21230|1346|94.5|1.5|17860|1238|79.5|2.4|5040|668|22.4|2.7|1250|331|5.6|1.5|1620|409|1555|411|96.0|4.5|685|267|42.3|12.0|1010|338|62.3|13.7|65|70|4.0|4.5|5325|589|4750|553|89.2|4.3|2410|384|45.3|5.7|2715|457|51.0|6.6|580|249|10.9|4.3|11.2|2.0|11.2|2.0|11.2|2.0|1.7|1.1
9500000US0616260|Guadalupe Union Elementary School District, CA|0616260|2019-2023|205|1275|216|1040|202|81.6|6.7|1040|202|81.6|6.7|910|212|71.4|9.6|130|83|10.2|6.5|0|19|0.0|3.3|230|90|18.0|6.7|1040|202|12.5|8.1|655|125|450|126|68.7|12.7|450|126|68.7|12.7|375|114|57.3|12.2|865|215|665|193|76.9|10.2|125|72|14.5|7.9|45|47|5.2|5.4|20|35|2.3|4.0|0|19|0.0|4.8|10|22|1.2|2.6|32.9|7.6|910|212|175|87|19.2|7.9|60|44|6.6|4.7|195|102|21.4|10.1|335|152|36.8|13.1|145|83|15.9|9.7|910|212|285|152|31.3|14.4|100|66|11.0|7.1|120|75|13.2|8.0|40|36|4.4|4.1|40|40|4.4|4.4|0|19|0.0|4.6|10|20|1.1|2.2|70|55|7.7|5.7|45|34|4.9|3.8|150|81|16.5|7.6|25|33|2.7|3.4|0|19|0.0|4.6|25|37|2.7|4.0|910|212|805|194|88.5|6.7|105|66|11.5|6.8|0|19|0.0|4.6|0|19|0.0|4.6|37279|10124|40221|17552|43466|20210|1275|216|910|207|71.4|11.2|565|205|44.3|13.4|345|142|27.1|11.2|365|158|28.6|11.2|1275|216|1040|202|910|212|635|202|69.8|14.4|555|199|61.0|14.6|85|68|9.3|7.9|275|142|30.2|14.4|130|83|115|81|88.5|25.8|0|19|0.0|27.3|115|81|88.5|25.8|20|33|15.4|24.3|230|90|160|87|69.6|21.6|10|29|4.3|11.9|150|85|65.2|23.6|75|53|32.6|21.9|28.6|10.2|28.6|10.2|28.6|10.2|-|**
9700000US0616323|Gustine Unified School District, CA|0616323|2019-2023|205|1515|422|1225|359|80.9|10.4|1225|359|80.9|10.4|905|335|59.7|16.0|325|254|21.5|15.8|0|19|0.0|2.8|290|181|19.1|10.4|1225|359|26.5|18.9|855|290|620|284|72.5|17.9|620|284|72.5|17.9|440|287|51.5|23.9|700|277|545|225|77.9|14.3|130|124|18.6|14.5|0|19|0.0|5.9|15|19|2.1|2.9|0|19|0.0|5.9|10|16|1.4|2.4|78.9|25.8|905|335|215|127|23.8|14.5|30|46|3.3|5.4|210|120|23.2|11.1|265|176|29.3|18.3|185|257|20.4|24.9|905|335|235|148|26.0|14.0|125|131|13.8|15.3|55|58|6.1|6.7|0|19|0.0|4.6|200|274|22.1|26.5|35|55|3.9|6.3|0|19|0.0|4.6|105|88|11.6|8.5|25|40|2.8|4.5|95|96|10.5|11.2|30|46|3.3|5.4|0|19|0.0|4.6|0|19|0.0|4.6|905|335|770|336|85.1|11.8|70|77|7.7|9.3|65|65|7.2|7.4|0|19|0.0|4.6|25513|16327|66377|12856|65231|33408|1515|422|1230|395|81.2|16.6|780|371|51.5|21.0|475|259|31.4|15.9|285|272|18.8|16.7|1515|422|1225|359|905|335|735|349|81.2|17.0|605|334|66.9|21.0|155|97|17.1|10.9|170|149|18.8|17.2|325|254|275|244|84.6|23.5|0|19|0.0|12.2|275|244|84.6|23.5|45|66|13.8|24.3|290|181|220|130|75.9|31.8|175|120|60.3|29.1|45|43|15.5|16.9|70|113|24.1|31.5|0.3|0.8|0.3|0.8|0.3|0.8|-|**
9700000US0616325|Hacienda La Puente Unified School District, CA|0616325|2019-2023|205|15020|923|12035|875|80.1|2.7|12025|876|80.1|2.7|11475|883|76.4|2.8|550|176|3.7|1.2|10|17|0.1|0.1|2980|437|19.8|2.7|12025|876|4.6|1.5|8195|509|5820|519|71.0|4.0|5810|520|70.9|4.0|5540|526|67.6|3.9|11170|877|8295|756|74.3|3.5|1440|316|12.9|2.5|185|78|1.7|0.7|75|62|0.7|0.5|90|55|0.8|0.5|1085|267|9.7|2.4|32.8|1.5|11475|883|3840|622|33.5|4.0|1870|284|16.3|2.4|2850|404|24.8|2.9|1015|189|8.8|1.6|1895|293|16.5|2.5|11475|883|45|39|0.4|0.3|775|161|6.8|1.3|1340|234|11.7|2.0|780|240|6.8|2.0|1025|207|8.9|1.8|1215|241|10.6|2.0|125|68|1.1|0.6|625|184|5.4|1.5|1205|296|10.5|2.2|2325|465|20.3|3.3|815|226|7.1|2.1|640|153|5.6|1.4|555|170|4.8|1.4|11475|883|8685|724|75.7|2.7|1990|324|17.3|2.5|800|220|7.0|1.8|0|32|0.0|0.4|49785|3754|70879|2334|48740|3924|15010|925|13675|940|91.1|1.7|10245|936|68.3|3.5|3815|534|25.4|3.4|1335|249|8.9|1.7|14825|925|12000|876|11445|884|10480|885|91.6|2.0|8685|864|75.9|3.3|2075|363|18.1|3.1|970|222|8.5|2.0|550|176|500|168|90.9|7.4|235|127|42.7|16.3|260|111|47.3|16.0|50|41|9.1|7.3|2830|353|2515|338|88.9|4.6|1295|247|45.8|6.0|1305|236|46.1|6.4|315|135|11.1|4.5|8.5|1.7|8.5|1.7|8.6|1.8|5.6|13.7
9500000US0616470|Hanford Elementary School District, CA|0616470|2019-2023|205|5705|704|4305|603|75.5|4.2|3970|567|69.6|5.4|3705|535|64.9|5.6|265|150|4.6|2.5|335|185|5.9|3.0|1405|282|24.6|4.2|3970|567|6.7|3.5|3050|371|1900|355|62.3|8.1|1900|355|62.3|8.1|1780|357|58.4|8.5|4030|568|3100|479|76.9|5.9|670|269|16.6|6.0|0|29|0.0|1.0|65|78|1.6|1.9|35|45|0.9|1.1|160|85|4.0|2.1|23.9|3.2|3705|535|785|268|21.2|6.0|760|179|20.5|4.8|900|269|24.3|5.6|640|169|17.3|4.3|615|200|16.6|4.9|3705|535|495|169|13.4|4.1|85|60|2.3|1.6|415|142|11.2|3.7|120|83|3.2|2.1|605|235|16.3|5.9|185|121|5.0|3.2|35|37|0.9|1.0|55|39|1.5|1.0|130|88|3.5|2.4|715|195|19.3|4.7|275|140|7.4|3.6|115|78|3.1|2.0|475|222|12.8|5.4|3705|535|2775|433|74.9|6.3|750|274|20.2|6.6|160|123|4.3|3.2|20|35|0.5|0.9|46940|4097|63322|8221|49417|6026|5375|645|4750|608|88.4|5.2|2855|485|53.1|6.3|2265|431|42.1|6.2|625|300|11.6|5.2|5335|638|3970|567|3705|535|3395|525|91.6|4.5|2215|440|59.8|7.6|1525|372|41.2|7.3|315|170|8.5|4.5|265|150|235|135|88.7|21.0|45|49|17.0|18.0|190|128|71.7|24.4|30|62|11.3|20.8|1365|286|1125|271|82.4|9.4|595|198|43.6|11.5|550|190|40.3|11.0|240|137|17.6|9.4|21.6|5.9|21.6|5.9|21.6|5.9|-|**
9600000US0616500|Hanford Joint Union High School District, CA|0616500|2019-2023|205|5690|785|4645|672|81.6|4.1|4570|662|80.3|4.3|4315|633|75.8|5.1|250|143|4.4|2.4|75|67|1.3|1.1|1045|283|18.4|4.2|4570|662|5.5|3.0|3100|437|2235|360|72.1|6.1|2235|360|72.1|6.1|2080|340|67.1|6.9|4385|635|3125|515|71.3|5.5|800|285|18.2|5.0|30|56|0.7|1.3|75|60|1.7|1.4|90|70|2.1|1.6|265|120|6.0|3.1|24.8|2.3|4315|633|1345|355|31.2|6.8|885|202|20.5|4.7|685|144|15.9|3.4|780|305|18.1|5.6|625|223|14.5|4.6|4315|633|895|404|20.7|7.5|75|52|1.7|1.2|290|122|6.7|2.7|180|103|4.2|2.3|430|167|10.0|3.6|265|120|6.1|2.8|0|32|0.0|1.0|30|36|0.7|0.9|235|112|5.4|2.6|840|231|19.5|5.1|265|124|6.1|2.8|210|130|4.9|3.0|595|243|13.8|5.4|4315|633|3265|588|75.7|6.2|930|278|21.6|6.1|120|63|2.8|1.4|0|32|0.0|1.0|50391|5190|69476|9468|50697|2434|5615|775|4920|663|87.6|5.0|3550|615|63.2|8.0|1740|420|31.0|5.8|695|322|12.4|5.0|5555|771|4560|662|4310|633|3840|542|89.1|4.9|2885|507|66.9|8.6|1165|340|27.0|6.2|465|240|10.8|4.9|250|143|245|143|98.0|5.9|170|124|68.0|25.7|125|102|50.0|29.1|4|16|1.6|6.7|995|268|775|228|77.9|13.1|440|169|44.2|13.2|405|155|40.7|12.7|220|151|22.1|13.0|10.5|3.9|10.5|3.9|10.6|3.9|0.0|45.7
9500000US0616560|Happy Valley Elementary School District, CA|0616560|2019-2023|205|95|62|95|62|100.0|34.2|95|62|100.0|34.2|90|58|94.7|8.7|4|8|4.2|6.8|0|14|0.0|34.2|0|14|0.0|34.2|95|62|4.2|6.8|45|31|45|31|100.0|50.6|45|31|100.0|50.6|45|27|100.0|50.6|90|58|45|30|50.0|25.7|4|18|4.4|15.9|0|14|0.0|35.4|4|4|4.4|4.3|15|20|16.7|19.1|25|22|27.8|17.1|25.4|9.4|90|58|75|48|83.3|15.4|4|4|4.4|4.9|10|11|11.1|11.1|4|8|4.4|8.5|0|14|0.0|35.4|90|58|4|3|4.4|4.1|0|14|0.0|35.4|4|12|4.4|11.4|4|4|4.4|4.7|4|3|4.4|4.1|10|14|11.1|14.9|0|14|0.0|35.4|4|5|4.4|6.3|30|37|33.3|26.5|25|19|27.8|18.3|10|11|11.1|11.4|4|3|4.4|4.7|0|14|0.0|35.4|90|58|65|49|72.2|18.3|15|19|16.7|15.9|10|12|11.1|14.1|0|14|0.0|35.4|128523|29048|172361|93602|128068|34024|95|62|95|62|100.0|34.2|95|62|100.0|34.2|10|16|10.5|15.5|0|14|0.0|34.2|95|62|95|62|90|58|90|58|100.0|35.4|90|58|100.0|35.4|10|16|11.1|16.5|0|14|0.0|35.4|4|8|4|8|100.0|100.0|4|8|100.0|100.0|0|14|0.0|100.0|0|14|0.0|100.0|0|14|0|14|-|**|0|14|-|**|0|14|-|**|0|14|-|**|0.0|34.2|0.0|34.2|0.0|34.2|-|**
9500000US0616650|Hart-Ransom Union Elementary School District, CA|0616650|2019-2023|205|450|253|335|178|74.4|10.5|335|178|74.4|10.5|240|101|53.3|28.3|95|138|21.1|21.9|0|14|0.0|9.0|120|92|26.7|11.4|335|178|28.4|31.1|205|106|90|53|43.9|26.2|90|53|43.9|26.2|80|52|39.0|24.6|240|101|135|59|56.3|20.5|100|80|41.7|20.8|0|14|0.0|16.2|0|14|0.0|16.2|0|14|0.0|16.2|4|8|1.7|2.9|58.3|28.0|240|101|85|47|35.4|16.6|70|50|29.2|14.2|40|37|16.7|14.8|35|40|14.6|12.4|4|19|1.7|7.8|240|101|0|14|0.0|16.2|45|42|18.8|12.7|20|24|8.3|9.6|0|14|0.0|16.2|25|32|10.4|12.7|10|17|4.2|7.2|0|14|0.0|16.2|10|15|4.2|6.1|15|20|6.3|8.8|70|51|29.2|13.1|10|15|4.2|6.9|0|14|0.0|16.2|30|30|12.5|12.1|240|101|150|90|62.5|19.1|60|38|25.0|14.3|30|27|12.5|11.2|0|14|0.0|16.2|41597|35963|105395|27385|54514|20621|450|253|450|253|100.0|9.0|250|114|55.6|32.1|220|228|48.9|31.0|0|14|0.0|9.0|450|253|335|178|240|101|240|101|100.0|16.2|205|102|85.4|15.4|45|37|18.8|16.3|0|14|0.0|16.2|95|138|95|138|100.0|34.2|10|14|10.5|29.7|95|138|100.0|34.2|0|14|0.0|34.2|120|92|120|92|100.0|29.0|40|29|33.3|30.4|80|84|66.7|30.2|0|14|0.0|29.0|2.2|5.3|2.2|5.3|2.2|5.3|-|**
9500000US0616680|Hawthorne Elementary School District, CA|0616680|2019-2023|205|9090|817|7390|720|81.3|3.3|7380|716|81.2|3.3|6730|723|74.0|3.8|650|194|7.2|2.2|10|15|0.1|0.2|1700|341|18.7|3.3|7380|716|8.8|2.7|5370|482|3885|421|72.3|5.0|3885|421|72.3|5.0|3480|428|64.8|5.8|6490|717|4550|542|70.1|4.0|750|180|11.6|2.8|340|268|5.2|4.0|80|56|1.2|0.9|235|132|3.6|1.9|535|211|8.2|3.0|29.7|2.1|6730|723|1735|362|25.8|4.5|1895|439|28.2|5.4|1275|293|18.9|4.1|410|134|6.1|2.0|1410|309|21.0|4.0|6730|723|15|22|0.2|0.3|365|140|5.4|2.0|530|200|7.9|3.1|95|68|1.4|1.0|530|173|7.9|2.4|1080|298|16.0|3.9|70|53|1.0|0.8|295|139|4.4|2.0|1125|436|16.7|5.8|1460|326|21.7|4.5|715|259|10.6|3.8|340|123|5.1|1.9|115|88|1.7|1.3|6730|723|5275|668|78.4|4.2|880|238|13.1|3.4|565|176|8.4|2.5|15|22|0.2|0.3|33795|2422|53207|10181|40042|4165|9080|811|7770|750|85.6|3.5|3455|630|38.1|5.5|4540|582|50.0|5.6|1310|343|14.4|3.5|9030|818|7365|720|6715|728|5645|661|84.1|4.2|2880|514|42.9|5.9|2960|464|44.1|5.4|1065|309|15.9|4.2|650|194|615|186|94.6|9.0|110|75|16.9|11.4|505|182|77.7|14.1|35|58|5.4|8.8|1665|343|1460|321|87.7|6.7|450|197|27.0|10.0|1030|273|61.9|11.1|205|119|12.3|6.7|25.2|5.9|25.2|5.9|25.3|5.9|8.0|10.6
9700000US0616740|Hayward Unified School District, CA|0616740|2019-2023|205|21735|1130|17775|1006|81.8|1.7|17760|1006|81.7|1.7|17365|996|79.9|1.9|395|122|1.8|0.6|15|18|0.1|0.1|3960|424|18.2|1.7|17760|1006|2.2|0.7|11710|669|8335|585|71.2|2.9|8335|585|71.2|2.9|8085|563|69.0|2.9|15830|899|11370|782|71.8|2.6|2105|327|13.3|2.0|400|117|2.5|0.7|90|70|0.6|0.4|125|78|0.8|0.5|1740|385|11.0|2.3|31.3|1.4|17365|996|5270|531|30.3|2.7|3505|426|20.2|2.4|2820|390|16.2|2.0|2555|375|14.7|2.0|3215|507|18.5|2.5|17365|996|40|40|0.2|0.2|2205|366|12.7|1.9|1870|423|10.8|2.2|595|298|3.4|1.6|1460|282|8.4|1.5|1585|303|9.1|1.7|215|103|1.2|0.6|470|142|2.7|0.8|2730|361|15.7|1.8|3660|405|21.1|2.5|1115|297|6.4|1.7|790|241|4.5|1.4|635|199|3.7|1.2|17365|996|14230|998|81.9|2.7|2150|382|12.4|2.3|950|250|5.5|1.4|35|34|0.2|0.2|59588|2694|74818|3759|62752|6235|21720|1131|20780|1108|95.7|1.0|15625|1088|71.9|2.8|6005|655|27.6|2.9|945|227|4.4|1.0|21570|1133|17670|999|17270|991|16725|962|96.8|1.1|13270|951|76.8|2.8|4040|532|23.4|3.0|550|195|3.2|1.1|395|122|325|111|82.3|13.7|180|81|45.6|14.3|145|64|36.7|12.6|70|58|17.7|13.2|3900|422|3605|406|92.4|3.6|2095|332|53.7|6.1|1715|290|44.0|6.2|300|146|7.7|3.6|7.8|1.6|7.8|1.6|7.8|1.6|6.7|10.7
9700000US0600044|Healdsburg Unified School District, CA|0600044|2019-2023|205|1260|277|1130|261|89.7|6.1|1130|261|89.7|6.1|1110|263|88.1|6.3|20|30|1.6|2.4|0|21|0.0|3.3|130|81|10.3|6.2|1130|261|1.8|2.7|710|182|580|180|81.7|11.4|580|180|81.7|11.4|560|184|78.9|11.9|1095|256|780|221|71.2|10.1|40|34|3.7|3.1|0|21|0.0|3.8|20|28|1.8|2.6|0|21|0.0|3.8|260|120|23.7|9.7|14.0|2.6|1110|263|385|169|34.7|13.5|305|159|27.5|12.1|215|111|19.4|9.2|65|67|5.9|6.0|140|85|12.6|7.2|1110|263|45|35|4.1|3.2|140|88|12.6|8.0|210|106|18.9|7.8|4|18|0.4|1.6|135|78|12.2|6.9|50|42|4.5|3.7|15|25|1.4|2.2|55|51|5.0|4.5|125|79|11.3|5.8|100|70|9.0|5.6|175|109|15.8|9.2|10|14|0.9|1.2|45|40|4.1|3.7|1110|263|965|247|86.9|5.9|105|56|9.5|4.6|40|44|3.6|4.1|0|21|0.0|3.8|54265|18699|87019|41557|47125|37523|1260|277|1080|247|85.7|9.3|785|233|62.3|14.5|320|157|25.4|10.9|180|128|14.3|9.3|1260|277|1130|261|1110|263|955|236|86.0|8.3|700|212|63.1|15.2|280|151|25.2|11.4|150|98|13.5|8.2|20|30|20|30|100.0|75.8|15|24|75.0|75.0|10|16|50.0|50.0|0|21|0.0|75.8|130|81|100|72|76.9|30.8|70|55|53.8|35.5|30|49|23.1|32.4|30|43|23.1|29.9|2.4|3.9|2.4|3.9|2.4|3.9|-|**
9500000US0616830|Heber Elementary School District, CA|0616830|2019-2023|205|895|295|580|226|64.8|14.6|580|226|64.8|14.6|510|240|57.0|19.0|70|70|7.8|8.1|0|19|0.0|4.6|315|166|35.2|14.5|580|226|12.1|13.6|550|225|300|195|54.5|24.5|300|195|54.5|24.5|240|198|43.6|27.4|510|240|400|216|78.4|15.5|80|79|15.7|14.2|0|19|0.0|8.0|0|19|0.0|8.0|0|19|0.0|8.0|30|36|5.9|7.7|16.6|2.1|510|240|200|122|39.2|23.8|140|176|27.5|27.9|105|88|20.6|14.3|25|40|4.9|7.7|35|52|6.9|10.7|510|240|0|19|0.0|8.0|70|67|13.7|11.3|85|76|16.7|14.5|30|51|5.9|9.2|35|52|6.9|10.7|50|60|9.8|12.0|0|19|0.0|8.0|0|19|0.0|8.0|0|19|0.0|8.0|115|103|22.5|20.3|120|177|23.5|29.1|0|19|0.0|8.0|0|19|0.0|8.0|510|240|395|236|77.5|18.6|115|88|22.5|18.5|0|19|0.0|8.0|0|19|0.0|8.0|-|**|77575|26024|34426|30680|895|295|735|267|82.1|19.0|455|221|50.8|21.4|295|193|33.0|19.1|160|184|17.9|18.9|895|295|580|226|510|240|350|172|68.6|28.9|300|157|58.8|27.7|50|57|9.8|10.8|160|184|31.4|28.8|70|70|70|70|100.0|40.5|15|24|21.4|39.2|70|70|100.0|40.5|0|19|0.0|40.5|315|166|315|166|100.0|12.6|140|104|44.4|28.6|175|140|55.6|28.3|0|19|0.0|12.6|22.9|15.6|22.9|15.6|22.9|15.6|-|**
9700000US0616920|Hemet Unified School District, CA|0616920|2019-2023|205|22145|1751|16865|1391|76.2|2.9|16780|1392|75.8|2.9|16065|1349|72.5|2.9|715|235|3.2|1.0|85|60|0.4|0.3|5280|803|23.8|2.9|16780|1392|4.3|1.4|11760|929|7715|757|65.6|4.7|7715|757|65.6|4.7|7235|738|61.5|4.7|15945|1347|12155|1273|76.2|3.6|1900|358|11.9|2.2|160|88|1.0|0.6|40|36|0.3|0.2|235|129|1.5|0.8|1460|430|9.2|2.7|37.6|2.5|16065|1349|4125|687|25.7|4.0|3450|589|21.5|3.5|3390|621|21.1|3.3|2100|427|13.1|2.6|3000|821|18.7|4.5|16065|1349|410|239|2.6|1.5|1830|402|11.4|2.5|1065|433|6.6|2.6|190|97|1.2|0.6|1815|456|11.3|2.6|1835|498|11.4|2.7|280|281|1.7|1.7|940|307|5.9|1.8|1565|319|9.7|1.9|3135|510|19.5|3.1|1205|418|7.5|2.5|825|225|5.1|1.4|975|389|6.1|2.3|16065|1349|11490|1160|71.5|3.8|3470|622|21.6|3.6|1095|325|6.8|1.9|15|24|0.1|0.1|46466|2607|60694|3090|45870|3706|22060|1750|20215|1742|91.6|2.0|12060|1279|54.7|3.9|9200|1175|41.7|3.8|1845|425|8.4|1.9|21930|1735|16740|1384|16060|1349|14770|1351|92.0|2.0|9810|1062|61.1|4.6|5880|976|36.6|4.7|1285|321|8.0|2.0|685|225|660|215|96.4|5.0|205|107|29.9|13.4|450|182|65.7|13.9|25|33|3.6|4.8|5185|786|4650|750|89.7|3.4|2015|508|38.9|7.2|2735|531|52.7|7.1|535|185|10.3|3.4|12.5|2.3|12.5|2.3|12.4|2.3|20.0|35.1
9500000US0617040|Hermosa Beach City Elementary School District, CA|0617040|2019-2023|205|2445|294|1970|249|80.6|5.8|1970|249|80.6|5.8|1865|256|76.3|6.6|100|84|4.1|3.5|0|21|0.0|1.7|480|163|19.6|5.7|1970|249|5.1|4.3|1270|201|825|173|65.0|10.8|825|173|65.0|10.8|765|172|60.2|11.2|1815|253|1075|241|59.2|10.4|120|82|6.6|4.3|0|21|0.0|2.3|40|38|2.2|2.1|35|34|1.9|1.9|545|175|30.0|9.1|28.3|5.5|1865|256|1370|260|73.5|8.3|55|41|2.9|2.1|425|146|22.8|7.8|0|21|0.0|2.3|20|27|1.1|1.5|1865|256|0|21|0.0|2.3|45|55|2.4|2.9|120|76|6.4|4.1|45|72|2.4|3.9|225|119|12.1|6.7|35|42|1.9|2.4|135|56|7.2|3.1|295|121|15.8|6.3|450|153|24.1|7.8|380|141|20.4|5.9|85|60|4.6|3.0|30|37|1.6|2.0|20|33|1.1|1.8|1865|256|1605|216|86.1|5.6|145|84|7.8|4.2|115|74|6.2|3.8|0|21|0.0|2.3|191250|32413|250,000+|***|188257|21405|2445|294|2415|293|98.8|1.5|2330|299|95.3|3.8|100|99|4.1|4.1|35|35|1.4|1.4|2430|298|1950|246|1850|257|1830|255|98.9|1.7|1785|264|96.5|4.3|45|72|2.4|3.9|20|32|1.1|1.7|100|84|100|84|100.0|33.1|65|66|65.0|44.8|35|54|35.0|46.5|0|21|0.0|33.1|480|163|465|162|96.9|4.8|460|161|95.8|5.8|4|17|0.8|3.5|10|18|2.1|3.8|2.5|2.7|2.5|2.7|2.5|2.7|0.0|87.6
9700000US0600014|Hesperia Unified School District, CA|0600014|2019-2023|205|18500|1242|12875|977|69.6|2.9|12855|982|69.5|2.9|11730|984|63.4|3.6|1120|429|6.1|2.3|20|31|0.1|0.2|5625|680|30.4|2.9|12855|982|8.7|3.3|9655|684|4770|542|49.4|4.8|4770|542|49.4|4.8|4335|518|44.9|4.6|11520|988|8890|831|77.2|3.9|1385|393|12.0|3.3|40|48|0.3|0.4|85|105|0.7|0.9|195|125|1.7|1.1|925|285|8.0|2.2|45.9|3.4|11730|984|3235|565|27.6|4.1|1595|386|13.6|2.9|2085|383|17.8|2.9|1950|405|16.6|3.1|2865|506|24.4|4.2|11730|984|35|43|0.3|0.4|1925|351|16.4|2.6|730|214|6.2|1.8|315|130|2.7|1.1|1240|381|10.6|3.0|2025|481|17.3|3.8|75|61|0.6|0.5|260|154|2.2|1.3|630|177|5.4|1.5|2460|472|21.0|3.4|660|224|5.6|1.9|865|264|7.4|2.1|515|189|4.4|1.6|11730|984|8720|792|74.3|4.1|1675|370|14.3|2.9|1295|418|11.0|3.2|45|54|0.4|0.5|47324|3620|64274|7668|39303|3455|18475|1247|15640|1095|84.7|3.7|9085|933|49.2|4.3|7170|978|38.8|4.7|2835|763|15.3|3.7|18410|1256|12835|978|11715|982|10175|873|86.9|3.1|7335|790|62.6|4.8|3260|588|27.8|4.5|1540|407|13.1|3.1|1120|429|690|206|61.6|21.3|135|75|12.1|7.5|560|188|50.0|18.4|430|366|38.4|21.2|5575|687|4710|682|84.5|6.1|1595|337|28.6|5.2|3285|601|58.9|7.4|865|357|15.5|6.1|15.9|4.1|15.9|4.1|15.9|4.1|0.0|42.1
9500000US0617160|Hickman Community Charter School District, CA|0617160|2019-2023|205|150|97|135|95|90.0|11.2|135|95|90.0|11.2|100|54|66.7|21.7|35|57|23.3|28.6|0|14|0.0|24.3|15|15|10.0|11.3|135|95|25.9|30.3|65|37|50|36|76.9|24.6|50|36|76.9|24.6|50|36|76.9|24.6|95|51|85|52|89.5|15.2|4|2|4.2|3.1|4|10|4.2|11.0|0|14|0.0|34.2|4|8|4.2|8.4|0|14|0.0|34.2|42.3|24.0|100|54|65|40|65.0|18.4|15|18|15.0|15.7|4|14|4.0|2.1|10|13|10.0|12.9|10|14|10.0|14.7|100|54|15|16|15.0|13.9|4|4|4.0|4.8|4|12|4.0|12.2|4|2|4.0|2.9|4|14|4.0|2.1|4|3|4.0|3.3|0|14|0.0|33.1|0|14|0.0|33.1|0|14|0.0|33.1|50|36|50.0|18.4|0|14|0.0|33.1|4|15|4.0|15.9|10|16|10.0|13.9|100|54|80|45|80.0|17.6|15|19|15.0|16.3|4|15|4.0|15.9|0|14|0.0|33.1|57717|3264|63750|52251|56591|5738|150|97|105|51|70.0|24.5|75|47|50.0|20.3|30|27|20.0|22.6|45|58|30.0|24.9|150|97|135|95|100|54|90|49|90.0|12.9|70|48|70.0|24.2|20|20|20.0|22.4|10|14|10.0|13.4|35|57|0|14|0.0|57.3|0|14|0.0|57.3|0|14|0.0|57.3|35|57|100.0|57.3|15|15|15|15|100.0|87.6|4|2|26.7|65.7|10|15|66.7|66.7|0|14|0.0|87.6|6.7|14.0|6.7|14.0|6.7|14.0|-|**
9500000US0617190|Hillsborough City Elementary School District, CA|0617190|2019-2023|205|1400|300|1150|262|82.1|5.6|1150|262|82.1|5.6|1115|255|79.6|5.9|35|45|2.5|3.1|0|21|0.0|3.0|255|91|18.2|5.5|1150|262|3.0|3.8|665|152|430|122|64.7|11.4|430|122|64.7|11.4|430|122|64.7|11.4|1105|252|550|156|49.8|14.1|20|23|1.8|2.1|10|14|0.9|1.3|10|15|0.9|1.4|0|21|0.0|3.8|515|231|46.6|14.3|30.6|3.4|1115|255|950|231|85.2|8.6|0|21|0.0|3.7|155|101|13.9|8.4|10|16|0.9|1.5|0|21|0.0|3.7|1115|255|0|21|0.0|3.7|10|19|0.9|1.7|200|222|17.9|18.2|20|26|1.8|2.5|15|17|1.3|1.6|10|17|0.9|1.5|55|34|4.9|3.1|305|130|27.4|10.8|205|82|18.4|7.8|215|107|19.3|9.5|20|24|1.8|2.2|25|26|2.2|2.3|35|39|3.1|3.6|1115|255|955|262|85.7|8.8|95|73|8.5|6.8|65|55|5.8|5.2|0|21|0.0|3.7|250,000+|***|250,000+|***|250,000+|***|1400|300|1400|300|100.0|3.0|1400|300|100.0|3.0|0|21|0.0|3.0|0|21|0.0|3.0|1400|300|1150|262|1115|255|1115|255|100.0|3.7|1115|255|100.0|3.7|0|21|0.0|3.7|0|21|0.0|3.7|35|45|35|45|100.0|57.3|35|45|100.0|57.3|0|21|0.0|57.3|0|21|0.0|57.3|255|91|255|91|100.0|15.3|255|91|100.0|15.3|0|21|0.0|15.3|0|21|0.0|15.3|5.0|6.2|5.0|6.2|5.0|6.2|-|**
9700000US0617220|Hilmar Unified School District, CA|0617220|2019-2023|205|1965|513|1435|372|73.0|6.8|1400|377|71.2|7.0|1340|355|68.2|7.5|60|69|3.1|3.3|35|38|1.8|2.1|530|207|27.0|6.8|1400|377|4.3|4.6|1065|242|605|180|56.8|14.1|605|180|56.8|14.1|605|181|56.8|14.1|1375|350|1120|291|81.5|8.3|50|42|3.6|3.0|0|21|0.0|3.0|45|73|3.3|5.3|60|53|4.4|4.0|100|90|7.3|6.0|20.5|4.2|1340|355|465|228|34.7|14.1|125|94|9.3|6.3|295|139|22.0|10.6|435|198|32.5|11.0|15|25|1.1|1.9|1340|355|440|213|32.8|11.5|100|111|7.5|7.9|160|126|11.9|9.5|10|20|0.7|1.5|30|43|2.2|3.2|20|35|1.5|2.8|10|16|0.7|1.2|15|25|1.1|1.8|175|116|13.1|7.7|215|120|16.0|9.1|0|21|0.0|3.1|155|109|11.6|7.5|10|15|0.7|1.1|1340|355|1075|322|80.2|8.8|110|82|8.2|6.2|155|96|11.6|6.6|0|21|0.0|3.1|51632|12237|66051|12641|64650|2888|1930|517|1800|461|93.3|9.4|1255|417|65.0|12.6|560|253|29.0|12.6|130|187|6.7|9.4|1930|517|1400|377|1340|355|1270|329|94.8|7.5|965|288|72.0|12.1|305|181|22.8|12.5|70|101|5.2|7.4|60|69|60|69|100.0|43.8|0|21|0.0|43.8|60|69|100.0|43.8|0|21|0.0|43.8|530|207|470|180|88.7|15.4|290|183|54.7|24.3|190|122|35.8|22.9|60|86|11.3|15.3|16.5|9.0|16.5|9.0|16.5|9.0|-|**
9500000US0617340|Hollister School District, CA|0617340|2019-2023|205|6615|651|5585|635|84.4|3.7|5585|635|84.4|3.7|5065|638|76.6|4.7|520|226|7.9|3.4|0|32|0.0|0.6|1030|249|15.6|3.7|5585|635|9.3|4.0|3620|358|2655|352|73.3|6.2|2655|352|73.3|6.2|2355|385|65.1|7.3|4840|640|3600|631|74.4|6.1|595|186|12.3|3.8|45|47|0.9|1.0|0|32|0.0|0.9|40|48|0.8|1.0|565|192|11.7|4.0|35.9|3.4|5065|638|1525|279|30.1|5.2|915|272|18.1|5.1|745|247|14.7|4.2|1000|262|19.7|4.3|885|274|17.5|4.5|5065|638|475|241|9.4|4.2|530|189|10.5|3.6|520|194|10.3|3.8|195|116|3.8|2.3|370|165|7.3|3.1|340|177|6.7|3.2|20|29|0.4|0.6|195|168|3.8|3.0|560|202|11.1|3.6|1080|231|21.3|4.4|210|112|4.1|2.2|245|121|4.8|2.5|320|144|6.3|2.8|5065|638|4115|639|81.2|4.6|735|189|14.5|3.8|215|127|4.2|2.6|0|32|0.0|0.8|53417|6441|89163|9285|45323|3450|6615|651|6250|650|94.5|2.4|4580|681|69.2|6.4|1870|404|28.3|6.0|365|161|5.5|2.4|6615|651|5585|635|5065|638|4815|637|95.1|2.5|3915|612|77.3|5.3|1035|286|20.4|5.4|250|124|4.9|2.5|520|226|500|226|96.2|7.0|190|144|36.5|21.8|310|170|59.6|20.5|20|35|3.8|6.9|1030|249|935|224|90.8|5.9|475|184|46.1|12.7|525|167|51.0|11.4|95|68|9.2|5.9|9.1|3.7|9.1|3.7|9.1|3.7|-|**
9700000US0617430|Holtville Unified School District, CA|0617430|2019-2023|205|1120|275|895|243|79.9|9.0|895|243|79.9|9.0|860|240|76.8|9.2|30|33|2.7|3.0|0|19|0.0|3.7|225|113|20.1|9.1|895|243|3.4|3.7|520|125|315|104|60.6|16.8|315|104|60.6|16.8|305|103|58.7|16.8|860|240|650|229|75.6|14.4|160|119|18.6|13.1|0|19|0.0|4.8|20|38|2.3|4.8|0|19|0.0|4.8|30|41|3.5|4.9|24.5|5.8|860|240|210|102|24.4|11.8|170|75|19.8|7.8|160|101|18.6|10.9|200|147|23.3|13.2|125|78|14.5|9.1|860|240|360|166|41.9|12.8|50|41|5.8|5.1|30|30|3.5|3.5|0|19|0.0|4.8|60|56|7.0|6.1|40|33|4.7|3.8|0|19|0.0|4.8|30|39|3.5|4.6|40|44|4.7|4.9|100|54|11.6|6.8|85|69|9.9|8.3|15|30|1.7|3.5|55|63|6.4|6.5|860|240|665|196|77.3|10.2|130|77|15.1|7.5|25|39|2.9|4.6|40|53|4.7|5.9|48111|8845|70405|49930|42409|17013|1120|275|1085|279|96.9|4.5|840|287|75.0|11.4|305|132|27.2|12.9|35|50|3.1|4.5|1105|275|880|247|845|243|815|247|96.4|5.7|665|245|78.7|13.5|180|115|21.3|14.1|35|50|4.1|6.0|30|33|30|33|100.0|61.9|30|33|100.0|61.9|0|19|0.0|61.9|0|19|0.0|61.9|225|113|225|113|100.0|17.1|140|90|62.2|19.9|105|62|46.7|23.3|0|19|0.0|17.1|9.8|7.6|9.8|7.6|10.0|7.7|0.0|87.6
9500000US0617490|Hope Elementary School District (Santa Barbara County), CA|0617490|2019-2023|205|1445|401|1305|403|90.3|6.3|1305|403|90.3|6.3|1235|385|85.5|8.3|70|69|4.8|4.5|0|21|0.0|2.9|140|81|9.7|6.3|1305|403|5.4|5.1|740|205|610|214|82.4|11.8|610|214|82.4|11.8|560|196|75.7|13.4|1175|359|720|279|61.3|12.4|215|159|18.3|12.2|0|21|0.0|3.5|15|32|1.3|2.7|45|39|3.8|3.5|180|89|15.3|6.9|13.4|1.4|1235|385|920|295|74.5|8.5|100|123|8.1|9.0|150|90|12.1|6.7|40|37|3.2|3.2|25|39|2.0|3.1|1235|385|25|37|2.0|3.1|70|53|5.7|4.7|85|61|6.9|4.8|0|21|0.0|3.4|65|76|5.3|5.7|0|21|0.0|3.4|25|31|2.0|2.6|55|62|4.5|4.9|425|238|34.4|13.7|400|170|32.4|10.4|20|35|1.6|2.8|10|16|0.8|1.3|55|56|4.5|4.5|1235|385|905|340|73.3|10.9|225|139|18.2|10.6|105|84|8.5|6.9|0|21|0.0|3.4|80313|43292|119485|60485|117917|57719|1445|401|1435|399|99.3|1.2|1325|363|91.7|5.5|170|135|11.8|8.1|10|16|0.7|1.1|1445|401|1305|403|1235|385|1225|382|99.2|1.3|1180|373|95.5|3.8|100|77|8.1|5.7|10|16|0.8|1.3|70|69|70|69|100.0|40.5|30|32|42.9|46.6|40|60|57.1|47.9|0|21|0.0|40.5|140|81|140|81|100.0|25.7|115|55|82.1|24.5|25|45|17.9|24.7|0|21|0.0|25.7|1.7|3.1|1.7|3.1|1.7|3.1|-|**
9500000US0617850|Hueneme Elementary School District, CA|0617850|2019-2023|205|6745|755|5610|722|83.2|3.2|5490|709|81.4|3.4|5230|687|77.5|4.1|260|134|3.9|1.9|120|100|1.8|1.5|1135|214|16.8|3.2|5490|709|4.7|2.4|3505|403|2560|384|73.0|5.2|2485|373|70.9|5.7|2370|368|67.6|6.0|5140|688|3950|651|76.8|4.4|1030|218|20.0|4.5|0|32|0.0|0.8|10|18|0.2|0.3|0|32|0.0|0.8|150|79|2.9|1.5|24.3|2.0|5230|687|835|184|16.0|3.9|970|325|18.5|5.2|430|144|8.2|2.7|2125|446|40.6|5.2|865|223|16.5|4.1|5230|687|1260|255|24.1|4.5|790|375|15.1|6.1|560|205|10.7|3.8|295|186|5.6|3.2|125|56|2.4|1.2|235|123|4.5|2.3|55|49|1.1|0.9|110|75|2.1|1.5|365|148|7.0|2.8|680|194|13.0|3.6|385|136|7.4|2.6|175|101|3.3|1.9|190|114|3.6|2.2|5230|687|4200|639|80.3|6.9|625|231|12.0|4.3|405|331|7.7|6.1|0|32|0.0|0.8|36704|4493|52717|7348|44111|5586|6625|742|4190|626|63.2|6.5|3035|552|45.8|6.0|1290|264|19.5|4.0|2435|516|36.8|6.4|6575|743|5465|708|5205|686|3340|578|64.2|7.1|2695|536|51.8|7.1|740|198|14.2|3.8|1865|443|35.8|7.1|260|134|195|108|75.0|20.1|55|69|21.2|22.1|140|76|53.8|24.3|65|64|25.0|20.2|1110|214|605|150|54.5|10.4|250|92|22.5|7.6|360|125|32.4|10.1|505|161|45.5|10.6|19.1|4.2|19.1|4.2|19.3|4.2|0.0|48.0
9600000US0699012|Hughson Unified School District (9-12), CA|0699012|2019-2023|205|195|98|165|94|84.6|9.5|165|94|84.6|9.5|130|49|66.7|16.9|35|57|17.9|21.2|0|14|0.0|19.4|30|17|15.4|9.5|165|94|21.2|23.6|95|41|70|39|73.7|17.3|70|39|73.7|17.3|65|38|68.4|19.9|120|47|85|44|70.8|16.5|15|12|12.5|9.5|4|10|3.3|8.3|4|1|3.3|1.8|4|8|3.3|6.6|10|15|8.3|11.8|36.3|22.1|130|49|85|46|65.4|19.5|15|15|11.5|10.9|10|12|7.7|8.9|10|13|7.7|11.0|4|10|3.1|7.9|130|49|25|21|19.2|14.9|20|16|15.4|12.6|10|13|7.7|9.8|4|1|3.1|1.6|4|4|3.1|3.2|4|10|3.1|7.9|0|14|0.0|27.3|0|14|0.0|27.3|4|8|3.1|5.8|50|35|38.5|18.1|4|7|3.1|5.3|0|14|0.0|27.3|0|14|0.0|27.3|130|49|95|41|73.1|13.7|20|17|15.4|12.7|15|14|11.5|10.2|0|14|0.0|27.3|58359|3804|117250|63025|-|**|195|98|145|57|74.4|20.2|105|51|53.8|17.8|45|32|23.1|16.5|50|57|25.6|19.9|190|98|160|95|125|50|110|47|88.0|13.1|85|42|68.0|19.6|25|23|20.0|16.7|15|18|12.0|13.8|35|57|4|14|11.4|27.2|4|14|11.4|27.2|0|14|0.0|57.3|35|57|100.0|57.3|25|17|25|17|100.0|67.8|15|14|60.0|48.5|10|13|40.0|47.2|0|14|0.0|67.8|5.1|8.2|5.1|8.2|5.3|8.3|0.0|100.0
9700000US0600060|Hughson Unified School District, CA|0600060|2019-2023|205|1690|408|1460|422|86.4|8.2|1460|422|86.4|8.2|1425|422|84.3|8.1|35|37|2.1|2.3|0|21|0.0|2.5|230|129|13.6|8.2|1460|422|2.4|2.7|780|177|600|164|76.9|12.1|600|164|76.9|12.1|560|166|71.8|11.9|1370|420|1090|367|79.6|9.9|135|109|9.9|7.3|0|21|0.0|3.1|30|39|2.2|2.7|0|21|0.0|3.1|120|100|8.8|7.3|20.8|5.3|1425|422|560|176|39.3|11.5|120|78|8.4|5.1|240|118|16.8|8.5|360|292|25.3|16.3|140|104|9.8|6.6|1425|422|330|282|23.2|16.2|40|40|2.8|2.7|210|119|14.7|7.7|40|46|2.8|3.1|90|64|6.3|4.7|110|91|7.7|6.1|0|21|0.0|2.9|85|90|6.0|6.1|105|70|7.4|5.3|310|143|21.8|8.1|10|17|0.7|1.2|65|61|4.6|4.3|25|33|1.8|2.3|1425|422|965|345|67.7|11.6|260|134|18.2|8.1|200|128|14.0|8.6|0|21|0.0|2.9|63542|24420|76346|26936|57169|37651|1690|408|1650|408|97.6|2.6|1430|447|84.6|10.5|220|157|13.0|10.2|45|42|2.7|2.6|1690|408|1460|422|1425|422|1420|417|99.6|1.8|1335|432|93.7|5.8|80|60|5.6|4.9|4|25|0.3|1.7|35|37|0|21|0.0|57.3|0|21|0.0|57.3|0|21|0.0|57.3|35|37|100.0|57.3|230|129|230|129|100.0|16.8|95|72|41.3|29.7|135|119|58.7|29.4|0|21|0.0|16.8|6.2|4.9|6.2|4.9|6.2|4.9|-|**
9500000US0618030|Huntington Beach City Elementary School District, CA|0618030|2019-2023|205|6160|953|5115|727|83.0|4.3|5115|727|83.0|4.3|5010|738|81.3|4.0|110|59|1.8|1.1|0|32|0.0|0.7|1040|364|16.9|4.3|5115|727|2.2|1.2|3255|537|2465|404|75.7|8.2|2465|404|75.7|8.2|2420|397|74.3|8.2|4965|734|3105|584|62.5|6.1|105|69|2.1|1.4|0|32|0.0|0.9|30|36|0.6|0.7|45|58|0.9|1.2|1675|375|33.7|6.1|28.2|2.0|5010|738|3165|562|63.2|6.5|645|278|12.9|4.8|875|242|17.5|4.4|220|126|4.4|2.6|100|74|2.0|1.5|5010|738|15|27|0.3|0.5|370|193|7.4|3.7|375|131|7.5|2.6|285|162|5.7|3.1|350|155|7.0|3.0|90|59|1.8|1.2|95|54|1.9|1.0|630|192|12.6|3.6|635|204|12.7|3.7|1330|389|26.5|5.9|450|188|9.0|3.4|160|110|3.2|2.1|225|117|4.5|2.2|5010|738|3710|633|74.1|5.4|830|220|16.6|3.8|395|153|7.9|2.9|70|64|1.4|1.3|104228|13487|126317|14404|105882|18133|6160|953|6000|942|97.4|2.1|5430|883|88.1|3.9|685|264|11.1|4.1|160|128|2.6|2.1|6065|945|5060|721|4955|731|4825|725|97.4|2.4|4390|659|88.6|4.6|490|244|9.9|4.6|125|120|2.5|2.4|110|59|110|59|100.0|31.0|100|59|90.9|17.9|10|18|9.1|17.2|0|32|0.0|31.0|1005|359|975|359|97.0|4.4|900|347|89.6|7.4|135|89|13.4|9.4|30|42|3.0|4.3|4.9|2.9|4.9|2.9|4.5|2.9|27.8|42.1
9600000US0618060|Huntington Beach Union High School District, CA|0618060|2019-2023|205|18835|1163|15460|1021|82.1|2.0|15460|1021|82.1|2.0|14945|985|79.3|2.0|515|177|2.7|0.9|0|32|0.0|0.2|3370|427|17.9|2.0|15460|1021|3.3|1.1|9815|613|7400|569|75.4|3.1|7400|569|75.4|3.1|7120|555|72.5|3.1|14610|968|10250|876|70.2|3.5|1455|302|10.0|2.1|30|33|0.2|0.2|160|77|1.1|0.5|90|54|0.6|0.4|2620|497|17.9|3.1|27.9|1.4|14945|985|8145|745|54.5|3.7|2055|413|13.8|2.7|2675|420|17.9|2.5|670|220|4.5|1.4|1400|294|9.4|1.9|14945|985|35|35|0.2|0.2|710|236|4.8|1.4|2150|444|14.4|2.9|445|187|3.0|1.2|1490|290|10.0|1.9|355|124|2.4|0.8|310|136|2.1|0.9|1305|300|8.7|1.9|1620|291|10.8|2.0|3755|495|25.1|2.8|1295|316|8.7|2.0|765|206|5.1|1.4|705|163|4.7|1.1|14945|985|10635|873|71.2|3.2|2950|431|19.7|2.6|1345|272|9.0|1.8|15|24|0.1|0.2|71519|3980|95603|9660|74519|14136|18835|1163|17815|1097|94.6|2.0|14385|1044|76.4|3.6|4335|701|23.0|3.4|1020|391|5.4|2.0|18555|1149|15350|1021|14830|985|14095|962|95.0|1.8|11985|932|80.8|3.4|2720|541|18.3|3.4|740|268|5.0|1.8|515|177|515|177|100.0|7.9|350|148|68.0|19.8|185|128|35.9|20.6|0|32|0.0|7.9|3205|411|2925|385|91.3|5.7|1895|330|59.1|6.6|1190|221|37.1|6.2|280|192|8.7|5.7|8.1|2.6|8.1|2.6|7.8|2.5|25.0|21.5
9700000US0618210|Imperial Unified School District, CA|0618210|2019-2023|205|3575|642|2670|519|74.7|6.7|2670|519|74.7|6.7|2570|506|71.9|6.3|100|115|2.8|3.2|0|25|0.0|1.2|905|297|25.3|6.7|2670|519|3.7|4.2|1760|354|955|258|54.3|11.8|955|258|54.3|11.8|900|248|51.1|11.4|2550|499|2110|498|82.7|8.1|280|173|11.0|7.2|0|25|0.0|1.7|65|75|2.5|3.0|0|25|0.0|1.7|95|101|3.7|3.8|19.7|3.1|2570|506|1115|337|43.4|10.8|770|286|30.0|9.6|325|208|12.6|7.3|255|150|9.9|5.8|100|97|3.9|3.6|2570|506|45|50|1.8|2.0|50|62|1.9|2.4|130|118|5.1|4.2|0|25|0.0|1.6|205|182|8.0|6.6|155|153|6.0|6.0|25|44|1.0|1.7|65|71|2.5|2.9|75|66|2.9|2.7|775|281|30.2|9.7|40|88|1.6|3.4|65|80|2.5|3.0|940|377|36.6|12.7|2570|506|1275|443|49.6|13.3|1230|400|47.9|13.1|60|70|2.3|2.8|0|25|0.0|1.6|78209|12491|84386|23857|94144|20204|3575|642|3260|587|91.2|4.8|2625|553|73.4|8.8|770|323|21.5|8.1|315|183|8.8|4.8|3575|642|2670|519|2570|506|2460|491|95.7|3.2|2140|464|83.3|9.3|410|265|16.0|9.4|105|81|4.1|3.1|100|115|100|115|100.0|33.1|4|38|4.0|54.4|100|109|100.0|33.1|0|25|0.0|33.1|905|297|700|270|77.3|15.3|485|226|53.6|18.1|260|178|28.7|17.2|210|148|23.2|15.4|8.4|5.0|8.4|5.0|8.4|5.0|-|**
9700000US0618390|Inglewood Unified School District, CA|0618390|2019-2023|205|11900|962|9825|822|82.6|2.4|9825|822|82.6|2.4|9350|789|78.6|2.7|480|191|4.0|1.6|0|32|0.0|0.4|2075|343|17.4|2.4|9825|822|4.9|1.9|6750|601|4925|526|73.0|4.1|4925|526|73.0|4.1|4690|486|69.5|4.4|9025|791|5980|619|66.3|3.9|1680|420|18.6|4.1|210|106|2.3|1.2|250|148|2.8|1.6|180|85|2.0|1.0|730|225|8.1|2.5|30.8|2.0|9350|789|3095|479|33.1|4.5|2370|424|25.3|3.9|1375|291|14.7|2.9|1255|337|13.4|3.4|1255|262|13.4|2.5|9350|789|0|32|0.0|0.5|1140|362|12.2|3.6|735|197|7.9|2.0|145|89|1.6|0.9|565|175|6.0|1.9|790|229|8.4|2.4|260|140|2.8|1.4|330|132|3.5|1.4|1350|293|14.4|2.7|2080|367|22.2|3.4|810|232|8.7|2.5|560|175|6.0|1.9|585|254|6.3|2.7|9350|789|6655|694|71.2|4.0|1555|370|16.6|3.8|1090|263|11.7|2.7|50|52|0.5|0.5|42059|4000|55781|5157|56982|9391|11900|962|10045|877|84.4|3.4|6740|772|56.6|4.8|3960|584|33.3|4.2|1855|443|15.6|3.4|11720|951|9750|824|9270|790|7955|694|85.8|3.7|5845|668|63.1|4.9|2610|428|28.2|4.3|1320|382|14.2|3.7|480|191|350|173|72.9|19.3|170|121|35.4|22.4|245|161|51.0|22.0|125|98|26.0|19.0|1970|328|1560|295|79.2|7.8|680|209|34.5|9.4|925|254|47.0|10.2|410|167|20.8|7.7|16.1|3.3|16.1|3.3|16.3|3.4|8.3|12.8
9700000US0684500|Irvine Unified School District, CA|0684500|2019-2023|205|40265|2063|32490|2132|80.7|2.0|32445|2122|80.6|2.0|31100|1934|77.2|1.9|1345|451|3.3|1.1|45|45|0.1|0.1|7775|716|19.3|2.0|32445|2122|4.1|1.3|20825|1181|14155|1281|68.0|3.3|14155|1281|68.0|3.3|13265|1172|63.7|3.3|30575|1925|17460|1554|57.1|3.1|1930|383|6.3|1.3|45|49|0.1|0.2|480|163|1.6|0.5|590|290|1.9|0.9|10070|1048|32.9|3.0|25.2|1.2|31100|1934|22795|1828|73.3|3.3|1640|392|5.3|1.2|5060|728|16.3|2.4|455|421|1.5|1.3|1155|348|3.7|1.1|31100|1934|325|416|1.0|1.3|620|197|2.0|0.6|4165|658|13.4|1.8|1450|446|4.7|1.4|2430|575|7.8|1.6|1160|299|3.7|0.9|805|211|2.6|0.7|3975|690|12.8|2.1|6870|697|22.1|2.1|6825|843|21.9|2.2|850|305|2.7|1.0|905|243|2.9|0.8|720|222|2.3|0.7|31100|1934|25170|1820|80.9|2.1|3640|631|11.7|1.9|2185|406|7.0|1.3|100|69|0.3|0.2|109531|6489|146814|7952|114102|7536|40220|2050|38615|1907|96.0|1.2|35740|1910|88.9|1.8|4025|642|10.0|1.6|1610|505|4.0|1.2|40025|2058|32310|2130|30965|1941|30080|1932|97.1|0.8|28570|1929|92.3|1.4|2095|412|6.8|1.4|880|262|2.8|0.8|1345|451|1070|206|79.6|22.0|795|176|59.1|18.5|325|125|24.2|9.7|275|369|20.4|22.0|7715|716|7260|683|94.1|3.0|6250|608|81.0|4.2|1410|358|18.3|4.0|450|236|5.8|2.9|6.1|1.2|6.1|1.2|6.1|1.2|0.0|19.0
9500000US0618660|Jacoby Creek Elementary School District, CA|0618660|2019-2023|205|375|146|375|146|100.0|10.7|375|146|100.0|10.7|315|103|84.0|17.9|55|76|14.7|16.8|0|14|0.0|10.7|0|14|0.0|10.7|375|146|14.7|16.8|225|83|225|83|100.0|17.1|225|83|100.0|17.1|215|81|95.6|7.6|300|99|225|94|75.0|11.9|20|22|6.7|7.4|0|14|0.0|13.2|10|13|3.3|4.5|0|14|0.0|13.2|45|26|15.0|8.8|19.4|5.7|315|103|190|75|60.3|15.8|55|40|17.5|10.5|35|30|11.1|9.1|25|30|7.9|8.3|15|16|4.8|4.9|315|103|10|15|3.2|4.6|35|33|11.1|9.5|10|14|3.2|4.4|0|14|0.0|12.6|20|25|6.3|8.0|0|14|0.0|12.6|0|14|0.0|12.6|4|7|1.3|2.3|15|17|4.8|5.4|120|64|38.1|14.6|55|45|17.5|12.4|25|27|7.9|8.1|20|22|6.3|7.2|315|103|210|83|66.7|15.8|60|29|19.0|8.6|45|52|14.3|14.6|0|14|0.0|12.6|45139|29519|96875|26088|77625|70186|375|146|375|146|100.0|10.7|225|76|60.0|24.6|165|130|44.0|22.9|0|14|0.0|10.7|375|146|375|146|315|103|315|103|100.0|12.6|220|77|69.8|17.1|115|68|36.5|16.6|0|14|0.0|12.6|55|76|55|76|100.0|45.7|4|20|7.3|54.6|50|76|90.9|50.8|0|14|0.0|45.7|0|14|0|14|-|**|0|14|-|**|0|14|-|**|0|14|-|**|1.1|1.2|1.1|1.2|1.1|1.2|-|**
9500000US0618730|Jamul-Dulzura Union Elementary School District, CA|0618730|2019-2023|205|780|246|715|223|91.7|8.7|715|223|91.7|8.7|685|214|87.8|9.0|30|46|3.8|5.8|0|21|0.0|5.3|65|72|8.3|8.5|715|223|4.2|6.2|475|142|420|125|88.4|14.3|420|125|88.4|14.3|420|125|88.4|14.3|680|212|610|207|89.7|8.4|0|21|0.0|6.1|15|22|2.2|3.2|0|21|0.0|6.1|0|21|0.0|6.1|55|54|8.1|7.8|42.4|5.5|685|214|235|126|34.3|16.7|135|82|19.7|11.6|235|174|34.3|20.3|10|21|1.5|3.1|70|60|10.2|8.7|685|214|0|21|0.0|6.0|25|27|3.6|3.9|75|69|10.9|9.6|20|28|2.9|4.0|90|66|13.1|8.3|10|15|1.5|2.2|0|21|0.0|6.0|4|5|0.6|0.8|135|80|19.7|12.5|85|66|12.4|9.2|85|82|12.4|10.8|15|25|2.2|3.5|145|96|21.2|11.6|685|214|415|140|60.6|10.2|195|100|28.5|10.4|75|64|10.9|8.8|0|21|0.0|6.0|79028|47241|123789|6236|54769|49997|780|246|780|246|100.0|5.3|645|240|82.7|13.6|190|115|24.4|13.0|0|21|0.0|5.3|780|246|715|223|685|214|685|214|100.0|6.0|580|210|84.7|10.8|160|86|23.4|12.4|0|21|0.0|6.0|30|46|30|46|100.0|61.9|0|21|0.0|61.9|30|46|100.0|61.9|0|21|0.0|61.9|65|72|65|72|100.0|42.1|65|72|100.0|42.1|0|21|0.0|42.1|0|21|0.0|42.1|6.4|5.5|6.4|5.5|6.4|5.5|-|**
9500000US0618840|Jefferson Elementary School District (San Joaquin County), CA|0618840|2019-2023|205|3295|693|2660|615|80.7|5.8|2660|615|80.7|5.8|2575|617|78.1|6.2|85|70|2.6|2.2|0|21|0.0|1.3|640|217|19.4|5.8|2660|615|3.2|2.8|1700|378|1150|324|67.6|10.5|1150|324|67.6|10.5|1075|330|63.2|11.3|2385|440|1470|342|61.6|7.8|215|101|9.0|3.9|45|44|1.9|1.8|10|24|0.4|1.0|50|60|2.1|2.6|595|184|24.9|6.5|49.1|5.8|2575|617|1925|601|74.8|8.0|130|75|5.0|3.1|315|132|12.2|5.5|130|77|5.0|3.0|80|64|3.1|2.6|2575|617|15|22|0.6|0.9|280|255|10.9|8.3|175|96|6.8|3.8|85|71|3.3|2.7|245|131|9.5|5.5|55|45|2.1|1.8|120|86|4.7|3.4|220|169|8.5|6.3|500|134|19.4|6.1|690|286|26.8|6.7|25|25|1.0|1.0|0|21|0.0|1.6|160|118|6.2|4.6|2575|617|1915|384|74.4|8.6|525|298|20.4|8.4|135|114|5.2|4.2|0|21|0.0|1.6|88977|10008|145040|45877|74950|29291|3295|693|3255|685|98.8|1.1|3190|695|96.8|2.2|155|90|4.7|3.0|40|38|1.2|1.1|3295|693|2655|614|2570|617|2555|616|99.4|1.2|2510|617|97.7|2.3|100|68|3.9|2.8|15|31|0.6|1.2|85|70|85|70|100.0|36.7|70|65|82.4|30.0|20|26|23.5|32.9|0|21|0.0|36.7|640|217|615|216|96.1|5.0|610|217|95.3|5.4|35|39|5.5|6.3|25|31|3.9|5.0|3.5|2.6|3.5|2.6|3.5|2.6|0.0|100.0
9500000US0618870|Jefferson Elementary School District (San Mateo County), CA|0618870|2019-2023|205|5575|751|4795|661|86.0|3.5|4780|663|85.7|3.5|4385|602|78.7|3.9|395|164|7.1|2.7|15|16|0.3|0.3|780|231|14.0|3.5|4780|663|8.3|3.1|3015|407|2495|372|82.8|5.8|2495|372|82.8|5.8|2250|361|74.6|6.1|4285|586|2550|482|59.5|5.5|700|187|16.3|4.8|310|166|7.2|3.8|80|76|1.9|1.7|50|70|1.2|1.7|595|217|13.9|4.6|26.7|2.2|4385|602|1510|337|34.4|6.4|1030|282|23.5|5.6|955|270|21.8|4.8|405|164|9.2|3.4|485|162|11.1|3.9|4385|602|0|32|0.0|1.0|345|167|7.9|3.4|185|108|4.2|2.5|25|30|0.6|0.7|325|161|7.4|3.3|295|131|6.7|3.0|90|86|2.1|1.9|325|140|7.4|3.0|765|206|17.4|4.6|845|218|19.3|4.3|605|241|13.8|4.9|295|133|6.7|3.0|285|122|6.5|2.9|4385|602|3285|560|74.9|4.7|770|167|17.6|4.1|325|142|7.4|3.1|0|32|0.0|1.0|51354|6993|65849|6712|61523|10722|5560|754|5050|693|90.8|3.6|3850|524|69.2|6.4|1355|423|24.4|6.0|515|219|9.3|3.6|5560|754|4780|663|4385|602|3995|565|91.1|4.3|3260|466|74.3|6.7|835|321|19.0|6.2|390|202|8.9|4.3|395|164|360|157|91.1|13.5|120|81|30.4|20.8|260|146|65.8|21.2|35|57|8.9|13.8|780|231|695|225|89.1|7.8|465|181|59.6|13.6|265|133|34.0|14.0|90|58|11.5|7.7|7.0|3.6|7.0|3.6|7.0|3.6|-|**
9600000US0618930|Jefferson Union High School District, CA|0618930|2019-2023|205|6470|883|5635|797|87.1|3.2|5635|797|87.1|3.2|5280|765|81.6|3.5|355|177|5.5|2.7|0|32|0.0|0.7|840|233|13.0|3.2|5635|797|6.3|3.0|3400|472|2835|438|83.4|5.4|2835|438|83.4|5.4|2635|427|77.5|5.6|5125|717|3130|576|61.1|6.0|650|176|12.7|3.4|390|151|7.6|2.6|185|109|3.6|2.0|40|36|0.8|0.7|730|172|14.2|3.6|27.5|2.4|5280|765|2000|314|37.9|5.8|1270|424|24.1|6.3|1040|297|19.7|4.7|310|135|5.9|2.4|655|200|12.4|3.4|5280|765|20|27|0.4|0.5|345|152|6.5|2.6|365|138|6.9|2.6|65|62|1.2|1.2|485|242|9.2|4.3|535|220|10.1|3.7|60|77|1.1|1.5|345|137|6.5|2.3|600|144|11.4|2.9|1240|300|23.5|4.7|560|214|10.6|3.4|425|147|8.0|2.8|235|111|4.5|2.0|5280|765|3795|578|71.9|5.1|980|285|18.6|4.6|480|183|9.1|2.9|25|30|0.5|0.6|61548|7387|87500|17105|62639|6809|6470|883|6210|850|96.0|2.4|5320|718|82.2|5.3|1000|357|15.5|4.6|260|164|4.0|2.4|6440|879|5615|797|5260|765|5075|740|96.5|2.2|4505|624|85.6|5.7|660|318|12.5|5.3|185|122|3.5|2.2|355|177|310|164|87.3|16.1|225|169|63.4|28.5|85|73|23.9|22.7|45|61|12.7|16.6|825|227|795|224|96.4|5.2|580|188|70.3|11.6|225|106|27.3|11.1|30|43|3.6|5.2|6.0|3.1|6.0|3.1|6.0|3.1|13.3|66.2
9700000US0618990|John Swett Unified School District, CA|0618990|2019-2023|205|1335|312|1165|277|87.3|6.3|1165|277|87.3|6.3|1150|276|86.1|6.3|15|23|1.1|1.7|0|21|0.0|3.1|170|95|12.7|6.2|1165|277|1.3|2.0|840|207|730|191|86.9|9.2|730|191|86.9|9.2|725|192|86.3|9.2|1110|271|815|217|73.4|12.2|50|67|4.5|5.9|125|140|11.3|11.6|0|21|0.0|3.8|0|21|0.0|3.8|125|74|11.3|6.4|41.5|10.8|1150|276|430|182|37.4|11.5|265|116|23.0|8.1|200|93|17.4|9.1|155|92|13.5|6.6|105|79|9.1|6.6|1150|276|10|16|0.9|1.5|130|87|11.3|6.3|45|41|3.9|3.5|30|36|2.6|3.1|120|71|10.4|6.0|70|56|6.1|4.4|20|26|1.7|2.3|60|48|5.2|4.1|50|60|4.3|5.0|395|155|34.3|12.7|40|46|3.5|3.9|40|32|3.5|2.9|135|137|11.7|11.1|1150|276|775|244|67.4|12.6|325|158|28.3|12.4|50|40|4.3|3.3|0|21|0.0|3.6|59574|14918|79531|23553|78705|42318|1335|312|1290|306|96.6|4.8|1125|275|84.3|9.1|190|118|14.2|7.9|45|68|3.4|4.9|1335|312|1165|277|1150|276|1105|271|96.1|5.6|1020|256|88.7|8.9|85|90|7.4|7.4|45|68|3.9|5.7|15|23|15|23|100.0|87.6|15|23|100.0|87.6|0|21|0.0|87.6|0|21|0.0|87.6|170|95|170|95|100.0|21.9|90|61|52.9|30.5|105|78|61.8|26.9|0|21|0.0|21.9|17.2|10.7|17.2|10.7|17.2|10.7|-|**
9500000US0619200|Junction Elementary School District (Shasta County), CA|0619200|2019-2023|205|405|138|355|135|87.7|8.9|355|135|87.7|8.9|355|135|87.7|8.9|0|14|0.0|10.0|0|14|0.0|10.0|50|36|12.3|9.0|355|135|0.0|11.3|220|73|170|74|77.3|16.7|170|74|77.3|16.7|170|74|77.3|16.7|345|135|260|116|75.4|12.8|30|24|8.7|8.9|0|14|0.0|11.6|0|14|0.0|11.6|0|14|0.0|11.6|50|52|14.5|13.0|18.5|4.5|355|135|255|115|71.8|14.0|30|27|8.5|8.6|50|54|14.1|12.9|0|14|0.0|11.3|25|27|7.0|8.1|355|135|45|53|12.7|13.1|0|14|0.0|11.3|4|11|1.1|3.4|0|14|0.0|11.3|10|14|2.8|3.8|10|16|2.8|4.8|0|14|0.0|11.3|65|70|18.3|14.6|90|61|25.4|14.8|100|41|28.2|15.1|10|14|2.8|4.1|0|14|0.0|11.3|20|26|5.6|6.9|355|135|245|136|69.0|18.3|100|55|28.2|17.0|10|17|2.8|5.0|0|14|0.0|11.3|91573|14194|106447|47922|91774|34041|405|138|405|138|100.0|10.0|380|137|93.8|6.9|50|52|12.3|13.0|0|14|0.0|10.0|405|138|355|135|355|135|355|135|100.0|11.3|340|136|95.8|8.3|25|26|7.0|7.9|0|14|0.0|11.3|0|14|0|14|-|**|0|14|-|**|0|14|-|**|0|14|-|**|50|36|50|36|100.0|48.0|40|33|80.0|30.7|25|29|50.0|49.4|0|14|0.0|48.0|3.7|6.4|3.7|6.4|3.7|6.4|-|**
9700000US0619260|Jurupa Unified School District, CA|0619260|2019-2023|205|16735|908|12930|902|77.3|2.6|12930|902|77.3|2.6|12260|913|73.3|2.8|670|244|4.0|1.5|0|32|0.0|0.3|3805|446|22.7|2.6|12930|902|5.2|1.9|8965|551|5590|611|62.4|4.4|5590|611|62.4|4.4|5155|594|57.5|4.4|11790|883|9155|787|77.7|2.9|1215|228|10.3|2.0|100|78|0.8|0.7|205|120|1.7|1.0|210|121|1.8|1.0|905|244|7.7|1.9|33.0|2.6|12260|913|3365|591|27.4|4.1|2030|354|16.6|2.9|1885|371|15.4|2.8|2245|391|18.3|3.1|2740|507|22.3|3.6|12260|913|100|70|0.8|0.6|2185|450|17.8|3.4|1490|322|12.2|2.4|565|188|4.6|1.5|890|260|7.3|2.0|1260|395|10.3|3.1|190|114|1.5|0.9|655|304|5.3|2.4|855|225|7.0|1.9|2050|361|16.7|2.6|850|278|6.9|2.2|500|190|4.1|1.5|670|219|5.5|1.8|12260|913|9815|870|80.1|3.2|1565|299|12.8|2.4|870|220|7.1|1.7|10|13|0.1|0.1|51178|5044|67315|8346|48597|7098|16735|908|13930|1048|83.2|3.2|10485|960|62.7|3.9|4075|540|24.4|3.0|2805|508|16.8|3.2|16625|911|12895|900|12225|910|10505|938|85.9|2.7|8580|844|70.2|4.1|2325|434|19.0|3.1|1720|321|14.1|2.8|670|244|500|195|74.6|16.3|95|59|14.2|9.2|435|185|64.9|15.3|170|139|25.4|16.7|3735|440|2815|411|75.4|5.8|1755|326|47.0|5.8|1220|244|32.7|5.6|920|234|24.6|5.8|12.5|2.5|12.5|2.5|12.6|2.5|0.0|31.0
9700000US0619320|Kelseyville Unified School District, CA|0619320|2019-2023|205|1290|348|1120|353|86.8|8.4|1120|353|86.8|8.4|935|325|72.5|10.6|180|114|14.0|8.4|0|21|0.0|3.2|175|102|13.6|8.5|1120|353|16.1|9.5|700|195|540|214|77.1|15.7|540|214|77.1|15.7|520|213|74.3|16.5|935|325|550|250|58.8|16.0|190|152|20.3|13.2|0|21|0.0|4.4|0|21|0.0|4.4|0|21|0.0|4.4|195|140|20.9|15.8|36.8|16.2|935|325|370|143|39.6|10.9|75|81|8.0|7.5|180|139|19.3|12.2|85|76|9.1|9.0|225|160|24.1|13.9|935|325|40|52|4.3|5.7|130|122|13.9|13.8|165|142|17.6|12.5|4|11|0.4|1.3|135|121|14.4|10.9|70|71|7.5|7.8|10|26|1.1|2.9|0|21|0.0|4.4|120|90|12.8|10.8|65|66|7.0|6.8|115|128|12.3|10.6|20|35|2.1|3.8|65|47|7.0|5.5|935|325|665|258|71.1|13.8|125|69|13.4|7.7|145|128|15.5|11.4|0|21|0.0|4.4|41250|20633|64708|36362|29387|18303|1290|348|1165|377|90.3|10.9|770|300|59.7|14.9|485|234|37.6|15.8|125|134|9.7|11.0|1290|348|1120|353|935|325|870|346|93.0|8.3|650|284|69.5|14.2|310|177|33.2|16.6|65|67|7.0|8.1|180|114|180|114|100.0|20.8|95|68|52.8|35.0|85|90|47.2|35.6|0|21|0.0|20.8|175|102|115|77|65.7|31.8|20|33|11.4|18.9|90|67|51.4|31.3|60|70|34.3|32.1|10.9|11.4|10.9|11.4|10.9|11.4|-|**
9500000US0619380|Kentfield Elementary School District, CA|0619380|2019-2023|205|1340|263|1055|221|78.7|5.0|1055|221|78.7|5.0|1010|211|75.4|5.4|45|41|3.4|3.0|0|21|0.0|3.1|285|82|21.3|4.9|1055|221|4.3|3.7|665|122|395|101|59.4|10.4|395|101|59.4|10.4|360|100|54.1|11.3|1010|211|560|187|55.4|12.1|15|25|1.5|2.4|90|60|8.9|5.4|0|21|0.0|4.1|4|16|0.4|1.6|340|106|33.7|10.5|29.7|4.0|1010|211|740|151|73.3|10.7|80|54|7.9|5.2|190|132|18.8|10.8|4|13|0.4|1.3|0|21|0.0|4.1|1010|211|0|21|0.0|4.1|55|58|5.4|5.8|50|37|5.0|3.5|15|19|1.5|1.9|60|87|5.9|7.9|0|21|0.0|4.1|20|24|2.0|2.4|205|81|20.3|7.5|315|113|31.2|10.6|195|107|19.3|9.4|60|34|5.9|3.5|15|22|1.5|2.2|20|26|2.0|2.5|1010|211|885|210|87.6|6.5|50|39|5.0|3.9|70|53|6.9|5.3|0|21|0.0|4.1|170724|62373|250,000+|***|137000|79420|1340|263|1340|263|100.0|3.1|1175|233|87.7|8.1|165|119|12.3|8.0|0|21|0.0|3.1|1340|263|1055|221|1010|211|1010|211|100.0|4.1|875|181|86.6|10.5|135|116|13.4|10.3|0|21|0.0|4.1|45|41|45|41|100.0|50.6|45|41|100.0|50.6|0|21|0.0|50.6|0|21|0.0|50.6|285|82|285|82|100.0|13.8|255|78|89.5|7.8|30|23|10.5|7.7|0|21|0.0|13.8|5.6|5.4|5.6|5.4|5.6|5.4|-|**
9500000US0619440|Keppel Union Elementary School District, CA|0619440|2019-2023|205|2340|566|1335|322|57.1|7.3|1335|322|57.1|7.3|1325|325|56.6|7.3|10|22|0.4|1.0|0|21|0.0|1.8|1005|330|42.9|7.3|1335|322|0.7|1.7|1165|313|335|130|28.8|9.6|335|130|28.8|9.6|320|130|27.5|9.3|1325|325|1050|324|79.2|9.7|110|80|8.3|5.8|0|21|0.0|3.2|10|19|0.8|1.5|10|20|0.8|1.6|140|83|10.6|6.7|49.4|8.1|1325|325|210|105|15.8|8.0|210|128|15.8|7.4|55|52|4.2|3.8|545|225|41.1|12.6|305|132|23.0|9.9|1325|325|0|21|0.0|3.2|320|151|24.2|9.5|300|139|22.6|9.3|0|21|0.0|3.2|50|50|3.8|3.9|125|100|9.4|7.8|0|21|0.0|3.2|35|43|2.6|3.3|160|115|12.1|7.8|175|94|13.2|6.2|70|64|5.3|4.6|60|85|4.5|6.2|30|38|2.3|3.1|1325|325|1150|326|86.8|6.7|110|68|8.3|5.4|60|58|4.5|4.6|0|21|0.0|3.2|54949|8083|62500|6076|43114|4892|2340|566|2110|516|90.2|3.5|1245|427|53.2|14.2|880|376|37.6|13.1|230|99|9.8|3.5|2340|566|1335|322|1325|325|1220|316|92.1|5.4|890|304|67.2|14.0|340|182|25.7|13.4|105|71|7.9|5.4|10|22|0|21|0.0|100.0|0|21|0.0|100.0|0|21|0.0|100.0|10|22|100.0|100.0|1005|330|890|289|88.6|6.7|355|157|35.3|14.2|540|245|53.7|14.8|115|82|11.4|6.7|12.4|6.8|12.4|6.8|12.4|6.8|-|**
9700000US0619490|Kerman Unified School District, CA|0619490|2019-2023|205|4215|637|3065|631|72.7|7.0|3065|631|72.7|7.0|2775|592|65.8|9.1|295|300|7.0|6.8|0|25|0.0|1.0|1150|290|27.3|7.0|3065|631|9.6|9.3|2540|383|1475|355|58.1|9.5|1475|355|58.1|9.5|1285|332|50.6|10.6|2760|597|2220|536|80.4|6.8|235|118|8.5|4.4|0|25|0.0|1.5|120|94|4.3|3.2|125|130|4.5|4.5|60|60|2.2|2.2|22.2|3.6|2775|592|730|256|26.3|8.7|410|233|14.8|7.0|480|230|17.3|7.3|850|282|30.6|7.1|300|149|10.8|5.5|2775|592|655|231|23.6|9.1|350|246|12.6|7.6|190|146|6.8|5.0|45|43|1.6|1.6|310|192|11.2|6.8|85|69|3.1|2.5|10|17|0.4|0.6|50|80|1.8|2.8|145|110|5.2|3.8|710|304|25.6|7.7|75|74|2.7|2.7|65|78|2.3|2.8|75|82|2.7|3.0|2775|592|2130|488|76.8|6.8|405|196|14.6|6.2|240|145|8.6|5.1|0|25|0.0|1.5|36242|4829|42969|36218|40833|32572|4215|637|3775|661|89.6|6.2|1855|460|44.0|8.8|2175|573|51.6|9.7|440|259|10.4|6.2|4215|637|3065|631|2775|592|2505|586|90.3|6.3|1540|428|55.5|9.3|1205|462|43.4|11.6|270|173|9.7|6.2|295|300|295|300|100.0|13.4|15|18|5.1|9.2|275|297|93.2|10.1|0|25|0.0|13.4|1150|290|980|307|85.2|11.2|295|172|25.7|12.7|695|245|60.4|13.8|170|124|14.8|11.2|22.9|8.3|22.9|8.3|22.9|8.3|-|**
9600000US0619540|Kern High School District, CA|0619540|2019-2023|205|46985|1997|37015|1888|78.8|1.8|36975|1887|78.7|1.7|35125|1870|74.8|1.8|1850|325|3.9|0.7|40|37|0.1|0.1|9965|865|21.2|1.8|36975|1887|5.0|0.9|26015|1102|17935|1137|68.9|2.8|17935|1137|68.9|2.8|16715|1098|64.3|2.8|34170|1786|27750|1554|81.2|2.0|3500|549|10.2|1.4|220|180|0.6|0.5|160|104|0.5|0.3|255|113|0.7|0.3|2290|465|6.7|1.3|24.0|0.9|35125|1870|9840|1004|28.0|2.4|6395|713|18.2|1.7|4760|584|13.6|1.5|8225|906|23.4|2.3|5905|667|16.8|1.7|35125|1870|6410|918|18.2|2.3|3095|482|8.8|1.3|1835|369|5.2|1.0|745|254|2.1|0.7|2455|428|7.0|1.1|2945|477|8.4|1.3|230|115|0.7|0.3|1140|392|3.2|1.1|2700|408|7.7|1.2|7685|861|21.9|2.2|2320|449|6.6|1.2|1860|639|5.3|1.8|1715|329|4.9|0.9|35125|1870|26035|1668|74.1|2.2|5760|690|16.4|1.9|3230|568|9.2|1.5|95|70|0.3|0.2|41166|1832|59131|3792|46143|2985|46945|1998|41630|1862|88.7|1.4|25600|1704|54.5|2.6|18205|1369|38.8|2.5|5315|701|11.3|1.4|46635|2003|36865|1893|35015|1876|31340|1775|89.5|1.6|22035|1575|62.9|2.9|10850|1016|31.0|2.5|3670|574|10.5|1.5|1850|325|1610|321|87.0|6.4|385|133|20.8|7.3|1345|305|72.7|8.1|245|117|13.2|6.3|9770|859|8385|806|85.8|2.8|3105|459|31.8|3.8|5735|705|58.7|4.4|1385|289|14.2|2.8|19.8|1.8|19.8|1.8|19.9|1.8|14.8|17.4
9500000US0619620|Keyes Union Elementary School District, CA|0619620|2019-2023|205|870|381|620|259|71.3|15.4|620|259|71.3|15.4|500|234|57.5|11.7|120|107|13.8|13.1|0|19|0.0|4.8|250|196|28.7|15.5|620|259|19.4|15.8|445|183|325|177|73.0|19.5|325|177|73.0|19.5|260|152|58.4|20.4|425|184|370|181|87.1|10.3|40|34|9.4|9.0|0|19|0.0|9.5|10|16|2.4|3.6|4|10|0.9|2.5|0|19|0.0|9.5|32.7|9.7|500|234|90|80|18.0|13.8|105|96|21.0|16.1|55|46|11.0|9.4|170|138|34.0|21.7|80|70|16.0|13.0|500|234|80|109|16.0|19.6|95|87|19.0|16.0|20|31|4.0|6.7|15|25|3.0|5.2|15|23|3.0|4.8|30|48|6.0|9.7|0|19|0.0|8.1|0|19|0.0|8.1|135|112|27.0|18.8|100|88|20.0|11.8|4|10|0.8|2.2|10|15|2.0|3.1|0|19|0.0|8.1|500|234|420|182|84.0|11.3|75|77|15.0|12.1|10|16|2.0|3.1|0|19|0.0|8.1|25632|15917|83808|23857|-|**|870|381|765|381|87.9|12.7|385|234|44.3|23.1|380|303|43.7|24.2|105|105|12.1|12.7|860|381|615|258|495|233|495|233|100.0|8.2|275|173|55.6|25.6|215|163|43.4|25.6|0|19|0.0|8.2|120|107|15|30|12.5|29.2|0|19|0.0|29.0|15|30|12.5|29.2|105|105|87.5|28.0|250|196|250|196|100.0|15.6|100|86|40.0|39.6|150|174|60.0|39.7|0|19|0.0|15.6|29.9|25.9|29.9|25.9|30.2|26.1|0.0|100.0
9500000US0619680|King City Union Elementary School District, CA|0619680|2019-2023|205|2405|349|1575|283|65.5|8.5|1575|283|65.5|8.5|1540|274|64.0|8.5|35|41|1.5|1.7|0|21|0.0|1.7|830|251|34.5|8.5|1575|283|2.2|2.5|1205|182|740|161|61.4|11.9|740|161|61.4|11.9|715|160|59.3|12.3|1540|274|1000|232|64.9|11.8|365|188|23.7|10.6|0|21|0.0|2.7|0|21|0.0|2.7|175|108|11.4|6.8|0|21|0.0|2.7|24.1|3.1|1540|274|250|138|16.2|8.2|180|104|11.7|6.6|130|119|8.4|7.4|700|211|45.5|12.3|280|144|18.2|9.2|1540|274|765|198|49.7|11.0|60|69|3.9|4.4|90|81|5.8|5.5|0|21|0.0|2.7|50|54|3.2|3.4|65|55|4.2|3.5|0|21|0.0|2.7|0|21|0.0|2.7|50|66|3.2|4.0|310|160|20.1|9.5|50|47|3.2|3.0|65|71|4.2|4.5|35|35|2.3|2.3|1540|274|1245|250|80.8|8.4|220|115|14.3|6.9|75|68|4.9|4.3|0|21|0.0|2.7|30909|1908|46458|9571|24702|6026|2405|349|1920|356|79.8|7.5|820|244|34.1|8.7|1170|281|48.6|8.5|490|182|20.4|7.6|2405|349|1575|283|1540|274|1250|280|81.2|8.9|690|218|44.8|12.6|610|213|39.6|10.2|290|138|18.8|8.9|35|41|35|41|100.0|57.3|0|21|0.0|57.3|35|41|100.0|57.3|0|21|0.0|57.3|830|251|630|215|75.9|12.7|135|91|16.3|9.5|525|202|63.3|16.7|200|119|24.1|12.4|21.0|9.8|21.0|9.8|21.0|9.8|-|**
9700000US0619700|Kings Canyon Joint Unified School District, CA|0619700|2019-2023|205|7910|609|5805|538|73.4|3.8|5805|538|73.4|3.8|5030|568|63.6|5.0|770|257|9.7|3.2|0|29|0.0|0.5|2110|339|26.7|3.8|5805|538|13.3|4.5|4540|359|2785|336|61.3|5.9|2785|336|61.3|5.9|2345|350|51.7|6.6|4740|560|3475|486|73.3|5.8|950|283|20.0|5.4|0|29|0.0|0.9|80|76|1.7|1.6|165|125|3.5|2.6|70|58|1.5|1.2|27.1|2.6|5030|568|1040|300|20.7|5.0|650|186|12.9|3.7|710|227|14.1|3.9|1515|289|30.1|5.7|1110|258|22.1|4.1|5030|568|1585|305|31.5|5.9|205|109|4.1|2.1|470|212|9.3|3.8|145|101|2.9|2.0|200|104|4.0|2.1|385|144|7.7|2.9|0|29|0.0|0.8|210|125|4.2|2.4|375|115|7.5|2.2|945|261|18.8|4.3|275|126|5.5|2.4|50|61|1.0|1.2|190|121|3.8|2.3|5030|568|4115|532|81.8|5.1|755|237|15.0|4.3|160|114|3.2|2.3|0|29|0.0|0.8|29138|2537|40216|10183|38932|10850|7910|609|6585|630|83.2|4.8|2690|609|34.0|6.6|4055|550|51.3|6.8|1325|394|16.8|4.8|7835|612|5805|538|5030|568|4230|578|84.1|5.4|2170|552|43.1|7.7|2205|334|43.8|7.0|800|272|15.9|5.4|770|257|540|214|70.1|16.5|85|73|11.0|9.1|455|199|59.1|17.5|230|149|29.9|16.3|2035|338|1740|321|85.5|5.5|415|148|20.4|6.7|1320|294|64.9|8.4|295|120|14.5|5.6|27.7|6.3|27.7|6.3|27.4|6.3|60.0|50.6
9500000US0619770|Kings River-Hardwick Union Elementary School District, CA|0619770|2019-2023|205|480|165|315|105|65.6|10.9|300|107|62.5|12.4|295|104|61.5|12.2|4|16|0.8|3.5|15|23|3.1|4.7|165|88|34.4|11.1|300|107|1.3|5.4|240|77|105|48|43.8|17.2|105|48|43.8|17.2|100|46|41.7|16.7|310|103|245|90|79.0|14.3|45|44|14.5|12.5|0|14|0.0|12.8|20|25|6.5|8.0|0|14|0.0|12.8|0|14|0.0|12.8|21.8|5.4|295|104|90|58|30.5|16.3|35|31|11.9|10.9|60|45|20.3|12.0|80|54|27.1|16.6|35|41|11.9|12.1|295|104|85|58|28.8|17.7|0|14|0.0|13.4|25|32|8.5|10.5|0|14|0.0|13.4|25|30|8.5|9.4|40|42|13.6|11.7|0|14|0.0|13.4|4|11|1.4|3.8|25|26|8.5|8.6|50|39|16.9|12.2|4|18|1.4|5.8|0|14|0.0|13.4|40|26|13.6|9.7|295|104|225|102|76.3|15.0|75|38|25.4|14.1|0|14|0.0|13.4|0|14|0.0|13.4|63250|25899|64821|45058|54688|46419|465|163|420|155|90.3|9.8|340|148|73.1|16.5|80|65|17.2|13.2|45|48|9.7|9.9|465|163|300|107|295|104|275|103|93.2|8.9|230|96|78.0|15.0|45|42|15.3|13.2|20|25|6.8|8.4|4|16|0|14|0.0|100.0|0|14|0.0|100.0|0|14|0.0|100.0|4|16|100.0|100.0|165|88|145|83|87.9|16.7|110|77|66.7|26.8|35|40|21.2|24.3|15|26|9.1|14.9|4.2|7.3|4.2|7.3|4.2|7.3|-|**
9500000US0619800|Kingsburg Elementary Charter School District, CA|0619800|2019-2023|205|1665|386|1445|367|86.8|5.4|1445|367|86.8|5.4|1285|399|77.2|12.5|160|186|9.6|11.3|0|21|0.0|2.5|215|92|12.9|5.3|1445|367|11.1|13.1|925|233|765|243|82.7|9.4|765|243|82.7|9.4|630|226|68.1|18.4|1200|371|1060|347|88.3|6.9|40|53|3.3|4.5|0|21|0.0|3.5|25|34|2.1|2.8|0|21|0.0|3.5|75|61|6.3|4.8|24.0|5.7|1285|399|480|210|37.4|11.9|235|150|18.3|9.2|270|130|21.0|9.2|210|140|16.3|9.2|85|80|6.6|5.8|1285|399|175|157|13.6|11.8|65|98|5.1|7.3|165|109|12.8|8.4|40|54|3.1|4.0|90|63|7.0|5.0|10|20|0.8|1.6|0|21|0.0|3.2|55|72|4.3|5.4|15|28|1.2|2.1|390|180|30.4|8.7|40|51|3.1|4.2|10|21|0.8|1.7|220|156|17.1|9.9|1285|399|780|276|60.7|11.1|460|214|35.8|11.0|45|61|3.5|4.7|0|21|0.0|3.2|59563|20508|100341|51170|72560|17427|1665|386|1580|382|94.9|5.3|1090|383|65.5|17.2|500|297|30.0|16.7|85|89|5.1|5.3|1665|386|1445|367|1285|399|1220|394|94.9|6.1|970|358|75.5|15.0|260|196|20.2|13.9|65|77|5.1|5.9|160|186|160|186|100.0|23.0|0|21|0.0|23.0|160|186|100.0|23.0|0|21|0.0|23.0|215|92|200|87|93.0|10.8|120|84|55.8|26.6|80|61|37.2|27.2|15|24|7.0|10.7|7.8|6.2|7.8|6.2|7.8|6.2|-|**
9600000US0619830|Kingsburg Joint Union High School District, CA|0619830|2019-2023|205|1450|351|1250|308|86.2|7.0|1250|308|86.2|7.0|1120|332|77.2|12.0|130|179|9.0|12.5|0|21|0.0|2.9|200|118|13.8|7.1|1250|308|10.4|14.3|845|228|695|221|82.2|12.3|695|221|82.2|12.3|565|197|66.9|18.8|1110|330|915|303|82.4|8.7|140|100|12.6|8.3|0|21|0.0|3.8|20|36|1.8|3.3|0|21|0.0|3.8|40|37|3.6|3.4|24.8|3.1|1120|332|455|210|40.6|14.5|265|152|23.7|11.0|190|100|17.0|8.3|130|89|11.6|6.8|80|70|7.1|5.8|1120|332|115|130|10.3|10.7|65|50|5.8|4.3|30|33|2.7|2.9|10|17|0.9|1.5|45|52|4.0|4.5|55|58|4.9|5.1|0|21|0.0|3.7|85|69|7.6|5.8|65|57|5.8|4.9|315|165|28.1|11.5|65|70|5.8|6.5|40|46|3.6|4.0|235|133|21.0|10.8|1120|332|540|213|48.2|12.6|500|202|44.6|12.3|80|55|7.1|4.5|0|21|0.0|3.7|52321|11327|80273|47153|63711|17942|1450|351|1435|351|99.0|1.5|905|341|62.4|14.5|585|223|40.3|14.2|15|21|1.0|1.5|1450|351|1250|308|1120|332|1105|330|98.7|2.0|780|280|69.6|11.8|385|172|34.4|11.9|15|21|1.3|2.0|130|179|130|179|100.0|27.3|0|21|0.0|27.3|130|179|100.0|27.3|0|21|0.0|27.3|200|118|200|118|100.0|19.0|125|104|62.5|28.4|75|56|37.5|28.2|0|21|0.0|19.0|2.4|3.0|2.4|3.0|2.4|3.0|-|**
9500000US0619890|Kit Carson Union Elementary School District, CA|0619890|2019-2023|205|470|187|305|113|64.9|14.5|305|113|64.9|14.5|300|113|63.8|14.8|4|12|0.9|2.7|0|14|0.0|8.6|165|113|35.1|14.8|305|113|1.3|4.3|195|80|95|44|48.7|20.2|95|44|48.7|20.2|95|43|48.7|20.4|285|108|205|98|71.9|14.2|30|22|10.5|8.0|0|14|0.0|13.8|20|21|7.0|7.5|0|14|0.0|13.8|35|29|12.3|9.7|29.2|12.6|300|113|120|64|40.0|15.6|30|24|10.0|7.0|40|28|13.3|9.7|55|34|18.3|9.6|55|51|18.3|14.0|300|113|40|26|13.3|8.1|40|43|13.3|12.7|10|17|3.3|5.6|0|14|0.0|13.2|4|13|1.3|4.6|40|37|13.3|10.8|0|14|0.0|13.2|35|39|11.7|12.7|35|28|11.7|8.6|40|28|13.3|8.3|0|14|0.0|13.2|30|29|10.0|8.4|25|27|8.3|8.5|300|113|210|95|70.0|13.5|60|43|20.0|12.4|30|28|10.0|9.3|0|14|0.0|13.2|56957|18828|73988|18516|-|**|470|187|435|178|92.6|7.2|200|94|42.6|15.5|265|153|56.4|18.4|35|36|7.4|7.2|470|187|305|113|300|113|285|111|95.0|6.1|180|84|60.0|17.0|135|74|45.0|17.3|15|18|5.0|5.9|4|12|4|12|100.0|100.0|4|6|100.0|100.0|4|10|100.0|100.0|0|14|0.0|100.0|165|113|145|108|87.9|18.4|20|21|12.1|14.7|125|108|75.8|25.0|20|30|12.1|18.4|10.6|13.0|10.6|13.0|10.6|13.0|-|**
9700000US0619950|Klamath-Trinity Joint Unified School District, CA|0619950|2019-2023|205|520|301|390|209|75.0|15.0|390|209|75.0|15.0|350|203|67.3|13.7|45|36|8.7|8.3|0|14|0.0|7.8|130|125|25.0|15.1|390|209|11.5|10.2|290|156|180|100|62.1|30.9|180|100|62.1|30.9|145|86|50.0|26.7|350|203|315|205|90.0|12.8|15|25|4.3|7.6|0|14|0.0|11.4|4|10|1.1|3.5|0|14|0.0|11.4|20|18|5.7|6.9|15.8|3.6|350|203|215|152|61.4|28.8|105|131|30.0|30.6|15|23|4.3|7.6|4|11|1.1|3.3|4|11|1.1|3.5|350|203|105|134|30.0|31.3|4|11|1.1|4.3|0|14|0.0|11.4|0|14|0.0|11.4|10|23|2.9|7.2|4|11|1.1|3.5|0|14|0.0|11.4|4|10|1.1|3.0|30|26|8.6|9.5|105|80|30.0|16.7|4|10|1.1|3.5|4|12|1.1|3.1|65|83|18.6|17.9|350|203|55|35|15.7|13.9|280|206|80.0|18.6|20|21|5.7|7.4|0|14|0.0|11.4|63113|29388|107753|93591|63066|33455|520|301|515|300|99.0|2.8|405|297|77.9|17.4|290|256|55.8|29.1|4|11|0.8|2.3|520|301|390|209|350|203|350|203|100.0|11.4|290|208|82.9|17.5|165|140|47.1|32.5|0|14|0.0|11.4|45|36|45|36|100.0|50.6|40|36|88.9|27.5|4|7|8.9|21.3|0|14|0.0|50.6|130|125|120|123|92.3|15.6|80|119|61.5|48.2|120|123|92.3|15.6|4|11|3.1|12.1|10.6|9.6|10.6|9.6|10.6|9.6|-|**
9700000US0620070|Konocti Unified School District, CA|0620070|2019-2023|205|2500|334|1750|351|70.0|7.4|1750|351|70.0|7.4|1505|335|60.2|8.1|245|142|9.8|5.6|0|25|0.0|1.7|750|174|30.0|7.4|1750|351|14.0|7.7|1530|244|965|241|63.1|9.4|965|241|63.1|9.4|820|227|53.6|10.1|1495|332|990|292|66.2|9.8|270|153|18.1|10.1|75|69|5.0|4.2|30|45|2.0|3.1|35|51|2.3|3.3|100|74|6.7|5.1|33.5|9.3|1505|335|360|153|23.9|9.5|390|148|25.9|9.7|255|144|16.9|8.2|245|119|16.3|7.2|260|179|17.3|10.1|1505|335|130|106|8.6|6.8|95|79|6.3|5.1|65|61|4.3|4.0|40|48|2.7|3.1|265|167|17.6|9.1|85|108|5.6|7.0|45|48|3.0|3.4|0|25|0.0|2.8|95|85|6.3|5.3|380|152|25.2|7.8|90|68|6.0|4.6|60|48|4.0|3.1|160|85|10.6|5.9|1505|335|1110|281|73.8|7.6|305|131|20.3|7.8|95|88|6.3|5.9|0|25|0.0|2.8|31710|6703|51313|11229|37218|5821|2500|334|2105|308|84.2|5.6|770|270|30.8|9.3|1485|290|59.4|9.5|395|152|15.8|5.6|2500|334|1750|351|1505|335|1210|311|80.4|7.4|625|233|41.5|11.7|710|247|47.2|11.3|300|115|19.9|7.4|245|142|220|136|89.8|13.2|15|33|6.1|15.5|205|143|83.7|19.0|25|31|10.2|13.3|750|174|675|166|90.0|8.8|130|80|17.3|9.8|575|156|76.7|12.5|75|66|10.0|8.6|24.4|7.4|24.4|7.4|24.4|7.4|-|**
9700000US0620130|La Cañada Unified School District, CA|0620130|2019-2023|205|3350|414|2735|410|81.6|4.3|2735|410|81.6|4.3|2655|407|79.3|4.7|80|49|2.4|1.4|0|21|0.0|1.3|615|140|18.4|4.3|2735|410|2.9|1.8|1715|201|1215|211|70.8|7.2|1215|211|70.8|7.2|1215|211|70.8|7.2|2655|407|1540|295|58.0|8.2|270|143|10.2|5.2|0|21|0.0|1.6|0|21|0.0|1.6|20|26|0.8|1.0|825|274|31.1|8.2|32.0|5.0|2655|407|1910|331|71.9|9.2|30|37|1.1|1.4|550|214|20.7|6.8|50|38|1.9|1.5|115|131|4.3|4.8|2655|407|0|21|0.0|1.6|75|42|2.8|1.6|130|88|4.9|3.2|150|97|5.6|3.6|150|144|5.6|5.1|60|43|2.3|1.6|195|94|7.3|4.0|345|132|13.0|5.1|570|222|21.5|6.2|725|192|27.3|6.3|95|51|3.6|2.0|40|40|1.5|1.5|115|106|4.3|3.8|2655|407|1970|307|74.2|6.4|380|174|14.3|6.0|295|164|11.1|5.6|10|14|0.4|0.5|182221|14170|222059|41049|175542|50283|3350|414|3320|419|99.1|1.1|3270|408|97.6|1.7|225|122|6.7|3.6|35|36|1.0|1.1|3300|405|2715|404|2645|408|2620|408|99.1|1.0|2605|409|98.5|1.4|115|75|4.3|2.8|25|27|0.9|1.0|70|46|70|46|100.0|40.5|70|46|100.0|40.5|35|41|50.0|44.7|0|21|0.0|40.5|585|135|575|134|98.3|2.6|555|130|94.9|4.8|25|26|4.3|4.4|10|14|1.7|2.4|1.0|1.0|1.0|1.0|1.1|1.0|0.0|45.7
9500000US0620190|La Habra City Elementary School District, CA|0620190|2019-2023|205|5075|628|3965|584|78.1|4.2|3965|584|78.1|4.2|3805|552|75.0|4.1|160|99|3.2|1.8|0|32|0.0|0.8|1110|223|21.9|4.2|3965|584|4.0|2.3|2770|327|1870|331|67.5|7.0|1870|331|67.5|7.0|1750|314|63.2|6.8|3700|540|2855|469|77.2|5.1|325|115|8.8|3.0|20|34|0.5|0.9|85|71|2.3|1.9|45|52|1.2|1.4|370|141|10.0|3.4|30.9|2.8|3805|552|1410|302|37.1|5.2|765|225|20.1|5.1|425|114|11.2|3.2|545|187|14.3|4.6|665|223|17.5|4.9|3805|552|100|74|2.6|1.9|495|163|13.0|3.8|510|203|13.4|5.1|90|43|2.4|1.2|205|108|5.4|2.8|150|89|3.9|2.2|45|57|1.2|1.5|190|90|5.0|2.4|460|173|12.1|4.1|960|260|25.2|5.4|255|116|6.7|2.9|160|82|4.2|2.2|180|118|4.7|2.9|3805|552|2915|414|76.6|6.0|645|257|17.0|5.5|240|101|6.3|2.6|0|32|0.0|1.1|51333|7378|61778|4953|51840|9016|5105|638|4390|564|86.0|4.6|3230|557|63.3|6.9|1430|394|28.0|7.4|715|261|14.0|4.6|5050|625|3965|584|3805|552|3345|521|87.9|4.7|2725|508|71.6|6.4|820|264|21.6|6.8|460|188|12.1|4.7|160|99|115|77|71.9|32.4|35|40|21.9|25.0|85|73|53.1|36.1|40|58|25.0|31.1|1090|214|875|198|80.3|9.3|470|154|43.1|12.5|475|185|43.6|13.3|215|110|19.7|9.3|10.3|3.5|10.3|3.6|10.4|3.6|0.0|67.8
9500000US0620250|La Mesa-Spring Valley School District, CA|0620250|2019-2023|205|14425|993|12010|825|83.3|2.8|11525|798|79.9|3.0|11015|775|76.4|3.2|515|194|3.6|1.3|485|203|3.4|1.4|2415|472|16.7|2.8|11525|798|4.5|1.6|7965|567|5810|459|72.9|4.4|5645|458|70.9|4.9|5250|431|65.9|5.1|11255|780|8360|720|74.3|3.2|1045|283|9.3|2.5|225|112|2.0|1.0|95|90|0.8|0.8|60|46|0.5|0.4|1470|295|13.1|2.5|27.9|1.6|11015|775|5170|621|46.9|4.1|1715|339|15.6|3.1|2135|367|19.4|3.1|1180|285|10.7|2.4|815|227|7.4|2.0|11015|775|105|59|1.0|0.5|1065|290|9.7|2.5|905|282|8.2|2.4|235|99|2.1|0.9|965|259|8.8|2.3|555|195|5.0|1.6|115|88|1.0|0.8|655|207|5.9|1.8|1270|251|11.5|2.3|2935|424|26.6|3.4|470|168|4.3|1.5|755|237|6.9|2.2|975|295|8.9|2.5|11015|775|8015|652|72.8|4.4|2210|453|20.1|3.5|790|275|7.2|2.4|0|32|0.0|0.4|57550|6154|80484|3096|65375|9435|13945|967|12705|948|91.1|2.2|10100|974|72.4|4.2|3275|475|23.5|3.2|1240|309|8.9|2.2|13935|968|11525|798|11015|775|10105|809|91.7|2.3|8585|816|77.9|3.8|1960|354|17.8|3.1|910|249|8.3|2.3|515|194|460|185|89.3|10.9|295|168|57.3|18.6|205|97|39.8|18.1|50|57|9.7|11.0|2405|468|2130|425|88.6|5.5|1220|281|50.7|10.5|1100|351|45.7|9.6|280|143|11.6|5.5|8.9|2.2|8.9|2.2|8.9|2.2|0.0|100.0
9500000US0620310|Lafayette Elementary School District, CA|0620310|2019-2023|205|3905|564|3240|514|83.0|4.1|3240|514|83.0|4.1|3080|493|78.9|5.0|155|129|4.0|3.2|0|25|0.0|1.1|670|176|17.2|4.1|3240|514|4.8|3.9|1965|298|1415|267|72.0|7.3|1415|267|72.0|7.3|1385|263|70.5|7.5|3080|493|1200|279|39.0|6.2|35|45|1.1|1.4|225|99|7.3|3.4|30|31|1.0|1.0|120|85|3.9|2.8|1470|321|47.7|6.3|29.5|4.5|3080|493|2565|487|83.3|5.4|130|104|4.2|3.4|370|139|12.0|4.7|20|22|0.6|0.8|0|25|0.0|1.4|3080|493|15|22|0.5|0.7|30|34|1.0|1.1|280|178|9.1|5.1|65|54|2.1|1.8|35|39|1.1|1.3|40|38|1.3|1.2|145|88|4.7|2.8|375|133|12.2|4.7|1140|313|37.0|7.0|735|185|23.9|5.5|110|76|3.6|2.6|40|50|1.3|1.6|65|53|2.1|1.7|3080|493|2430|461|78.9|6.1|375|154|12.2|4.9|275|143|8.9|4.7|0|25|0.0|1.4|179359|37480|250,000+|***|173184|38351|3905|564|3890|566|99.6|0.6|3890|566|99.6|0.6|70|49|1.8|1.3|15|24|0.4|0.6|3905|564|3240|514|3080|493|3080|493|100.0|1.4|3080|493|100.0|1.4|50|41|1.6|1.4|0|25|0.0|1.4|155|129|155|129|100.0|23.7|155|129|100.0|23.7|20|32|12.9|22.7|0|25|0.0|23.7|670|176|655|177|97.8|3.5|655|177|97.8|3.5|0|25|0.0|6.1|15|24|2.2|3.6|2.3|2.0|2.3|2.0|2.3|2.0|-|**
9700000US0620370|Laguna Beach Unified School District, CA|0620370|2019-2023|205|2840|362|2320|325|81.7|4.2|2320|325|81.7|4.2|2245|316|79.0|3.9|75|52|2.6|1.8|0|25|0.0|1.5|525|130|18.5|4.1|2320|325|3.2|2.2|1460|186|990|183|67.8|7.3|990|183|67.8|7.3|955|179|65.4|6.9|2220|319|1350|319|60.8|9.8|140|162|6.3|7.6|0|25|0.0|1.9|55|56|2.5|2.5|45|52|2.0|2.3|630|192|28.4|7.8|25.0|3.0|2245|316|1715|293|76.4|6.8|130|91|5.8|4.1|340|130|15.1|5.5|0|25|0.0|1.9|60|50|2.7|2.1|2245|316|15|28|0.7|1.2|95|73|4.2|3.2|320|199|14.3|9.1|90|52|4.0|2.4|125|83|5.6|3.7|85|62|3.8|2.7|85|42|3.8|1.9|250|123|11.1|4.9|675|325|30.1|12.8|325|132|14.5|5.9|115|85|5.1|3.7|10|14|0.4|0.6|60|63|2.7|2.8|2245|316|1935|335|86.2|5.5|195|96|8.7|4.6|115|73|5.1|3.2|0|25|0.0|1.9|121029|27029|191500|53742|110000|36549|2840|362|2805|358|98.8|1.2|2560|341|90.1|4.3|295|125|10.4|4.2|35|35|1.2|1.2|2820|366|2300|332|2225|321|2225|321|100.0|1.9|2040|316|91.7|4.6|205|103|9.2|4.5|0|25|0.0|1.9|75|52|55|45|73.3|38.6|15|20|20.0|26.8|55|45|73.3|38.6|20|32|26.7|37.9|525|130|505|128|96.2|4.3|490|128|93.3|5.8|15|24|2.9|4.8|15|23|2.9|4.4|1.6|1.8|1.6|1.8|1.6|1.8|0.0|75.8
9700000US0600027|Lake Elsinore Unified School District, CA|0600027|2019-2023|205|22605|1272|17730|1172|78.4|2.2|17670|1180|78.2|2.2|16855|1149|74.6|2.9|820|336|3.6|1.4|60|80|0.3|0.4|4875|534|21.6|2.2|17670|1180|4.6|1.9|12240|707|8200|740|67.0|3.9|8200|740|67.0|3.9|7790|706|63.6|4.0|16355|1119|11820|958|72.3|3.0|1820|408|11.1|2.4|15|20|0.1|0.1|45|45|0.3|0.3|305|164|1.9|1.0|2350|442|14.4|2.4|44.4|2.5|16855|1149|6295|679|37.3|3.4|2680|384|15.9|2.0|3420|560|20.3|2.8|2040|363|12.1|2.1|2420|461|14.4|2.4|16855|1149|165|92|1.0|0.5|2500|381|14.8|2.1|1405|277|8.3|1.6|735|251|4.4|1.4|1695|365|10.1|2.0|935|274|5.5|1.6|255|149|1.5|0.9|775|244|4.6|1.4|1865|410|11.1|2.2|3815|528|22.6|2.6|1030|283|6.1|1.6|645|231|3.8|1.4|1030|248|6.1|1.5|16855|1149|12695|1067|75.3|2.5|2940|371|17.4|2.0|1140|299|6.8|1.8|80|74|0.5|0.4|50085|5341|78517|6206|48148|4878|22545|1280|20575|1275|91.3|1.9|16040|1266|71.1|3.3|5740|788|25.5|3.3|1970|428|8.7|1.9|22340|1278|17555|1177|16740|1144|15650|1083|93.5|1.5|13065|1050|78.0|2.9|3335|529|19.9|3.1|1090|276|6.5|1.6|820|336|705|323|86.0|13.4|495|262|60.4|23.0|350|240|42.7|19.2|115|108|14.0|13.6|4785|533|4020|503|84.0|4.3|2345|405|49.0|6.2|1905|387|39.8|6.4|765|217|16.0|4.3|8.7|2.4|8.7|2.4|8.7|2.5|12.2|13.8
9700000US0620640|Lake Tahoe Unified School District, CA|0620640|2019-2023|205|3800|514|3225|458|84.9|4.5|3220|457|84.7|4.4|3160|460|83.2|4.5|60|48|1.6|1.3|4|15|0.1|0.4|575|190|15.1|4.4|3220|457|1.9|1.5|2080|294|1615|268|77.6|7.4|1615|268|77.6|7.4|1560|270|75.0|7.4|3075|462|1885|326|61.3|6.8|330|120|10.7|3.6|30|47|1.0|1.5|165|104|5.4|3.5|45|45|1.5|1.4|620|230|20.2|6.1|19.5|2.6|3160|460|1470|353|46.5|8.2|895|230|28.3|6.5|460|147|14.6|4.2|150|86|4.7|2.7|180|102|5.7|3.0|3160|460|10|14|0.3|0.5|270|113|8.5|3.7|135|85|4.3|2.6|55|45|1.7|1.4|270|101|8.5|3.0|55|37|1.7|1.2|30|31|0.9|1.0|210|113|6.6|3.3|445|173|14.1|4.6|785|195|24.8|4.8|640|165|20.3|4.9|125|87|4.0|2.6|135|64|4.3|2.0|3160|460|2525|366|79.9|5.5|385|139|12.2|3.7|235|115|7.4|3.3|15|26|0.5|0.8|58399|7714|62096|14599|54609|10674|3795|514|3450|511|90.9|5.1|2885|457|76.0|6.8|790|283|20.8|6.6|345|196|9.1|5.1|3765|513|3205|455|3150|458|2910|471|92.4|4.2|2520|435|80.0|6.7|615|253|19.5|7.0|240|126|7.6|4.2|60|48|60|48|100.0|43.8|35|34|58.3|50.1|25|38|41.7|50.3|0|25|0.0|43.8|555|190|450|177|81.1|17.3|320|144|57.7|16.2|130|78|23.4|12.5|105|102|18.9|17.1|8.0|3.7|8.0|3.7|8.1|3.7|0.0|61.9
9700000US0620670|Lakeport Unified School District, CA|0620670|2019-2023|205|1160|282|1045|288|90.1|7.3|1030|289|88.8|8.1|925|269|79.7|14.3|105|157|9.1|12.9|15|25|1.3|2.2|115|81|9.9|7.3|1030|289|10.2|14.5|660|166|595|163|90.2|8.2|595|163|90.2|8.2|535|152|81.1|13.7|870|252|465|141|53.4|16.1|35|60|4.0|7.2|0|21|0.0|4.8|0|21|0.0|4.8|0|21|0.0|4.8|370|221|42.5|17.0|17.2|5.8|925|269|390|152|42.2|11.9|305|146|33.0|9.4|135|83|14.6|10.3|70|81|7.6|8.0|20|25|2.2|2.9|925|269|0|21|0.0|4.5|80|85|8.6|8.3|15|27|1.6|3.0|0|21|0.0|4.5|40|35|4.3|4.1|40|47|4.3|5.3|70|74|7.6|7.6|15|27|1.6|3.0|100|104|10.8|10.6|190|110|20.5|10.4|75|75|8.1|8.9|0|21|0.0|4.5|300|188|32.4|17.0|925|269|295|125|31.9|14.6|485|253|52.4|20.1|140|142|15.1|14.6|0|21|0.0|4.5|48628|14440|71319|34361|61000|33138|1145|281|1045|261|91.3|6.9|595|203|52.0|17.6|505|261|44.1|17.0|100|86|8.7|6.8|1120|283|1030|289|925|269|835|238|90.3|8.0|515|193|55.7|18.4|340|212|36.8|18.5|90|86|9.7|8.1|105|157|105|157|100.0|32.0|0|21|0.0|32.0|105|157|100.0|32.0|0|21|0.0|32.0|90|75|80|71|88.9|17.4|55|59|61.1|36.0|35|44|38.9|34.9|10|15|11.1|15.5|11.2|12.8|11.2|12.8|11.5|13.1|0.0|67.8
9500000US0620700|Lakeside Joint Elementary School District, CA|0620700|2019-2023|205|230|90|175|69|76.1|10.9|175|69|76.1|10.9|175|69|76.1|10.9|0|14|0.0|16.8|0|14|0.0|16.8|50|38|21.7|11.8|175|69|0.0|21.4|125|47|80|33|64.0|20.4|80|33|64.0|20.4|80|33|64.0|20.4|175|69|95|55|54.3|17.2|40|32|22.9|16.1|0|14|0.0|21.4|0|14|0.0|21.4|0|14|0.0|21.4|40|25|22.9|13.4|36.2|5.1|175|69|135|59|77.1|16.3|15|24|8.6|13.1|15|14|8.6|7.5|4|15|2.3|8.1|4|3|2.3|1.9|175|69|0|14|0.0|21.4|4|11|2.3|6.2|45|39|25.7|17.1|4|11|2.3|5.8|20|18|11.4|9.2|4|11|2.3|6.5|0|14|0.0|21.4|4|13|2.3|7.0|35|29|20.0|14.5|45|33|25.7|15.3|0|14|0.0|21.4|4|15|2.3|8.1|0|14|0.0|21.4|175|69|140|58|80.0|12.0|20|23|11.4|12.6|20|16|11.4|8.3|0|14|0.0|21.4|178036|32032|182292|99108|148542|28652|230|90|215|91|93.5|10.0|215|91|93.5|10.0|4|3|1.7|1.5|15|24|6.5|10.1|230|90|175|69|175|69|165|67|94.3|12.3|165|67|94.3|12.3|0|14|0.0|21.4|15|24|8.6|13.1|0|14|0|14|-|**|0|14|-|**|0|14|-|**|0|14|-|**|50|38|50|38|100.0|48.0|50|38|100.0|48.0|4|3|8.0|8.0|0|14|0.0|48.0|0.0|16.8|0.0|16.8|0.0|16.8|-|**
9500000US0620760|Lakeside Union Elementary School District (Kings County), CA|0620760|2019-2023|205|300|151|250|136|83.3|11.8|250|136|83.3|11.8|235|128|78.3|13.4|20|24|6.7|8.0|0|14|0.0|13.2|50|41|16.7|11.9|250|136|8.0|9.4|160|94|115|82|71.9|23.9|115|82|71.9|23.9|95|79|59.4|24.8|235|128|220|126|93.6|6.5|10|12|4.3|5.7|0|14|0.0|16.5|4|2|1.7|1.2|0|14|0.0|16.5|0|14|0.0|16.5|15.4|1.7|235|128|40|33|17.0|12.8|70|64|29.8|15.7|45|39|19.1|10.4|35|28|14.9|10.3|40|43|17.0|17.8|235|128|35|31|14.9|9.4|10|15|4.3|5.9|20|39|8.5|15.5|0|14|0.0|16.5|4|4|1.7|2.0|30|30|12.8|13.6|0|14|0.0|16.5|4|4|1.7|1.7|25|30|10.6|11.3|80|76|34.0|18.4|25|28|10.6|11.9|4|5|1.7|2.3|0|14|0.0|16.5|235|128|190|116|80.9|14.4|35|33|14.9|12.6|10|21|4.3|9.3|0|14|0.0|16.5|37955|8215|44792|15431|32031|13238|300|151|265|127|88.3|13.4|130|81|43.3|17.2|140|89|46.7|21.7|35|50|11.7|13.4|300|151|250|136|235|128|195|100|83.0|17.5|120|72|51.1|16.5|80|56|34.0|20.4|35|50|14.9|16.1|20|24|20|24|100.0|75.8|0|14|0.0|75.8|20|24|100.0|75.8|0|14|0.0|75.8|50|41|50|41|100.0|48.0|10|16|20.0|26.8|40|36|80.0|33.4|0|14|0.0|48.0|20.0|17.4|20.0|17.4|20.0|17.4|-|**
9500000US0620790|Lakeside Union Elementary School District (San Diego County), CA|0620790|2019-2023|205|5060|757|4065|645|80.3|5.1|3980|641|78.7|5.2|3720|620|73.5|6.1|255|186|5.0|3.5|85|92|1.7|1.8|995|304|19.7|5.1|3980|641|6.4|4.5|2935|489|2100|459|71.6|9.3|2065|455|70.4|9.2|1840|453|62.7|10.8|3695|631|2815|556|76.2|6.1|220|131|6.0|3.5|10|14|0.3|0.4|40|65|1.1|1.8|60|61|1.6|1.7|545|197|14.7|4.9|29.4|2.9|3720|620|1775|473|47.7|7.8|505|160|13.6|4.5|525|233|14.1|6.6|455|189|12.2|4.4|465|298|12.5|7.5|3720|620|0|29|0.0|1.1|480|176|12.9|4.5|250|115|6.7|2.8|140|147|3.8|4.0|200|97|5.4|2.6|405|245|10.9|6.1|35|38|0.9|1.0|260|135|7.0|3.8|280|139|7.5|3.6|1185|417|31.9|7.7|145|76|3.9|2.1|120|86|3.2|2.3|230|108|6.2|2.9|3720|620|2705|504|72.7|6.2|780|229|21.0|5.1|230|137|6.2|3.5|10|13|0.3|0.3|64294|9742|92283|22489|73032|22553|4975|755|4800|749|96.5|2.4|4075|771|81.9|6.3|1200|326|24.1|6.9|180|119|3.6|2.4|4975|755|3980|641|3720|620|3620|617|97.3|2.0|3275|635|88.0|6.0|670|296|18.0|7.7|105|70|2.8|1.9|255|186|250|185|98.0|4.2|140|126|54.9|40.0|190|172|74.5|24.6|4|5|1.6|2.3|995|304|925|293|93.0|9.0|660|279|66.3|14.4|335|137|33.7|15.4|70|93|7.0|9.1|10.8|4.6|10.8|4.6|10.8|4.6|-|**
9500000US0620730|Lakeside Union School District, CA|0620730|2019-2023|205|1885|535|1695|501|89.9|5.9|1695|501|89.9|5.9|1655|499|87.8|6.8|45|49|2.4|2.7|0|21|0.0|2.2|185|120|9.8|5.9|1695|501|2.7|3.0|880|280|760|266|86.4|10.8|760|266|86.4|10.8|760|266|86.4|10.8|1615|490|1240|389|76.8|15.5|260|285|16.1|15.6|0|21|0.0|2.6|0|21|0.0|2.6|0|21|0.0|2.6|115|92|7.1|5.4|28.3|9.8|1655|499|680|280|41.1|10.3|35|75|2.1|4.4|265|172|16.0|8.5|285|162|17.2|8.7|385|183|23.3|10.2|1655|499|65|82|3.9|4.9|200|191|12.1|9.7|165|108|10.0|6.6|65|99|3.9|5.8|180|140|10.9|9.4|170|144|10.3|8.2|0|21|0.0|2.5|25|46|1.5|2.7|150|152|9.1|8.1|450|213|27.2|10.8|0|21|0.0|2.5|70|63|4.2|4.0|125|124|7.6|6.9|1655|499|1205|426|72.8|12.8|360|228|21.8|12.3|90|86|5.4|5.0|0|21|0.0|2.5|56939|3009|62244|18765|54889|29246|1885|535|1760|507|93.4|6.4|1580|502|83.8|9.1|225|154|11.9|8.4|125|128|6.6|6.3|1870|537|1685|501|1655|499|1590|486|96.1|4.5|1515|483|91.5|5.8|110|88|6.6|5.6|65|76|3.9|4.5|30|43|0|21|0.0|61.9|0|21|0.0|61.9|0|21|0.0|61.9|30|43|100.0|61.9|185|120|155|105|83.8|23.9|50|66|27.0|28.7|105|86|56.8|32.0|30|50|16.2|23.3|0.5|1.3|0.5|1.3|0.5|1.3|0.0|87.6
9700000US0601410|Lammersville Joint Unified School District, CA|0601410|2019-2023|205|6755|809|5220|766|77.3|5.3|5220|766|77.3|5.3|5155|766|76.3|5.3|65|59|1.0|0.9|0|25|0.0|0.6|1540|368|22.8|5.2|5220|766|1.2|1.1|3450|402|2060|439|59.7|9.9|2060|439|59.7|9.9|2015|441|58.4|9.9|4910|721|3105|568|63.2|6.1|715|309|14.6|6.3|145|96|3.0|1.9|0|25|0.0|0.9|50|83|1.0|1.7|890|308|18.1|5.5|58.7|6.3|5155|766|3630|603|70.4|6.2|395|189|7.7|3.4|330|169|6.4|3.1|415|197|8.1|3.8|385|185|7.5|3.3|5155|766|35|57|0.7|1.1|180|126|3.5|2.5|485|198|9.4|3.8|0|25|0.0|0.8|435|189|8.4|3.4|325|165|6.3|3.1|175|119|3.4|2.3|490|186|9.5|3.2|1260|359|24.4|5.6|1285|364|24.9|5.9|100|81|1.9|1.5|165|116|3.2|2.3|230|144|4.5|2.6|5155|766|4215|694|81.8|5.1|840|247|16.3|4.6|85|120|1.6|2.3|15|23|0.3|0.4|96394|16033|155481|35015|68438|16741|6755|809|6435|849|95.3|3.0|6070|869|89.9|4.3|440|200|6.5|3.0|325|191|4.8|3.0|6745|807|5210|766|5145|768|5005|759|97.3|1.8|4770|758|92.7|3.8|270|188|5.2|3.6|140|91|2.7|1.7|65|59|50|56|76.9|37.7|50|56|76.9|37.7|0|25|0.0|42.1|10|20|15.4|33.1|1535|367|1360|360|88.6|9.5|1235|325|80.5|11.7|155|153|10.1|9.3|170|146|11.1|9.5|1.9|1.7|1.9|1.7|1.9|1.7|0.0|87.6
9500000US0620850|Lamont Elementary School District, CA|0620850|2019-2023|205|2335|277|1535|259|65.7|7.5|1535|259|65.7|7.5|1295|209|55.5|7.8|240|159|10.3|6.3|0|21|0.0|1.8|800|199|34.3|7.5|1535|259|15.6|8.9|1350|190|725|220|53.7|12.4|725|220|53.7|12.4|530|153|39.3|10.9|1255|208|1025|185|81.7|7.0|145|70|11.6|5.1|0|21|0.0|3.3|0|21|0.0|3.3|15|25|1.2|2.0|70|63|5.6|4.9|22.5|5.3|1295|209|180|90|13.9|6.9|100|87|7.7|6.4|110|63|8.5|4.6|740|182|57.1|10.7|160|94|12.4|6.9|1295|209|735|173|56.8|10.3|90|59|6.9|4.5|15|31|1.2|2.4|0|21|0.0|3.2|90|70|6.9|5.0|95|60|7.3|4.6|0|21|0.0|3.2|20|28|1.5|2.2|45|53|3.5|3.9|115|78|8.9|5.5|30|43|2.3|3.3|55|63|4.2|4.8|0|21|0.0|3.2|1295|209|1150|208|88.8|6.1|30|34|2.3|2.6|115|66|8.9|5.1|0|21|0.0|3.2|24469|3601|34615|17693|35848|15270|2335|277|1960|317|83.9|7.5|580|211|24.8|8.8|1485|308|63.6|9.3|375|173|16.1|7.5|2305|277|1505|261|1265|212|1015|218|80.2|10.1|425|162|33.6|12.2|630|197|49.8|12.2|250|132|19.8|10.1|240|159|240|159|100.0|16.2|10|14|4.2|6.6|230|159|95.8|7.4|0|21|0.0|16.2|800|199|675|192|84.4|9.5|145|111|18.1|11.6|595|190|74.4|11.8|125|78|15.6|9.5|46.5|11.4|46.5|11.4|47.1|11.5|0.0|67.8
9500000US0620880|Lancaster Elementary School District, CA|0620880|2019-2023|205|13925|1059|9750|828|70.0|3.7|9750|828|70.0|3.7|9225|748|66.2|3.7|530|233|3.8|1.6|0|32|0.0|0.3|4175|647|30.0|3.7|9750|828|5.4|2.2|8030|620|4840|583|60.3|5.6|4840|583|60.3|5.6|4390|533|54.7|5.7|9120|737|6745|757|74.0|5.3|1320|420|14.5|4.4|55|46|0.6|0.5|55|65|0.6|0.7|95|82|1.0|0.9|845|257|9.3|2.8|31.7|2.9|9225|748|2790|473|30.2|4.8|1835|434|19.9|4.1|1670|359|18.1|3.6|1420|308|15.4|3.3|1505|388|16.3|3.9|9225|748|80|48|0.9|0.5|1230|272|13.3|2.9|705|241|7.6|2.5|230|124|2.5|1.3|775|222|8.4|2.3|570|200|6.2|2.1|70|52|0.8|0.6|480|181|5.2|1.9|590|184|6.4|2.0|2870|560|31.1|5.1|410|114|4.4|1.2|545|344|5.9|3.8|660|254|7.2|2.7|9225|748|6235|663|67.6|5.4|2390|566|25.9|5.5|520|193|5.6|2.0|75|83|0.8|0.9|51250|2639|64082|5978|49917|2723|13925|1059|13365|1056|96.0|1.5|9555|1008|68.6|4.1|4755|676|34.1|3.9|560|207|4.0|1.5|13645|1000|9725|831|9200|752|8775|742|95.4|1.8|7110|757|77.3|4.4|2140|393|23.3|4.0|425|165|4.6|1.8|530|233|510|232|96.2|4.6|160|113|30.2|17.4|405|207|76.4|14.7|15|20|2.8|4.1|3915|544|3795|541|96.9|2.0|2105|427|53.8|6.9|1925|350|49.2|6.6|120|79|3.1|2.0|15.1|2.8|15.1|2.8|15.4|2.8|0.0|16.2
9500000US0620910|Larkspur Elementary School District, CA|0620910|2019-2023|205|1615|390|1320|348|81.7|10.3|1320|348|81.7|10.3|1295|340|80.2|10.4|25|30|1.5|1.8|0|21|0.0|2.6|295|187|18.3|10.2|1320|348|1.9|2.1|770|235|515|149|66.9|17.4|515|149|66.9|17.4|490|142|63.6|17.0|1280|338|395|165|30.9|10.7|155|127|12.1|9.8|75|82|5.9|6.3|20|38|1.6|3.0|55|49|4.3|3.7|585|248|45.7|13.9|41.2|8.5|1295|340|1020|340|78.8|10.9|40|50|3.1|3.9|170|112|13.1|8.7|10|17|0.8|1.4|55|55|4.2|4.4|1295|340|0|21|0.0|3.2|35|41|2.7|3.2|15|27|1.2|2.1|30|43|2.3|3.4|0|21|0.0|3.2|25|36|1.9|2.9|160|91|12.4|5.9|210|105|16.2|7.6|305|160|23.6|11.1|300|160|23.2|10.1|100|121|7.7|8.8|60|62|4.6|4.9|50|45|3.9|3.4|1295|340|990|292|76.4|10.1|220|120|17.0|8.3|75|65|5.8|4.9|10|17|0.8|1.4|192153|56881|228375|68872|250,000+|***|1615|390|1600|388|99.1|2.0|1560|379|96.6|3.4|90|80|5.6|5.0|15|34|0.9|2.1|1615|390|1320|348|1295|340|1275|339|98.5|2.5|1265|336|97.7|3.2|25|33|1.9|2.6|15|34|1.2|2.7|25|30|25|30|100.0|67.8|15|24|60.0|60.0|10|21|40.0|60.0|0|21|0.0|67.8|295|187|295|187|100.0|13.4|280|185|94.9|7.4|50|55|16.9|19.7|0|21|0.0|13.4|0.9|1.5|0.9|1.5|0.9|1.5|-|**
9500000US0622380|Las Lomitas Elementary School District, CA|0622380|2019-2023|205|1130|220|950|211|84.1|6.6|950|211|84.1|6.6|950|211|84.1|6.6|0|21|0.0|3.7|0|21|0.0|3.7|180|76|15.9|6.5|950|211|0.0|4.4|595|138|455|139|76.5|10.7|455|139|76.5|10.7|455|139|76.5|10.7|930|206|705|203|75.8|9.0|20|32|2.2|3.5|0|21|0.0|4.5|0|21|0.0|4.5|4|12|0.4|1.4|200|83|21.5|8.9|22.0|4.0|950|211|880|198|92.6|4.1|10|14|1.1|1.5|50|39|5.3|3.9|10|21|1.1|2.1|0|21|0.0|4.4|950|211|0|21|0.0|4.4|30|25|3.2|2.6|95|62|10.0|6.7|0|21|0.0|4.4|20|24|2.1|2.5|10|16|1.1|1.7|85|63|8.9|7.2|95|64|10.0|6.3|230|107|24.2|9.0|330|141|34.7|9.9|35|35|3.7|3.9|10|14|1.1|1.5|10|14|1.1|1.5|950|211|855|197|90.0|5.5|35|31|3.7|3.2|60|42|6.3|4.2|0|21|0.0|4.4|172778|76053|250,000+|***|102028|75958|1130|220|1130|220|100.0|3.7|1130|220|100.0|3.7|10|18|0.9|1.6|0|21|0.0|3.7|1115|218|950|211|950|211|950|211|100.0|4.4|950|211|100.0|4.4|0|21|0.0|4.4|0|21|0.0|4.4|0|21|0|21|-|**|0|21|-|**|0|21|-|**|0|21|-|**|165|71|165|71|100.0|22.5|165|71|100.0|22.5|0|21|0.0|22.5|0|21|0.0|22.5|0.0|3.7|0.0|3.7|0.0|3.7|0.0|100.0
9700000US0621000|Las Virgenes Unified School District, CA|0621000|2019-2023|205|9390|740|7870|689|83.8|3.0|7860|693|83.7|3.0|7380|686|78.6|3.6|480|203|5.1|2.1|10|21|0.1|0.2|1515|300|16.1|3.0|7860|693|6.1|2.5|4890|404|3805|395|77.8|4.0|3805|395|77.8|4.0|3555|378|72.7|5.0|7240|669|4745|637|65.5|5.4|300|165|4.1|2.3|15|24|0.2|0.3|130|131|1.8|1.7|40|34|0.6|0.5|2010|367|27.8|5.3|31.4|2.7|7380|686|5635|597|76.4|3.9|370|171|5.0|2.3|1235|271|16.7|3.3|55|42|0.7|0.6|85|66|1.2|0.9|7380|686|4|18|0.1|0.2|135|85|1.8|1.1|660|215|8.9|2.7|215|90|2.9|1.3|400|151|5.4|2.0|85|67|1.2|0.9|595|198|8.1|2.7|1025|225|13.9|3.0|1730|356|23.4|3.9|1870|352|25.3|4.0|480|164|6.5|2.2|80|64|1.1|0.9|100|82|1.4|1.1|7380|686|6160|634|83.5|4.1|750|281|10.2|3.6|470|210|6.4|2.8|0|32|0.0|0.6|115487|8325|169477|15884|116291|13294|9375|743|9130|740|97.4|1.3|8665|710|92.4|2.6|880|282|9.4|2.9|245|124|2.6|1.3|9240|719|7735|665|7255|657|7060|651|97.3|1.6|6885|657|94.9|2.4|430|162|5.9|2.3|190|116|2.6|1.6|480|203|460|198|95.8|6.8|315|174|65.6|21.3|220|110|45.8|22.6|20|33|4.2|6.7|1505|302|1475|302|98.0|1.8|1405|296|93.4|3.8|100|59|6.6|4.0|30|26|2.0|1.8|5.0|2.4|5.0|2.4|5.0|2.5|7.4|13.1
9600000US0621060|Lassen Union High School District, CA|0621060|2019-2023|205|1085|230|880|215|81.1|8.9|880|215|81.1|8.9|830|203|76.5|9.5|50|52|4.6|4.5|0|25|0.0|3.8|205|103|18.9|8.9|880|215|5.7|5.5|685|166|565|168|82.5|9.0|565|168|82.5|9.0|540|161|78.8|10.8|830|203|755|210|91.0|5.6|65|34|7.8|4.8|0|25|0.0|5.0|4|14|0.5|1.8|4|13|0.5|1.6|0|25|0.0|5.0|15.8|3.0|830|203|465|146|56.0|11.6|150|88|18.1|10.2|100|75|12.0|7.9|70|63|8.4|7.2|45|23|5.4|2.8|830|203|25|41|3.0|4.8|10|16|1.2|1.9|10|18|1.2|2.2|25|36|3.0|4.1|40|50|4.8|5.8|15|24|1.8|2.9|0|25|0.0|5.0|15|26|1.8|3.2|65|69|7.8|8.7|210|97|25.3|10.8|50|66|6.0|7.8|35|45|4.2|5.5|335|155|40.4|15.5|830|203|300|140|36.1|13.8|500|167|60.2|15.0|30|34|3.6|4.0|0|25|0.0|5.0|47939|5211|104063|33330|49848|2991|1085|230|1060|232|97.7|3.3|860|229|79.3|12.4|235|139|21.7|12.3|25|34|2.3|3.2|1085|230|880|215|830|203|820|203|98.8|3.3|740|216|89.2|9.2|115|69|13.9|9.2|15|24|1.8|2.9|50|52|50|52|100.0|48.0|4|4|8.0|17.5|45|52|90.0|26.5|0|25|0.0|48.0|205|103|190|101|92.7|11.6|120|77|58.5|26.9|70|67|34.1|26.2|15|24|7.3|11.8|6.0|6.1|6.0|6.1|6.0|6.1|-|**
9500000US0621210|Lawndale Elementary School District, CA|0621210|2019-2023|205|4255|531|3650|469|85.8|4.2|3650|469|85.8|4.2|3460|440|81.3|4.4|190|112|4.5|2.5|0|29|0.0|1.0|605|203|14.2|4.2|3650|469|5.2|2.9|2250|300|1730|264|76.9|6.5|1730|264|76.9|6.5|1625|232|72.2|6.5|3370|427|2755|387|81.8|5.8|270|140|8.0|4.1|40|47|1.2|1.4|35|33|1.0|1.0|50|65|1.5|1.9|220|112|6.5|3.2|25.1|2.8|3460|440|1260|291|36.4|6.9|875|233|25.3|6.6|540|201|15.6|5.7|390|163|11.3|4.3|395|187|11.4|4.8|3460|440|65|93|1.9|2.7|275|109|7.9|2.9|215|83|6.2|2.4|25|38|0.7|1.1|225|125|6.5|3.4|420|196|12.1|5.0|70|51|2.0|1.4|145|81|4.2|2.3|430|170|12.4|4.5|760|213|22.0|5.7|515|168|14.9|4.7|180|94|5.2|2.7|140|80|4.0|2.4|3460|440|2855|418|82.5|4.8|390|141|11.3|4.0|215|95|6.2|2.6|0|29|0.0|1.2|47511|5012|63462|6368|55643|6380|4255|531|3570|487|83.9|6.3|2345|378|55.1|7.0|1260|325|29.6|6.5|690|290|16.2|6.3|4255|531|3650|469|3460|440|2950|416|85.3|6.0|2205|374|63.7|7.4|780|220|22.5|5.9|515|224|14.9|6.1|190|112|120|89|63.2|37.1|50|65|26.3|31.8|75|65|39.5|32.9|65|81|34.2|35.3|605|203|500|198|82.6|11.4|95|68|15.7|9.6|405|168|66.9|13.5|110|65|18.2|11.3|10.1|4.5|10.1|4.5|10.1|4.5|-|**
9500000US0621240|Le Grand Union Elementary School District, CA|0621240|2019-2023|205|360|94|260|74|72.2|9.4|260|74|72.2|9.4|255|78|70.8|10.6|4|3|1.1|1.0|0|14|0.0|11.1|100|41|27.8|8.7|260|74|1.5|1.3|175|52|90|37|51.4|16.4|90|37|51.4|16.4|90|37|51.4|16.4|230|72|205|66|89.1|7.2|25|19|10.9|7.6|0|14|0.0|16.8|0|14|0.0|16.8|0|14|0.0|16.8|0|14|0.0|16.8|35.9|13.2|255|78|75|41|29.4|13.3|40|36|15.7|12.4|20|16|7.8|6.6|90|58|35.3|16.7|30|23|11.8|9.6|255|78|65|46|25.5|14.2|0|14|0.0|15.3|0|14|0.0|15.3|15|19|5.9|7.0|25|20|9.8|7.2|10|11|3.9|4.3|0|14|0.0|15.3|4|6|1.6|2.4|40|31|15.7|12.0|65|33|25.5|10.7|0|14|0.0|15.3|15|17|5.9|5.9|10|25|3.9|9.1|255|78|200|65|78.4|11.8|45|31|17.6|10.9|10|17|3.9|6.5|0|14|0.0|15.3|34625|19529|57031|10108|-|**|360|94|335|95|93.1|6.1|190|73|52.8|15.8|155|76|43.1|16.5|25|21|6.9|5.6|360|94|260|74|255|78|240|77|94.1|5.7|135|49|52.9|17.4|120|64|47.1|17.9|15|13|5.9|5.0|4|3|0|14|0.0|100.0|0|14|0.0|100.0|0|14|0.0|100.0|4|3|100.0|100.0|100|41|95|41|95.0|12.0|55|32|55.0|26.6|35|33|35.0|28.4|4|9|4.0|9.1|12.5|8.6|12.5|8.6|12.5|8.6|-|**
9600000US0621270|Le Grand Union High School District, CA|0621270|2019-2023|205|545|152|385|109|70.6|9.4|385|109|70.6|9.4|365|109|67.0|11.7|20|28|3.7|5.0|0|19|0.0|7.5|160|75|29.4|9.5|385|109|5.2|7.2|325|96|185|70|56.9|15.9|185|70|56.9|15.9|185|70|56.9|15.9|345|115|295|103|85.5|11.6|15|14|4.3|4.1|0|19|0.0|11.6|4|2|1.2|0.7|25|39|7.2|10.8|10|22|2.9|5.9|34.0|12.5|365|109|45|28|12.3|7.0|50|35|13.7|9.2|45|33|12.3|8.2|140|66|38.4|13.7|85|64|23.3|14.9|365|109|125|66|34.2|14.3|0|19|0.0|11.0|25|24|6.8|6.2|55|56|15.1|14.0|10|13|2.7|3.8|55|41|15.1|10.1|0|19|0.0|11.0|0|19|0.0|11.0|4|15|1.1|4.1|55|31|15.1|7.6|0|19|0.0|11.0|10|16|2.7|4.4|30|30|8.2|8.1|365|109|295|99|80.8|11.2|55|37|15.1|9.5|15|24|4.1|6.1|0|19|0.0|11.0|31700|2045|65208|34749|31667|14795|545|152|480|151|88.1|10.6|175|87|32.1|13.8|310|128|56.9|14.7|65|59|11.9|10.6|545|152|385|109|365|109|310|101|84.9|14.4|135|71|37.0|16.8|180|80|49.3|16.8|55|57|15.1|14.4|20|28|20|30|100.0|75.8|0|19|0.0|75.8|20|30|100.0|75.8|4|3|20.0|74.8|160|75|150|76|93.8|7.9|40|32|25.0|18.7|115|68|71.9|18.8|10|14|6.3|8.8|22.9|13.5|22.9|13.5|22.9|13.5|-|**
9500000US0621330|Lemon Grove Elementary School District, CA|0621330|2019-2023|205|4340|592|3830|559|88.2|3.1|3570|546|82.3|4.3|3460|542|79.7|4.6|110|76|2.5|1.8|260|126|6.0|2.8|510|144|11.8|3.1|3570|546|3.1|2.1|2435|336|2000|332|82.1|5.2|1950|327|80.1|5.1|1935|328|79.5|5.3|3595|531|2695|523|75.0|7.0|395|179|11.0|5.0|0|29|0.0|1.2|80|89|2.2|2.4|25|29|0.7|0.8|400|159|11.1|4.5|31.1|4.5|3460|542|1290|307|37.3|7.1|570|242|16.5|6.2|850|269|24.6|6.5|295|125|8.5|3.8|455|196|13.2|5.3|3460|542|0|29|0.0|1.2|185|97|5.3|2.9|230|143|6.6|3.7|60|68|1.7|2.0|330|140|9.5|3.7|425|239|12.3|6.1|80|74|2.3|2.1|275|138|7.9|4.0|310|132|9.0|3.5|750|223|21.7|5.6|290|133|8.4|3.8|305|136|8.8|3.6|230|100|6.6|3.2|3460|542|2365|391|68.4|6.6|785|275|22.7|6.6|285|168|8.2|4.6|25|43|0.7|1.3|48237|6295|65000|5210|51786|8030|4085|575|3840|559|94.0|3.2|3230|533|79.1|5.8|940|271|23.0|5.8|245|134|6.0|3.2|4085|575|3570|546|3460|542|3325|541|96.1|2.7|2790|520|80.6|5.9|835|252|24.1|6.4|135|91|3.9|2.7|110|76|110|76|100.0|31.0|70|62|63.6|34.5|45|48|40.9|32.9|0|29|0.0|31.0|510|144|400|125|78.4|15.0|370|118|72.5|15.4|65|57|12.7|10.3|110|87|21.6|15.0|4.5|2.5|4.5|2.5|4.5|2.5|-|**
9500000US0621360|Lemoore Union Elementary School District, CA|0621360|2019-2023|205|3690|479|2945|458|79.8|5.1|2770|453|75.1|6.5|2540|425|68.8|6.2|230|123|6.2|3.2|175|143|4.7|3.7|745|197|20.2|5.2|2770|453|8.3|4.1|1890|292|1305|250|69.0|8.3|1305|250|69.0|8.3|1210|245|64.0|8.7|2625|412|2260|387|86.1|7.6|250|176|9.5|6.2|0|25|0.0|1.6|25|34|1.0|1.3|25|31|1.0|1.2|70|61|2.7|2.3|19.5|2.3|2540|425|1065|255|41.9|7.7|395|153|15.6|5.2|280|137|11.0|5.4|365|175|14.4|5.9|435|183|17.1|6.6|2540|425|240|144|9.4|5.4|70|65|2.8|2.5|100|96|3.9|3.8|220|126|8.7|4.7|190|141|7.5|5.0|110|95|4.3|3.8|0|25|0.0|1.7|80|86|3.1|3.2|180|100|7.1|4.0|895|243|35.2|8.1|260|173|10.2|6.6|25|30|1.0|1.2|175|110|6.9|4.0|2540|425|1720|345|67.7|7.7|720|217|28.3|7.1|60|55|2.4|2.2|35|65|1.4|2.6|43817|8919|52883|12812|52474|19210|3515|468|3290|441|93.6|4.1|2405|461|68.4|9.0|1090|326|31.0|9.2|225|151|6.4|4.2|3515|468|2770|453|2540|425|2460|415|96.9|3.0|1950|446|76.8|8.7|640|203|25.2|8.5|80|78|3.1|3.0|230|123|175|100|76.1|29.4|65|52|28.3|23.4|135|90|58.7|29.4|55|78|23.9|29.1|745|197|655|178|87.9|15.1|385|124|51.7|16.8|315|146|42.3|14.5|90|120|12.1|14.9|20.3|7.7|20.3|7.7|20.3|7.7|-|**
9600000US0621400|Lemoore Union High School District, CA|0621400|2019-2023|205|2410|513|1850|412|76.8|6.8|1745|409|72.4|8.7|1605|420|66.6|9.5|135|102|5.6|4.4|110|97|4.6|4.0|560|214|23.2|6.8|1745|409|7.7|6.1|1290|314|840|244|65.1|11.1|780|227|60.5|10.8|690|234|53.5|12.0|1670|419|1360|327|81.4|9.6|275|192|16.5|9.5|0|29|0.0|2.5|4|3|0.2|0.2|15|20|0.9|1.2|15|27|0.9|1.6|19.8|2.8|1605|420|445|202|27.7|11.8|325|184|20.2|9.8|305|169|19.0|8.7|315|169|19.6|9.0|215|142|13.4|8.3|1605|420|245|123|15.3|7.6|40|46|2.5|3.0|75|89|4.7|5.5|0|29|0.0|2.6|95|81|5.9|4.8|155|123|9.7|6.8|15|30|0.9|1.9|95|106|5.9|6.1|135|140|8.4|8.7|470|179|29.3|8.9|100|84|6.2|4.9|25|33|1.6|2.1|150|131|9.3|7.9|1605|420|995|286|62.0|10.6|580|248|36.1|10.9|30|29|1.9|1.8|0|29|0.0|2.6|38199|10493|78257|32575|63271|24885|2300|498|2000|432|87.0|7.2|1560|406|67.8|10.2|605|236|26.3|8.7|300|187|13.0|7.2|2300|498|1745|409|1605|420|1470|397|91.6|7.8|1240|380|77.3|10.1|350|171|21.8|8.8|140|134|8.7|7.8|135|102|135|102|100.0|26.5|55|46|40.7|29.3|80|83|59.3|29.8|0|29|0.0|26.5|560|214|395|170|70.5|19.9|265|137|47.3|20.3|175|115|31.3|18.1|160|131|28.6|19.6|24.9|10.9|24.9|10.9|24.9|10.9|-|**
9500000US0621420|Lennox Elementary School District, CA|0621420|2019-2023|205|3200|418|2625|400|82.0|5.1|2625|400|82.0|5.1|2625|400|82.0|5.1|0|25|0.0|1.3|0|25|0.0|1.3|575|165|18.0|5.0|2625|400|0.0|1.6|1850|265|1430|253|77.3|7.2|1430|253|77.3|7.2|1430|253|77.3|7.2|2495|392|1705|319|68.3|7.1|415|153|16.6|5.6|100|71|4.0|2.8|20|25|0.8|1.0|125|121|5.0|4.7|135|88|5.4|3.4|27.0|3.1|2625|400|490|170|18.7|5.3|655|188|25.0|6.6|715|258|27.2|9.4|280|107|10.7|3.5|485|170|18.5|5.9|2625|400|20|33|0.8|1.3|180|97|6.9|3.3|130|86|5.0|3.2|110|82|4.2|3.2|210|119|8.0|4.6|385|141|14.7|4.8|35|32|1.3|1.2|185|116|7.0|4.4|215|118|8.2|4.3|420|187|16.0|6.1|330|146|12.6|5.4|340|148|13.0|5.5|65|44|2.5|1.7|2625|400|2050|355|78.1|6.2|245|117|9.3|4.3|330|143|12.6|5.1|0|25|0.0|1.6|30761|3077|41744|8971|39338|5587|3200|418|2510|370|78.4|6.8|1415|274|44.2|7.3|1255|300|39.2|7.6|690|242|21.6|6.8|3190|413|2625|400|2625|400|2085|350|79.4|7.5|1300|266|49.5|8.6|945|272|36.0|8.4|540|219|20.6|7.5|0|25|0|25|-|**|0|25|-|**|0|25|-|**|0|25|-|**|570|166|415|131|72.8|17.8|115|71|20.2|11.8|300|117|52.6|18.4|155|121|27.2|17.9|29.5|7.8|29.5|7.8|29.6|7.8|0.0|100.0
9500000US0621540|Liberty Elementary School District (Sonoma County), CA|0621540|2019-2023|205|180|75|155|65|86.1|10.6|155|65|86.1|10.6|140|55|77.8|12.4|15|23|8.3|11.5|0|14|0.0|20.8|25|22|13.9|10.2|155|65|9.7|13.1|90|34|65|30|72.2|20.6|65|30|72.2|20.6|50|28|55.6|25.2|140|55|75|40|53.6|16.8|0|14|0.0|25.7|0|14|0.0|25.7|25|18|17.9|14.0|0|14|0.0|25.7|40|32|28.6|18.4|26.2|8.2|140|55|95|48|67.9|17.4|4|6|2.9|4.1|10|16|7.1|12.4|20|20|14.3|13.9|10|15|7.1|10.6|140|55|4|5|2.9|4.3|25|22|17.9|13.1|0|14|0.0|25.7|10|16|7.1|12.4|15|21|10.7|13.8|0|14|0.0|25.7|0|14|0.0|25.7|20|20|14.3|13.9|35|29|25.0|17.7|25|19|17.9|12.4|0|14|0.0|25.7|0|14|0.0|25.7|4|14|2.9|10.1|140|55|115|46|82.1|12.4|20|17|14.3|10.6|4|7|2.9|5.3|0|14|0.0|25.7|113750|38430|124583|36928|79444|59331|180|75|165|68|91.7|8.7|150|65|83.3|15.7|15|18|8.3|9.5|15|17|8.3|9.0|180|75|155|65|140|55|130|51|92.9|11.8|130|51|92.9|11.8|0|14|0.0|25.7|10|15|7.1|10.3|15|23|15|21|100.0|87.6|15|21|100.0|87.6|0|14|0.0|87.6|4|3|26.7|73.3|25|22|20|22|80.0|42.8|4|16|16.0|58.8|15|18|60.0|57.0|4|5|16.0|24.4|2.2|4.2|2.2|4.2|2.2|4.2|-|**
9600000US0621600|Liberty Union High School District, CA|0621600|2019-2023|205|10290|1089|8365|982|81.3|3.1|8365|982|81.3|3.1|8045|984|78.2|3.4|320|153|3.1|1.5|0|32|0.0|0.4|1925|351|18.7|3.1|8365|982|3.8|1.8|5425|558|4070|522|75.0|5.0|4070|522|75.0|5.0|3855|547|71.1|5.7|7835|957|5210|875|66.5|5.4|835|267|10.7|3.3|150|102|1.9|1.3|275|179|3.5|2.3|160|121|2.0|1.5|1205|345|15.4|4.6|39.8|3.6|8045|984|3730|723|46.4|6.9|1585|459|19.7|5.1|1090|246|13.5|3.5|1180|371|14.7|3.7|455|204|5.7|2.4|8045|984|260|263|3.2|3.1|880|254|10.9|2.9|345|153|4.3|1.9|70|76|0.9|1.0|625|226|7.8|2.9|400|134|5.0|1.5|95|76|1.2|0.9|495|168|6.2|2.0|1055|339|13.1|4.2|2555|609|31.8|5.5|220|98|2.7|1.3|295|141|3.7|1.8|750|290|9.3|3.4|8045|984|5685|822|70.7|6.7|1915|619|23.8|6.7|440|189|5.5|2.3|0|32|0.0|0.5|85000|13515|115071|18118|89792|25941|10290|1089|10010|1079|97.3|1.5|8880|939|86.3|5.8|1570|694|15.3|6.1|285|160|2.8|1.5|10175|1063|8265|962|7945|963|7855|966|98.9|1.3|7050|852|88.7|7.1|1085|625|13.7|7.3|90|99|1.1|1.3|320|153|320|153|100.0|12.4|245|140|76.6|21.7|85|75|26.6|22.1|0|32|0.0|12.4|1910|351|1715|343|89.8|6.4|1485|311|77.7|8.7|360|200|18.8|9.7|195|127|10.2|6.4|5.7|2.4|5.7|2.4|5.7|2.4|0.0|33.1
9700000US0621690|Lincoln Unified School District, CA|0621690|2019-2023|205|7580|820|6280|637|82.8|3.5|6280|637|82.8|3.5|5960|598|78.6|4.0|315|178|4.2|2.2|0|29|0.0|0.6|1300|341|17.2|3.5|6280|637|5.0|2.7|4170|452|3185|427|76.4|5.5|3185|427|76.4|5.5|3080|410|73.9|5.7|5700|590|4155|493|72.9|4.6|550|182|9.6|3.0|30|54|0.5|1.0|35|50|0.6|0.9|75|70|1.3|1.2|860|259|15.1|4.1|29.7|3.8|5960|598|2555|398|42.9|5.1|870|206|14.6|3.3|1090|220|18.3|3.2|600|246|10.1|3.7|850|208|14.3|3.5|5960|598|25|25|0.4|0.4|555|224|9.3|3.4|645|177|10.8|2.8|75|63|1.3|1.0|475|166|8.0|2.6|495|201|8.3|3.4|45|43|0.8|0.7|295|147|4.9|2.4|605|205|10.2|3.5|1775|350|29.8|5.2|255|126|4.3|2.1|145|80|2.4|1.3|575|183|9.6|2.8|5960|598|4140|478|69.5|4.3|1365|332|22.9|4.8|445|165|7.5|2.8|10|14|0.2|0.2|58655|3977|70278|9931|69385|9275|7580|820|7245|804|95.6|2.2|5650|643|74.5|4.6|1930|465|25.5|5.0|335|175|4.4|2.3|7550|814|6260|637|5945|594|5765|569|97.0|1.7|5025|562|84.5|3.9|1020|277|17.2|4.5|180|104|3.0|1.7|315|178|260|172|82.5|26.7|110|97|34.9|32.4|150|150|47.6|32.7|55|86|17.5|26.9|1285|337|1185|329|92.2|6.0|485|154|37.7|11.6|745|317|58.0|14.4|100|78|7.8|6.0|10.6|3.4|10.6|3.4|10.6|3.4|0.0|61.9
9700000US0621810|Linden Unified School District, CA|0621810|2019-2023|205|1545|321|1250|247|80.9|8.4|1250|247|80.9|8.4|1120|241|72.5|10.5|130|118|8.4|7.5|0|21|0.0|2.7|295|158|19.1|8.4|1250|247|10.4|9.1|790|220|495|151|62.7|14.9|495|151|62.7|14.9|375|134|47.5|17.1|1070|264|830|223|77.6|9.2|120|91|11.2|8.1|0|21|0.0|3.9|65|70|6.1|6.2|15|20|1.4|1.9|40|51|3.7|4.7|35.3|6.7|1120|241|275|114|24.6|9.4|140|100|12.5|8.4|225|114|20.1|9.0|260|138|23.2|11.0|220|115|19.6|9.6|1120|241|180|116|16.1|9.7|160|97|14.3|8.1|125|99|11.2|9.3|55|70|4.9|6.2|80|66|7.1|5.7|10|18|0.9|1.6|0|21|0.0|3.7|80|68|7.1|5.8|130|89|11.6|7.0|175|80|15.6|6.4|40|61|3.6|5.3|4|13|0.4|1.2|80|75|7.1|6.5|1120|241|815|199|72.8|7.6|230|95|20.5|7.3|70|34|6.3|2.9|0|21|0.0|3.7|46263|11408|47955|9568|83563|36159|1545|321|1325|265|85.8|9.1|695|201|45.0|14.5|650|237|42.1|10.1|220|159|14.2|9.0|1545|321|1250|247|1120|241|955|228|85.3|9.3|685|200|61.2|14.3|280|137|25.0|9.9|165|110|14.7|9.3|130|118|130|118|100.0|27.3|0|21|0.0|27.3|130|118|100.0|27.3|0|21|0.0|27.3|295|158|240|148|81.4|20.7|10|17|3.4|6.1|240|148|81.4|20.7|55|62|18.6|20.7|20.1|10.9|20.1|10.9|20.1|10.9|-|**
9700000US0621870|Lindsay Unified School District, CA|0621870|2019-2023|205|2825|537|2345|490|83.0|5.8|2345|490|83.0|5.8|2005|413|71.0|10.7|340|307|12.0|9.8|0|21|0.0|1.5|480|178|17.0|5.8|2345|490|14.5|11.7|1540|307|1105|276|71.8|10.1|1105|276|71.8|10.1|930|212|60.4|12.9|1850|355|1330|275|71.9|7.9|360|185|19.5|8.7|0|21|0.0|2.3|95|81|5.1|4.2|0|21|0.0|2.3|65|58|3.5|3.2|33.1|6.3|2005|413|345|178|17.2|7.9|540|198|26.9|7.7|180|100|9.0|5.1|695|242|34.7|9.7|245|135|12.2|6.3|2005|413|700|244|34.9|9.7|55|53|2.7|2.5|205|117|10.2|5.3|20|32|1.0|1.7|175|134|8.7|6.1|20|28|1.0|1.4|0|21|0.0|2.1|30|43|1.5|2.1|65|63|3.2|3.3|575|189|28.7|6.6|35|57|1.7|2.9|95|72|4.7|3.5|25|28|1.2|1.4|2005|413|1645|404|82.0|8.6|310|168|15.5|8.3|50|46|2.5|2.3|0|21|0.0|2.1|25962|7265|34391|9335|40341|5030|2825|537|2545|550|90.1|6.9|1065|337|37.7|11.9|1615|536|57.2|12.2|280|191|9.9|6.9|2825|537|2345|490|2005|413|1820|433|90.8|5.9|995|333|49.6|13.2|905|338|45.1|12.8|185|110|9.2|6.0|340|307|340|307|100.0|11.7|10|18|2.9|7.8|340|307|100.0|11.7|0|21|0.0|11.7|480|178|385|157|80.2|17.1|60|66|12.5|12.9|370|154|77.1|18.5|95|91|19.8|17.1|30.8|11.0|30.8|11.0|30.8|11.0|-|**
9500000US0621930|Little Lake City Elementary School District, CA|0621930|2019-2023|205|4405|541|3835|521|87.1|3.5|3790|500|86.0|3.7|3735|497|84.8|3.8|60|51|1.4|1.2|45|71|1.0|1.6|565|160|12.8|3.6|3790|500|1.6|1.3|2230|275|1770|281|79.4|6.8|1770|281|79.4|6.8|1735|280|77.8|6.8|3675|513|2880|429|78.4|5.2|295|111|8.0|2.8|55|55|1.5|1.5|0|29|0.0|1.1|80|65|2.2|1.7|365|162|9.9|4.2|31.6|5.5|3735|497|1315|278|35.2|6.1|605|144|16.2|3.2|830|245|22.2|5.4|380|128|10.2|3.2|600|169|16.1|4.1|3735|497|80|92|2.1|2.5|240|93|6.4|2.4|280|128|7.5|3.1|200|120|5.4|3.2|345|143|9.2|3.5|225|106|6.0|2.8|80|74|2.1|2.0|230|110|6.2|2.8|340|137|9.1|3.6|1125|326|30.1|7.5|230|115|6.2|2.9|100|74|2.7|2.0|255|108|6.8|2.8|3735|497|2760|461|73.9|6.4|810|241|21.7|6.0|165|79|4.4|2.1|0|29|0.0|1.1|58638|6480|64442|6863|62442|8525|4360|521|4275|522|98.1|1.2|3430|500|78.7|6.0|1050|284|24.1|6.0|85|51|1.9|1.2|4355|519|3785|498|3730|494|3665|493|98.3|1.2|3140|479|84.2|4.6|715|181|19.2|4.7|65|43|1.7|1.2|60|51|50|48|83.3|28.0|50|48|83.3|28.0|10|14|16.7|29.3|10|15|16.7|24.7|565|160|560|158|99.1|4.1|235|96|41.6|15.9|320|146|56.6|16.2|10|15|1.8|2.7|9.3|4.8|9.3|4.8|9.3|4.8|0.0|100.0
9500000US0621990|Live Oak Elementary School District, CA|0621990|2019-2023|205|1555|380|1320|331|84.9|6.6|1320|331|84.9|6.6|1255|326|80.7|7.3|65|73|4.2|4.6|0|25|0.0|2.7|240|119|15.4|6.6|1320|331|4.9|5.3|820|221|635|185|77.4|11.6|635|185|77.4|11.6|570|169|69.5|12.7|1220|330|775|261|63.5|11.5|170|96|13.9|6.9|15|24|1.2|2.0|50|59|4.1|4.6|50|48|4.1|3.9|160|107|13.1|7.7|21.4|3.6|1255|326|655|191|52.2|10.3|170|83|13.5|5.7|225|111|17.9|7.3|85|66|6.8|4.7|120|100|9.6|6.9|1255|326|0|25|0.0|3.3|140|96|11.2|6.6|105|60|8.4|4.7|55|48|4.4|3.8|105|87|8.4|6.4|0|25|0.0|3.3|35|60|2.8|4.6|65|57|5.2|4.6|175|128|13.9|9.0|300|108|23.9|7.6|135|81|10.8|5.7|65|50|5.2|3.9|80|67|6.4|4.7|1255|326|895|254|71.3|8.6|195|120|15.5|8.1|165|83|13.1|5.7|0|25|0.0|3.3|68703|5791|107593|28214|63000|16294|1555|380|1460|362|93.9|5.4|1255|348|80.7|8.9|270|130|17.4|7.7|100|87|6.4|5.3|1555|380|1320|331|1255|326|1185|317|94.4|5.1|1135|323|90.4|6.1|95|62|7.6|4.9|70|68|5.6|5.2|65|73|65|73|100.0|42.1|10|14|15.4|26.9|65|73|100.0|42.1|0|25|0.0|42.1|240|119|210|111|87.5|14.2|110|67|45.8|24.9|110|89|45.8|23.3|25|33|10.4|13.3|10.9|6.1|10.9|6.1|10.9|6.1|-|**
9700000US0622050|Live Oak Unified School District, CA|0622050|2019-2023|205|1440|274|1100|244|76.4|7.8|1100|244|76.4|7.8|1040|247|72.2|7.6|55|63|3.8|4.5|0|21|0.0|2.9|345|125|24.0|7.8|1100|244|5.0|5.8|785|170|465|145|59.2|12.5|465|145|59.2|12.5|455|147|58.0|12.5|1005|242|800|218|79.6|10.3|65|52|6.5|5.2|0|21|0.0|4.1|15|30|1.5|3.0|25|46|2.5|4.4|90|82|9.0|7.8|29.8|6.3|1040|247|190|93|18.3|8.2|210|115|20.2|9.2|215|112|20.7|10.5|175|106|16.8|9.0|250|120|24.0|10.1|1040|247|45|57|4.3|5.3|110|82|10.6|7.5|210|112|20.2|9.5|15|28|1.4|2.7|160|88|15.4|7.5|60|62|5.8|5.9|25|40|2.4|3.9|40|41|3.8|3.8|60|60|5.8|5.9|230|110|22.1|8.5|35|49|3.4|4.5|10|16|1.0|1.5|40|50|3.8|4.8|1040|247|885|242|85.1|10.2|135|100|13.0|9.3|15|30|1.4|2.9|0|21|0.0|4.0|41398|10843|71727|12257|24672|12085|1440|274|1240|262|86.1|8.3|780|251|54.2|14.1|555|202|38.5|11.6|200|127|13.9|8.3|1420|266|1100|244|1040|247|905|233|87.0|9.2|645|207|62.0|15.1|330|166|31.7|12.9|140|103|13.5|9.2|55|63|50|62|90.9|32.6|10|14|18.2|34.7|40|61|72.7|55.1|4|14|7.3|31.8|320|117|265|105|82.8|15.9|105|91|32.8|25.8|165|89|51.6|23.6|55|55|17.2|16.0|7.6|4.7|7.6|4.7|7.7|4.8|0.0|75.8
9700000US0622110|Livermore Valley Joint Unified School District, CA|0622110|2019-2023|205|13720|941|11760|793|85.7|2.3|11760|793|85.7|2.3|11495|808|83.8|2.5|265|125|1.9|0.9|0|32|0.0|0.3|1960|381|14.3|2.4|11760|793|2.3|1.1|7230|543|5480|490|75.8|4.6|5480|490|75.8|4.6|5405|504|74.8|4.8|11210|829|6760|709|60.3|4.9|1390|430|12.4|3.6|140|99|1.2|0.9|135|139|1.2|1.2|160|86|1.4|0.7|2630|493|23.5|4.1|32.0|1.9|11495|808|7060|634|61.4|4.0|1880|381|16.4|3.1|1320|332|11.5|2.7|675|159|5.9|1.4|560|204|4.9|1.7|11495|808|45|41|0.4|0.4|1015|311|8.8|2.6|960|204|8.4|1.7|275|122|2.4|1.0|545|172|4.7|1.4|600|245|5.2|2.0|480|190|4.2|1.6|685|197|6.0|1.6|2455|391|21.4|3.4|2435|400|21.2|3.1|715|324|6.2|2.8|575|169|5.0|1.4|715|199|6.2|1.6|11495|808|8700|744|75.7|3.4|2145|387|18.7|3.1|655|219|5.7|1.9|0|32|0.0|0.4|108336|5172|143023|10136|105027|13421|13720|941|13445|941|98.0|1.1|12570|989|91.6|2.4|1075|320|7.8|2.4|275|146|2.0|1.1|13710|940|11750|794|11485|809|11295|816|98.3|0.9|10680|837|93.0|2.3|800|265|7.0|2.4|190|100|1.7|0.9|265|125|265|125|100.0|14.8|190|115|71.7|24.3|75|73|28.3|24.4|0|32|0.0|14.8|1960|381|1875|360|95.7|3.9|1690|349|86.2|6.0|200|111|10.2|5.6|85|80|4.3|3.9|1.8|1.0|1.8|1.0|1.8|1.0|0.0|100.0
9500000US0622170|Livingston Union School District, CA|0622170|2019-2023|205|2200|372|1770|322|80.5|6.0|1770|322|80.5|6.0|1620|312|73.6|8.2|145|115|6.6|5.0|0|21|0.0|1.9|435|149|19.8|5.9|1770|322|8.2|6.3|1245|285|895|253|71.9|9.9|895|253|71.9|9.9|830|257|66.7|11.8|1410|269|1150|231|81.6|8.1|90|66|6.4|4.7|0|21|0.0|3.0|20|27|1.4|1.9|25|39|1.8|2.7|125|112|8.9|7.3|22.7|3.5|1620|312|450|222|27.8|12.1|130|68|8.0|4.2|200|131|12.3|7.1|335|133|20.7|7.5|505|148|31.2|8.8|1620|312|255|116|15.7|7.0|90|51|5.6|3.1|210|106|13.0|5.8|85|78|5.2|4.9|110|109|6.8|6.5|260|105|16.0|6.5|0|21|0.0|2.6|15|29|0.9|1.8|120|106|7.4|6.2|390|177|24.1|9.5|30|38|1.9|2.3|20|29|1.2|1.8|40|38|2.5|2.3|1620|312|1345|287|83.0|9.3|240|162|14.8|9.2|35|40|2.2|2.5|0|21|0.0|2.6|35230|4237|44828|14488|30735|14122|2200|372|1980|363|90.0|5.6|1235|283|56.1|9.8|775|275|35.2|10.4|220|126|10.0|5.7|2200|372|1770|322|1620|312|1430|306|88.3|6.5|1050|280|64.8|9.4|400|161|24.7|9.7|195|107|12.0|6.6|145|115|145|115|100.0|25.0|30|38|20.7|23.8|115|100|79.3|23.7|0|21|0.0|25.0|435|149|405|147|93.1|8.9|150|87|34.5|18.5|260|132|59.8|19.4|30|41|6.9|9.2|24.3|9.3|24.3|9.3|24.3|9.3|-|**
9700000US0622230|Lodi Unified School District, CA|0622230|2019-2023|205|29945|1563|24880|1397|83.1|2.1|24880|1397|83.1|2.1|23160|1282|77.3|2.2|1720|448|5.7|1.4|0|32|0.0|0.1|5065|710|16.9|2.1|24880|1397|6.9|1.7|16220|764|12210|808|75.3|3.0|12210|808|75.3|3.0|11100|771|68.4|3.4|22430|1286|17185|1228|76.6|2.6|2910|423|13.0|1.8|80|81|0.4|0.4|225|149|1.0|0.7|240|121|1.1|0.5|1790|425|8.0|1.9|27.5|2.0|23160|1282|7565|702|32.7|2.9|3605|600|15.6|2.4|4475|624|19.3|2.3|3330|529|14.4|2.1|4185|559|18.1|2.1|23160|1282|1005|257|4.3|1.1|2240|371|9.7|1.5|2535|522|10.9|2.1|445|142|1.9|0.6|2225|443|9.6|1.8|1960|401|8.5|1.7|260|117|1.1|0.5|1050|296|4.5|1.3|1825|469|7.9|1.9|5455|565|23.6|2.2|1155|328|5.0|1.4|1575|353|6.8|1.5|1425|317|6.2|1.4|23160|1282|17160|1253|74.1|3.1|4085|537|17.6|2.2|1845|453|8.0|1.9|70|56|0.3|0.2|51399|2890|69279|4579|55115|3896|29945|1563|27785|1446|92.8|1.5|20020|1356|66.9|2.7|8780|849|29.3|2.6|2160|494|7.2|1.5|29790|1528|24830|1385|23110|1277|21665|1162|93.7|1.7|17060|1129|73.8|2.7|5235|535|22.7|2.3|1445|426|6.3|1.7|1720|448|1575|424|91.6|4.8|745|321|43.3|12.7|880|280|51.2|12.0|145|87|8.4|4.8|4960|678|4395|598|88.6|3.6|2090|462|42.1|6.6|2520|450|50.8|7.8|565|206|11.4|3.6|10.9|1.7|10.9|1.7|11.0|1.7|0.0|23.7
9500000US0622320|Loleta Union Elementary School District, CA|0622320|2019-2023|205|100|59|70|51|70.0|23.1|70|51|70.0|23.1|70|44|70.0|18.4|4|8|4.0|7.0|0|14|0.0|33.1|30|25|30.0|22.6|70|51|5.7|8.6|65|37|55|34|84.6|18.9|55|34|84.6|18.9|55|34|84.6|18.9|70|44|55|38|78.6|25.1|4|7|5.7|9.0|0|14|0.0|40.5|0|14|0.0|40.5|0|14|0.0|40.5|10|14|14.3|19.2|12.8|4.5|70|44|25|25|35.7|24.7|10|14|14.3|18.7|30|24|42.9|28.9|4|3|5.7|4.7|4|2|5.7|4.8|70|44|0|14|0.0|40.5|4|3|5.7|4.7|0|14|0.0|40.5|0|14|0.0|40.5|15|18|21.4|22.6|0|14|0.0|40.5|0|14|0.0|40.5|0|14|0.0|40.5|4|3|5.7|6.0|20|21|28.6|24.5|10|14|14.3|20.2|0|14|0.0|40.5|20|20|28.6|21.0|70|44|30|23|42.9|25.6|40|32|57.1|23.8|4|5|5.7|7.6|0|14|0.0|40.5|21250|6039|-|**|-|**|100|59|100|56|100.0|33.1|60|40|60.0|25.9|45|46|45.0|28.8|4|4|4.0|4.6|100|59|70|51|70|44|65|45|92.9|18.0|50|39|71.4|28.6|25|26|35.7|27.4|4|4|5.7|6.7|4|8|4|8|100.0|100.0|0|14|0.0|100.0|4|8|100.0|100.0|0|14|0.0|100.0|30|25|30|25|100.0|61.9|10|13|33.3|42.7|20|20|66.7|54.8|0|14|0.0|61.9|15.0|17.9|15.0|17.9|15.0|17.9|-|**
9500000US0622350|Loma Prieta Joint Union Elementary School District, CA|0622350|2019-2023|205|325|150|285|139|87.7|11.1|285|139|87.7|11.1|285|139|87.7|11.1|0|14|0.0|12.2|0|14|0.0|12.2|45|36|13.8|11.1|285|139|0.0|13.8|165|75|125|70|75.8|22.2|125|70|75.8|22.2|125|70|75.8|22.2|285|139|175|127|61.4|22.4|30|30|10.5|10.9|0|14|0.0|13.8|0|14|0.0|13.8|0|14|0.0|13.8|80|45|28.1|18.8|33.8|7.3|285|139|240|127|84.2|15.0|10|19|3.5|7.2|25|31|8.8|9.7|10|16|3.5|5.5|0|14|0.0|13.8|285|139|0|14|0.0|13.8|0|14|0.0|13.8|15|21|5.3|7.6|15|30|5.3|9.7|20|30|7.0|10.4|20|27|7.0|9.5|4|5|1.4|1.8|10|14|3.5|5.1|85|68|29.8|16.5|105|69|36.8|13.1|0|14|0.0|13.8|0|14|0.0|13.8|10|13|3.5|4.9|285|139|175|88|61.4|12.0|65|51|22.8|12.9|40|41|14.0|12.6|0|14|0.0|13.8|175313|159539|240134|10732|114875|15456|325|150|325|150|100.0|12.2|285|133|87.7|11.0|50|41|15.4|11.1|0|14|0.0|12.2|325|150|285|139|285|139|285|139|100.0|13.8|240|125|84.2|12.7|40|40|14.0|12.1|0|14|0.0|13.8|0|14|0|14|-|**|0|14|-|**|0|14|-|**|0|14|-|**|45|36|45|36|100.0|50.6|45|36|100.0|50.6|4|14|8.9|36.3|0|14|0.0|50.6|3.1|6.1|3.1|6.1|3.1|6.1|-|**
9700000US0622410|Lompoc Unified School District, CA|0622410|2019-2023|205|8290|837|6900|810|83.2|3.0|6545|803|79.0|3.5|6115|798|73.8|4.4|425|305|5.1|3.6|360|106|4.3|1.3|1385|244|16.7|3.0|6545|803|6.5|4.6|4330|471|3105|456|71.7|5.3|3050|451|70.4|5.5|2900|448|67.0|5.9|5980|679|4150|630|69.4|5.3|1065|263|17.8|4.5|180|135|3.0|2.2|185|102|3.1|1.7|165|95|2.8|1.6|235|111|3.9|1.8|27.5|2.3|6115|798|1645|287|26.9|4.9|1715|401|28.0|4.4|820|217|13.4|3.3|1370|365|22.4|4.4|565|169|9.2|2.7|6115|798|450|210|7.4|3.5|860|341|14.1|4.6|645|293|10.5|4.1|75|67|1.2|1.1|460|156|7.5|2.5|245|135|4.0|2.2|10|12|0.2|0.2|85|50|1.4|0.8|515|146|8.4|2.4|1195|242|19.5|4.2|565|216|9.2|3.2|260|124|4.3|2.0|755|263|12.3|3.8|6115|798|4220|659|69.0|5.6|1485|338|24.3|5.0|395|172|6.5|2.6|20|29|0.3|0.5|49326|2741|60456|5692|55189|6752|7930|824|6195|634|78.1|5.8|3915|560|49.4|5.6|2775|493|35.0|6.0|1735|547|21.9|5.8|7930|824|6545|803|6115|798|4765|602|77.9|7.0|3405|538|55.7|6.3|1765|384|28.9|6.3|1355|514|22.2|7.0|425|305|375|301|88.2|16.8|105|78|24.7|23.9|290|287|68.2|30.0|55|54|12.9|16.2|1385|244|1060|235|76.5|10.0|405|117|29.2|7.4|720|196|52.0|9.7|325|148|23.5|9.9|11.5|4.6|11.5|4.6|11.5|4.6|-|**
9700000US0622500|Long Beach Unified School District, CA|0622500|2019-2023|205|60095|2073|49185|1782|81.8|1.1|49090|1797|81.7|1.1|46740|1741|77.8|1.3|2350|552|3.9|0.9|95|102|0.2|0.2|10915|772|18.2|1.1|49090|1797|4.8|1.1|33380|1208|24435|1025|73.2|1.8|24435|1025|73.2|1.8|23155|1011|69.4|1.9|45330|1740|31130|1480|68.7|2.3|4135|801|9.1|1.7|1415|312|3.1|0.7|1220|474|2.7|1.0|900|234|2.0|0.5|6535|801|14.4|1.7|30.2|1.0|46740|1741|18010|1159|38.5|2.1|8435|906|18.0|1.8|8625|828|18.5|1.6|4125|579|8.8|1.1|7545|805|16.1|1.6|46740|1741|290|160|0.6|0.3|3265|513|7.0|1.0|5055|619|10.8|1.4|1450|295|3.1|0.6|3900|522|8.3|1.1|4245|536|9.1|1.1|980|250|2.1|0.6|2090|383|4.5|0.8|6840|680|14.6|1.3|10735|919|23.0|1.7|3915|547|8.4|1.1|2190|387|4.7|0.8|1785|291|3.8|0.6|46740|1741|35330|1519|75.6|1.8|7510|805|16.1|1.5|3835|508|8.2|1.1|60|84|0.1|0.2|50748|1887|70332|3861|61450|3595|60000|2084|52415|2003|87.4|1.3|37300|1748|62.2|2.0|17205|1262|28.7|1.8|7585|817|12.6|1.3|59570|2060|48900|1795|46550|1739|41205|1713|88.5|1.3|32415|1545|69.6|2.0|10400|898|22.3|1.7|5350|641|11.5|1.3|2350|552|2040|547|86.8|6.1|970|509|41.3|14.4|1100|258|46.8|12.6|305|131|13.0|6.0|10670|762|8740|702|81.9|2.9|3695|431|34.6|3.6|5370|605|50.3|3.7|1930|336|18.1|2.9|13.8|1.4|13.8|1.4|13.8|1.4|7.6|8.7
9500000US0622560|Loomis Union Elementary School District, CA|0622560|2019-2023|205|2590|560|2280|532|88.0|5.0|2280|532|88.0|5.0|2265|530|87.5|5.1|15|28|0.6|1.1|0|25|0.0|1.6|310|136|12.0|5.0|2280|532|0.7|1.2|1270|264|990|259|78.0|10.1|990|259|78.0|10.1|975|254|76.8|10.1|2235|525|1490|467|66.7|8.6|160|105|7.2|4.7|0|25|0.0|1.9|10|28|0.4|1.3|60|68|2.7|3.0|515|179|23.0|8.0|25.7|4.6|2265|530|1465|464|64.7|9.8|305|111|13.5|4.5|365|157|16.1|7.1|70|68|3.1|2.9|65|40|2.9|1.8|2265|530|20|33|0.9|1.5|190|143|8.4|6.1|180|103|7.9|4.6|25|37|1.1|1.6|185|121|8.2|5.4|100|70|4.4|3.0|15|26|0.7|1.1|350|385|15.5|14.7|155|104|6.8|4.5|545|178|24.1|7.9|40|43|1.8|1.9|75|68|3.3|3.0|385|136|17.0|5.9|2265|530|1210|262|53.4|11.6|910|435|40.2|12.4|145|104|6.4|4.5|0|25|0.0|1.9|112917|19137|160719|23001|118594|41185|2590|560|2590|560|100.0|1.6|2455|537|94.8|3.8|195|159|7.5|5.8|0|25|0.0|1.6|2590|560|2280|532|2265|530|2265|530|100.0|1.9|2200|515|97.1|3.6|120|119|5.3|5.0|0|25|0.0|1.9|15|28|15|28|100.0|87.6|0|25|0.0|87.6|15|28|100.0|87.6|0|25|0.0|87.6|310|136|310|136|100.0|12.8|255|125|82.3|18.4|55|61|17.7|18.0|0|25|0.0|12.8|2.1|2.1|2.1|2.1|2.1|2.1|-|**
9700000US0622590|Los Alamitos Unified School District, CA|0622590|2019-2023|205|7065|688|5795|578|82.0|5.1|5675|581|80.3|5.0|5420|575|76.7|5.2|255|164|3.6|2.3|120|57|1.7|0.8|1270|409|18.0|5.0|5675|581|4.5|2.8|3720|419|2695|353|72.4|7.0|2690|354|72.3|7.1|2520|351|67.7|7.5|5495|568|4020|393|73.2|5.4|175|92|3.2|1.6|4|16|0.1|0.3|15|24|0.3|0.4|100|54|1.8|1.0|1180|367|21.5|5.4|31.1|2.4|5420|575|3895|477|71.9|4.5|410|206|7.6|3.6|750|164|13.8|2.8|195|104|3.6|1.9|160|73|3.0|1.3|5420|575|4|8|0.1|0.1|360|174|6.6|3.1|610|218|11.3|4.0|115|80|2.1|1.5|320|126|5.9|2.2|210|73|3.9|1.3|80|44|1.5|0.8|475|122|8.8|2.3|800|214|14.8|3.6|1875|352|34.6|4.2|280|105|5.2|1.9|115|59|2.1|1.1|180|84|3.3|1.5|5420|575|4030|518|74.4|4.7|1000|226|18.5|3.6|380|114|7.0|2.2|4|16|0.1|0.3|105043|11100|143466|33440|106158|14953|6945|692|6585|678|94.8|4.2|6155|667|88.6|4.9|615|224|8.9|3.1|360|298|5.2|4.2|6880|688|5615|575|5360|568|5170|568|96.5|2.9|5080|556|94.8|3.0|235|142|4.4|2.5|190|157|3.5|2.9|255|164|130|68|51.0|36.1|80|53|31.4|26.6|50|47|19.6|20.4|125|150|49.0|36.1|1265|414|1220|425|96.4|3.6|955|370|75.5|14.1|265|188|20.9|13.1|45|38|3.6|3.6|2.8|1.4|2.8|1.4|2.8|1.4|0.0|42.1
9500000US0622650|Los Altos Elementary School District, CA|0622650|2019-2023|205|5670|542|4880|507|86.1|2.3|4880|507|86.1|2.3|4695|527|82.8|3.3|185|109|3.3|2.0|0|29|0.0|0.7|790|141|13.9|2.3|4880|507|3.8|2.3|2805|264|2160|244|77.0|3.7|2160|244|77.0|3.7|2015|246|71.8|4.9|4665|530|2430|363|52.1|5.3|205|110|4.4|2.2|100|63|2.1|1.4|20|25|0.4|0.5|145|79|3.1|1.7|1765|343|37.8|5.7|24.0|2.0|4695|527|4225|499|90.0|3.0|165|105|3.5|2.2|210|84|4.5|1.8|35|37|0.7|0.8|65|62|1.4|1.3|4695|527|0|29|0.0|0.9|20|20|0.4|0.4|755|177|16.1|3.3|20|33|0.4|0.7|150|69|3.2|1.5|80|60|1.7|1.3|625|154|13.3|3.1|210|77|4.5|1.6|1705|367|36.3|5.6|880|205|18.7|4.2|155|104|3.3|2.2|70|45|1.5|1.0|20|29|0.4|0.6|4695|527|4300|472|91.6|2.9|125|75|2.7|1.6|265|145|5.6|2.8|4|5|0.1|0.1|243359|22403|250,000+|***|202305|31987|5670|542|5615|537|99.0|0.9|5485|547|96.7|1.8|195|133|3.4|2.3|55|54|1.0|0.9|5670|542|4880|507|4695|527|4660|519|99.3|0.9|4570|524|97.3|1.8|145|106|3.1|2.3|35|46|0.7|0.9|185|109|185|109|100.0|20.4|175|108|94.6|8.9|10|13|5.4|7.7|0|29|0.0|20.4|790|141|770|139|97.5|3.0|740|139|93.7|5.3|40|45|5.1|5.5|15|21|1.9|2.7|0.7|1.1|0.7|1.1|0.7|1.1|-|**
9700000US0622710|Los Angeles Unified School District, CA|0622710|2019-2023|205|514390|5250|408230|4414|79.4|0.4|407845|4409|79.3|0.4|384085|4442|74.7|0.5|23760|1258|4.6|0.2|380|134|0.1|0.1|106160|2336|20.6|0.4|407845|4409|5.8|0.3|288195|3120|199080|2837|69.1|0.7|198985|2837|69.0|0.7|183510|2807|63.7|0.7|373635|4283|253455|4019|67.8|0.7|43175|1822|11.6|0.5|19095|1102|5.1|0.3|7050|637|1.9|0.2|7395|811|2.0|0.2|43465|1977|11.6|0.5|31.3|0.3|384085|4442|125210|2776|32.6|0.6|82060|2048|21.4|0.5|68505|2255|17.8|0.5|45810|1497|11.9|0.4|62500|1931|16.3|0.4|384085|4442|1705|323|0.4|0.1|38495|1572|10.0|0.4|36730|1805|9.6|0.5|13240|928|3.4|0.2|31545|1592|8.2|0.4|27355|1420|7.1|0.3|13035|850|3.4|0.2|19950|1097|5.2|0.3|49370|1515|12.9|0.4|79300|2089|20.6|0.5|36905|1520|9.6|0.4|24890|1381|6.5|0.3|11570|771|3.0|0.2|384085|4442|292930|3615|76.3|0.5|46115|1748|12.0|0.4|43910|1883|11.4|0.5|1130|262|0.3|0.1|41126|435|56805|1306|47645|822|514010|5234|436760|5181|85.0|0.5|269235|5039|52.4|0.7|185775|3208|36.1|0.6|77245|2570|15.0|0.5|509510|5225|405235|4398|381535|4443|328415|4570|86.1|0.5|227990|4332|59.8|0.7|113810|2642|29.8|0.6|53120|1736|13.9|0.5|23700|1261|19520|1109|82.4|2.2|8025|719|33.9|2.6|12460|867|52.6|2.4|4180|577|17.6|2.2|104270|2296|84495|2075|81.0|1.2|31215|1402|29.9|1.1|55865|1622|53.6|1.3|19775|1360|19.0|1.2|17.3|0.5|17.3|0.5|17.3|0.5|17.9|5.1
9700000US0622740|Los Banos Unified School District, CA|0622740|2019-2023|205|7915|936|5850|786|73.9|4.0|5850|786|73.9|4.0|5445|802|68.8|4.5|405|173|5.1|2.3|0|29|0.0|0.5|2070|388|26.2|4.0|5850|786|6.9|3.1|4335|503|2350|363|54.2|6.3|2350|363|54.2|6.3|2135|372|49.3|6.4|5165|705|4160|694|80.5|5.6|750|285|14.5|5.6|0|29|0.0|0.8|90|72|1.7|1.3|15|25|0.3|0.5|150|148|2.9|2.8|55.1|6.2|5445|802|1415|469|26.0|6.4|880|287|16.2|4.9|870|301|16.0|5.0|1405|347|25.8|5.9|875|247|16.1|4.3|5445|802|340|147|6.2|2.7|1310|303|24.1|5.2|305|170|5.6|3.0|215|132|3.9|2.4|645|313|11.8|5.4|285|193|5.2|3.2|45|51|0.8|1.0|50|47|0.9|0.9|340|181|6.2|3.5|1120|316|20.6|4.5|225|111|4.1|2.1|355|257|6.5|4.3|205|152|3.8|2.7|5445|802|4395|632|80.7|5.3|770|308|14.1|4.3|280|186|5.1|3.4|0|29|0.0|0.8|46918|5844|61734|11029|42468|19876|7915|936|6840|915|86.4|4.7|3960|727|50.0|6.0|3320|662|41.9|6.9|1075|385|13.6|4.8|7900|937|5835|787|5435|803|4860|796|89.4|4.4|3160|672|58.1|7.5|2080|536|38.3|8.0|575|239|10.6|4.4|400|173|275|141|68.8|19.3|110|93|27.5|18.6|170|97|42.5|20.2|125|92|31.3|19.1|2070|388|1690|348|81.6|9.2|685|242|33.1|9.6|1055|260|51.0|9.7|380|212|18.4|9.2|15.4|4.6|15.4|4.6|15.4|4.6|0.0|87.6
9500000US0622830|Los Gatos Union Elementary School District, CA|0622830|2019-2023|205|3915|466|2985|389|76.2|4.3|2985|389|76.2|4.3|2950|376|75.4|4.1|35|37|0.9|0.9|0|25|0.0|1.1|930|206|23.8|4.4|2985|389|1.2|1.2|1905|228|1085|213|57.0|8.5|1085|213|57.0|8.5|1055|205|55.4|8.2|2900|392|1655|293|57.1|5.9|235|103|8.1|3.5|0|25|0.0|1.5|4|9|0.1|0.3|25|26|0.9|0.9|980|227|33.8|6.6|35.4|7.2|2950|376|2180|308|73.9|8.3|65|58|2.2|1.9|530|218|18.0|6.6|80|101|2.7|3.4|95|85|3.2|2.8|2950|376|0|25|0.0|1.4|90|69|3.1|2.3|500|129|16.9|4.3|115|88|3.9|3.0|125|75|4.2|2.6|95|97|3.2|3.3|115|72|3.9|2.4|295|183|10.0|5.6|965|212|32.7|6.4|430|144|14.6|4.5|90|66|3.1|2.1|90|111|3.1|3.7|45|40|1.5|1.4|2950|376|2510|321|85.1|4.3|190|73|6.4|2.4|210|128|7.1|4.0|40|39|1.4|1.3|219770|18835|250,000+|***|213810|18741|3915|466|3825|454|97.7|2.2|3720|447|95.0|3.6|130|116|3.3|2.9|90|88|2.3|2.2|3915|466|2985|389|2950|376|2885|360|97.8|2.4|2870|360|97.3|2.4|25|33|0.8|1.1|65|74|2.2|2.5|35|37|35|37|100.0|57.3|35|37|100.0|57.3|0|25|0.0|57.3|0|25|0.0|57.3|930|206|900|205|96.8|3.4|810|187|87.1|11.2|105|107|11.3|10.5|25|32|2.7|3.5|2.7|2.6|2.7|2.6|2.7|2.6|-|**
9600000US0622800|Los Gatos-Saratoga Joint Union School District, CA|0622800|2019-2023|205|4190|510|3315|457|79.1|3.9|3315|457|79.1|3.9|3155|434|75.3|3.9|160|90|3.8|2.0|0|32|0.0|1.0|875|184|20.9|4.0|3315|457|4.8|2.5|2070|269|1345|249|65.0|7.2|1345|249|65.0|7.2|1290|233|62.3|7.0|3120|430|1760|283|56.4|5.6|295|137|9.5|4.0|0|32|0.0|1.4|75|53|2.4|1.7|60|50|1.9|1.6|935|221|30.0|6.1|28.9|2.2|3155|434|2685|382|85.1|3.8|50|57|1.6|1.7|380|123|12.0|3.6|30|42|1.0|1.3|10|21|0.3|0.7|3155|434|0|32|0.0|1.3|140|73|4.4|2.3|575|165|18.2|5.1|145|110|4.6|3.3|90|52|2.9|1.7|25|30|0.8|0.9|185|111|5.9|3.5|185|73|5.9|2.4|975|239|30.9|5.9|640|196|20.3|5.5|90|75|2.9|2.3|50|42|1.6|1.4|60|62|1.9|1.9|3155|434|2600|381|82.4|4.8|300|142|9.5|4.2|225|105|7.1|3.3|35|38|1.1|1.2|203622|30890|250,000+|***|158800|35776|4190|510|4150|513|99.0|1.2|4015|521|95.8|2.9|210|152|5.0|3.5|40|47|1.0|1.1|4170|510|3295|457|3140|433|3115|437|99.2|1.3|3090|439|98.4|1.6|70|64|2.2|2.0|25|41|0.8|1.3|160|90|160|90|100.0|23.0|125|83|78.1|22.1|60|60|37.5|29.4|0|32|0.0|23.0|875|184|855|180|97.7|3.1|780|166|89.1|11.4|80|104|9.1|11.1|20|27|2.3|3.1|3.2|2.6|3.2|2.6|3.2|2.6|0.0|75.8
9500000US0622890|Los Nietos Elementary School District, CA|0622890|2019-2023|205|1325|340|1165|301|87.9|10.9|1165|301|87.9|10.9|1130|282|85.3|11.3|35|61|2.6|4.3|0|21|0.0|3.2|160|159|12.1|11.0|1165|301|3.0|4.8|805|257|645|216|80.1|17.1|645|216|80.1|17.1|645|216|80.1|17.1|1070|261|750|248|70.1|12.4|195|110|18.2|10.7|0|21|0.0|3.9|15|29|1.4|2.8|20|32|1.9|2.9|95|73|8.9|6.5|27.9|3.9|1130|282|350|128|31.0|11.4|165|127|14.6|9.9|340|162|30.1|12.1|75|84|6.6|7.0|195|122|17.3|9.3|1130|282|0|21|0.0|3.7|40|43|3.5|3.9|205|132|18.1|10.6|65|65|5.8|5.1|170|100|15.0|8.3|75|66|6.6|5.5|10|23|0.9|2.0|40|41|3.5|3.7|50|79|4.4|6.8|310|112|27.4|9.5|45|47|4.0|4.1|70|102|6.2|8.6|50|62|4.4|5.3|1130|282|875|286|77.4|11.5|255|126|22.6|11.5|0|21|0.0|3.7|0|21|0.0|3.7|53053|13960|59518|22512|54680|12275|1325|340|1205|361|90.9|8.4|800|239|60.4|13.0|455|262|34.3|15.3|120|103|9.1|8.3|1325|340|1165|301|1130|282|1025|296|90.7|9.0|785|236|69.5|10.9|285|165|25.2|12.5|105|98|9.3|9.0|35|61|35|61|100.0|57.3|0|21|0.0|57.3|35|61|100.0|57.3|0|21|0.0|57.3|160|159|145|157|90.6|17.6|15|29|9.4|21.9|130|152|81.3|28.8|15|24|9.4|18.3|15.1|13.0|15.1|13.0|15.1|13.0|-|**
9500000US0622950|Lost Hills Union Elementary School District, CA|0622950|2019-2023|205|495|120|340|86|68.7|9.0|340|86|68.7|9.0|330|84|66.7|9.5|10|15|2.0|2.9|0|14|0.0|8.2|155|62|31.3|8.9|340|86|2.9|4.3|250|68|105|47|42.0|16.3|105|47|42.0|16.3|105|47|42.0|16.3|320|83|295|78|92.2|7.0|20|21|6.3|6.5|0|14|0.0|12.4|0|14|0.0|12.4|0|14|0.0|12.4|0|14|0.0|12.4|21.0|2.7|330|84|15|19|4.5|6.0|30|22|9.1|6.6|45|36|13.6|9.9|140|58|42.4|15.1|100|45|30.3|11.1|330|84|170|59|51.5|14.3|4|18|1.2|5.4|4|15|1.2|4.7|20|28|6.1|7.7|55|35|16.7|9.1|20|24|6.1|7.2|0|14|0.0|12.1|4|14|1.2|0.3|15|22|4.5|6.6|10|18|3.0|5.5|15|16|4.5|4.7|10|14|3.0|4.3|0|14|0.0|12.1|330|84|330|84|100.0|12.1|0|14|0.0|12.1|0|14|0.0|12.1|0|14|0.0|12.1|32694|4910|34500|4773|33250|12522|495|120|420|110|84.8|8.2|165|63|33.3|11.4|315|107|63.6|12.3|75|43|15.2|8.1|495|120|340|86|330|84|275|74|83.3|10.9|130|57|39.4|14.8|185|71|56.1|14.9|55|40|16.7|11.1|10|15|10|15|100.0|100.0|0|14|0.0|100.0|10|15|100.0|100.0|0|14|0.0|100.0|155|62|135|56|87.1|11.0|35|27|22.6|15.0|120|52|77.4|18.1|20|18|12.9|10.5|30.3|12.2|30.3|12.2|30.3|12.2|-|**
9500000US0623010|Lowell Joint Elementary School District, CA|0623010|2019-2023|205|3635|612|3160|594|86.9|5.0|3160|594|86.9|5.0|3160|594|86.9|5.0|4|6|0.1|0.2|0|29|0.0|1.2|475|182|13.1|4.9|3160|594|0.1|0.2|1845|312|1435|304|77.8|8.5|1435|304|77.8|8.5|1435|306|77.8|8.6|3120|601|2300|457|73.7|7.2|450|248|14.4|7.2|55|50|1.8|1.7|0|29|0.0|1.4|0|29|0.0|1.4|320|186|10.3|5.4|34.3|3.2|3160|594|1760|442|55.7|8.2|430|190|13.6|5.7|510|193|16.1|5.6|230|132|7.3|3.9|230|150|7.3|4.5|3160|594|40|36|1.3|1.2|340|204|10.8|5.5|275|181|8.7|5.4|10|16|0.3|0.5|205|101|6.5|3.2|110|75|3.5|2.4|20|26|0.6|0.8|75|50|2.4|1.7|505|259|16.0|7.5|1010|298|32.0|7.8|210|121|6.6|3.6|175|111|5.5|3.4|180|112|5.7|3.4|3160|594|2235|496|70.7|6.4|795|238|25.2|6.2|130|87|4.1|2.9|0|29|0.0|1.3|82111|6644|88911|6752|80197|9858|3635|612|3530|602|97.1|2.3|3215|612|88.4|4.7|365|158|10.0|4.7|105|86|2.9|2.3|3565|601|3090|579|3090|580|3000|571|97.1|2.4|2815|564|91.1|4.5|210|128|6.8|4.2|85|78|2.8|2.5|4|6|4|6|100.0|100.0|4|6|100.0|100.0|0|29|0.0|100.0|0|29|0.0|100.0|475|182|455|177|95.8|4.7|350|157|73.7|14.9|130|84|27.4|15.6|20|22|4.2|4.5|3.2|2.6|3.2|2.6|3.2|2.7|0.0|40.5
9700000US0623080|Lucia Mar Unified School District, CA|0623080|2019-2023|205|10895|1040|9085|1002|83.4|3.2|9085|1002|83.4|3.2|8770|967|80.5|3.4|315|160|2.9|1.4|0|32|0.0|0.4|1810|361|16.6|3.2|9085|1002|3.5|1.7|5625|560|4135|509|73.5|5.1|4135|509|73.5|5.1|3995|504|71.0|5.2|8455|951|6710|910|79.4|4.5|565|220|6.7|2.5|15|23|0.2|0.3|85|64|1.0|0.8|100|82|1.2|1.0|985|294|11.6|3.4|25.9|4.8|8770|967|3535|578|40.3|4.9|1100|232|12.5|2.6|1910|461|21.8|4.3|1335|410|15.2|4.3|895|386|10.2|4.2|8770|967|495|273|5.6|3.1|795|360|9.1|3.9|520|168|5.9|1.9|215|175|2.5|1.9|550|193|6.3|2.1|905|374|10.3|3.9|220|149|2.5|1.7|145|118|1.7|1.3|820|249|9.4|2.7|2845|586|32.4|5.3|390|142|4.4|1.6|285|134|3.2|1.5|590|225|6.7|2.6|8770|967|6600|967|75.3|4.8|1735|361|19.8|4.2|395|218|4.5|2.6|40|41|0.5|0.5|60614|9530|82767|12933|65547|5305|10895|1040|9955|1037|91.4|3.0|8160|998|74.9|4.4|2215|474|20.3|4.3|940|325|8.6|3.0|10830|1049|9040|1010|8760|967|8045|956|91.8|3.4|7065|907|80.7|4.2|1265|324|14.4|3.7|710|306|8.1|3.4|280|167|260|169|92.9|10.0|115|72|41.1|27.9|175|157|62.5|29.1|20|24|7.1|10.5|1790|354|1580|337|88.3|6.2|960|289|53.6|12.5|705|249|39.4|11.4|210|115|11.7|6.2|10.0|3.7|10.0|3.7|10.0|3.7|0.0|42.1
9700000US0623160|Lynwood Unified School District, CA|0623160|2019-2023|205|9185|712|7010|654|76.3|3.5|6985|648|76.0|3.6|6475|595|70.5|3.6|510|165|5.6|1.7|25|41|0.3|0.4|2175|357|23.7|3.5|6985|648|7.3|2.2|5275|427|3455|446|65.5|5.7|3455|446|65.5|5.7|3090|402|58.6|5.4|6385|605|4560|542|71.4|4.0|1295|225|20.3|3.3|215|113|3.4|1.7|90|80|1.4|1.3|40|38|0.6|0.6|185|106|2.9|1.7|31.3|2.4|6475|595|970|205|15.0|3.1|1365|389|21.1|5.0|1490|327|23.0|4.8|870|245|13.4|3.5|1780|277|27.5|3.9|6475|595|15|23|0.2|0.4|705|211|10.9|3.0|1000|255|15.4|3.7|295|113|4.6|1.7|650|229|10.0|3.5|710|198|11.0|3.2|55|47|0.8|0.7|250|107|3.9|1.6|780|249|12.0|3.5|1055|229|16.3|3.2|375|151|5.8|2.3|465|298|7.2|4.4|120|88|1.9|1.3|6475|595|5495|537|84.9|3.3|550|163|8.5|2.3|430|168|6.6|2.5|0|32|0.0|0.7|35109|1699|48580|6893|33984|2316|9160|703|6895|575|75.3|4.5|4000|520|43.7|4.6|3200|478|34.9|5.2|2265|492|24.7|4.5|9105|704|6960|649|6450|597|4835|457|75.0|5.4|3280|468|50.9|5.9|1700|298|26.4|4.9|1620|424|25.1|5.4|510|165|405|153|79.4|14.2|55|54|10.8|10.4|355|144|69.6|16.9|100|79|19.6|14.1|2145|362|1600|313|74.6|10.3|630|177|29.4|7.1|1090|285|50.8|10.8|545|253|25.4|10.3|17.5|4.4|17.5|4.4|17.6|4.5|0.0|45.7
9700000US0623340|Madera Unified School District, CA|0623340|2019-2023|205|16855|1164|13065|1059|77.5|2.8|13035|1055|77.3|2.8|11590|1056|68.8|3.7|1445|410|8.6|2.4|30|33|0.2|0.2|3790|522|22.5|2.8|13035|1055|11.1|3.1|9195|795|6095|733|66.3|4.5|6095|733|66.3|4.5|5120|705|55.7|5.4|11115|1061|8480|1005|76.3|4.4|1515|397|13.6|3.5|35|47|0.3|0.4|225|163|2.0|1.4|390|159|3.5|1.4|475|190|4.3|1.7|26.4|2.3|11590|1056|2490|509|21.5|3.8|2080|529|17.9|4.0|1550|411|13.4|3.1|3470|558|29.9|4.6|1995|408|17.2|3.4|11590|1056|2630|538|22.7|4.6|965|296|8.3|2.4|1405|280|12.1|2.2|345|212|3.0|1.8|990|342|8.5|2.8|620|274|5.3|2.4|95|115|0.8|1.0|95|60|0.8|0.5|435|166|3.8|1.4|2215|592|19.1|4.6|740|351|6.4|2.9|580|234|5.0|2.0|475|181|4.1|1.5|11590|1056|8355|946|72.1|4.7|1960|507|16.9|4.0|1180|334|10.2|2.9|100|102|0.9|0.9|32939|4360|52425|7714|38352|5526|16825|1164|15285|1234|90.8|2.2|8355|1134|49.7|4.9|8290|973|49.3|5.0|1540|352|9.2|2.2|16755|1166|13000|1056|11560|1058|10730|1114|92.8|2.3|6850|1027|59.3|5.6|4705|751|40.7|5.7|825|244|7.1|2.3|1445|410|1195|400|82.7|11.9|455|229|31.5|15.2|850|365|58.8|16.2|245|176|17.0|11.9|3755|526|3290|498|87.6|4.7|1015|307|27.0|7.1|2665|451|71.0|6.8|465|183|12.4|4.7|27.5|4.5|27.5|4.5|27.4|4.5|50.0|42.2
9500000US0623430|Magnolia Elementary School District, CA|0623430|2019-2023|205|5395|600|4405|529|81.6|3.4|4405|529|81.6|3.4|4035|518|74.8|3.8|370|152|6.9|2.8|0|32|0.0|0.8|990|208|18.4|3.3|4405|529|8.4|3.4|2820|320|1990|285|70.6|5.6|1990|285|70.6|5.6|1755|276|62.2|5.8|3880|503|2895|430|74.6|5.7|425|148|11.0|3.8|75|76|1.9|1.9|95|68|2.4|1.7|30|44|0.8|1.1|355|179|9.1|4.2|29.8|2.8|4035|518|925|223|22.9|4.5|960|232|23.8|4.7|865|228|21.4|4.9|680|209|16.9|4.6|605|177|15.0|4.3|4035|518|55|62|1.4|1.5|660|208|16.4|4.6|380|141|9.4|3.3|115|90|2.9|2.2|345|131|8.6|3.2|200|87|5.0|2.3|70|72|1.7|1.7|270|117|6.7|3.1|625|261|15.5|6.1|610|185|15.1|4.1|370|172|9.2|4.0|200|121|5.0|2.9|135|107|3.3|2.6|4035|518|3360|467|83.3|5.5|425|207|10.5|4.7|205|108|5.1|2.6|40|45|1.0|1.1|39566|4536|55147|8228|45275|6111|5395|600|4270|572|79.1|5.5|2625|528|48.7|7.1|1790|348|33.2|6.0|1125|322|20.9|5.6|5385|601|4405|529|4035|518|3275|500|81.2|6.1|2290|450|56.8|7.6|1115|274|27.6|6.2|760|260|18.8|6.1|370|152|275|134|74.3|16.2|95|97|25.7|19.9|180|89|48.6|20.8|95|66|25.7|16.4|980|208|710|179|72.4|10.8|240|112|24.5|10.2|485|153|49.5|12.4|270|121|27.6|10.6|16.3|4.9|16.3|4.9|16.3|4.9|0.0|100.0
9700000US0600025|Manhattan Beach Unified School District, CA|0600025|2019-2023|205|5545|603|4405|524|79.4|4.2|4405|524|79.4|4.2|4350|521|78.4|4.3|60|49|1.1|0.9|0|29|0.0|0.8|1135|269|20.5|4.2|4405|524|1.4|1.1|2670|285|1780|251|66.7|7.3|1780|251|66.7|7.3|1760|249|65.9|7.3|4330|522|2405|375|55.5|7.9|170|85|3.9|2.0|0|29|0.0|1.0|105|115|2.4|2.7|65|58|1.5|1.4|1580|440|36.5|7.7|28.8|3.2|4350|521|3390|494|77.9|4.1|85|57|2.0|1.3|825|167|19.0|3.9|30|41|0.7|0.9|15|18|0.3|0.4|4350|521|10|17|0.2|0.4|35|35|0.8|0.8|280|115|6.4|2.5|85|61|2.0|1.4|200|116|4.6|2.6|60|46|1.4|1.0|475|163|10.9|3.5|820|196|18.9|4.9|1220|325|28.0|5.9|775|202|17.8|4.3|170|103|3.9|2.3|145|83|3.3|1.9|75|76|1.7|1.7|4350|521|3585|433|82.4|5.3|335|145|7.7|3.2|430|230|9.9|4.9|0|29|0.0|1.0|168910|27300|219578|26508|152250|57297|5545|603|5545|603|100.0|0.8|5465|610|98.6|1.3|185|105|3.3|1.9|0|29|0.0|0.8|5525|598|4400|523|4340|519|4340|519|100.0|1.0|4285|529|98.7|1.6|145|98|3.3|2.3|0|29|0.0|1.0|60|49|60|49|100.0|43.8|60|49|100.0|43.8|4|7|6.7|11.8|0|29|0.0|43.8|1125|268|1125|268|100.0|3.7|1125|268|100.0|3.7|15|27|1.3|2.3|0|29|0.0|3.7|2.1|1.6|2.1|1.6|2.1|1.6|0.0|75.8
9700000US0623610|Manteca Unified School District, CA|0623610|2019-2023|205|23820|1430|19320|1258|81.1|2.0|19280|1260|80.9|2.0|18015|1121|75.6|2.0|1265|409|5.3|1.6|40|40|0.2|0.2|4500|553|18.9|2.0|19280|1260|6.6|2.0|12610|829|9095|782|72.1|3.5|9080|779|72.0|3.5|8025|697|63.6|3.7|17535|1093|13205|959|75.3|3.0|2290|377|13.1|2.1|215|112|1.2|0.6|50|46|0.3|0.3|270|174|1.5|1.0|1505|409|8.6|2.2|41.1|2.9|18015|1121|5660|702|31.4|2.9|2960|487|16.4|2.4|2895|383|16.1|2.2|3025|504|16.8|2.6|3475|487|19.3|2.6|18015|1121|435|183|2.4|1.0|2175|399|12.1|2.3|1600|319|8.9|1.8|260|121|1.4|0.7|1615|407|9.0|2.1|2015|432|11.2|2.3|240|104|1.3|0.6|1045|361|5.8|1.9|1915|353|10.6|1.9|3895|586|21.6|3.0|1005|287|5.6|1.5|360|135|2.0|0.7|1455|359|8.1|1.9|18015|1121|12825|936|71.2|3.1|4040|630|22.4|3.1|1135|238|6.3|1.3|15|30|0.1|0.2|59175|2995|74168|4335|61983|4543|23780|1432|22455|1399|94.4|1.5|18530|1390|77.9|3.0|5130|744|21.6|3.1|1325|359|5.6|1.5|23690|1420|19260|1258|17995|1120|17035|1064|94.7|1.7|14810|1106|82.3|2.7|3090|473|17.2|2.7|965|314|5.4|1.7|1265|409|1255|406|99.2|1.6|870|376|68.8|17.9|485|258|38.3|17.3|10|19|0.8|1.5|4430|542|4080|542|92.1|2.7|2825|463|63.8|7.0|1480|337|33.4|6.2|350|118|7.9|2.8|8.5|1.7|8.5|1.7|8.3|1.7|61.1|42.8
9700000US0623940|Mariposa County Unified School District, CA|0623940|2019-2023|205|1705|331|1370|320|80.4|7.0|1370|320|80.4|7.0|1265|308|74.2|7.9|105|68|6.2|3.8|0|21|0.0|2.5|335|123|19.6|7.0|1370|320|7.7|4.8|950|207|750|212|78.9|9.5|750|212|78.9|9.5|720|201|75.8|10.1|1265|308|700|221|55.3|11.5|365|180|28.9|12.2|0|21|0.0|3.3|15|21|1.2|1.6|20|32|1.6|2.4|170|100|13.4|7.2|47.5|15.2|1265|308|655|193|51.8|11.0|335|166|26.5|10.3|160|106|12.6|7.9|90|82|7.1|5.8|25|19|2.0|1.5|1265|308|75|89|5.9|7.0|155|96|12.3|6.9|15|18|1.2|1.5|20|30|1.6|2.3|50|45|4.0|3.4|20|30|1.6|2.3|0|21|0.0|3.3|40|46|3.2|3.7|75|56|5.9|4.5|490|201|38.7|11.8|85|63|6.7|4.8|45|43|3.6|3.2|205|99|16.2|6.5|1265|308|575|175|45.5|12.0|555|221|43.9|12.2|115|88|9.1|6.2|25|39|2.0|2.9|61618|13715|89107|22866|72105|19287|1705|331|1680|323|98.5|2.1|1190|270|69.8|8.6|555|187|32.6|8.5|25|35|1.5|2.0|1675|329|1370|320|1265|308|1265|308|100.0|3.3|1045|264|82.6|9.3|280|155|22.1|10.2|0|21|0.0|3.3|105|68|105|68|100.0|32.0|35|49|33.3|37.5|65|52|61.9|37.5|0|21|0.0|32.0|305|110|280|112|91.8|12.8|105|76|34.4|24.0|180|102|59.0|23.7|25|35|8.2|12.4|19.1|7.7|19.1|7.7|19.4|7.9|0.0|61.9
9500000US0623970|Mark Twain Union Elementary School District, CA|0623970|2019-2023|205|1180|342|935|313|79.2|14.3|935|313|79.2|14.3|935|313|79.2|14.3|0|21|0.0|3.5|0|21|0.0|3.5|245|182|20.8|14.4|935|313|0.0|4.4|740|209|530|161|71.6|20.1|530|161|71.6|20.1|530|161|71.6|20.1|900|322|575|246|63.9|19.0|4|11|0.4|1.3|4|11|0.4|1.2|195|144|21.7|12.2|30|37|3.3|4.0|95|99|10.6|11.0|20.6|7.2|935|313|365|203|39.0|14.7|160|84|17.1|11.0|255|153|27.3|14.4|60|55|6.4|6.1|95|130|10.2|12.7|935|313|15|25|1.6|2.7|100|63|10.7|7.1|0|21|0.0|4.4|0|21|0.0|4.4|250|188|26.7|15.3|80|110|8.6|10.8|0|21|0.0|4.4|170|178|18.2|18.7|10|21|1.1|2.3|185|104|19.8|11.2|25|30|2.7|3.3|0|21|0.0|4.4|95|72|10.2|9.4|935|313|620|310|66.3|17.0|205|117|21.9|15.3|110|99|11.8|10.6|0|21|0.0|4.4|33981|18812|63804|23186|42879|20650|1180|342|1175|345|99.6|1.8|900|308|76.3|16.6|335|222|28.4|16.9|10|13|0.8|1.2|1180|342|935|313|935|313|925|314|98.9|1.8|735|286|78.6|13.8|250|150|26.7|15.3|10|13|1.1|1.5|0|21|0|21|-|**|0|21|-|**|0|21|-|**|0|21|-|**|245|182|245|182|100.0|15.9|165|159|67.3|38.3|80|100|32.7|38.5|0|21|0.0|15.9|16.9|17.1|16.9|17.1|16.9|17.1|-|**
9500000US0624000|Mark West Union Elementary School District, CA|0624000|2019-2023|205|1710|457|1440|429|84.2|8.2|1440|429|84.2|8.2|1385|426|81.0|8.5|55|61|3.2|3.6|0|21|0.0|2.5|270|143|15.8|8.2|1440|429|3.8|4.3|895|274|700|245|78.2|13.7|700|245|78.2|13.7|685|249|76.5|14.0|1330|418|1055|401|79.3|11.2|150|100|11.3|7.5|0|21|0.0|3.1|15|31|1.1|2.3|0|21|0.0|3.1|105|92|7.9|7.1|21.8|4.9|1385|426|635|224|45.8|12.7|385|196|27.8|11.6|185|153|13.4|8.9|70|72|5.1|5.1|115|94|8.3|6.1|1385|426|115|139|8.3|10.3|40|64|2.9|4.5|170|95|12.3|5.9|10|15|0.7|1.1|45|55|3.2|3.9|20|32|1.4|2.3|0|21|0.0|3.0|110|104|7.9|6.4|90|83|6.5|6.1|330|164|23.8|11.4|345|233|24.9|11.8|55|75|4.0|5.4|60|50|4.3|3.8|1385|426|1055|411|76.2|12.8|205|120|14.8|8.4|125|141|9.0|10.4|0|21|0.0|3.0|58625|19332|52444|38760|67143|19066|1710|457|1650|457|96.5|2.7|1350|455|78.9|12.2|315|198|18.4|11.8|60|46|3.5|2.8|1710|457|1440|429|1385|426|1370|426|98.9|2.0|1125|432|81.2|14.0|245|185|17.7|13.6|15|28|1.1|2.1|55|61|55|61|100.0|45.7|35|59|63.6|63.6|15|30|27.3|62.8|0|21|0.0|45.7|270|143|225|141|83.3|18.0|190|131|70.4|25.2|50|64|18.5|23.3|45|43|16.7|17.2|9.9|10.8|9.9|10.8|9.9|10.8|-|**
9700000US0624030|Martinez Unified School District, CA|0624030|2019-2023|205|4070|524|3545|519|87.1|3.6|3545|519|87.1|3.6|3480|520|85.5|3.7|65|53|1.6|1.3|0|25|0.0|1.0|525|144|12.9|3.6|3545|519|1.8|1.5|2160|268|1705|276|78.9|5.9|1705|276|78.9|5.9|1650|277|76.4|6.1|3310|485|2280|400|68.9|6.3|325|130|9.8|4.0|140|113|4.2|3.3|110|117|3.3|3.4|10|19|0.3|0.6|440|158|13.3|4.2|33.0|4.2|3480|520|2015|407|57.9|7.9|495|211|14.2|5.4|580|192|16.7|5.3|220|92|6.3|2.7|175|115|5.0|3.1|3480|520|0|25|0.0|1.2|410|142|11.8|4.0|195|115|5.6|3.1|95|72|2.7|2.0|350|179|10.1|4.8|60|46|1.7|1.3|30|37|0.9|1.1|265|116|7.6|3.4|440|150|12.6|3.9|1025|342|29.5|7.4|190|108|5.5|3.2|80|38|2.3|1.1|345|129|9.9|3.7|3480|520|2490|420|71.6|6.4|910|264|26.1|6.5|80|110|2.3|3.1|0|25|0.0|1.2|93825|13585|120809|11310|88068|16895|4070|524|3900|494|95.8|3.8|3555|500|87.3|4.8|430|174|10.6|4.4|170|161|4.2|3.8|4060|524|3535|520|3480|520|3310|482|95.1|4.4|3150|477|90.5|4.9|230|119|6.6|3.5|170|161|4.9|4.4|55|47|55|47|100.0|45.7|30|34|54.5|47.6|30|36|54.5|41.8|0|25|0.0|45.7|525|144|525|144|100.0|7.8|365|127|69.5|16.7|160|102|30.5|16.6|0|25|0.0|7.8|2.5|2.4|2.5|2.4|2.5|2.4|0.0|100.0
9700000US0624090|Marysville Joint Unified School District, CA|0624090|2019-2023|205|10010|807|7620|699|76.1|3.3|7555|691|75.5|3.3|7330|716|73.2|3.7|225|111|2.2|1.1|60|59|0.6|0.6|2390|375|23.9|3.3|7555|691|3.0|1.5|5465|442|3700|435|67.7|5.7|3690|432|67.5|5.7|3610|434|66.1|5.7|7300|725|5710|679|78.2|5.2|845|289|11.6|3.7|30|36|0.4|0.5|15|29|0.2|0.4|0|32|0.0|0.6|695|294|9.5|3.9|29.5|3.2|7330|716|2100|409|28.6|4.9|1285|411|17.5|5.2|1600|313|21.8|4.1|960|277|13.1|3.4|1390|351|19.0|4.4|7330|716|150|74|2.0|1.0|555|232|7.6|3.0|755|286|10.3|3.7|210|132|2.9|1.8|725|227|9.9|3.2|840|269|11.5|3.5|80|60|1.1|0.8|315|171|4.3|2.3|740|306|10.1|3.8|1785|482|24.4|5.7|435|158|5.9|2.1|160|108|2.2|1.6|580|213|7.9|3.1|7330|716|5655|736|77.1|4.5|1405|294|19.2|4.2|265|126|3.6|1.7|10|20|0.1|0.3|50474|2421|67759|13163|47149|2866|9945|799|9145|825|92.0|2.8|6015|833|60.5|5.1|3685|486|37.1|4.8|805|276|8.1|2.8|9820|800|7555|691|7330|716|6765|712|92.3|2.9|5120|727|69.8|5.3|2050|335|28.0|4.8|565|217|7.7|2.9|225|111|195|106|86.7|14.6|45|47|20.0|18.4|155|87|68.9|21.6|30|35|13.3|14.7|2265|379|2055|366|90.7|5.9|855|267|37.7|9.0|1355|282|59.8|7.3|210|139|9.3|5.9|14.8|3.7|14.8|3.7|14.8|3.6|16.0|38.8
9500000US0624180|McCabe Union Elementary School District, CA|0624180|2019-2023|205|1415|439|1215|419|85.9|7.3|1215|419|85.9|7.3|1155|422|81.6|7.5|60|56|4.2|4.2|0|19|0.0|3.0|200|98|14.1|7.3|1215|419|4.9|4.8|655|224|505|220|77.1|13.6|505|220|77.1|13.6|480|223|73.3|14.5|1110|429|905|348|81.5|9.6|135|150|12.2|11.0|0|19|0.0|3.8|0|19|0.0|3.8|4|16|0.4|1.5|60|57|5.4|5.8|23.2|4.6|1155|422|440|220|38.1|13.9|315|223|27.3|17.0|110|82|9.5|7.1|110|69|9.5|6.6|175|185|15.2|13.2|1155|422|25|30|2.2|2.8|95|67|8.2|6.5|0|19|0.0|3.6|50|76|4.3|6.8|45|45|3.9|4.3|85|78|7.4|6.3|15|23|1.3|2.1|45|68|3.9|5.8|20|31|1.7|2.8|245|156|21.2|9.1|20|21|1.7|2.0|4|13|0.3|1.2|505|291|43.7|14.2|1155|422|395|142|34.2|11.5|675|339|58.4|12.5|85|82|7.4|6.8|0|19|0.0|3.6|72396|32184|52161|36633|94983|26977|1415|439|1375|438|97.2|3.3|1090|458|77.0|13.6|405|240|28.6|15.4|40|45|2.8|3.4|1415|439|1215|419|1155|422|1145|422|99.1|1.3|1005|431|87.0|9.7|260|198|22.5|15.0|10|14|0.9|1.3|60|56|60|56|100.0|43.8|25|28|41.7|42.7|35|44|58.3|44.2|0|19|0.0|43.8|200|98|170|85|85.0|16.3|65|70|32.5|33.9|105|83|52.5|31.3|30|37|15.0|16.0|14.8|15.2|14.8|15.2|14.8|15.2|-|**
9700000US0624230|McFarland Unified School District, CA|0624230|2019-2023|205|3000|477|2280|402|76.0|6.2|2280|402|76.0|6.2|2170|396|72.3|6.2|105|80|3.5|2.7|0|21|0.0|1.4|725|219|24.2|6.2|2280|402|4.6|3.5|1610|230|980|207|60.9|10.5|980|207|60.9|10.5|895|190|55.6|10.1|2115|395|1465|288|69.3|9.3|400|199|18.9|8.5|0|21|0.0|2.0|165|138|7.8|5.9|10|15|0.5|0.7|80|82|3.8|3.9|22.2|4.3|2170|396|285|123|13.1|5.9|425|337|19.6|13.3|270|120|12.4|5.7|875|223|40.3|9.6|315|134|14.5|6.3|2170|396|1005|298|46.3|11.0|10|16|0.5|0.8|90|80|4.1|3.7|65|50|3.0|2.3|155|106|7.1|4.8|90|56|4.1|2.6|0|21|0.0|1.9|50|45|2.3|2.2|225|163|10.4|7.2|300|172|13.8|6.7|55|44|2.5|2.1|25|28|1.2|1.3|105|69|4.8|3.4|2170|396|1945|420|89.6|4.7|175|75|8.1|3.9|50|46|2.3|2.2|4|10|0.2|0.5|29741|4491|43608|8238|36979|12455|3000|477|2620|480|87.3|6.4|1380|341|46.0|9.8|1420|376|47.3|9.6|380|188|12.7|6.3|2995|476|2280|402|2170|396|1885|373|86.9|7.5|1295|321|59.7|11.0|720|233|33.2|9.8|290|172|13.4|7.5|105|80|105|80|100.0|32.0|0|21|0.0|32.0|105|80|100.0|32.0|0|21|0.0|32.0|715|218|625|216|87.4|11.5|90|71|12.6|10.2|585|214|81.8|12.7|95|81|13.3|11.4|25.3|9.0|25.3|9.0|25.4|9.0|0.0|100.0
9500000US0624300|McKinleyville Union Elementary School District, CA|0624300|2019-2023|205|2260|478|1800|403|79.6|6.5|1800|403|79.6|6.5|1755|398|77.7|6.7|50|61|2.2|2.8|0|21|0.0|1.9|455|177|20.1|6.6|1800|403|2.8|3.4|1325|308|910|269|68.7|11.9|910|269|68.7|11.9|910|269|68.7|11.9|1675|392|1255|318|74.9|9.4|235|162|14.0|9.2|0|21|0.0|2.5|0|21|0.0|2.5|0|21|0.0|2.5|185|121|11.0|6.4|23.3|5.3|1755|398|880|285|50.1|11.5|195|116|11.1|6.5|215|108|12.3|6.1|310|212|17.7|10.6|160|86|9.1|5.1|1755|398|25|30|1.4|1.8|250|146|14.2|7.7|105|83|6.0|4.9|55|53|3.1|3.0|110|75|6.3|4.3|110|82|6.3|4.6|45|43|2.6|2.5|15|23|0.9|1.4|140|106|8.0|6.0|575|236|32.8|9.5|50|60|2.8|3.4|40|48|2.3|2.8|230|151|13.1|8.1|1755|398|940|271|53.6|11.4|570|255|32.5|11.2|245|113|14.0|6.2|0|21|0.0|2.4|55227|12574|81077|12997|42480|30799|2260|478|2160|468|95.6|3.6|1790|486|79.2|9.8|520|226|23.0|10.0|100|83|4.4|3.6|2260|478|1800|403|1755|398|1700|399|96.9|3.6|1495|404|85.2|8.1|295|150|16.8|8.4|55|64|3.1|3.7|50|61|4|23|8.0|69.0|4|23|8.0|69.0|0|21|0.0|48.0|45|57|90.0|71.1|455|177|455|177|100.0|8.9|295|151|64.8|21.8|225|132|49.5|23.9|0|21|0.0|8.9|13.9|8.4|13.9|8.4|13.9|8.4|-|**
9500000US0624360|McSwain Union Elementary School District, CA|0624360|2019-2023|205|850|283|720|202|84.7|16.3|720|202|84.7|16.3|695|195|81.8|16.9|20|28|2.4|3.2|0|19|0.0|4.9|130|158|15.3|16.2|720|202|2.8|3.8|475|206|345|99|72.6|26.0|345|99|72.6|26.0|345|99|72.6|26.0|680|193|440|177|64.7|18.5|105|66|15.4|8.8|0|19|0.0|6.1|40|66|5.9|9.6|15|22|2.2|3.2|85|98|12.5|14.2|17.1|3.7|695|195|380|132|54.7|10.0|135|83|19.4|10.5|50|40|7.2|5.6|75|78|10.8|11.0|50|53|7.2|7.3|695|195|55|67|7.9|9.6|110|110|15.8|15.4|65|56|9.4|7.9|0|19|0.0|5.9|20|28|2.9|4.1|15|22|2.2|3.1|0|19|0.0|5.9|0|19|0.0|5.9|20|25|2.9|3.6|310|133|44.6|13.8|55|84|7.9|11.7|10|16|1.4|2.3|45|40|6.5|5.6|695|195|295|136|42.4|17.0|320|143|46.0|15.0|80|91|11.5|12.6|0|19|0.0|5.9|87179|36093|103875|33899|108175|13435|850|283|740|297|87.1|13.3|690|284|81.2|14.2|120|83|14.1|9.1|110|111|12.9|13.5|820|278|690|193|670|187|560|185|83.6|15.8|535|181|79.9|15.6|65|51|9.7|7.2|110|111|16.4|15.7|20|28|20|28|100.0|75.8|0|19|0.0|75.8|20|28|100.0|75.8|0|19|0.0|75.8|130|158|130|158|100.0|27.3|130|158|100.0|27.3|10|19|7.7|20.8|0|19|0.0|27.3|20.0|17.7|20.0|17.7|20.7|18.2|0.0|67.8
9700000US0600022|Mendota Unified School District, CA|0600022|2019-2023|205|2660|380|2010|350|75.6|7.7|2010|350|75.6|7.7|1760|316|66.2|8.4|250|125|9.4|4.2|0|21|0.0|1.6|645|223|24.2|7.7|2010|350|12.4|5.7|1495|211|990|206|66.2|10.9|990|206|66.2|10.9|855|190|57.2|11.1|1475|304|950|254|64.4|11.1|365|163|24.7|10.2|0|21|0.0|2.8|0|21|0.0|2.8|75|86|5.1|5.9|85|87|5.8|5.6|33.1|6.3|1760|316|150|88|8.5|4.9|230|120|13.1|6.9|170|109|9.7|6.2|1055|294|59.9|11.2|155|101|8.8|5.4|1760|316|1080|295|61.4|11.0|55|53|3.1|2.9|10|20|0.6|1.2|65|80|3.7|4.4|120|99|6.8|5.6|85|71|4.8|4.0|20|32|1.1|1.8|0|21|0.0|2.4|70|67|4.0|3.8|120|100|6.8|5.8|90|83|5.1|4.7|45|45|2.6|2.5|4|17|0.2|1.0|1760|316|1575|336|89.5|6.8|110|95|6.3|5.5|75|71|4.3|4.1|0|21|0.0|2.4|23772|5573|49914|12438|27037|10216|2660|380|2065|296|77.6|8.0|415|172|15.6|6.2|1680|291|63.2|9.2|590|255|22.2|8.0|2580|367|1935|338|1685|302|1315|265|78.0|10.7|285|124|16.9|6.6|1045|248|62.0|12.1|370|203|22.0|10.6|250|125|125|64|50.0|24.5|0|21|0.0|15.6|125|64|50.0|24.5|125|99|50.0|23.4|645|223|550|202|85.3|12.8|130|70|20.2|11.1|435|195|67.4|15.8|95|89|14.7|12.8|35.3|11.1|35.3|11.1|36.0|11.4|5.3|30.2
9500000US0624540|Menifee Union School District, CA|0624540|2019-2023|205|13545|1198|10945|1018|80.8|3.4|10705|1028|79.0|3.9|10090|1002|74.5|3.8|615|217|4.5|1.6|240|158|1.8|1.2|2600|538|19.2|3.4|10705|1028|5.7|2.0|7075|635|5115|553|72.3|5.6|5050|555|71.4|5.7|4565|545|64.5|5.8|10150|990|7120|737|70.1|4.3|1330|296|13.1|2.9|0|32|0.0|0.4|45|66|0.4|0.6|105|99|1.0|1.0|1550|498|15.3|4.3|46.4|3.6|10090|1002|4525|683|44.8|5.2|1405|340|13.9|3.0|2115|444|21.0|4.0|1050|324|10.4|3.2|995|330|9.9|3.0|10090|1002|145|107|1.4|1.1|940|255|9.3|2.6|425|202|4.2|2.0|90|76|0.9|0.8|1115|342|11.1|3.1|715|257|7.1|2.5|140|155|1.4|1.5|790|261|7.8|2.3|1005|328|10.0|3.1|2925|514|29.0|4.4|490|245|4.9|2.4|340|152|3.4|1.4|965|243|9.6|2.3|10090|1002|6990|807|69.3|4.3|2810|520|27.8|4.2|275|116|2.7|1.1|10|25|0.1|0.2|68102|4935|87691|10457|70703|10813|13305|1186|12610|1162|94.8|1.9|10855|1033|81.6|2.9|3090|552|23.2|3.7|695|255|5.2|1.9|13285|1182|10685|1026|10070|1000|9740|983|96.7|1.8|8515|874|84.6|3.1|2115|448|21.0|3.9|330|179|3.3|1.8|615|217|445|164|72.4|17.5|310|167|50.4|19.0|225|74|36.6|12.6|175|138|28.5|17.7|2600|538|2405|503|92.5|4.4|2005|476|77.1|6.8|750|223|28.8|7.9|195|123|7.5|4.4|7.1|3.4|7.1|3.4|7.1|3.4|0.0|75.8
9500000US0624570|Menlo Park City Elementary School District, CA|0624570|2019-2023|205|2625|421|2175|357|82.9|3.7|2175|357|82.9|3.7|2125|347|81.0|3.5|50|48|1.9|1.8|0|25|0.0|1.6|450|124|17.1|3.7|2175|357|2.3|2.1|1300|205|900|165|69.2|7.2|900|165|69.2|7.2|895|166|68.8|7.1|2085|335|835|176|40.0|7.1|60|58|2.9|2.7|50|49|2.4|2.4|0|25|0.0|2.0|170|81|8.2|3.8|975|266|46.8|8.5|22.7|3.0|2125|347|1900|329|89.4|4.7|40|36|1.9|1.7|165|109|7.8|5.0|4|10|0.2|0.5|15|25|0.7|1.1|2125|347|0|25|0.0|2.0|30|32|1.4|1.5|215|112|10.1|4.6|0|25|0.0|2.0|55|45|2.6|2.1|15|18|0.7|0.8|205|84|9.6|3.8|225|112|10.6|5.0|780|201|36.7|7.0|465|159|21.9|6.9|55|43|2.6|2.1|20|45|0.9|2.1|60|49|2.8|2.3|2125|347|1820|351|85.6|5.6|195|89|9.2|4.3|110|69|5.2|3.3|0|25|0.0|2.0|229688|26603|250,000+|***|197798|74002|2625|421|2625|421|100.0|1.6|2625|421|100.0|1.6|0|25|0.0|1.6|0|25|0.0|1.6|2620|422|2175|357|2125|347|2125|347|100.0|2.0|2125|347|100.0|2.0|0|25|0.0|2.0|0|25|0.0|2.0|50|48|50|48|100.0|48.0|50|48|100.0|48.0|0|25|0.0|48.0|0|25|0.0|48.0|445|125|445|125|100.0|9.1|445|125|100.0|9.1|0|25|0.0|9.1|0|25|0.0|9.1|1.5|2.3|1.5|2.3|1.5|2.3|0.0|100.0
9500000US0624600|Merced City Elementary School District, CA|0624600|2019-2023|205|10565|831|8350|669|79.0|3.1|8350|669|79.0|3.1|7420|631|70.2|3.2|930|230|8.8|2.1|0|32|0.0|0.4|2215|406|21.0|3.1|8350|669|11.1|2.6|6055|506|4155|426|68.6|5.2|4155|426|68.6|5.2|3540|380|58.5|4.9|6975|642|5595|614|80.2|3.7|680|213|9.7|3.0|4|18|0.1|0.3|45|44|0.6|0.6|215|104|3.1|1.4|430|156|6.2|2.2|25.8|3.4|7420|631|1795|335|24.2|4.7|1535|304|20.7|3.6|1385|377|18.7|4.7|1460|345|19.7|4.1|1250|279|16.8|3.4|7420|631|625|204|8.4|2.6|845|227|11.4|2.8|545|226|7.3|2.8|220|116|3.0|1.6|935|346|12.6|4.4|455|186|6.1|2.4|30|33|0.4|0.4|255|142|3.4|1.9|540|224|7.3|2.9|1625|293|21.9|4.1|540|190|7.3|2.5|300|141|4.0|1.9|505|180|6.8|2.3|7420|631|5580|661|75.2|4.5|1335|284|18.0|3.8|505|191|6.8|2.7|0|32|0.0|0.6|39321|4582|53848|4758|45108|3567|10565|831|9285|757|87.9|3.3|4840|567|45.8|4.7|4865|612|46.0|4.5|1280|383|12.1|3.3|10535|838|8330|675|7400|637|6710|615|90.7|3.0|4215|522|57.0|5.2|2745|418|37.1|4.8|690|231|9.3|3.0|930|230|715|212|76.9|12.6|215|109|23.1|10.7|575|213|61.8|15.2|215|131|23.1|12.7|2205|407|1830|383|83.0|7.0|380|133|17.2|5.7|1530|368|69.4|8.5|375|164|17.0|7.0|20.6|3.8|20.6|3.8|20.6|3.8|0.0|61.9
9600000US0624660|Merced Union High School District, CA|0624660|2019-2023|205|13245|882|10800|799|81.5|3.0|10800|799|81.5|3.0|9910|811|74.8|3.3|890|243|6.7|1.9|0|32|0.0|0.3|2445|443|18.5|3.0|10800|799|8.2|2.3|7460|526|5515|524|73.9|4.8|5515|524|73.9|4.8|4875|521|65.3|5.2|9440|837|7690|724|81.5|2.7|1000|231|10.6|2.2|0|32|0.0|0.4|205|105|2.2|1.1|180|92|1.9|1.0|370|132|3.9|1.4|25.8|3.0|9910|811|2710|472|27.3|3.6|1420|286|14.3|2.5|1740|321|17.6|3.2|2360|394|23.8|3.6|1680|331|17.0|3.2|9910|811|1250|315|12.6|3.1|1045|260|10.5|2.5|995|226|10.0|2.3|465|175|4.7|1.7|805|249|8.1|2.6|650|224|6.6|2.2|25|42|0.3|0.4|365|143|3.7|1.4|495|180|5.0|1.7|2820|454|28.5|3.3|350|123|3.5|1.3|195|83|2.0|0.8|445|155|4.5|1.5|9910|811|7260|649|73.3|3.7|2100|429|21.2|3.6|520|147|5.2|1.5|25|30|0.3|0.3|46291|4947|58103|3583|49919|3294|13245|882|11460|841|86.5|2.6|7360|806|55.6|4.4|4580|629|34.6|4.5|1780|351|13.4|2.5|13190|881|10785|797|9895|808|8795|766|88.9|2.6|6550|760|66.2|4.1|2605|422|26.3|4.4|1095|265|11.1|2.5|890|243|575|205|64.6|13.7|160|78|18.0|8.6|425|183|47.8|14.4|315|145|35.4|13.8|2405|442|2035|410|84.6|5.2|620|188|25.8|7.4|1510|372|62.8|8.2|370|132|15.4|5.2|19.1|3.7|19.1|3.7|19.0|3.7|45.5|54.5
9500000US0624720|Mesa Union Elementary School District, CA|0624720|2019-2023|205|350|206|235|134|67.1|13.9|225|136|64.3|14.4|225|136|64.3|14.4|0|14|0.0|11.4|4|11|1.1|3.4|115|93|32.9|14.1|225|136|0.0|17.1|195|112|80|55|41.0|24.1|80|55|41.0|24.1|80|55|41.0|24.1|235|134|165|121|70.2|23.4|4|17|1.7|8.1|0|14|0.0|16.5|15|26|6.4|11.7|0|14|0.0|16.5|50|47|21.3|20.1|14.1|3.0|225|136|110|79|48.9|28.3|0|14|0.0|17.1|60|52|26.7|16.6|25|42|11.1|14.7|35|37|15.6|14.9|225|136|25|42|11.1|14.7|40|57|17.8|22.7|45|58|20.0|20.7|4|5|1.8|2.0|4|14|1.8|1.1|15|26|6.7|12.0|0|14|0.0|17.1|20|31|8.9|14.2|20|37|8.9|17.2|40|42|17.8|18.6|0|14|0.0|17.1|0|14|0.0|17.1|15|25|6.7|11.6|225|136|180|126|80.0|18.1|45|39|20.0|17.8|0|14|0.0|17.1|0|14|0.0|17.1|81964|70569|91406|56666|-|**|345|205|285|176|82.6|21.5|275|176|79.7|21.7|4|15|1.2|5.0|60|85|17.4|21.5|345|205|225|136|225|136|165|94|73.3|29.4|165|94|73.3|29.4|0|14|0.0|17.1|60|85|26.7|29.1|0|14|0|14|-|**|0|14|-|**|0|14|-|**|0|14|-|**|115|93|115|93|100.0|30.0|110|92|95.7|15.7|4|15|3.5|16.0|0|14|0.0|30.0|1.1|4.9|1.1|4.9|1.1|4.9|-|**
9700000US0624750|Middletown Unified School District, CA|0624750|2019-2023|205|1085|323|820|275|75.6|11.0|820|275|75.6|11.0|785|273|72.4|10.7|35|45|3.2|4.3|0|19|0.0|3.8|265|141|24.4|11.0|820|275|4.3|5.4|695|251|500|220|71.9|16.4|500|220|71.9|16.4|500|220|71.9|16.4|720|265|395|186|54.9|19.4|170|161|23.6|19.3|0|19|0.0|5.7|15|35|2.1|4.8|25|40|3.5|5.6|115|92|16.0|11.6|33.2|8.4|785|273|335|165|42.7|15.2|130|92|16.6|10.1|215|151|27.4|16.5|100|74|12.7|9.2|4|13|0.5|1.7|785|273|10|15|1.3|1.9|125|87|15.9|10.1|30|37|3.8|5.1|40|44|5.1|5.3|120|139|15.3|16.1|20|30|2.5|3.9|0|19|0.0|5.3|60|54|7.6|7.2|45|50|5.7|6.3|200|139|25.5|15.2|90|85|11.5|9.8|0|19|0.0|5.3|40|37|5.1|5.0|785|273|435|192|55.4|15.9|130|92|16.6|11.9|220|145|28.0|14.2|0|19|0.0|5.3|70500|14224|117500|15216|71250|7694|1085|323|880|283|81.1|12.6|590|236|54.4|15.9|340|165|31.3|13.0|205|156|18.9|12.8|1060|315|820|275|785|273|595|231|75.8|16.4|450|216|57.3|18.4|160|94|20.4|11.3|190|149|24.2|16.5|35|45|35|45|100.0|57.3|0|19|0.0|57.3|35|45|100.0|57.3|0|19|0.0|57.3|240|131|225|121|93.8|15.9|140|87|58.3|28.0|125|95|52.1|26.9|15|40|6.3|15.7|6.9|6.6|6.9|6.6|7.1|6.8|0.0|67.8
9500000US0624870|Mill Valley Elementary School District, CA|0624870|2019-2023|205|3730|605|3155|560|84.6|4.4|3155|560|84.6|4.4|3105|563|83.2|5.2|55|66|1.5|1.7|0|29|0.0|1.1|575|174|15.4|4.4|3155|560|1.7|2.1|1900|315|1420|290|74.7|8.4|1420|290|74.7|8.4|1405|289|73.9|8.4|3050|566|1325|331|43.4|8.0|85|60|2.8|2.1|150|88|4.9|2.7|95|79|3.1|2.6|35|39|1.1|1.3|1360|393|44.6|8.3|31.9|4.5|3105|563|2475|454|79.7|5.4|190|100|6.1|3.2|385|216|12.4|6.2|4|2|0.1|0.1|45|36|1.4|1.2|3105|563|0|29|0.0|1.4|35|43|1.1|1.4|100|77|3.2|2.4|20|22|0.6|0.7|330|190|10.6|5.5|90|71|2.9|2.3|175|111|5.6|3.3|395|150|12.7|5.3|905|274|29.1|6.9|660|211|21.3|5.6|85|59|2.7|1.9|125|82|4.0|2.8|190|166|6.1|5.0|3105|563|2400|423|77.3|5.8|495|233|15.9|6.2|205|93|6.6|2.8|0|29|0.0|1.4|178820|12870|207813|46262|174830|92529|3730|605|3730|605|100.0|1.1|3500|603|93.8|3.6|250|135|6.7|3.7|0|29|0.0|1.1|3730|605|3155|560|3105|563|3105|563|100.0|1.4|2880|554|92.8|4.2|240|130|7.7|4.2|0|29|0.0|1.4|55|66|55|66|100.0|45.7|55|66|100.0|45.7|0|29|0.0|45.7|0|29|0.0|45.7|575|174|575|174|100.0|7.1|565|177|98.3|4.9|10|27|1.7|4.9|0|29|0.0|7.1|2.1|2.2|2.1|2.2|2.1|2.2|-|**
9500000US0624900|Millbrae Elementary School District, CA|0624900|2019-2023|205|2475|436|2240|423|90.5|3.6|2240|423|90.5|3.6|2170|415|87.7|3.9|70|48|2.8|1.9|0|25|0.0|1.7|235|89|9.5|3.6|2240|423|3.1|2.1|1260|213|1085|207|86.1|5.5|1085|207|86.1|5.5|1085|207|86.1|5.5|2135|414|1330|318|62.3|6.1|155|107|7.3|4.3|155|93|7.3|4.3|0|25|0.0|2.0|35|39|1.6|1.9|460|128|21.5|6.4|27.5|2.8|2170|415|1330|239|61.3|9.5|200|126|9.2|4.7|340|113|15.7|5.3|190|165|8.8|6.7|105|63|4.8|2.6|2170|415|15|29|0.7|1.3|165|154|7.6|6.2|175|84|8.1|4.2|75|102|3.5|4.6|230|95|10.6|4.4|125|68|5.8|2.9|60|49|2.8|2.2|200|78|9.2|3.5|510|161|23.5|5.2|395|113|18.2|5.0|55|33|2.5|1.6|50|39|2.3|1.8|120|83|5.5|3.6|2170|415|1710|368|78.8|6.4|290|113|13.4|5.0|170|83|7.8|3.6|0|25|0.0|1.9|90852|19961|105735|29241|117656|42320|2475|436|2305|326|93.1|8.4|2105|334|85.1|8.3|280|141|11.3|6.0|170|228|6.9|8.5|2430|438|2230|424|2160|414|2000|299|92.6|9.6|1880|304|87.0|9.6|205|134|9.5|6.4|160|228|7.4|9.7|70|48|65|46|92.9|21.7|60|45|85.7|30.4|4|15|5.7|22.2|4|15|5.7|21.0|200|73|195|73|97.5|6.1|170|67|85.0|13.7|25|27|12.5|12.7|4|10|2.0|5.2|2.8|2.2|2.8|2.2|2.9|2.3|0.0|50.6
9500000US0624930|Millville Elementary School District, CA|0624930|2019-2023|205|130|68|100|56|76.9|22.4|100|56|76.9|22.4|100|56|76.9|22.4|0|14|0.0|27.3|0|14|0.0|27.3|25|26|19.2|17.0|100|56|0.0|33.1|55|32|30|23|54.5|39.1|30|23|54.5|39.1|30|23|54.5|39.1|100|56|80|49|80.0|17.6|20|16|20.0|14.8|0|14|0.0|33.1|0|14|0.0|33.1|0|14|0.0|33.1|4|5|4.0|6.2|45.1|27.2|100|56|55|39|55.0|16.7|4|5|4.0|6.2|15|14|15.0|12.9|15|24|15.0|23.0|10|17|10.0|14.2|100|56|15|26|15.0|22.1|25|24|25.0|25.2|10|17|10.0|14.2|4|5|4.0|5.7|0|14|0.0|33.1|4|4|4.0|3.7|0|14|0.0|33.1|0|14|0.0|33.1|4|4|4.0|4.2|35|27|35.0|18.4|0|14|0.0|33.1|10|14|10.0|13.1|4|14|4.0|2.2|100|56|70|45|70.0|22.7|15|13|15.0|13.3|15|26|15.0|21.6|0|14|0.0|33.1|77159|26012|70481|23426|91500|58767|130|68|130|68|100.0|27.3|125|67|96.2|8.1|4|5|3.1|5.0|0|14|0.0|27.3|130|68|100|56|100|56|100|56|100.0|33.1|100|54|100.0|33.1|4|5|4.0|6.2|0|14|0.0|33.1|0|14|0|14|-|**|0|14|-|**|0|14|-|**|0|14|-|**|25|26|25|26|100.0|67.8|25|26|100.0|67.8|0|14|0.0|67.8|0|14|0.0|67.8|0.0|27.3|0.0|27.3|0.0|27.3|-|**
9700000US0624500|Milpitas Unified School District, CA|0624500|2019-2023|205|10185|790|8745|735|85.9|2.3|8745|735|85.9|2.3|8475|718|83.2|2.4|265|113|2.6|1.1|0|32|0.0|0.4|1440|252|14.1|2.3|8745|735|3.0|1.2|5180|396|3875|394|74.8|4.5|3875|394|74.8|4.5|3715|378|71.7|4.3|8295|731|4885|621|58.9|4.8|1005|295|12.1|3.3|155|78|1.9|0.9|35|31|0.4|0.4|55|41|0.7|0.5|2165|356|26.1|4.2|27.6|1.5|8475|718|5455|548|64.4|4.4|800|245|9.4|2.9|970|286|11.4|3.1|430|162|5.1|1.8|820|255|9.7|2.8|8475|718|20|25|0.2|0.3|245|91|2.9|1.1|2150|374|25.4|3.4|190|150|2.2|1.7|590|198|7.0|2.2|200|106|2.4|1.2|485|147|5.7|1.7|350|162|4.1|1.9|2245|335|26.5|3.6|1310|258|15.5|2.9|270|109|3.2|1.3|255|126|3.0|1.4|175|78|2.1|0.9|8475|718|7425|630|87.6|3.0|670|162|7.9|1.8|365|200|4.3|2.2|15|21|0.2|0.2|105068|9844|157278|23365|97016|6494|10185|790|10070|785|98.9|0.9|9285|773|91.2|2.3|1095|275|10.8|2.6|115|92|1.1|0.9|10140|788|8720|732|8455|713|8385|714|99.2|0.9|7935|705|93.8|1.8|700|183|8.3|2.1|70|77|0.8|0.9|265|113|245|115|92.5|13.4|165|97|62.3|19.1|80|62|30.2|21.6|20|36|7.5|14.3|1420|250|1395|250|98.2|1.7|1175|257|82.7|8.1|285|114|20.1|8.0|25|24|1.8|1.7|3.4|1.7|3.4|1.7|3.5|1.7|0.0|53.6
9500000US0625130|Modesto City Elementary School District, CA|0625130|2019-2023|205|14195|1077|10380|847|73.1|2.9|10380|847|73.1|2.9|9420|826|66.4|3.4|960|294|6.8|2.0|0|32|0.0|0.3|3815|528|26.9|2.9|10380|847|9.2|2.7|7860|622|4680|468|59.5|3.8|4680|468|59.5|3.8|4210|457|53.6|4.0|8810|773|6765|730|76.8|4.1|1355|324|15.4|3.7|35|51|0.4|0.6|45|53|0.5|0.6|90|70|1.0|0.8|525|196|6.0|2.1|33.7|3.1|9420|826|1735|400|18.4|3.9|2015|375|21.4|3.3|1600|343|17.0|3.5|2245|290|23.8|2.9|1825|411|19.4|3.7|9420|826|580|207|6.2|2.2|1365|270|14.5|2.7|1265|351|13.4|3.4|295|141|3.1|1.5|925|293|9.8|3.0|825|214|8.8|2.2|35|37|0.4|0.4|160|96|1.7|1.0|1070|280|11.4|2.8|1695|353|18.0|3.2|460|144|4.9|1.5|430|154|4.6|1.6|305|170|3.2|1.8|9420|826|7655|782|81.3|3.7|945|281|10.0|2.9|810|251|8.6|2.6|4|11|0.0|0.1|40379|2385|57634|8861|48518|2027|14195|1077|12355|962|87.0|2.2|5520|720|38.9|4.3|7190|839|50.7|4.2|1840|352|13.0|2.2|14135|1071|10330|840|9370|817|8105|750|86.5|2.7|4620|638|49.3|5.2|3745|558|40.0|4.8|1265|271|13.5|2.6|960|294|865|295|90.1|8.2|100|64|10.4|6.9|770|287|80.2|10.6|95|76|9.9|8.4|3805|528|3325|480|87.4|3.8|770|211|20.2|4.8|2650|440|69.6|6.0|485|163|12.7|3.9|19.7|3.7|19.7|3.7|19.8|3.7|6.7|33.8
9600000US0625150|Modesto City High School District, CA|0625150|2019-2023|205|19870|1483|15325|1249|77.1|2.2|15310|1250|77.1|2.2|14235|1268|71.6|2.9|1075|349|5.4|1.8|15|22|0.1|0.1|4545|525|22.9|2.2|15310|1250|7.0|2.3|10935|799|7340|667|67.1|3.5|7340|667|67.1|3.5|6740|706|61.6|4.0|13695|1214|10010|954|73.1|3.3|2325|455|17.0|3.1|15|26|0.1|0.2|70|64|0.5|0.5|105|75|0.8|0.6|1165|421|8.5|2.9|33.0|2.5|14235|1268|4715|843|33.1|4.1|2280|384|16.0|2.5|2210|471|15.5|3.0|2325|350|16.3|2.5|2705|331|19.0|2.3|14235|1268|710|215|5.0|1.6|1440|297|10.1|2.0|2210|504|15.5|3.0|375|162|2.6|1.1|1185|377|8.3|2.5|835|272|5.9|1.9|65|53|0.5|0.4|440|158|3.1|1.1|1705|399|12.0|2.5|3545|579|24.9|3.1|665|203|4.7|1.4|730|197|5.1|1.4|335|123|2.4|0.9|14235|1268|10850|1079|76.2|2.8|2140|357|15.0|2.1|1225|261|8.6|1.8|20|35|0.1|0.2|51607|4392|72454|7480|58768|7755|19855|1485|18095|1440|91.1|2.4|11195|1230|56.4|3.9|7520|866|37.9|3.9|1760|496|8.9|2.4|19690|1467|15255|1249|14180|1268|13040|1234|92.0|2.3|9435|1126|66.5|4.2|4060|614|28.6|4.0|1140|330|8.0|2.3|1075|349|925|327|86.0|12.5|285|193|26.5|13.6|640|235|59.5|15.9|150|143|14.0|12.4|4435|517|3965|488|89.4|4.2|1420|303|32.0|5.7|2665|413|60.1|6.5|470|195|10.6|4.2|11.9|2.4|11.9|2.4|11.9|2.4|6.1|11.4
9700000US0625190|Modoc Joint Unified School District, CA|0625190|2019-2023|205|595|130|465|131|78.2|14.1|465|131|78.2|14.1|425|126|71.4|13.7|40|33|6.7|5.6|0|19|0.0|6.9|135|87|22.7|13.8|465|131|8.6|7.0|380|78|325|86|85.5|14.9|325|86|85.5|14.9|290|83|76.3|13.7|425|126|350|105|82.4|11.2|50|46|11.8|9.9|0|19|0.0|9.5|10|15|2.4|3.6|15|26|3.5|6.0|0|19|0.0|9.5|15.3|9.6|425|126|260|96|61.2|14.2|95|56|22.4|12.4|30|41|7.1|9.1|15|25|3.5|5.7|25|37|5.9|8.7|425|126|45|43|10.6|9.0|4|8|0.9|1.9|0|19|0.0|9.5|0|19|0.0|9.5|25|37|5.9|8.7|0|19|0.0|9.5|15|24|3.5|5.7|20|27|4.7|6.5|45|52|10.6|11.6|165|81|38.8|15.9|40|48|9.4|11.0|15|27|3.5|6.5|45|39|10.6|9.4|425|126|155|76|36.5|13.0|240|86|56.5|12.3|25|25|5.9|6.2|0|19|0.0|9.5|44539|21639|76111|16705|44762|30127|595|130|595|130|100.0|6.9|380|139|63.9|15.7|225|92|37.8|15.6|4|4|0.7|0.7|580|127|465|131|425|126|425|127|100.0|9.5|330|125|77.6|13.9|105|57|24.7|14.0|4|8|0.9|1.9|40|33|40|33|100.0|53.6|0|19|0.0|53.6|40|33|100.0|53.6|0|19|0.0|53.6|120|84|120|83|100.0|29.0|50|51|41.7|36.8|70|69|58.3|36.7|4|5|3.3|4.9|21.8|12.6|21.8|12.6|22.4|12.9|0.0|87.6
9700000US0625230|Mojave Unified School District, CA|0625230|2019-2023|205|2620|553|2005|429|76.5|7.6|2005|429|76.5|7.6|1745|377|66.6|8.5|265|174|10.1|6.1|0|25|0.0|1.6|615|263|23.5|7.6|2005|429|13.2|7.8|1460|337|990|289|67.8|12.7|990|289|67.8|12.7|890|279|61.0|12.0|1745|377|1260|326|72.2|10.8|230|152|13.2|8.4|0|25|0.0|2.4|0|25|0.0|2.4|15|27|0.9|1.5|240|187|13.8|9.9|40.7|9.1|1745|377|350|158|20.1|8.7|780|351|44.7|14.6|200|116|11.5|6.6|200|89|11.5|5.9|215|156|12.3|8.5|1745|377|30|44|1.7|2.5|105|89|6.0|5.7|195|183|11.2|9.4|60|75|3.4|4.3|150|105|8.6|6.1|130|114|7.4|6.1|0|25|0.0|2.4|20|36|1.1|2.0|130|102|7.4|5.5|375|183|21.5|9.9|110|96|6.3|5.4|115|151|6.6|8.3|320|190|18.3|9.4|1745|377|1080|310|61.9|13.0|505|247|28.9|12.2|155|155|8.9|8.4|0|25|0.0|2.4|34965|4985|53393|25465|42197|11738|2620|553|2465|526|94.1|6.2|1270|443|48.5|14.2|1395|470|53.2|13.1|155|170|5.9|6.3|2535|547|2005|429|1745|377|1650|372|94.6|6.1|935|335|53.6|15.4|750|313|43.0|14.8|95|107|5.4|6.1|265|174|265|174|100.0|14.8|30|59|11.3|23.8|235|176|88.7|24.1|0|25|0.0|14.8|530|232|465|218|87.7|13.5|215|159|40.6|23.8|330|179|62.3|21.0|65|76|12.3|13.6|30.3|13.8|30.3|13.8|31.4|14.1|0.0|36.7
9700000US0625320|Monrovia Unified School District, CA|0625320|2019-2023|205|5615|753|4945|687|88.1|3.3|4945|687|88.1|3.3|4730|692|84.2|3.9|220|114|3.9|2.1|0|29|0.0|0.8|670|204|11.9|3.2|4945|687|4.4|2.4|3245|422|2705|408|83.4|5.7|2705|408|83.4|5.7|2605|408|80.3|6.1|4580|668|3160|559|69.0|6.3|485|252|10.6|5.2|25|22|0.5|0.5|75|64|1.6|1.4|35|34|0.8|0.7|800|206|17.5|4.0|31.5|3.2|4730|692|2300|492|48.6|6.1|735|237|15.5|4.2|935|195|19.8|4.5|275|145|5.8|2.9|480|174|10.1|3.3|4730|692|4|6|0.1|0.1|315|141|6.7|2.9|390|211|8.2|4.1|210|116|4.4|2.3|285|126|6.0|2.9|210|96|4.4|2.0|110|93|2.3|1.9|330|134|7.0|2.6|695|190|14.7|4.0|1415|367|29.9|5.9|150|85|3.2|1.8|310|129|6.6|2.7|300|138|6.3|2.7|4730|692|3450|581|72.9|5.6|870|277|18.4|4.7|410|139|8.7|3.2|0|29|0.0|0.9|59507|4980|83911|21918|66050|6870|5615|753|5355|754|95.4|2.6|4190|628|74.6|6.1|1440|442|25.6|6.5|265|149|4.7|2.7|5585|756|4915|690|4700|697|4530|694|96.4|2.3|3800|608|80.9|5.7|995|344|21.2|6.2|170|108|3.6|2.3|220|114|220|114|100.0|17.5|155|96|70.5|25.1|65|65|29.5|25.5|0|29|0.0|17.5|665|203|575|199|86.5|12.4|215|100|32.3|12.6|370|168|55.6|17.0|95|83|14.3|12.3|7.7|4.4|7.7|4.4|7.8|4.4|0.0|57.3
9500000US0625350|Monson-Sultana Joint Union Elementary School District, CA|0625350|2019-2023|205|265|92|195|69|73.6|11.0|195|69|73.6|11.0|190|69|71.7|11.8|4|11|1.5|4.3|0|14|0.0|14.8|70|41|26.4|11.3|195|69|2.1|5.8|155|57|90|48|58.1|20.4|90|48|58.1|20.4|85|48|54.8|20.9|175|66|145|63|82.9|16.2|15|21|8.6|11.5|0|14|0.0|21.4|4|14|2.3|0.9|0|14|0.0|21.4|4|18|2.3|9.8|24.5|3.1|190|69|40|32|21.1|15.6|40|35|21.1|16.6|15|23|7.9|11.5|70|46|36.8|21.0|25|21|13.2|10.9|190|69|85|43|44.7|15.7|4|3|2.1|1.8|0|14|0.0|19.9|4|10|2.1|5.4|10|22|5.3|11.1|15|19|7.9|9.5|0|14|0.0|19.9|0|14|0.0|19.9|4|11|2.1|5.4|40|30|21.1|14.3|10|15|5.3|7.5|15|24|7.9|12.2|0|14|0.0|19.9|190|69|155|64|81.6|13.1|25|24|13.2|12.0|10|13|5.3|6.7|0|14|0.0|19.9|28397|4090|42768|29517|-|**|265|92|235|85|88.7|9.3|70|43|26.4|16.4|175|81|66.0|16.1|30|26|11.3|9.1|265|92|195|69|190|69|175|67|92.1|10.8|55|39|28.9|18.9|125|60|65.8|17.9|15|21|7.9|10.7|4|11|4|3|100.0|100.0|0|14|0.0|100.0|4|3|100.0|100.0|4|5|100.0|100.0|70|41|55|35|78.6|21.0|10|14|14.3|21.3|45|33|64.3|23.8|15|16|21.4|21.8|34.0|16.6|34.0|16.6|34.0|16.6|-|**
9700000US0625470|Montebello Unified School District, CA|0625470|2019-2023|205|21260|1181|16700|1037|78.6|1.9|16680|1038|78.5|1.9|16160|1041|76.0|1.9|520|145|2.4|0.7|20|31|0.1|0.1|4560|451|21.4|1.9|16680|1038|3.1|0.9|12195|718|8275|703|67.9|3.4|8275|703|67.9|3.4|7970|716|65.4|3.4|15795|1026|11580|839|73.3|2.2|2035|367|12.9|2.1|380|153|2.4|1.0|245|136|1.6|0.9|265|160|1.7|1.0|1290|258|8.2|1.6|29.2|1.3|16160|1041|3925|598|24.3|3.3|3140|470|19.4|2.5|3450|533|21.3|2.9|1845|341|11.4|2.1|3805|484|23.5|2.8|16160|1041|55|53|0.3|0.3|1695|347|10.5|2.2|2195|390|13.6|2.4|850|218|5.3|1.3|1365|374|8.4|2.1|1410|323|8.7|1.8|125|92|0.8|0.6|685|225|4.2|1.3|1200|239|7.4|1.3|3495|505|21.6|2.9|1555|336|9.6|2.0|985|300|6.1|1.9|540|172|3.3|1.0|16160|1041|12515|743|77.4|3.2|2250|428|13.9|2.3|1355|487|8.4|2.8|35|42|0.2|0.3|38353|3127|50885|2163|40039|4646|21240|1181|17500|1235|82.4|2.5|9835|1034|46.3|3.6|8100|872|38.1|3.5|3740|510|17.6|2.5|21000|1142|16560|1026|16035|1032|13525|1024|84.3|2.3|8310|869|51.8|4.0|5420|704|33.8|3.7|2510|358|15.7|2.3|520|145|410|124|78.8|12.5|105|65|20.2|12.4|340|125|65.4|15.2|110|75|21.2|12.6|4440|431|3320|421|74.8|6.4|1300|289|29.3|5.7|2105|357|47.4|7.1|1120|307|25.2|6.4|16.9|2.5|16.9|2.5|16.9|2.5|12.5|15.0
9500000US0625500|Montecito Union Elementary School District, CA|0625500|2019-2023|205|380|185|265|153|69.7|19.8|265|153|69.7|19.8|265|153|69.7|19.8|0|19|0.0|10.6|0|19|0.0|10.6|115|87|30.3|19.3|265|153|0.0|14.8|190|96|120|77|63.2|21.9|120|77|63.2|21.9|120|77|63.2|21.9|265|153|220|144|83.0|14.9|0|19|0.0|14.8|0|19|0.0|14.8|0|19|0.0|14.8|0|19|0.0|14.8|45|39|17.0|15.0|34.9|13.3|265|153|230|150|86.8|11.5|4|9|1.5|3.9|30|23|11.3|9.6|0|19|0.0|14.8|0|19|0.0|14.8|265|153|0|19|0.0|14.8|0|19|0.0|14.8|0|19|0.0|14.8|0|19|0.0|14.8|10|14|3.8|5.4|0|19|0.0|14.8|20|25|7.5|10.3|15|21|5.7|8.2|120|95|45.3|20.7|95|72|35.8|14.5|4|12|1.5|5.1|0|19|0.0|14.8|0|19|0.0|14.8|265|153|245|153|92.5|9.2|0|19|0.0|14.8|20|21|7.5|9.4|0|19|0.0|14.8|-|**|-|**|-|**|380|185|365|180|96.1|6.1|365|180|96.1|6.1|0|19|0.0|10.6|15|24|3.9|6.5|375|183|260|153|260|153|260|153|100.0|15.0|260|153|100.0|15.0|0|19|0.0|15.0|0|19|0.0|15.0|0|19|0|19|-|**|0|19|-|**|0|19|-|**|0|19|-|**|115|87|100|78|87.0|18.5|100|78|87.0|18.5|0|19|0.0|30.0|15|24|13.0|19.2|28.9|24.8|28.9|24.8|29.3|25.2|0.0|100.0
9700000US0625530|Monterey Peninsula Unified School District, CA|0625530|2019-2023|205|10045|674|8400|616|83.6|2.7|7960|608|79.2|3.1|7660|587|76.3|3.1|305|108|3.0|1.1|440|143|4.4|1.4|1645|294|16.4|2.7|7960|608|3.8|1.3|5555|375|4245|380|76.4|4.6|4205|380|75.7|4.8|4000|370|72.0|4.9|7960|603|5510|503|69.2|4.4|1255|267|15.8|3.1|55|50|0.7|0.6|30|25|0.4|0.3|250|123|3.1|1.5|860|197|10.8|2.2|22.7|1.5|7660|587|3250|419|42.4|4.4|2405|419|31.4|4.7|920|226|12.0|3.1|600|199|7.8|2.4|485|175|6.3|2.2|7660|587|85|61|1.1|0.8|495|184|6.5|2.2|260|110|3.4|1.5|60|43|0.8|0.6|460|155|6.0|2.0|315|140|4.1|1.8|200|107|2.6|1.4|270|116|3.5|1.4|1185|279|15.5|3.2|2230|288|29.1|3.4|1180|277|15.4|3.4|430|175|5.6|2.3|485|155|6.3|1.9|7660|587|5065|568|66.1|4.4|1695|290|22.1|3.7|880|262|11.5|3.4|20|20|0.3|0.3|48960|7945|71643|17830|58503|9976|9605|657|8065|558|84.0|3.2|6120|566|63.7|4.4|2275|361|23.7|3.6|1540|351|16.0|3.2|9540|659|7910|616|7610|597|6520|533|85.7|3.4|5135|549|67.5|4.9|1640|291|21.6|3.8|1085|288|14.3|3.4|305|108|235|92|77.0|18.1|155|81|50.8|21.6|80|61|26.2|18.1|65|64|21.3|17.9|1625|290|1240|219|76.3|9.3|820|162|50.5|8.4|485|157|29.8|8.6|390|189|24.0|9.5|13.7|3.5|13.7|3.5|13.8|3.6|0.0|42.1
9700000US0625690|Moorpark Unified School District, CA|0625690|2019-2023|205|5825|547|4975|470|85.4|3.0|4975|470|85.4|3.0|4785|438|82.1|4.0|190|134|3.3|2.2|0|29|0.0|0.7|855|204|14.7|3.0|4975|470|3.8|2.6|2855|288|2170|269|76.0|6.1|2170|269|76.0|6.1|2130|267|74.6|6.3|4625|444|3240|339|70.1|5.5|435|160|9.4|3.3|25|31|0.5|0.7|0|29|0.0|0.9|0|29|0.0|0.9|925|249|20.0|4.5|36.6|4.0|4785|438|2385|359|49.8|5.9|845|242|17.7|4.7|825|180|17.2|3.5|380|129|7.9|2.6|345|157|7.2|3.2|4785|438|70|52|1.5|1.1|355|142|7.4|2.8|725|207|15.2|4.0|95|65|2.0|1.3|235|106|4.9|2.3|145|72|3.0|1.5|80|57|1.7|1.2|430|148|9.0|3.0|545|150|11.4|3.0|1220|217|25.5|3.8|290|115|6.1|2.4|155|90|3.2|1.9|435|185|9.1|3.8|4785|438|3565|413|74.5|4.7|960|224|20.1|4.5|250|114|5.2|2.4|10|14|0.2|0.3|89625|14813|119792|22217|84477|7255|5825|547|5355|532|91.9|2.8|5075|539|87.1|3.5|510|161|8.8|2.7|470|167|8.1|2.8|5820|546|4975|470|4785|438|4455|429|93.1|3.1|4315|451|90.2|3.5|330|108|6.9|2.4|330|154|6.9|3.1|190|134|180|133|94.7|13.2|155|129|81.6|21.5|45|50|23.7|22.8|10|24|5.3|13.5|845|204|715|184|84.6|7.0|605|173|71.6|11.6|130|92|15.4|9.7|130|65|15.4|6.9|3.5|1.6|3.5|1.6|3.5|1.6|0.0|100.0
9500000US0625740|Moraga Elementary School District, CA|0625740|2019-2023|205|2075|335|1765|281|85.1|5.5|1765|281|85.1|5.5|1670|269|80.5|5.9|95|68|4.6|3.1|0|21|0.0|2.0|310|132|14.9|5.4|1765|281|5.4|3.7|1070|171|810|158|75.7|9.5|810|158|75.7|9.5|740|148|69.2|9.4|1670|269|810|224|48.5|10.1|80|65|4.8|3.9|120|73|7.2|4.2|0|21|0.0|2.5|0|21|0.0|2.5|655|194|39.2|10.6|35.0|4.3|1670|269|1390|254|83.2|5.3|40|36|2.4|2.2|220|91|13.2|5.3|0|21|0.0|2.5|20|24|1.2|1.4|1670|269|0|21|0.0|2.5|15|20|0.9|1.2|85|54|5.1|3.1|95|97|5.7|5.8|115|78|6.9|4.5|4|3|0.2|0.2|65|36|3.9|2.1|300|131|18.0|7.2|475|135|28.4|7.1|400|160|24.0|8.3|70|51|4.2|3.0|20|22|1.2|1.3|30|33|1.8|2.0|1670|269|1395|238|83.5|5.5|130|56|7.8|3.2|140|88|8.4|5.0|0|21|0.0|2.5|178884|37110|233235|19189|193021|40942|2075|335|2075|335|100.0|2.0|2065|336|99.5|1.0|20|27|1.0|1.3|0|21|0.0|2.0|2070|335|1765|279|1665|268|1665|268|100.0|2.5|1655|267|99.4|1.3|20|27|1.2|1.6|0|21|0.0|2.5|95|68|95|68|100.0|34.2|95|68|100.0|34.2|0|21|0.0|34.2|0|21|0.0|34.2|310|132|310|132|100.0|12.8|310|132|100.0|12.8|0|21|0.0|12.8|0|21|0.0|12.8|6.0|5.2|6.0|5.2|6.0|5.2|0.0|100.0
9500000US0625770|Moreland School District, CA|0625770|2019-2023|205|5615|802|4580|725|81.6|4.4|4580|725|81.6|4.4|4395|682|78.3|4.2|185|145|3.3|2.5|0|29|0.0|0.8|1040|272|18.5|4.4|4580|725|4.0|3.0|2835|437|1895|399|66.8|8.9|1895|399|66.8|8.9|1750|356|61.7|8.6|4170|659|2295|430|55.0|7.2|410|200|9.8|4.3|40|32|1.0|0.8|65|55|1.6|1.3|140|183|3.4|4.3|1225|339|29.4|6.3|32.2|10.7|4395|682|2970|517|67.6|6.5|310|137|7.1|2.9|555|211|12.6|4.5|295|169|6.7|3.7|270|217|6.1|4.8|4395|682|0|29|0.0|1.0|280|160|6.4|3.5|775|208|17.6|4.4|50|39|1.1|0.9|290|147|6.6|3.1|265|214|6.0|4.6|225|100|5.1|2.3|195|83|4.4|2.0|1285|371|29.2|6.2|530|186|12.1|4.3|260|156|5.9|3.3|145|103|3.3|2.2|95|73|2.2|1.6|4395|682|3695|605|84.1|4.8|290|128|6.6|2.8|385|173|8.8|3.6|25|35|0.6|0.8|112902|15125|171858|35992|95597|16945|5615|802|5180|712|92.3|6.4|4585|625|81.7|6.7|795|325|14.2|5.2|435|384|7.7|6.4|5615|802|4580|725|4395|682|4100|637|93.3|5.2|3740|579|85.1|5.5|520|255|11.8|5.4|295|238|6.7|5.1|185|145|185|145|100.0|20.4|55|47|29.7|33.1|125|139|67.6|33.1|0|29|0.0|20.4|1040|272|895|199|86.1|15.3|785|170|75.5|15.0|150|93|14.4|7.9|145|179|13.9|15.2|5.3|2.9|5.3|2.9|5.3|2.9|-|**
9700000US0625800|Moreno Valley Unified School District, CA|0625800|2019-2023|205|29750|1197|22290|1086|74.9|2.1|22210|1072|74.7|2.0|21320|1006|71.7|2.0|890|250|3.0|0.8|80|56|0.3|0.2|7460|683|25.1|2.1|22210|1072|4.0|1.1|16785|729|10490|661|62.5|3.0|10475|659|62.4|3.0|9875|648|58.8|3.2|20580|1026|16080|904|78.1|2.3|2665|430|12.9|2.0|100|85|0.5|0.4|85|59|0.4|0.3|125|79|0.6|0.4|1525|322|7.4|1.5|34.7|1.6|21320|1006|5155|547|24.2|2.3|3830|412|18.0|1.8|4265|506|20.0|2.0|3545|395|16.6|1.8|4520|538|21.2|2.3|21320|1006|145|97|0.7|0.4|2995|398|14.0|1.8|1720|327|8.1|1.5|585|178|2.7|0.8|2540|485|11.9|2.1|3000|421|14.1|1.8|220|102|1.0|0.5|795|240|3.7|1.1|1565|293|7.3|1.3|4445|465|20.8|2.0|1215|270|5.7|1.2|950|201|4.5|0.9|1145|245|5.4|1.2|21320|1006|16670|927|78.2|1.9|3325|380|15.6|1.7|1325|277|6.2|1.3|0|32|0.0|0.2|44958|2142|57370|3546|45487|2821|29680|1189|24940|1339|84.0|2.1|16525|1133|55.7|2.9|9600|1027|32.3|3.0|4745|602|16.0|2.1|29535|1182|22155|1064|21280|1002|18295|1075|86.0|2.4|13620|1019|64.0|3.1|5575|678|26.2|3.0|2990|496|14.1|2.4|870|249|775|238|89.1|6.7|185|100|21.3|9.5|600|193|69.0|10.7|95|60|10.9|6.6|7380|684|5720|649|77.5|4.1|2630|385|35.6|4.5|3330|512|45.1|4.7|1660|319|22.5|4.1|11.9|1.7|11.9|1.7|12.0|1.7|3.1|13.6
9700000US0625830|Morgan Hill Unified School District, CA|0625830|2019-2023|205|9315|665|7995|575|85.8|2.8|7995|575|85.8|2.8|7795|581|83.7|2.8|200|102|2.1|1.1|0|32|0.0|0.5|1320|296|14.2|2.8|7995|575|2.5|1.3|4960|390|3800|377|76.6|5.2|3800|377|76.6|5.2|3665|368|73.9|5.2|7625|580|4935|546|64.7|5.0|970|291|12.7|3.7|50|34|0.7|0.5|150|90|2.0|1.1|85|75|1.1|1.0|1440|332|18.9|4.2|36.8|2.6|7795|581|4285|440|55.0|4.1|975|249|12.5|3.0|1160|211|14.9|2.7|745|218|9.6|2.7|635|257|8.1|3.1|7795|581|180|121|2.3|1.5|825|241|10.6|3.0|1115|274|14.3|3.4|155|87|2.0|1.1|460|139|5.9|1.8|410|197|5.3|2.5|310|122|4.0|1.6|295|126|3.8|1.6|1330|255|17.1|2.9|1590|262|20.4|3.2|390|163|5.0|2.0|235|113|3.0|1.4|490|182|6.3|2.3|7795|581|6095|522|78.2|3.4|1100|215|14.1|2.6|570|162|7.3|1.9|25|31|0.3|0.4|88556|9581|131356|27044|85800|13404|9315|665|8750|666|93.9|2.2|7770|598|83.4|3.9|1210|420|13.0|4.3|565|211|6.1|2.2|9275|661|7965|572|7765|577|7315|579|94.2|2.3|6715|540|86.5|2.9|740|249|9.5|3.1|450|183|5.8|2.3|200|102|195|102|97.5|5.6|170|95|85.0|12.0|75|53|37.5|22.6|4|4|2.0|1.8|1310|295|1200|278|91.6|5.2|850|209|64.9|13.1|385|220|29.4|13.5|115|73|8.8|5.3|3.6|1.6|3.6|1.6|3.6|1.6|0.0|53.6
9700000US0625860|Morongo Unified School District, CA|0625860|2019-2023|205|7240|766|5605|617|77.4|3.5|5050|573|69.8|4.7|4785|581|66.1|5.0|265|137|3.7|1.9|560|206|7.7|2.6|1635|321|22.6|3.5|5050|573|5.2|2.7|3750|424|2530|379|67.5|6.1|2520|379|67.2|6.1|2415|364|64.4|6.0|5280|618|4290|541|81.3|4.5|495|193|9.4|3.4|4|13|0.1|0.2|60|65|1.1|1.2|100|81|1.9|1.5|330|154|6.3|2.8|25.1|3.9|4785|581|1825|414|38.1|6.6|1080|263|22.6|5.2|815|227|17.0|4.6|605|240|12.6|4.7|455|199|9.5|3.9|4785|581|0|32|0.0|0.9|560|211|11.7|4.1|170|126|3.6|2.5|0|32|0.0|0.9|430|169|9.0|3.5|310|191|6.5|3.8|30|45|0.6|0.9|70|57|1.5|1.2|330|144|6.9|3.0|1440|290|30.1|5.4|705|265|14.7|4.8|315|144|6.6|2.9|425|134|8.9|2.8|4785|581|2890|408|60.4|5.1|1045|247|21.8|4.9|770|273|16.1|5.0|75|89|1.6|1.8|44930|4370|65135|17700|43717|4309|6680|692|6155|678|92.1|3.4|3580|535|53.6|6.1|3050|469|45.7|4.8|530|238|7.9|3.4|6655|692|5050|573|4785|581|4345|576|90.8|4.4|2835|464|59.2|6.7|1870|387|39.1|6.0|435|215|9.1|4.4|265|137|265|137|100.0|14.8|15|28|5.7|11.4|250|136|94.3|10.9|0|32|0.0|14.8|1605|319|1515|305|94.4|4.6|715|237|44.5|11.4|905|251|56.4|11.7|90|75|5.6|4.5|20.9|4.9|20.9|4.9|20.9|4.9|0.0|61.9
9500000US0625980|Mother Lode Union Elementary School District, CA|0625980|2019-2023|205|1675|553|1230|429|73.4|8.0|1230|429|73.4|8.0|1205|424|71.9|9.0|25|45|1.5|2.7|0|21|0.0|2.5|445|193|26.6|7.9|1230|429|2.0|3.8|805|243|455|181|56.5|15.8|455|181|56.5|15.8|430|172|53.4|16.2|1205|424|870|357|72.2|10.9|95|107|7.9|8.1|0|21|0.0|3.5|0|21|0.0|3.5|65|83|5.4|7.4|170|107|14.1|8.9|18.0|8.0|1205|424|355|143|29.5|12.7|245|130|20.3|9.8|225|141|18.7|9.9|345|291|28.6|19.2|30|27|2.5|2.3|1205|424|0|21|0.0|3.5|270|280|22.4|20.0|15|27|1.2|2.4|0|21|0.0|3.5|50|81|4.1|6.4|105|79|8.7|6.4|0|21|0.0|3.5|145|107|12.0|8.0|130|113|10.8|8.7|260|140|21.6|11.2|90|76|7.5|6.6|35|44|2.9|4.0|95|50|7.9|5.5|1205|424|740|360|61.4|16.9|325|149|27.0|13.1|140|121|11.6|9.4|0|21|0.0|3.5|40882|17385|94167|24351|86607|18099|1675|553|1655|555|98.8|1.7|1485|519|88.7|7.4|255|177|15.2|9.9|20|26|1.2|1.6|1670|552|1230|429|1205|424|1185|427|98.3|2.2|1085|406|90.0|7.6|160|127|13.3|9.9|20|26|1.7|2.3|25|45|25|45|100.0|67.8|25|45|100.0|67.8|25|45|100.0|67.8|0|21|0.0|67.8|440|191|440|191|100.0|9.2|375|181|85.2|16.6|65|73|14.8|16.3|0|21|0.0|9.2|25.1|19.7|25.1|19.7|25.1|19.7|100.0|100.0
9700000US0626370|Mount Diablo Unified School District, CA|0626370|2019-2023|205|33575|1550|28180|1358|83.9|1.8|28155|1360|83.9|1.8|27060|1369|80.6|2.0|1095|329|3.3|1.0|25|32|0.1|0.1|5395|666|16.1|1.8|28155|1360|3.9|1.2|17495|857|13250|777|75.7|2.7|13240|778|75.7|2.7|12560|762|71.8|3.0|26365|1327|15780|1025|59.9|2.6|3205|554|12.2|2.0|1860|412|7.1|1.5|200|123|0.8|0.5|490|204|1.9|0.8|4830|612|18.3|2.1|34.5|1.8|27060|1369|14235|1020|52.6|2.7|4745|603|17.5|2.1|3875|506|14.3|1.8|2320|424|8.6|1.4|1885|346|7.0|1.2|27060|1369|165|96|0.6|0.4|2440|470|9.0|1.6|1430|338|5.3|1.2|505|237|1.9|0.9|1670|319|6.2|1.2|1470|337|5.4|1.2|320|126|1.2|0.5|2105|366|7.8|1.3|5270|588|19.5|2.0|6720|709|24.8|2.4|2240|552|8.3|2.0|1290|313|4.8|1.1|1450|329|5.4|1.2|27060|1369|19195|1283|70.9|2.7|5405|719|20.0|2.6|2400|446|8.9|1.6|65|52|0.2|0.2|75221|5844|104538|7578|90712|3684|33555|1550|31210|1477|93.0|1.7|26305|1443|78.4|2.8|6040|913|18.0|2.6|2340|575|7.0|1.6|33335|1518|28040|1337|26940|1346|25200|1375|93.5|1.7|21935|1361|81.4|3.2|3960|809|14.7|2.9|1740|457|6.5|1.7|1095|329|970|297|88.6|9.0|635|228|58.0|13.4|440|191|40.2|11.7|130|109|11.9|9.2|5295|640|4825|588|91.1|4.3|3530|496|66.7|6.0|1455|346|27.5|5.3|475|243|9.0|4.3|8.2|1.6|8.2|1.6|8.3|1.6|0.0|17.8
9500000US0626400|Mount Pleasant Elementary School District, CA|0626400|2019-2023|205|2015|453|1660|412|82.4|5.8|1660|412|82.4|5.8|1590|412|78.9|6.8|70|92|3.5|4.6|0|25|0.0|2.1|355|125|17.6|5.8|1660|412|4.2|5.6|955|230|620|203|64.9|11.7|620|203|64.9|11.7|620|203|64.9|11.7|1470|371|1155|327|78.6|8.1|140|80|9.5|5.2|15|22|1.0|1.5|15|23|1.0|1.6|0|25|0.0|2.8|145|106|9.9|6.7|26.8|3.1|1590|412|480|177|30.2|8.8|320|148|20.1|7.8|300|203|18.9|10.9|290|126|18.2|6.4|200|89|12.6|5.4|1590|412|4|8|0.3|0.5|315|149|19.8|8.0|160|81|10.1|4.4|0|25|0.0|2.6|60|54|3.8|3.3|135|116|8.5|6.1|20|20|1.3|1.3|40|42|2.5|3.0|215|86|13.5|5.1|210|104|13.2|5.5|140|100|8.8|6.5|165|118|10.4|6.7|120|161|7.5|9.4|1590|412|1260|368|79.2|11.1|185|165|11.6|9.5|145|116|9.1|7.4|0|25|0.0|2.6|54238|11411|62500|23651|62399|12238|2015|453|1945|446|96.5|3.6|1460|438|72.5|9.6|600|186|29.8|9.5|75|73|3.7|3.6|1995|451|1650|409|1580|409|1520|413|96.2|4.6|1200|402|75.9|10.1|415|146|26.3|9.6|60|69|3.8|4.5|70|92|70|92|100.0|40.5|70|92|100.0|40.5|0|25|0.0|40.5|0|25|0.0|40.5|345|122|330|116|95.7|6.2|185|112|53.6|20.0|165|66|47.8|20.0|15|20|4.3|5.8|1.7|1.7|1.7|1.7|1.8|1.7|0.0|75.8
9700000US0626100|Mountain Empire Unified School District, CA|0626100|2019-2023|205|1360|309|1150|268|84.6|6.0|1105|251|81.3|6.6|1055|248|77.6|8.6|45|52|3.3|3.7|45|71|3.3|5.0|215|94|15.8|5.8|1105|251|4.1|4.8|835|182|680|166|81.4|8.1|680|166|81.4|8.1|635|162|76.0|9.3|1080|243|945|238|87.5|8.6|135|94|12.5|8.5|0|21|0.0|3.9|0|21|0.0|3.9|0|21|0.0|3.9|0|21|0.0|3.9|35.6|6.4|1055|248|425|133|40.3|10.4|300|126|28.4|11.0|55|52|5.2|4.9|225|134|21.3|9.9|55|52|5.2|4.8|1055|248|25|28|2.4|2.6|165|92|15.6|7.7|55|69|5.2|6.2|0|21|0.0|3.9|55|59|5.2|5.1|15|24|1.4|2.4|15|38|1.4|3.4|0|21|0.0|3.9|35|42|3.3|3.8|460|168|43.6|13.2|105|76|10.0|7.2|30|34|2.8|3.2|95|71|9.0|6.9|1055|248|600|188|56.9|11.8|440|162|41.7|11.4|4|4|0.4|0.5|10|22|0.9|2.2|58032|7824|78403|8827|57513|12369|1315|295|1215|292|92.4|6.1|1005|268|76.4|11.5|295|169|22.4|11.1|105|78|8.0|5.9|1295|298|1105|251|1055|248|1005|238|95.3|4.8|905|237|85.8|9.8|195|122|18.5|10.6|50|54|4.7|4.9|45|52|45|50|100.0|50.6|35|47|77.8|47.9|10|18|22.2|41.7|4|5|8.9|16.6|195|92|140|94|71.8|27.1|70|66|35.9|29.4|70|63|35.9|23.3|50|52|25.6|26.8|15.1|11.6|15.1|11.6|13.8|11.6|100.0|75.8
9500000US0626190|Mountain View Elementary School District (Los Angeles County), CA|0626190|2019-2023|205|5405|550|3930|467|72.7|4.3|3920|466|72.5|4.3|3705|464|68.5|4.6|215|99|4.0|1.8|10|17|0.2|0.3|1480|272|27.4|4.3|3920|466|5.5|2.5|3135|309|1860|263|59.3|6.3|1860|263|59.3|6.3|1715|260|54.7|6.5|3660|464|2830|396|77.3|4.8|445|176|12.2|4.4|130|64|3.6|1.7|25|29|0.7|0.8|100|64|2.7|1.8|130|85|3.6|2.2|28.5|2.1|3705|464|525|159|14.2|3.8|900|179|24.3|3.9|720|216|19.4|4.9|570|170|15.4|4.2|990|206|26.7|5.1|3705|464|60|41|1.6|1.1|435|154|11.7|4.0|595|178|16.1|4.5|160|98|4.3|2.5|305|102|8.2|2.6|460|159|12.4|4.1|55|50|1.5|1.3|105|68|2.8|1.8|315|112|8.5|2.8|665|174|17.9|4.1|225|98|6.1|2.6|245|89|6.6|2.3|85|70|2.3|1.8|3705|464|2965|404|80.0|4.9|475|180|12.8|4.4|250|110|6.7|2.9|10|18|0.3|0.5|34817|1875|40408|4190|36711|5276|5395|549|3970|500|73.6|5.4|2065|364|38.3|5.3|2080|334|38.6|5.2|1425|325|26.4|5.4|5380|547|3920|466|3705|464|2775|417|74.9|6.0|1790|347|48.3|6.3|1110|232|30.0|5.7|930|251|25.1|6.0|215|99|195|88|90.7|15.8|100|77|46.5|24.7|115|60|53.5|23.9|20|38|9.3|16.5|1460|268|985|202|67.5|8.6|175|80|12.0|5.2|840|179|57.5|8.3|475|166|32.5|8.6|22.7|4.4|22.7|4.4|22.7|4.4|0.0|87.6
9500000US0626220|Mountain View Elementary School District (San Bernardino County), CA|0626220|2019-2023|205|3645|628|3210|566|88.1|6.0|3210|566|88.1|6.0|2950|495|80.9|6.8|260|168|7.1|4.1|0|29|0.0|1.2|435|239|11.9|6.0|3210|566|8.1|4.6|2040|379|1630|331|79.9|10.3|1630|331|79.9|10.3|1405|304|68.9|12.1|2905|484|2385|419|82.1|5.6|160|111|5.5|3.7|40|59|1.4|2.0|0|29|0.0|1.5|15|25|0.5|0.9|305|147|10.5|4.7|37.6|4.1|2950|495|1030|271|34.9|8.1|485|260|16.4|8.3|690|202|23.4|6.0|260|149|8.8|4.8|490|223|16.6|6.6|2950|495|0|29|0.0|1.4|255|148|8.6|4.7|200|99|6.8|3.4|170|142|5.8|4.7|335|144|11.4|4.8|490|262|16.6|8.0|25|32|0.8|1.1|170|130|5.8|4.3|175|101|5.9|3.4|670|213|22.7|7.1|160|90|5.4|3.1|40|57|1.4|1.9|255|247|8.6|8.0|2950|495|2115|429|71.7|8.5|545|267|18.5|8.3|285|148|9.7|4.8|4|13|0.1|0.4|50477|6012|70072|17093|47339|7302|3645|628|3565|621|97.8|1.8|2965|471|81.3|8.2|790|388|21.7|8.5|80|68|2.2|1.9|3645|628|3210|566|2950|495|2900|493|98.3|1.8|2580|447|87.5|6.3|465|241|15.8|7.4|55|51|1.9|1.7|260|168|260|168|100.0|15.0|70|63|26.9|27.9|190|164|73.1|27.6|0|29|0.0|15.0|435|239|405|231|93.1|8.8|315|162|72.4|19.5|140|127|32.2|18.4|30|41|6.9|8.8|9.5|5.5|9.5|5.5|9.5|5.5|-|**
9500000US0626280|Mountain View Whisman Elementary School District, CA|0626280|2019-2023|205|6335|896|5075|678|80.1|4.5|5050|681|79.7|4.5|4855|650|76.6|4.9|195|136|3.1|2.1|25|23|0.4|0.4|1265|384|20.0|4.5|5050|681|3.9|2.6|3195|451|2150|320|67.3|8.7|2135|317|66.8|8.5|2015|307|63.1|8.8|4775|640|2450|393|51.3|5.9|330|144|6.9|3.0|95|109|2.0|2.3|180|97|3.8|2.0|155|74|3.2|1.6|1560|420|32.7|6.9|21.8|2.2|4855|650|3640|519|75.0|5.9|455|271|9.4|5.3|405|142|8.3|2.7|195|117|4.0|2.2|165|90|3.4|1.8|4855|650|4|12|0.1|0.2|140|109|2.9|2.1|620|185|12.8|3.4|45|33|0.9|0.7|125|73|2.6|1.5|80|70|1.6|1.5|590|208|12.2|3.9|235|104|4.8|2.1|1150|270|23.7|5.0|1225|249|25.2|4.8|375|275|7.7|5.4|200|104|4.1|1.9|60|49|1.2|1.0|4855|650|4085|606|84.1|3.9|560|144|11.5|2.9|185|111|3.8|2.3|25|39|0.5|0.8|114444|22850|168920|35631|113958|18847|6315|901|5975|777|94.6|3.9|5255|706|83.2|5.7|860|342|13.6|4.9|335|267|5.3|3.9|6315|901|5050|681|4855|650|4695|641|96.7|2.7|4420|597|91.0|4.1|360|190|7.4|3.7|160|132|3.3|2.7|195|136|195|136|100.0|19.4|85|83|43.6|38.3|105|110|53.8|38.5|0|32|0.0|19.4|1265|384|1090|261|86.2|14.2|750|215|59.3|12.6|390|175|30.8|12.9|175|212|13.8|14.1|3.9|2.6|3.9|2.6|3.9|2.6|-|**
9600000US0626310|Mountain View-Los Altos Union School District, CA|0626310|2019-2023|205|6865|731|5305|653|77.3|3.1|5275|649|76.8|3.1|5010|642|73.0|4.0|265|173|3.9|2.5|25|24|0.4|0.3|1560|236|22.7|3.1|5275|649|5.0|3.2|3495|374|2215|319|63.4|5.5|2205|318|63.1|5.5|2120|314|60.7|5.6|4980|643|2680|393|53.8|5.3|290|159|5.8|3.0|245|125|4.9|2.4|110|65|2.2|1.3|250|111|5.0|2.2|1400|323|28.1|4.7|23.6|2.2|5010|642|3910|537|78.0|4.3|520|201|10.4|3.6|410|136|8.2|2.8|85|65|1.7|1.2|85|64|1.7|1.3|5010|642|0|32|0.0|0.8|115|87|2.3|1.6|730|192|14.6|3.2|20|25|0.4|0.5|275|117|5.5|2.2|65|45|1.3|0.9|415|155|8.3|2.8|215|96|4.3|1.8|1570|287|31.3|5.1|1145|252|22.9|4.2|325|131|6.5|2.5|120|64|2.4|1.2|10|25|0.2|0.5|5010|642|3965|512|79.1|3.8|695|199|13.9|3.3|330|170|6.6|3.2|20|32|0.4|0.7|147330|23140|224141|31708|137143|33567|6840|726|6595|687|96.4|2.3|6080|708|88.9|4.4|810|294|11.8|4.2|240|162|3.5|2.3|6730|738|5275|649|5010|642|4840|639|96.6|2.6|4735|628|94.5|2.9|275|158|5.5|2.9|170|129|3.4|2.5|265|173|265|173|100.0|14.8|100|56|37.7|26.9|165|159|62.3|27.2|0|32|0.0|14.8|1455|228|1380|222|94.8|4.1|1165|193|80.1|7.5|270|132|18.6|8.4|75|62|5.2|4.2|2.0|1.6|2.0|1.6|1.9|1.6|3.8|15.3
9700000US0626490|Muroc Joint Unified School District, CA|0626490|2019-2023|205|805|159|625|140|77.6|8.8|400|109|49.7|12.0|305|112|37.9|12.5|90|41|11.2|5.3|230|97|28.6|9.4|180|80|22.4|8.8|400|109|22.5|11.6|450|100|295|101|65.6|14.7|240|98|53.3|16.5|210|95|46.7|16.6|535|141|460|130|86.0|13.2|70|72|13.1|12.9|0|19|0.0|7.6|0|19|0.0|7.6|0|19|0.0|7.6|4|7|0.7|1.4|23.2|10.4|305|112|55|56|18.0|16.6|35|27|11.5|9.5|50|31|16.4|9.5|70|58|23.0|16.8|95|78|31.1|22.7|305|112|4|15|1.3|4.6|50|50|16.4|15.5|4|19|1.3|0.5|0|19|0.0|13.0|10|16|3.3|5.4|35|39|11.5|13.7|0|19|0.0|13.0|0|19|0.0|13.0|4|10|1.3|3.5|135|88|44.3|21.3|35|29|11.5|9.0|10|13|3.3|4.2|10|15|3.3|4.8|305|112|210|101|68.9|17.4|70|45|23.0|15.9|25|35|8.2|10.7|0|19|0.0|13.0|48333|19308|73693|22451|50500|40428|580|120|475|115|81.9|10.6|295|111|50.9|14.1|195|58|33.6|10.5|100|62|17.2|10.3|580|120|400|109|305|112|240|98|78.7|22.2|160|82|52.5|22.3|85|60|27.9|18.7|65|74|21.3|22.5|90|41|80|41|88.9|18.7|15|17|16.7|18.1|65|38|72.2|23.5|10|16|11.1|18.9|180|80|155|68|86.1|21.8|120|61|66.7|26.6|40|35|22.2|16.6|25|43|13.9|20.8|24.2|12.4|24.2|12.4|24.2|12.4|-|**
9700000US0600029|Murrieta Valley Unified School District, CA|0600029|2019-2023|205|19770|1378|15875|1225|80.3|2.3|15370|1197|77.7|2.5|14560|1182|73.6|2.5|805|268|4.1|1.4|510|181|2.6|0.9|3895|516|19.7|2.3|15370|1197|5.2|1.7|10210|762|6755|679|66.2|4.3|6745|677|66.1|4.2|6200|689|60.7|4.5|14675|1163|10660|1079|72.6|3.5|1390|354|9.5|2.2|50|64|0.3|0.4|65|72|0.4|0.5|160|117|1.1|0.8|2355|399|16.0|2.8|40.9|3.5|14560|1182|7080|835|48.6|4.8|2650|548|18.2|3.2|2470|428|17.0|2.8|1165|316|8.0|2.0|1195|347|8.2|2.2|14560|1182|95|78|0.7|0.5|925|263|6.4|1.8|1275|418|8.8|2.8|385|170|2.6|1.2|1125|261|7.7|1.7|935|333|6.4|2.2|150|115|1.0|0.8|1100|298|7.6|1.9|1485|328|10.2|2.2|4460|679|30.6|3.8|760|262|5.2|1.7|530|203|3.6|1.4|1335|466|9.2|3.0|14560|1182|10265|1068|70.5|4.7|3455|687|23.7|4.3|820|242|5.6|1.6|15|28|0.1|0.2|75739|5624|101006|5751|72081|8640|19265|1340|17975|1290|93.3|2.0|15865|1223|82.4|3.2|3150|569|16.4|2.8|1285|400|6.7|2.0|19220|1340|15325|1195|14515|1184|13595|1163|93.7|2.4|12445|1130|85.7|3.2|1820|398|12.5|2.6|920|357|6.3|2.4|805|268|710|262|88.2|10.5|535|237|66.5|15.6|250|141|31.1|14.9|100|82|12.4|10.4|3895|516|3625|500|93.1|2.8|2845|396|73.0|6.8|1040|318|26.7|6.2|270|110|6.9|2.8|4.6|1.6|4.6|1.6|4.6|1.6|0.0|50.6
9700000US0626640|Napa Valley Unified School District, CA|0626640|2019-2023|205|15815|962|13605|816|86.0|1.8|13590|814|85.9|1.8|13045|776|82.5|2.0|545|178|3.4|1.1|15|17|0.1|0.1|2215|343|14.0|1.8|13590|814|4.0|1.3|8165|502|6455|421|79.1|2.8|6445|424|78.9|2.8|6045|406|74.0|3.3|12750|766|9480|696|74.4|3.5|1795|380|14.1|2.8|90|59|0.7|0.5|215|203|1.7|1.6|125|80|1.0|0.6|1045|268|8.2|2.0|25.8|1.5|13045|776|4980|542|38.2|3.7|2565|436|19.7|2.9|1855|257|14.2|2.0|1955|330|15.0|2.4|1690|367|13.0|2.6|13045|776|840|259|6.4|1.9|1190|252|9.1|1.9|1745|436|13.4|3.1|230|120|1.8|0.9|780|209|6.0|1.6|595|194|4.6|1.5|180|79|1.4|0.6|565|161|4.3|1.2|1705|366|13.1|2.8|3115|372|23.9|2.5|1175|292|9.0|2.2|300|111|2.3|0.8|620|194|4.8|1.5|13045|776|10015|703|76.8|2.7|2140|307|16.4|2.3|860|277|6.6|2.0|30|40|0.2|0.3|59175|4059|67210|8510|69539|6600|15805|959|14310|912|90.5|1.9|12185|875|77.1|2.9|2770|457|17.5|2.7|1495|318|9.5|1.9|15655|958|13500|818|12950|786|11950|806|92.3|1.8|10595|803|81.8|2.8|1855|402|14.3|3.0|1005|227|7.8|1.8|545|178|385|130|70.6|13.3|200|89|36.7|16.0|185|95|33.9|11.5|165|99|30.3|13.5|2155|340|1825|271|84.7|5.8|1320|201|61.3|8.1|580|204|26.9|7.6|330|150|15.3|5.7|6.1|1.8|6.1|1.8|6.1|1.8|10.0|14.6
9500000US0626670|National Elementary School District, CA|0626670|2019-2023|205|5055|694|3980|587|78.7|4.9|3920|570|77.5|5.3|3740|545|74.0|5.3|180|102|3.6|1.9|60|80|1.2|1.5|1075|291|21.3|4.9|3920|570|4.6|2.5|2800|382|2025|336|72.3|6.9|2025|336|72.3|6.9|1915|323|68.4|7.2|3660|538|2465|461|67.3|8.6|810|285|22.1|6.8|50|49|1.4|1.3|125|89|3.4|2.3|0|32|0.0|1.2|210|101|5.7|2.8|25.0|2.3|3740|545|600|199|16.0|5.1|1020|305|27.3|7.2|825|232|22.1|5.7|745|246|19.9|5.6|550|195|14.7|4.4|3740|545|95|79|2.5|2.0|570|186|15.2|4.4|305|133|8.2|3.2|140|127|3.7|3.3|250|121|6.7|3.2|315|150|8.4|3.9|45|47|1.2|1.2|220|110|5.9|3.1|355|139|9.5|3.9|680|217|18.2|5.2|505|269|13.5|6.5|180|100|4.8|2.6|90|65|2.4|1.7|3740|545|3145|481|84.1|4.5|320|157|8.6|3.9|250|129|6.7|3.3|30|31|0.8|0.8|36387|3045|51086|6277|36717|4839|5000|673|3670|536|73.4|5.5|2370|378|47.4|5.8|1545|367|30.9|5.6|1325|345|26.5|5.4|4990|675|3910|573|3740|545|2740|446|73.3|7.2|1950|344|52.1|6.7|925|256|24.7|5.9|1005|331|26.9|7.3|170|100|130|89|76.5|25.0|0|32|0.0|21.9|130|89|76.5|25.0|40|47|23.5|24.7|1075|291|795|260|74.0|9.5|415|182|38.6|13.5|480|201|44.7|12.9|285|108|26.5|9.3|18.9|5.5|18.9|5.5|18.9|5.5|0.0|100.0
9700000US0600036|Natomas Unified School District, CA|0600036|2019-2023|205|12735|1398|10535|1128|82.7|3.4|10535|1128|82.7|3.4|10085|1115|79.2|3.4|450|237|3.5|1.9|0|32|0.0|0.3|2200|545|17.3|3.4|10535|1128|4.3|2.2|6465|647|4910|577|75.9|3.8|4910|577|75.9|3.8|4705|563|72.8|3.7|9845|1124|6815|968|69.2|4.3|920|250|9.3|2.5|10|17|0.1|0.2|95|103|1.0|1.0|160|131|1.6|1.3|1850|393|18.8|3.6|26.3|2.4|10085|1115|5245|645|52.0|4.5|1490|555|14.8|4.6|1870|446|18.5|3.8|515|187|5.1|1.8|965|229|9.6|2.3|10085|1115|20|28|0.2|0.3|300|104|3.0|1.0|285|116|2.8|1.1|105|72|1.0|0.7|950|341|9.4|3.3|740|218|7.3|2.1|145|101|1.4|1.0|900|335|8.9|3.1|1230|399|12.2|3.6|2635|433|26.1|3.6|530|193|5.3|1.8|335|171|3.3|1.7|1915|482|19.0|3.8|10085|1115|5820|702|57.7|4.1|3705|640|36.7|4.1|530|274|5.3|2.6|30|46|0.3|0.5|72324|5483|87387|10977|77500|5650|12735|1398|12285|1394|96.5|1.8|10485|1376|82.3|3.4|2155|417|16.9|2.9|455|226|3.6|1.8|12540|1302|10525|1130|10075|1117|9825|1111|97.5|1.4|8765|1090|87.0|2.9|1190|263|11.8|2.6|250|141|2.5|1.4|450|237|435|240|96.7|4.7|230|214|51.1|27.6|230|118|51.1|27.8|15|18|3.3|4.6|2010|383|1825|385|90.8|6.3|1295|354|64.4|8.9|545|157|27.1|7.6|185|129|9.2|6.4|8.3|2.5|8.3|2.5|8.4|2.5|0.0|19.4
9700000US0626760|Needles Unified School District, CA|0626760|2019-2023|205|665|183|530|163|79.7|9.8|530|162|79.7|10.1|515|167|77.4|10.9|15|17|2.3|2.7|4|4|0.6|0.7|135|73|20.3|9.9|530|162|2.8|3.5|385|107|260|92|67.5|15.8|260|92|67.5|15.8|255|93|66.2|15.5|515|167|470|166|91.3|6.4|30|25|5.8|5.2|0|19|0.0|7.9|0|19|0.0|7.9|0|19|0.0|7.9|15|25|2.9|4.6|16.5|5.0|515|167|65|45|12.6|7.9|120|60|23.3|11.6|145|104|28.2|16.8|75|53|14.6|8.2|105|83|20.4|14.9|515|167|15|22|2.9|4.4|45|41|8.7|7.1|10|19|1.9|3.9|0|19|0.0|7.9|35|38|6.8|6.9|95|84|18.4|15.1|65|57|12.6|10.1|30|46|5.8|8.9|35|47|6.8|8.1|70|54|13.6|10.0|75|43|14.6|7.7|4|13|0.8|2.6|30|31|5.8|6.5|515|167|370|135|71.8|12.1|75|53|14.6|10.7|65|54|12.6|8.7|0|19|0.0|7.9|54301|40441|100938|44354|38571|25218|665|181|595|167|89.5|6.7|345|146|51.9|12.8|250|82|37.6|12.0|70|49|10.5|6.6|650|175|510|159|500|162|440|150|88.0|8.4|325|141|65.0|13.6|110|61|22.0|11.8|60|46|12.0|8.3|15|17|10|16|66.7|66.7|0|19|0.0|87.6|10|16|66.7|66.7|4|19|26.7|73.3|135|73|130|72|96.3|8.9|20|27|14.8|19.2|110|71|81.5|21.6|4|10|3.0|7.5|19.5|10.1|19.5|10.1|20.0|10.1|0.0|87.6
9500000US0626820|Nevada City Elementary School District, CA|0626820|2019-2023|205|1090|295|1055|294|96.8|4.5|1055|294|96.8|4.5|1025|295|94.0|6.1|25|40|2.3|3.8|0|21|0.0|3.8|40|46|3.7|4.2|1055|294|2.4|4.0|655|207|640|208|97.7|5.5|640|208|97.7|5.5|640|208|97.7|5.5|980|282|510|169|52.0|15.6|80|74|8.2|7.6|0|21|0.0|4.2|0|21|0.0|4.2|35|53|3.6|5.1|355|216|36.2|16.1|14.1|4.2|1025|295|660|257|64.4|14.4|125|120|12.2|11.2|155|94|15.1|8.7|35|57|3.4|5.8|45|44|4.4|4.4|1025|295|65|95|6.3|9.3|35|57|3.4|5.8|60|67|5.9|6.4|0|21|0.0|4.1|55|65|5.4|6.3|25|30|2.4|2.9|25|40|2.4|3.9|155|136|15.1|12.0|200|147|19.5|12.4|335|162|32.7|13.9|25|34|2.4|3.6|15|19|1.5|1.8|30|38|2.9|4.0|1025|295|675|244|65.9|14.6|210|112|20.5|10.0|145|133|14.1|12.2|0|21|0.0|4.1|59327|18508|104605|17533|53808|40773|1090|295|980|298|89.9|10.4|805|275|73.9|14.7|235|151|21.6|12.1|110|113|10.1|10.4|1080|296|1055|294|1025|295|920|301|89.8|11.1|785|274|76.6|15.1|170|142|16.6|12.4|110|113|10.7|11.1|25|40|25|40|100.0|67.8|0|21|0.0|67.8|25|40|100.0|67.8|0|21|0.0|67.8|25|44|25|44|100.0|67.8|15|36|60.0|60.0|25|44|100.0|67.8|0|21|0.0|67.8|2.3|3.8|2.3|3.8|2.3|3.9|0.0|100.0
9600000US0626880|Nevada Joint Union High School District, CA|0626880|2019-2023|205|3615|479|3125|476|86.4|5.1|3125|476|86.4|5.1|3040|480|84.1|5.2|80|63|2.2|1.8|0|32|0.0|1.2|490|184|13.6|5.1|3125|476|2.6|2.1|2110|281|1785|305|84.6|7.3|1785|305|84.6|7.3|1760|305|83.4|7.2|2990|479|2050|452|68.6|8.6|290|123|9.7|3.9|0|32|0.0|1.4|20|35|0.7|1.2|20|33|0.7|1.1|610|247|20.4|8.1|26.2|5.5|3040|480|1335|307|43.9|6.8|575|220|18.9|6.3|665|244|21.9|7.7|280|151|9.2|4.6|180|96|5.9|3.3|3040|480|70|56|2.3|1.8|335|173|11.0|5.4|225|130|7.4|4.2|25|33|0.8|1.1|400|190|13.2|6.2|95|60|3.1|2.0|140|121|4.6|3.7|130|90|4.3|2.9|350|144|11.5|4.4|810|238|26.6|6.4|155|104|5.1|3.3|130|86|4.3|2.8|175|100|5.8|3.2|3040|480|2035|422|66.9|6.7|485|166|16.0|5.4|520|193|17.1|6.0|0|32|0.0|1.4|47519|10909|76505|34066|50945|10809|3615|479|3445|481|95.3|3.0|2495|520|69.0|8.9|990|324|27.4|9.0|170|109|4.7|3.0|3565|475|3115|476|3035|480|2895|490|95.4|2.8|2280|516|75.1|9.9|630|307|20.8|9.9|135|82|4.4|2.8|80|63|80|62|100.0|37.9|10|16|12.5|21.4|70|60|87.5|29.1|4|32|5.0|5.5|450|173|425|176|94.4|9.6|180|112|40.0|18.4|245|128|54.4|18.5|30|42|6.7|9.5|7.9|4.0|7.9|4.0|7.6|4.0|30.0|42.3
9700000US0626910|New Haven Unified School District, CA|0626910|2019-2023|205|9635|789|8200|688|85.1|2.5|8165|687|84.7|2.6|7790|622|80.9|2.8|375|176|3.9|1.7|35|38|0.4|0.4|1435|279|14.9|2.5|8165|687|4.6|2.0|4935|400|3715|373|75.3|4.7|3715|373|75.3|4.7|3435|334|69.6|4.9|7455|604|5070|554|68.0|4.0|815|255|10.9|3.4|250|111|3.4|1.5|100|68|1.3|0.9|55|38|0.7|0.5|1165|233|15.6|2.9|32.5|2.2|7790|622|4570|431|58.7|3.8|1030|222|13.2|2.6|985|212|12.6|2.5|420|153|5.4|1.8|780|218|10.0|2.5|7790|622|0|32|0.0|0.5|495|223|6.4|2.6|1350|285|17.3|3.2|120|71|1.5|0.9|430|111|5.5|1.4|550|146|7.1|1.9|290|118|3.7|1.5|380|122|4.9|1.5|1370|248|17.6|3.2|2000|323|25.7|3.7|360|147|4.6|1.8|185|86|2.4|1.1|255|126|3.3|1.6|7790|622|6360|655|81.6|4.3|1050|275|13.5|3.6|345|139|4.4|1.7|35|39|0.4|0.5|74714|7870|96709|10035|70744|7379|9600|783|9435|764|98.3|1.2|8305|662|86.5|3.1|1430|398|14.9|3.7|170|114|1.8|1.2|9535|779|8140|683|7765|618|7640|608|98.4|1.0|7055|565|90.9|2.4|820|260|10.6|3.2|125|78|1.6|1.0|375|176|375|176|100.0|10.7|265|145|70.7|19.2|140|92|37.3|19.8|0|32|0.0|10.7|1395|274|1350|274|96.8|3.9|975|198|69.9|9.4|410|173|29.4|9.3|45|54|3.2|3.9|4.3|1.9|4.3|1.9|4.1|1.9|23.1|32.1
9700000US0627060|Newark Unified School District, CA|0627060|2019-2023|205|5565|594|4820|607|86.6|3.5|4820|607|86.6|3.5|4605|617|82.7|4.3|215|122|3.9|2.2|0|29|0.0|0.8|745|185|13.4|3.5|4820|607|4.5|2.6|3045|343|2395|346|78.7|5.4|2395|346|78.7|5.4|2180|361|71.6|6.7|4350|592|2845|477|65.4|6.9|435|181|10.0|4.1|85|62|2.0|1.4|55|57|1.3|1.3|25|38|0.6|0.9|910|294|20.9|5.7|29.8|2.6|4605|617|1995|443|43.3|6.8|805|261|17.5|5.2|745|215|16.2|4.1|290|126|6.3|2.8|770|248|16.7|5.1|4605|617|10|18|0.2|0.4|365|137|7.9|2.9|755|259|16.4|5.3|115|98|2.5|2.1|345|146|7.5|2.9|225|122|4.9|2.6|295|196|6.4|4.0|235|110|5.1|2.4|705|193|15.3|3.8|1055|337|22.9|6.2|190|88|4.1|1.9|225|131|4.9|2.8|80|60|1.7|1.3|4605|617|3755|528|81.5|5.1|570|218|12.4|4.3|265|167|5.8|3.4|15|23|0.3|0.5|62883|8821|83722|16416|64764|23338|5565|594|5310|596|95.4|3.1|4620|614|83.0|5.1|895|317|16.1|5.8|250|172|4.5|3.1|5400|602|4690|614|4475|622|4295|588|96.0|3.1|4065|580|90.8|4.0|355|171|7.9|3.9|175|145|3.9|3.1|215|122|150|111|69.8|29.6|100|99|46.5|30.9|50|51|23.3|25.4|65|66|30.2|29.6|710|175|700|177|98.6|2.4|425|158|59.9|14.6|335|140|47.2|15.5|10|14|1.4|2.1|2.5|1.9|2.5|1.9|2.6|1.9|0.0|22.5
9500000US0627180|Newhall Elementary School District, CA|0627180|2019-2023|205|6630|877|5135|680|77.5|4.0|5135|680|77.5|4.0|4990|672|75.3|3.9|140|74|2.1|1.1|0|32|0.0|0.6|1500|360|22.6|4.0|5135|680|2.7|1.4|3380|441|2035|329|60.2|8.0|2035|329|60.2|8.0|1955|306|57.8|7.4|4905|661|3480|591|70.9|5.0|300|126|6.1|2.5|70|52|1.4|1.0|35|39|0.7|0.8|80|65|1.6|1.3|935|247|19.1|5.0|34.7|3.6|4990|672|2345|348|47.0|6.2|975|382|19.5|6.4|1010|296|20.2|5.3|225|90|4.5|1.8|435|197|8.7|3.6|4990|672|25|40|0.5|0.8|300|108|6.0|2.1|370|197|7.4|3.8|140|119|2.8|2.3|480|213|9.6|4.0|360|152|7.2|3.2|375|130|7.5|2.6|330|126|6.6|2.5|495|175|9.9|3.6|1065|278|21.3|4.6|425|202|8.5|3.7|160|95|3.2|1.9|475|273|9.5|5.0|4990|672|3585|520|71.8|7.2|1105|436|22.1|7.4|305|95|6.1|1.9|0|32|0.0|0.8|77813|23405|119441|15322|71188|31251|6630|877|6270|818|94.6|2.2|5580|831|84.2|3.9|1055|280|15.9|4.6|360|160|5.4|2.2|6610|881|5135|680|4990|672|4780|651|95.8|2.4|4255|648|85.3|4.4|840|250|16.8|5.3|215|125|4.3|2.4|140|74|105|68|75.0|27.5|65|47|46.4|30.3|55|51|39.3|27.8|35|43|25.0|27.1|1480|362|1365|339|92.2|6.5|1255|338|84.8|7.9|145|75|9.8|5.2|115|100|7.8|6.4|6.0|2.9|6.0|2.9|6.0|2.9|0.0|75.8
9700000US0627200|Newman-Crows Landing Unified School District, CA|0627200|2019-2023|205|2325|396|1865|336|80.2|6.0|1865|336|80.2|6.0|1715|320|73.8|6.0|150|104|6.5|4.4|0|21|0.0|1.8|460|169|19.8|6.0|1865|336|8.0|5.3|1235|217|820|213|66.4|12.0|820|213|66.4|12.0|695|205|56.3|12.1|1675|315|1520|298|90.7|5.6|80|83|4.8|4.9|0|21|0.0|2.5|30|45|1.8|2.6|4|13|0.2|0.8|45|40|2.7|2.5|43.0|7.5|1715|320|505|209|29.4|9.5|285|125|16.6|6.7|160|97|9.3|5.8|425|148|24.8|8.1|335|157|19.5|8.3|1715|320|130|96|7.6|5.8|240|119|14.0|6.5|100|91|5.8|5.3|150|124|8.7|7.0|175|102|10.2|5.9|95|80|5.5|4.6|0|21|0.0|2.4|100|79|5.8|4.6|140|98|8.2|5.7|395|171|23.0|8.0|95|92|5.5|5.1|35|57|2.0|3.2|65|57|3.8|3.4|1715|320|1270|281|74.1|10.6|315|175|18.4|9.0|130|76|7.6|4.4|0|21|0.0|2.4|63571|8049|71563|6499|61809|14764|2325|396|2265|391|97.4|2.9|1825|359|78.5|6.8|610|201|26.2|8.2|60|67|2.6|2.8|2245|391|1840|336|1685|321|1685|321|100.0|2.5|1460|320|86.6|6.7|340|153|20.2|8.9|0|21|0.0|2.5|150|104|150|104|100.0|24.3|85|79|56.7|33.3|65|64|43.3|33.4|0|21|0.0|24.3|405|165|345|157|85.2|16.4|225|143|55.6|22.0|125|64|30.9|16.8|60|67|14.8|16.0|9.7|4.5|9.7|4.5|9.1|4.6|25.0|40.8
9700000US0627240|Newport-Mesa Unified School District, CA|0627240|2019-2023|205|20000|1441|16555|1285|82.8|2.2|16555|1285|82.8|2.2|16085|1277|80.4|2.2|470|177|2.4|0.9|0|32|0.0|0.2|3445|490|17.2|2.2|16555|1285|2.8|1.1|10815|784|7810|752|72.2|3.8|7810|752|72.2|3.8|7520|736|69.5|3.9|15960|1260|9645|921|60.4|3.4|1225|291|7.7|1.9|65|64|0.4|0.4|185|101|1.2|0.6|450|179|2.8|1.1|4385|662|27.5|3.2|23.2|1.5|16085|1277|8730|938|54.3|3.8|2630|528|16.4|3.0|3220|522|20.0|3.1|1005|270|6.2|1.6|500|167|3.1|1.0|16085|1277|85|56|0.5|0.3|1270|316|7.9|1.9|1000|258|6.2|1.6|605|220|3.8|1.4|1305|332|8.1|2.0|330|136|2.1|0.8|400|202|2.5|1.2|2000|408|12.4|2.4|3915|638|24.3|3.6|3340|595|20.8|2.9|950|252|5.9|1.5|595|197|3.7|1.2|285|128|1.8|0.8|16085|1277|12335|1078|76.7|2.6|1685|322|10.5|1.9|1770|388|11.0|2.3|295|208|1.8|1.3|83988|10452|122350|10937|89734|11382|20000|1441|17910|1326|89.6|2.6|15310|1162|76.6|2.9|3120|548|15.6|2.4|2090|564|10.5|2.6|19805|1440|16415|1285|15960|1276|14415|1184|90.3|2.5|12780|1087|80.1|2.7|1940|370|12.2|2.1|1545|430|9.7|2.5|455|170|440|165|96.7|4.7|295|122|64.8|17.0|230|131|50.5|17.2|15|22|3.3|4.7|3385|491|2855|452|84.3|5.8|2185|387|64.5|7.7|750|241|22.2|6.1|530|211|15.7|5.8|7.6|1.6|7.6|1.6|7.6|1.6|0.0|19.0
9500000US0627450|Norris Elementary School District, CA|0627450|2019-2023|205|4385|538|3470|506|79.1|5.2|3470|506|79.1|5.2|3400|511|77.5|5.9|70|76|1.6|1.7|0|29|0.0|1.0|915|241|20.9|5.2|3470|506|2.0|2.2|2295|298|1515|306|66.0|9.1|1515|306|66.0|9.1|1510|307|65.8|9.0|3345|505|2600|453|77.7|6.0|385|152|11.5|4.4|15|23|0.4|0.7|0|29|0.0|1.3|45|64|1.3|1.9|300|160|9.0|4.5|24.4|4.0|3400|511|1740|364|51.2|6.2|725|265|21.3|6.2|565|181|16.6|5.5|145|89|4.3|2.6|230|93|6.8|3.0|3400|511|220|102|6.5|2.8|235|112|6.9|3.3|100|62|2.9|1.9|75|118|2.2|3.4|380|119|11.2|3.7|165|91|4.9|2.8|40|28|1.2|0.9|85|69|2.5|2.0|320|164|9.4|4.9|970|289|28.5|6.5|170|117|5.0|3.3|205|165|6.0|4.6|435|184|12.8|5.0|3400|511|2130|377|62.6|7.2|1070|300|31.5|7.5|195|154|5.7|4.3|0|29|0.0|1.2|78500|11911|105833|16873|69500|20503|4385|538|4285|544|97.7|1.7|3725|559|84.9|6.2|710|284|16.2|6.4|100|72|2.3|1.7|4380|538|3470|506|3400|511|3320|515|97.6|1.8|3090|518|90.9|4.2|370|161|10.9|4.8|80|60|2.4|1.8|70|76|70|76|100.0|40.5|0|29|0.0|40.5|70|76|100.0|40.5|0|29|0.0|40.5|910|241|890|235|97.8|3.0|630|213|69.2|14.9|265|145|29.1|14.4|20|28|2.2|3.1|9.8|5.1|9.8|5.1|9.8|5.1|0.0|100.0
9500000US0627480|North County Joint Union Elementary School District, CA|0627480|2019-2023|205|430|227|370|219|86.0|12.3|370|219|86.0|12.3|365|220|84.9|12.3|4|12|0.9|3.1|0|14|0.0|9.4|60|47|14.0|12.3|370|219|1.1|3.7|230|113|200|111|87.0|13.4|200|111|87.0|13.4|195|112|84.8|14.5|350|215|205|146|58.6|22.9|45|45|12.9|14.8|4|6|1.1|1.7|0|14|0.0|11.4|0|14|0.0|11.4|95|113|27.1|23.5|26.2|4.6|365|220|150|121|41.1|20.0|55|41|15.1|13.6|30|39|8.2|10.7|90|83|24.7|15.2|35|51|9.6|11.3|365|220|180|169|49.3|25.9|40|40|11.0|11.8|20|35|5.5|9.5|0|14|0.0|11.0|10|14|2.7|4.2|0|14|0.0|11.0|0|14|0.0|11.0|0|14|0.0|11.0|35|39|9.6|11.1|4|11|1.1|3.1|35|46|9.6|10.4|35|36|9.6|9.9|4|14|1.1|3.9|365|220|250|153|68.5|22.3|10|14|2.7|4.1|110|112|30.1|22.6|0|14|0.0|11.0|44265|39807|66063|54168|250,000+|***|430|227|420|224|97.7|5.5|240|148|55.8|20.6|260|203|60.5|25.0|15|23|3.5|5.7|420|224|370|219|365|220|365|220|100.0|11.0|215|147|58.9|22.1|230|199|63.0|27.6|0|14|0.0|11.0|4|12|4|12|100.0|100.0|4|12|100.0|100.0|0|14|0.0|100.0|0|14|0.0|100.0|50|37|35|32|70.0|41.5|15|21|30.0|47.6|20|32|40.0|53.0|15|23|30.0|42.0|5.8|9.6|5.8|9.6|3.6|5.9|100.0|100.0
9500000US0627510|North Cow Creek Elementary School District, CA|0627510|2019-2023|205|85|47|55|31|64.7|20.6|55|31|64.7|20.6|55|31|64.7|20.6|0|14|0.0|36.7|0|14|0.0|36.7|25|28|29.4|23.4|55|31|0.0|45.7|50|29|25|15|50.0|30.4|25|15|50.0|30.4|25|15|50.0|30.4|55|31|50|28|90.9|18.9|4|14|7.3|4.2|0|14|0.0|45.7|0|14|0.0|45.7|0|14|0.0|45.7|4|14|7.3|4.2|23.2|11.1|55|31|25|15|45.5|23.3|10|13|18.2|22.3|4|14|7.3|4.2|15|20|27.3|31.3|4|2|7.3|5.2|55|31|10|18|18.2|27.5|4|14|7.3|4.2|0|14|0.0|45.7|4|2|7.3|5.2|4|14|7.3|4.2|4|3|7.3|6.2|0|14|0.0|45.7|4|12|7.3|22.3|4|14|7.3|4.2|10|13|18.2|20.7|0|14|0.0|45.7|0|14|0.0|45.7|10|12|18.2|20.5|55|31|35|23|63.6|24.2|20|16|36.4|23.1|0|14|0.0|45.7|0|14|0.0|45.7|126250|14990|108333|94637|202589|115209|85|47|70|44|82.4|23.0|70|44|82.4|23.0|0|14|0.0|36.7|10|21|11.8|25.7|85|47|55|31|55|31|55|31|100.0|45.7|55|31|100.0|45.7|0|14|0.0|45.7|0|14|0.0|45.7|0|14|0|14|-|**|0|14|-|**|0|14|-|**|0|14|-|**|25|28|15|21|60.0|59.6|15|21|60.0|59.6|0|14|0.0|67.8|10|21|40.0|60.0|11.8|25.7|11.8|25.7|11.8|25.7|-|**
9700000US0627590|North Monterey County Unified School District, CA|0627590|2019-2023|205|4160|597|3110|492|74.8|7.3|3110|492|74.8|7.3|2975|488|71.5|7.2|135|91|3.2|2.3|0|25|0.0|1.0|1050|359|25.2|7.3|3110|492|4.3|2.9|2090|322|1275|279|61.0|11.3|1275|279|61.0|11.3|1200|268|57.4|10.9|2830|485|2185|443|77.2|8.5|400|224|14.1|7.6|0|25|0.0|1.5|4|6|0.1|0.2|145|104|5.1|3.5|90|80|3.2|2.9|30.0|4.2|2975|488|580|264|19.5|8.6|450|204|15.1|6.6|435|195|14.6|6.2|1010|308|33.9|9.5|500|277|16.8|8.0|2975|488|865|339|29.1|9.3|420|179|14.1|6.4|150|128|5.0|4.0|110|99|3.7|3.3|210|159|7.1|5.1|35|48|1.2|1.6|80|97|2.7|3.3|30|28|1.0|0.9|160|85|5.4|2.8|380|161|12.8|5.3|165|112|5.5|3.7|225|168|7.6|5.5|140|97|4.7|3.3|2975|488|2290|467|77.0|8.0|425|221|14.3|7.1|260|125|8.7|4.2|0|25|0.0|1.4|37146|15663|66203|24013|36548|28340|4160|597|3305|608|79.4|7.2|2195|540|52.8|10.6|1165|416|28.0|8.5|850|299|20.4|7.1|4140|601|3105|494|2975|488|2435|497|81.8|7.4|1710|435|57.5|11.4|765|286|25.7|7.8|540|224|18.2|7.5|130|89|130|89|100.0|27.3|80|77|61.5|37.1|55|55|42.3|37.0|0|25|0.0|27.3|1035|359|720|303|69.6|12.4|390|257|37.7|17.8|330|185|31.9|16.4|315|147|30.4|12.5|5.8|3.5|5.8|3.5|5.7|3.5|26.7|73.3
9600000US0603030|Northern Humboldt Union High School District, CA|0603030|2019-2023|205|2060|451|1775|437|86.2|5.9|1775|437|86.2|5.9|1475|319|71.6|8.4|295|213|14.3|8.3|0|29|0.0|2.0|285|124|13.8|6.0|1775|437|16.6|9.4|1145|242|940|229|82.1|8.4|940|229|82.1|8.4|755|185|65.9|13.4|1440|321|775|195|53.8|10.1|330|146|22.9|8.2|0|29|0.0|2.9|20|30|1.4|2.1|35|31|2.4|2.2|280|182|19.4|11.1|24.0|5.6|1475|319|840|227|56.9|10.9|175|109|11.9|6.9|155|93|10.5|5.7|210|156|14.2|10.1|100|75|6.8|4.8|1475|319|10|12|0.7|0.8|235|164|15.9|10.5|85|74|5.8|4.9|0|29|0.0|2.8|70|50|4.7|3.2|15|24|1.0|1.6|4|14|0.3|0.9|65|49|4.4|3.3|245|187|16.6|11.0|435|143|29.5|9.1|120|75|8.1|5.3|75|96|5.1|6.4|120|89|8.1|6.0|1475|319|730|267|49.5|12.8|450|169|30.5|11.2|295|153|20.0|9.4|0|29|0.0|2.8|48750|16841|59990|6805|70817|13554|2060|451|1890|419|91.7|4.9|1075|261|52.2|12.1|960|387|46.6|13.1|165|110|8.0|4.9|1970|449|1765|437|1470|318|1415|316|96.3|3.5|980|244|66.7|13.5|560|267|38.1|14.0|55|51|3.7|3.5|295|213|185|161|62.7|25.2|0|29|0.0|13.4|185|161|62.7|25.2|110|97|37.3|25.5|205|105|200|106|97.6|5.3|75|56|36.6|25.0|125|90|61.0|25.1|4|29|2.0|1.0|10.0|6.2|10.0|6.2|10.4|6.4|0.0|35.4
9700000US0627690|Norwalk-La Mirada Unified School District, CA|0627690|2019-2023|205|15315|971|12775|874|83.4|2.7|12760|874|83.3|2.7|12115|864|79.1|3.0|640|251|4.2|1.6|15|21|0.1|0.1|2540|454|16.6|2.7|12760|874|5.0|1.9|8510|627|6455|602|75.9|3.9|6455|602|75.9|3.9|5970|596|70.2|4.5|11930|838|9490|719|79.5|2.7|1020|234|8.5|2.0|270|217|2.3|1.8|35|47|0.3|0.4|100|67|0.8|0.6|1010|256|8.5|2.0|31.6|1.6|12115|864|4800|507|39.6|3.1|1675|301|13.8|2.3|2525|354|20.8|2.3|1225|246|10.1|2.0|1890|299|15.6|2.2|12115|864|50|35|0.4|0.3|1075|242|8.9|1.9|1340|256|11.1|2.1|390|125|3.2|1.0|1000|220|8.3|1.8|955|223|7.9|1.7|180|102|1.5|0.8|570|188|4.7|1.4|965|192|8.0|1.5|3645|464|30.1|3.2|940|289|7.8|2.2|520|166|4.3|1.4|495|131|4.1|1.1|12115|864|9310|794|76.8|2.9|2185|300|18.0|2.4|620|183|5.1|1.5|4|15|0.0|0.1|53436|3943|65722|5039|63481|5207|15300|970|13700|986|89.5|2.3|10740|827|70.2|3.5|3540|649|23.1|3.6|1600|354|10.5|2.3|15120|934|12745|878|12105|865|11160|841|92.2|2.0|9540|781|78.8|3.3|2020|397|16.7|3.0|945|255|7.8|2.0|640|251|525|242|82.0|11.1|140|76|21.9|11.1|430|236|67.2|16.7|115|68|18.0|11.0|2375|379|1835|339|77.3|6.6|1035|223|43.6|7.2|920|258|38.7|7.3|540|174|22.7|6.6|9.5|2.8|9.5|2.8|9.0|2.3|60.0|39.6
9700000US0627720|Novato Unified School District, CA|0627720|2019-2023|205|8480|879|7050|757|83.1|3.1|7050|757|83.1|3.1|6795|728|80.1|3.4|255|152|3.0|1.7|0|32|0.0|0.5|1430|312|16.9|3.1|7050|757|3.6|2.1|4200|392|3270|366|77.9|4.8|3270|366|77.9|4.8|3215|369|76.5|4.9|6595|731|4420|629|67.0|4.7|520|171|7.9|2.7|225|88|3.4|1.3|65|92|1.0|1.4|105|93|1.6|1.4|1265|279|19.2|3.9|26.5|1.9|6795|728|3865|570|56.9|5.2|1070|312|15.7|4.5|1135|325|16.7|4.1|350|153|5.2|2.2|375|172|5.5|2.5|6795|728|0|32|0.0|0.6|445|162|6.5|2.4|335|182|4.9|2.8|210|134|3.1|1.9|720|329|10.6|4.1|170|103|2.5|1.5|285|119|4.2|1.7|430|143|6.3|2.1|1100|275|16.2|3.8|1765|315|26.0|4.4|400|170|5.9|2.5|385|191|5.7|3.0|550|310|8.1|4.2|6795|728|4830|593|71.1|4.6|1510|379|22.2|4.4|435|176|6.4|2.7|20|33|0.3|0.5|90374|8740|129313|25989|89340|15646|8480|879|8295|876|97.8|1.2|6925|909|81.7|4.7|1590|428|18.8|5.1|185|99|2.2|1.2|8420|884|6990|759|6735|732|6680|736|99.2|0.7|5955|790|88.4|4.1|885|276|13.1|4.3|60|45|0.9|0.7|255|152|230|151|90.2|13.0|105|112|41.2|36.4|130|117|51.0|35.7|20|27|7.8|13.0|1430|312|1325|312|92.7|5.4|820|217|57.3|11.5|535|218|37.4|11.1|105|76|7.3|5.4|8.7|3.4|8.7|3.4|8.7|3.4|0.0|45.7
9500000US0627780|Nuview Union Elementary School District, CA|0627780|2019-2023|205|1510|382|1200|326|79.5|6.5|1200|326|79.5|6.5|1115|318|73.8|6.7|85|62|5.6|4.2|0|21|0.0|2.8|310|120|20.5|6.4|1200|326|7.1|5.1|790|183|505|155|63.9|12.9|505|155|63.9|12.9|420|143|53.2|12.7|1080|318|880|310|81.5|8.9|95|56|8.8|5.3|0|21|0.0|3.9|10|17|0.9|1.6|30|45|2.8|4.2|65|52|6.0|5.1|45.9|8.9|1115|318|375|192|33.6|13.9|230|136|20.6|9.3|60|51|5.4|5.0|255|147|22.9|11.3|200|97|17.9|8.7|1115|318|20|33|1.8|3.0|280|155|25.1|10.2|60|53|5.4|5.3|0|21|0.0|3.7|45|68|4.0|5.8|110|74|9.9|6.2|35|40|3.1|3.8|50|55|4.5|4.6|120|80|10.8|7.2|205|111|18.4|8.9|30|45|2.7|4.0|40|47|3.6|4.4|130|103|11.7|7.6|1115|318|845|232|75.8|10.1|205|133|18.4|9.1|65|65|5.8|5.5|0|21|0.0|3.7|66074|17685|72391|18221|65909|65175|1510|382|1390|385|92.1|8.3|925|363|61.3|15.1|490|204|32.5|13.1|120|123|7.9|8.3|1510|382|1200|326|1115|318|1025|329|91.9|8.8|765|324|68.6|14.3|280|128|25.1|12.4|90|92|8.1|8.8|85|62|85|62|100.0|36.7|30|35|35.3|38.3|55|54|64.7|37.7|0|21|0.0|36.7|310|120|280|123|90.3|15.8|130|94|41.9|26.5|155|98|50.0|24.6|30|48|9.7|16.0|11.9|8.4|11.9|8.4|11.9|8.4|-|**
9500000US0627810|Oak Grove Elementary School District, CA|0627810|2019-2023|205|11155|937|9865|787|88.4|2.4|9865|787|88.4|2.4|9535|764|85.5|2.5|330|133|3.0|1.2|0|32|0.0|0.4|1295|318|11.6|2.4|9865|787|3.3|1.3|6155|554|4985|466|81.0|4.2|4985|466|81.0|4.2|4830|460|78.5|4.4|9290|778|6375|679|68.6|3.7|1365|256|14.7|2.8|95|61|1.0|0.7|90|62|1.0|0.7|60|34|0.6|0.4|1305|340|14.0|3.4|31.8|1.8|9535|764|5100|565|53.5|3.8|1510|281|15.8|2.8|1450|256|15.2|2.6|675|177|7.1|1.8|800|370|8.4|3.7|9535|764|55|60|0.6|0.6|620|179|6.5|1.8|1675|336|17.6|3.2|105|69|1.1|0.7|715|251|7.5|2.5|380|142|4.0|1.4|320|126|3.4|1.3|360|142|3.8|1.5|1475|263|15.5|2.6|2330|443|24.4|3.8|515|185|5.4|1.9|530|181|5.6|1.9|445|156|4.7|1.7|9535|764|7465|687|78.3|3.4|1610|342|16.9|3.3|430|171|4.5|1.8|35|40|0.4|0.4|69599|7961|113654|15175|63333|9509|11155|937|10775|941|96.6|1.3|8970|842|80.4|3.0|2075|393|18.6|3.2|380|139|3.4|1.3|11075|928|9780|769|9455|747|9185|761|97.1|1.3|7875|713|83.3|3.2|1505|346|15.9|3.4|270|116|2.9|1.3|330|133|275|94|83.3|20.6|185|86|56.1|20.3|110|67|33.3|20.7|50|76|15.2|19.9|1295|318|1230|320|95.0|3.5|830|239|64.1|10.3|425|180|32.8|10.4|60|42|4.6|3.4|7.0|2.8|7.0|2.8|7.0|2.8|0.0|37.9
9500000US0627840|Oak Grove Union Elementary School District, CA|0627840|2019-2023|205|400|150|395|146|98.8|3.0|395|146|98.8|3.0|395|146|98.8|3.0|0|19|0.0|10.1|0|19|0.0|10.1|4|10|1.0|2.5|395|146|0.0|10.2|230|92|225|89|97.8|4.6|225|89|97.8|4.6|225|89|97.8|4.6|375|131|260|106|69.3|14.1|55|50|14.7|13.0|10|14|2.7|3.9|0|19|0.0|10.7|10|15|2.7|3.9|45|39|12.0|9.2|24.8|5.1|395|146|265|104|67.1|13.7|70|52|17.7|11.3|15|22|3.8|5.5|35|38|8.9|8.4|15|22|3.8|5.7|395|146|0|19|0.0|10.2|10|17|2.5|4.2|20|33|5.1|7.9|15|22|3.8|5.7|10|15|2.5|3.6|4|12|1.0|3.1|30|36|7.6|8.3|4|13|1.0|3.3|65|51|16.5|11.1|200|89|50.6|18.3|25|34|6.3|7.8|10|15|2.5|4.0|10|17|2.5|4.2|395|146|230|130|58.2|17.8|100|61|25.3|13.3|65|44|16.5|12.1|0|19|0.0|10.2|72386|18907|86818|29862|-|**|400|150|395|147|98.8|3.3|365|152|91.3|9.1|30|34|7.5|8.9|4|13|1.0|3.3|400|150|395|146|395|146|390|145|98.7|3.6|360|150|91.1|9.4|30|34|7.6|9.0|4|13|1.0|3.3|0|19|0|19|-|**|0|19|-|**|0|19|-|**|0|19|-|**|4|10|4|10|100.0|100.0|4|10|100.0|100.0|0|19|0.0|100.0|0|19|0.0|100.0|0.0|10.1|0.0|10.1|0.0|10.1|-|**
9700000US0627850|Oak Park Unified School District, CA|0627850|2019-2023|205|2495|518|2050|461|82.2|4.3|2050|461|82.2|4.3|1910|434|76.6|4.9|140|113|5.6|4.4|0|21|0.0|1.7|445|127|17.8|4.2|2050|461|6.8|5.2|1330|272|925|232|69.5|8.7|925|232|69.5|8.7|870|235|65.4|8.8|1910|434|1405|435|73.6|10.3|55|60|2.9|3.2|0|21|0.0|2.2|4|15|0.2|0.8|85|102|4.5|5.4|360|117|18.8|7.0|32.3|5.5|1910|434|1285|261|67.3|16.8|95|75|5.0|4.0|455|425|23.8|18.7|25|30|1.3|1.6|50|53|2.6|2.9|1910|434|0|21|0.0|2.2|10|14|0.5|0.8|170|86|8.9|4.8|40|48|2.1|2.6|290|204|15.2|8.2|40|46|2.1|2.4|75|52|3.9|2.7|310|249|16.2|10.6|410|109|21.5|7.1|330|127|17.3|7.3|70|47|3.7|2.6|20|24|1.0|1.3|155|99|8.1|4.9|1910|434|1580|425|82.7|8.6|305|156|16.0|8.2|25|33|1.3|1.8|0|21|0.0|2.2|142500|47360|181382|47752|147260|36060|2495|518|2360|485|94.6|7.5|2270|486|91.0|8.3|135|97|5.4|4.2|135|194|5.4|7.5|2495|518|2050|461|1910|434|1855|425|97.1|4.7|1840|426|96.3|5.0|45|41|2.4|2.2|55|89|2.9|4.6|140|113|80|58|57.1|45.0|70|56|50.0|43.1|10|15|7.1|11.5|60|94|42.9|45.3|445|127|425|125|95.5|7.3|365|111|82.0|15.9|85|73|19.1|15.0|20|33|4.5|7.3|1.2|1.9|1.2|1.9|1.2|1.9|-|**
9500000US0627900|Oak Valley Union Elementary School District, CA|0627900|2019-2023|205|245|83|165|52|67.3|8.2|165|52|67.3|8.2|155|50|63.3|8.9|10|14|4.1|5.7|0|14|0.0|15.9|80|38|32.7|7.8|165|52|6.1|8.3|115|41|60|30|52.2|20.6|60|30|52.2|20.6|60|30|52.2|20.6|145|52|115|45|79.3|14.5|20|20|13.8|12.4|0|14|0.0|25.0|4|8|2.8|5.5|0|14|0.0|25.0|4|13|2.8|9.1|13.5|6.5|155|50|25|26|16.1|15.3|35|22|22.6|13.9|4|14|2.6|0.8|70|39|45.2|17.8|25|22|16.1|14.5|155|50|70|28|45.2|16.8|0|14|0.0|23.7|4|6|2.6|4.1|0|14|0.0|23.7|4|14|2.6|0.8|20|34|12.9|19.9|0|14|0.0|23.7|0|14|0.0|23.7|20|18|12.9|12.2|35|27|22.6|14.6|4|3|2.6|1.8|0|14|0.0|23.7|0|14|0.0|23.7|155|50|120|44|77.4|12.6|20|21|12.9|12.4|15|18|9.7|11.8|0|14|0.0|23.7|39875|5739|40913|3109|38393|5186|245|83|175|73|71.4|11.1|50|48|20.4|18.4|125|65|51.0|18.2|70|30|28.6|11.3|245|83|165|52|155|50|110|44|71.0|12.1|35|25|22.6|15.1|80|39|51.6|17.0|45|22|29.0|12.5|10|14|0|14|0.0|100.0|0|14|0.0|100.0|0|14|0.0|100.0|10|14|100.0|100.0|80|38|60|37|75.0|22.1|20|24|25.0|28.2|45|31|56.3|28.9|15|14|18.8|17.1|30.6|18.5|30.6|18.5|30.6|18.5|-|**
9500000US0627930|Oak View Union Elementary School District, CA|0627930|2019-2023|205|460|152|410|150|89.1|9.8|410|150|89.1|9.8|410|150|89.1|9.8|0|14|0.0|8.8|0|14|0.0|8.8|50|45|10.9|9.6|410|150|0.0|9.8|230|80|180|84|78.3|19.4|180|84|78.3|19.4|180|84|78.3|19.4|400|148|345|134|86.3|9.5|10|18|2.5|4.3|0|14|0.0|10.1|10|22|2.5|5.5|0|14|0.0|10.1|30|40|7.5|9.5|35.2|15.4|410|150|170|107|41.5|24.1|55|48|13.4|10.4|0|14|0.0|9.8|110|105|26.8|22.3|80|58|19.5|12.6|410|150|130|91|31.7|21.8|35|34|8.5|6.3|40|43|9.8|9.9|0|14|0.0|9.8|4|15|1.0|3.3|30|40|7.3|9.4|0|14|0.0|9.8|0|14|0.0|9.8|60|90|14.6|21.2|105|68|25.6|13.3|0|14|0.0|9.8|0|14|0.0|9.8|4|10|1.0|2.1|410|150|305|125|74.4|17.6|70|54|17.1|10.9|35|44|8.5|10.2|0|14|0.0|9.8|58534|21931|59115|19795|59152|49464|460|152|390|163|84.8|20.1|370|160|80.4|21.0|45|41|9.8|8.4|70|93|15.2|20.0|460|152|410|150|410|150|345|150|84.1|22.5|320|150|78.0|23.2|35|36|8.5|8.1|70|93|17.1|21.9|0|14|0|14|-|**|0|14|-|**|0|14|-|**|0|14|-|**|50|45|50|45|100.0|48.0|50|45|100.0|48.0|10|17|20.0|38.2|0|14|0.0|48.0|18.5|18.3|18.5|18.3|18.5|18.3|-|**
9600000US0699013|Oakdale Joint Unified School District (9-12), CA|0699013|2019-2023|205|265|118|230|113|86.8|8.9|230|113|86.8|8.9|205|106|77.4|11.1|25|30|9.4|10.6|0|14|0.0|14.8|30|29|11.3|10.9|230|113|10.9|11.9|150|63|120|60|80.0|14.7|120|60|80.0|14.7|95|51|63.3|16.6|195|106|180|95|92.3|7.7|4|14|2.1|6.3|0|14|0.0|19.4|4|9|2.1|4.9|4|11|2.1|4.8|0|14|0.0|19.4|33.6|7.1|205|106|100|51|48.8|9.4|45|36|22.0|14.0|4|9|2.0|4.5|35|37|17.1|14.3|25|20|12.2|8.6|205|106|10|14|4.9|6.8|30|34|14.6|13.7|20|23|9.8|10.9|4|14|2.0|1.0|4|12|2.0|5.4|0|14|0.0|18.6|4|4|2.0|2.2|0|14|0.0|18.6|45|29|22.0|12.3|50|45|24.4|11.7|20|25|9.8|11.9|0|14|0.0|18.6|20|26|9.8|11.1|205|106|160|90|78.0|13.8|25|27|12.2|9.8|20|25|9.8|13.0|0|14|0.0|18.6|60000|20852|121131|34169|128500|100644|265|118|240|113|90.6|9.7|175|93|66.0|14.8|70|48|26.4|15.3|25|28|9.4|10.0|260|118|230|113|205|106|195|101|95.1|10.3|165|95|80.5|12.8|30|23|14.6|10.8|10|23|4.9|10.0|25|30|15|24|60.0|60.0|0|14|0.0|67.8|15|24|60.0|60.0|10|21|40.0|60.0|25|27|25|27|100.0|67.8|4|1|16.0|16.9|25|23|100.0|67.8|0|14|0.0|67.8|5.7|9.1|5.7|9.1|5.8|9.4|0.0|100.0
9700000US0600062|Oakdale Joint Unified School District, CA|0600062|2019-2023|205|4450|575|3520|584|79.1|5.1|3495|578|78.5|5.2|3420|563|76.9|5.0|75|99|1.7|2.2|25|42|0.6|0.9|935|213|21.0|5.2|3495|578|2.1|2.7|2325|309|1670|321|71.8|7.2|1670|321|71.8|7.2|1610|315|69.2|7.3|3330|558|2765|560|83.0|7.5|395|207|11.9|6.1|0|29|0.0|1.3|15|32|0.5|0.9|35|49|1.1|1.5|120|110|3.6|3.3|35.3|4.3|3420|563|1205|381|35.2|7.0|535|187|15.6|5.3|840|209|24.6|5.4|275|156|8.0|4.3|565|176|16.5|5.4|3420|563|140|91|4.1|2.6|310|145|9.1|4.0|600|184|17.5|5.0|35|46|1.0|1.3|220|124|6.4|3.5|345|153|10.1|3.8|20|34|0.6|1.0|195|144|5.7|4.1|305|155|8.9|3.9|780|210|22.8|4.1|260|125|7.6|3.9|90|83|2.6|2.3|110|85|3.2|2.4|3420|563|2675|485|78.2|4.9|530|164|15.5|4.4|215|125|6.3|3.4|0|29|0.0|1.2|66913|11166|85764|16384|76729|12073|4425|569|4240|585|95.8|2.9|3170|590|71.6|6.8|1290|306|29.2|7.0|185|125|4.2|2.9|4425|569|3495|578|3420|563|3335|561|97.5|2.3|2780|547|81.3|5.6|745|235|21.8|6.7|85|80|2.5|2.3|75|99|75|99|100.0|39.2|0|29|0.0|39.2|75|99|100.0|39.2|0|29|0.0|39.2|935|213|830|204|88.8|7.9|390|177|41.7|15.7|470|163|50.3|15.7|100|75|10.7|7.9|10.2|4.5|10.2|4.5|10.2|4.5|-|**
9700000US0628050|Oakland Unified School District, CA|0628050|2019-2023|205|47085|1591|36825|1427|78.2|1.5|36805|1427|78.2|1.5|35215|1406|74.8|1.5|1590|334|3.4|0.7|20|26|0.0|0.1|10260|792|21.8|1.5|36805|1427|4.3|0.9|25980|1101|17775|1026|68.4|2.6|17775|1026|68.4|2.6|16870|1016|64.9|2.7|34290|1416|19710|1336|57.5|2.6|3215|456|9.4|1.3|3655|583|10.7|1.7|875|218|2.6|0.6|825|204|2.4|0.6|6015|620|17.5|1.8|30.8|1.7|35215|1406|14530|1058|41.3|2.4|6440|874|18.3|2.3|5265|556|15.0|1.5|4085|516|11.6|1.5|4900|544|13.9|1.5|35215|1406|75|46|0.2|0.1|4255|462|12.1|1.2|2410|438|6.8|1.2|815|284|2.3|0.8|2445|370|6.9|1.0|1925|298|5.5|0.8|985|215|2.8|0.6|1365|291|3.9|0.8|5170|562|14.7|1.5|8745|790|24.8|2.0|3060|405|8.7|1.1|2195|384|6.2|1.1|1775|348|5.0|1.0|35215|1406|25845|1245|73.4|2.1|5945|672|16.9|1.7|3285|485|9.3|1.3|140|97|0.4|0.3|53030|3194|67400|9027|60790|2190|47065|1591|43335|1463|92.1|1.2|29805|1358|63.3|2.4|15820|1295|33.6|2.3|3730|589|7.9|1.2|46515|1570|36505|1447|34920|1425|32545|1371|93.2|1.2|25235|1342|72.3|2.5|8745|864|25.0|2.2|2375|443|6.8|1.2|1585|335|1400|318|88.3|5.9|600|214|37.9|10.6|835|264|52.7|12.0|185|101|11.7|6.1|10010|810|8840|796|88.3|2.7|3610|453|36.1|4.2|5695|702|56.9|4.3|1170|273|11.7|2.7|14.9|1.4|14.9|1.4|14.9|1.4|15.5|14.7
9500000US0628080|Oakley Union Elementary School District, CA|0628080|2019-2023|205|5950|756|5050|698|84.9|3.5|5050|698|84.9|3.5|4915|694|82.6|3.8|135|95|2.3|1.6|0|29|0.0|0.7|900|226|15.1|3.5|5050|698|2.7|1.9|3165|443|2485|408|78.5|5.8|2485|408|78.5|5.8|2355|403|74.4|6.2|4795|653|3440|517|71.7|6.2|570|258|11.9|4.8|50|55|1.0|1.1|45|53|0.9|1.1|15|25|0.3|0.5|675|239|14.1|4.7|45.8|4.9|4915|694|2150|474|43.7|6.7|670|192|13.6|4.0|1125|341|22.9|5.5|590|227|12.0|4.4|380|158|7.7|3.2|4915|694|55|52|1.1|1.1|735|294|15.0|5.8|405|283|8.2|5.4|155|122|3.2|2.4|565|316|11.5|6.5|245|169|5.0|3.2|105|74|2.1|1.5|275|215|5.6|4.2|600|219|12.2|4.4|1240|417|25.2|6.9|130|107|2.6|2.2|175|116|3.6|2.4|235|114|4.8|2.3|4915|694|3960|618|80.6|5.9|710|291|14.4|5.3|240|135|4.9|2.7|0|29|0.0|0.9|62253|13969|99559|15988|60205|10790|5950|756|5745|775|96.6|3.0|5030|773|84.5|5.5|885|302|14.9|5.0|205|180|3.4|3.0|5950|756|5050|698|4915|694|4715|705|95.9|3.6|4265|698|86.8|6.3|605|274|12.3|5.3|200|181|4.1|3.7|135|95|135|95|100.0|26.5|55|48|40.7|36.7|75|83|55.6|36.1|0|29|0.0|26.5|900|226|895|224|99.4|1.4|710|216|78.9|10.6|205|100|22.8|10.8|4|9|0.4|1.0|7.3|3.8|7.3|3.8|7.3|3.8|-|**
9500000US0628140|Ocean View Elementary School District (Orange County), CA|0628140|2019-2023|205|7865|966|6975|920|88.7|2.3|6970|922|88.6|2.3|6560|935|83.4|3.4|410|152|5.2|2.0|4|16|0.1|0.2|890|182|11.3|2.3|6970|922|5.9|2.3|4150|486|3470|459|83.6|3.7|3470|459|83.6|3.7|3250|487|78.3|5.2|6405|926|4600|653|71.8|4.4|615|192|9.6|3.2|4|14|0.1|0.2|120|123|1.9|1.8|15|15|0.2|0.2|1050|331|16.4|3.7|29.3|2.8|6560|935|3265|498|49.8|4.7|865|225|13.2|3.2|1135|265|17.3|3.7|640|383|9.8|5.0|655|224|10.0|3.2|6560|935|120|77|1.8|1.1|355|317|5.4|4.3|730|228|11.1|3.0|140|86|2.1|1.3|440|146|6.7|2.3|380|125|5.8|1.9|115|81|1.8|1.3|590|232|9.0|3.5|880|250|13.4|3.8|1885|438|28.7|4.4|350|140|5.3|2.3|315|146|4.8|2.3|260|147|4.0|2.2|6560|935|4855|660|74.0|4.9|1165|412|17.8|4.9|540|228|8.2|3.3|0|32|0.0|0.6|65015|10178|105980|26388|76635|14667|7860|966|7455|966|94.8|2.2|6265|911|79.7|4.3|1540|351|19.6|4.3|405|167|5.2|2.2|7805|969|6945|927|6550|935|6220|916|95.0|2.4|5575|884|85.1|3.6|915|237|14.0|3.6|330|159|5.0|2.4|400|153|400|153|100.0|10.1|195|104|48.8|17.5|200|98|50.0|17.9|0|32|0.0|10.1|860|180|785|179|91.3|8.2|485|168|56.4|15.3|375|130|43.6|12.9|75|74|8.7|8.3|7.6|3.0|7.6|3.0|7.7|3.0|0.0|48.0
9500000US0628170|Ocean View Elementary School District (Ventura County), CA|0628170|2019-2023|205|2530|389|2100|366|83.0|5.1|2005|345|79.2|5.5|1835|322|72.5|5.9|175|88|6.9|3.3|90|63|3.6|2.4|435|132|17.2|5.0|2005|345|8.7|4.1|1395|221|1080|216|77.4|7.4|1080|216|77.4|7.4|925|197|66.3|8.8|1860|340|1545|318|83.1|7.4|240|127|12.9|6.6|4|15|0.2|0.8|20|31|1.1|1.7|0|21|0.0|2.3|50|44|2.7|2.3|23.9|1.8|1835|322|280|97|15.3|5.2|490|172|26.7|7.2|315|127|17.2|6.1|400|123|21.8|5.9|350|113|19.1|5.3|1835|322|335|149|18.3|7.3|160|81|8.7|4.4|190|85|10.4|5.0|10|19|0.5|1.1|55|62|3.0|3.3|20|32|1.1|1.8|0|21|0.0|2.3|15|34|0.8|1.8|350|188|19.1|8.6|310|112|16.9|5.6|75|47|4.1|2.7|160|82|8.7|4.3|150|81|8.2|4.2|1835|322|1370|304|74.7|7.9|355|139|19.3|7.1|110|67|6.0|3.8|0|21|0.0|2.3|39531|9622|52659|4799|41510|13613|2440|368|1950|300|79.9|6.4|1380|255|56.6|7.7|735|205|30.1|7.6|495|188|20.3|6.5|2420|361|1995|345|1820|320|1570|268|86.3|6.3|1145|224|62.9|8.1|535|173|29.4|8.7|250|131|13.7|6.2|175|88|80|60|45.7|25.8|40|48|22.9|25.7|75|62|42.9|26.9|95|65|54.3|26.1|430|129|280|110|65.1|14.1|195|85|45.3|15.4|110|70|25.6|12.6|150|70|34.9|14.1|13.4|5.1|13.4|5.1|13.5|5.2|0.0|75.8
9700000US0628250|Oceanside Unified School District, CA|0628250|2019-2023|205|17230|1389|14125|1139|82.0|2.3|12705|960|73.7|3.1|12150|927|70.5|2.9|555|219|3.2|1.3|1420|377|8.2|1.8|3105|498|18.0|2.3|12705|960|4.4|1.7|8775|721|6020|583|68.6|4.1|5955|567|67.9|4.1|5535|553|63.1|3.9|13360|1101|9830|890|73.6|3.2|1210|294|9.1|2.0|170|99|1.3|0.7|15|28|0.1|0.2|210|153|1.6|1.1|1920|335|14.4|2.3|30.0|2.0|12150|927|5205|519|42.8|3.4|2190|374|18.0|2.6|2265|471|18.6|3.4|1120|321|9.2|2.5|1375|308|11.3|2.5|12150|927|165|87|1.4|0.7|1315|314|10.8|2.6|1555|392|12.8|3.0|225|110|1.9|0.9|1095|287|9.0|2.3|360|158|3.0|1.3|145|67|1.2|0.6|680|265|5.6|2.1|1780|348|14.7|2.8|2635|448|21.7|3.1|1010|378|8.3|2.9|630|198|5.2|1.6|550|193|4.5|1.6|12150|927|9080|800|74.7|3.6|1865|357|15.3|2.8|1195|305|9.8|2.2|10|16|0.1|0.1|55870|2911|68727|6018|59139|5319|15810|1173|13235|1094|83.7|3.3|11200|1033|70.8|4.1|2655|494|16.8|2.9|2575|565|16.3|3.3|15765|1178|12685|958|12130|924|10300|910|84.9|3.2|9100|868|75.0|4.0|1630|369|13.4|2.8|1830|394|15.1|3.2|555|219|520|210|93.7|9.9|355|184|64.0|18.0|195|103|35.1|16.7|40|58|7.2|10.0|3080|499|2375|443|77.1|7.3|1710|415|55.5|8.8|785|217|25.5|6.3|705|256|22.9|7.3|9.1|2.6|9.1|2.6|9.1|2.6|0.0|50.6
9700000US0628270|Ojai Unified School District, CA|0628270|2019-2023|205|1255|302|1085|259|86.5|9.8|1085|259|86.5|9.8|1085|259|86.5|9.8|0|25|0.0|3.3|0|25|0.0|3.3|175|136|13.9|9.8|1085|259|0.0|3.8|715|182|540|156|75.5|17.0|540|156|75.5|17.0|540|156|75.5|17.0|1085|259|785|216|72.4|9.2|70|61|6.5|5.7|0|25|0.0|3.8|0|25|0.0|3.8|0|25|0.0|3.8|225|99|20.7|7.3|32.6|11.9|1085|259|380|137|35.0|11.1|175|96|16.1|9.3|350|200|32.3|14.3|75|63|6.9|5.8|105|66|9.7|5.5|1085|259|0|25|0.0|3.8|95|80|8.8|6.8|35|41|3.2|3.7|50|61|4.6|5.5|180|147|16.6|11.8|60|48|5.5|4.4|0|25|0.0|3.8|0|25|0.0|3.8|95|70|8.8|6.1|355|114|32.7|9.4|70|75|6.5|6.5|15|29|1.4|2.7|125|93|11.5|9.0|1085|259|690|232|63.6|11.3|315|139|29.0|12.5|80|59|7.4|5.2|0|25|0.0|3.8|43864|21341|80673|29452|52679|28323|1255|302|1145|316|91.2|6.6|955|288|76.1|12.8|280|197|22.3|13.8|110|78|8.8|6.7|1255|302|1085|259|1085|259|970|278|89.4|8.2|895|274|82.5|10.0|165|136|15.2|11.9|110|78|10.1|8.0|0|25|0|25|-|**|0|25|-|**|0|25|-|**|0|25|-|**|175|136|175|136|100.0|21.4|60|66|34.3|32.9|110|116|62.9|33.6|0|25|0.0|21.4|12.7|11.3|12.7|11.3|12.7|11.3|-|**
9500000US0628320|Old Adobe Union Elementary School District, CA|0628320|2019-2023|205|2190|388|1870|337|85.4|5.3|1870|337|85.4|5.3|1860|337|84.9|5.4|10|15|0.5|0.7|0|25|0.0|1.9|320|137|14.6|5.3|1870|337|0.5|0.8|1115|227|815|183|73.1|10.0|815|183|73.1|10.0|815|183|73.1|10.0|1835|338|1190|296|64.9|9.0|185|110|10.1|6.2|10|15|0.5|0.8|80|73|4.4|3.7|15|24|0.8|1.3|350|131|19.1|6.7|32.6|4.6|1860|337|915|207|49.2|7.6|140|78|7.5|3.9|565|206|30.4|8.6|205|61|11.0|3.5|35|34|1.9|1.8|1860|337|45|45|2.4|2.4|220|88|11.8|4.6|70|42|3.8|2.4|85|63|4.6|3.3|305|165|16.4|7.4|105|59|5.6|3.2|30|35|1.6|1.9|175|118|9.4|5.8|185|88|9.9|4.7|455|142|24.5|6.0|105|69|5.6|3.7|35|33|1.9|1.8|50|49|2.7|2.6|1860|337|1455|303|78.2|6.9|315|131|16.9|6.9|90|80|4.8|4.1|0|25|0.0|2.3|74962|11819|95362|9669|76856|11352|2190|388|2160|393|98.6|1.4|1920|365|87.7|7.4|260|172|11.9|7.5|30|30|1.4|1.4|2190|388|1870|337|1860|337|1835|343|98.7|1.6|1705|327|91.7|6.1|150|122|8.1|6.4|30|30|1.6|1.7|10|15|10|15|100.0|100.0|10|15|100.0|100.0|0|25|0.0|100.0|0|25|0.0|100.0|320|137|320|137|100.0|12.4|210|124|65.6|22.9|110|78|34.4|22.8|0|25|0.0|12.4|4.8|5.2|4.8|5.2|4.8|5.2|-|**
9500000US0628470|Ontario-Montclair School District, CA|0628470|2019-2023|205|19390|959|14700|835|75.8|2.0|14700|835|75.8|2.0|14125|833|72.8|2.1|575|178|3.0|0.9|0|32|0.0|0.2|4690|448|24.2|2.0|14700|835|3.9|1.2|10665|582|6580|506|61.7|3.4|6580|506|61.7|3.4|6250|498|58.6|3.4|13730|765|11040|768|80.4|2.7|1430|259|10.4|1.9|160|127|1.2|0.9|100|65|0.7|0.5|140|98|1.0|0.7|865|207|6.3|1.5|29.9|1.8|14125|833|3295|440|23.3|2.9|2170|368|15.4|2.5|2510|377|17.8|2.4|1895|313|13.4|2.1|4255|502|30.1|2.8|14125|833|135|83|1.0|0.6|1350|249|9.6|1.6|1990|383|14.1|2.6|555|174|3.9|1.2|1155|272|8.2|1.9|2230|486|15.8|3.0|65|62|0.5|0.4|560|176|4.0|1.2|1535|283|10.9|2.0|2395|358|17.0|2.5|900|292|6.4|2.1|840|222|5.9|1.6|415|147|2.9|1.0|14125|833|11585|747|82.0|2.6|1740|364|12.3|2.4|780|206|5.5|1.4|20|23|0.1|0.2|42078|1830|55036|3184|43393|6259|19390|959|16795|991|86.6|2.3|11180|906|57.7|3.3|6470|712|33.4|3.5|2595|439|13.4|2.3|19325|950|14645|828|14070|826|12435|829|88.4|2.2|9170|769|65.2|3.3|3915|488|27.8|3.3|1640|314|11.7|2.2|575|178|485|160|84.3|9.4|225|94|39.1|13.3|290|139|50.4|15.7|85|61|14.8|9.6|4680|446|3810|419|81.4|4.4|1755|287|37.5|5.6|2230|388|47.6|6.4|870|220|18.6|4.4|15.1|2.4|15.1|2.4|15.2|2.4|0.0|42.1
9700000US0628650|Orange Unified School District, CA|0628650|2019-2023|205|30040|1700|26005|1531|86.6|1.6|25990|1536|86.5|1.6|24865|1459|82.8|1.9|1125|304|3.7|1.0|15|25|0.0|0.1|4040|526|13.4|1.6|25990|1536|4.3|1.1|15945|916|12715|857|79.7|2.5|12715|857|79.7|2.5|12115|841|76.0|2.9|24180|1363|17495|1093|72.4|2.2|2265|451|9.4|1.8|120|91|0.5|0.4|275|133|1.1|0.6|305|151|1.3|0.6|3715|536|15.4|2.0|29.0|1.5|24865|1459|12485|967|50.2|2.6|3490|525|14.0|1.9|4710|550|18.9|2.0|1845|370|7.4|1.5|2335|409|9.4|1.5|24865|1459|170|89|0.7|0.4|2185|396|8.8|1.5|2475|428|10.0|1.6|540|186|2.2|0.8|1490|333|6.0|1.4|1150|322|4.6|1.3|465|152|1.9|0.6|2235|402|9.0|1.5|3220|546|12.9|1.9|6840|646|27.5|2.2|1615|404|6.5|1.5|875|245|3.5|1.0|1605|366|6.5|1.4|24865|1459|17375|1238|69.9|2.6|5435|637|21.9|2.3|2000|383|8.0|1.5|55|41|0.2|0.2|68625|3751|98621|9143|73219|6966|30030|1702|27175|1539|90.5|1.7|22950|1288|76.4|2.7|5050|837|16.8|2.4|2850|571|9.5|1.7|29685|1687|25790|1524|24665|1445|22830|1346|92.6|1.7|20160|1211|81.7|2.6|3365|631|13.6|2.3|1835|450|7.4|1.7|1125|304|990|284|88.0|9.7|525|185|46.7|13.0|500|227|44.4|15.4|135|116|12.0|9.7|3895|519|3060|475|78.6|6.5|2105|354|54.0|6.7|1010|285|25.9|6.0|835|277|21.4|6.5|6.7|1.8|6.7|1.8|6.7|1.8|2.9|4.9
9500000US0628680|Orchard Elementary School District, CA|0628680|2019-2023|205|1680|516|1295|397|77.1|8.9|1295|397|77.1|8.9|1255|391|74.7|9.0|45|45|2.7|2.7|0|25|0.0|2.5|385|209|22.9|9.0|1295|397|3.5|3.5|820|225|470|178|57.3|16.8|470|178|57.3|16.8|450|175|54.9|16.8|1255|391|635|181|50.6|12.7|245|148|19.5|8.8|35|46|2.8|3.5|0|25|0.0|3.3|0|25|0.0|3.3|340|191|27.1|10.5|28.0|6.4|1255|391|715|333|57.0|14.1|180|117|14.3|8.9|85|55|6.8|4.1|125|94|10.0|8.1|155|102|12.4|8.1|1255|391|90|136|7.2|10.4|195|120|15.5|10.6|200|198|15.9|13.9|55|40|4.4|3.0|35|47|2.8|3.9|10|19|0.8|1.5|80|76|6.4|6.0|0|25|0.0|3.3|320|201|25.5|12.6|135|72|10.8|6.1|10|17|0.8|1.3|90|104|7.2|8.1|35|44|2.8|3.5|1255|391|1155|400|92.0|7.7|35|44|2.8|3.5|10|17|0.8|1.3|60|76|4.8|6.5|47772|39426|65491|62800|96307|58303|1680|516|1520|496|90.5|7.2|1330|486|79.2|10.1|335|138|19.9|8.8|160|122|9.5|7.2|1680|516|1295|397|1255|391|1150|405|91.6|7.9|1055|377|84.1|8.7|240|150|19.1|11.1|105|87|8.4|7.7|45|45|45|45|100.0|50.6|20|26|44.4|55.6|20|38|44.4|55.6|0|25|0.0|50.6|385|209|325|178|84.4|13.0|255|162|66.2|19.8|75|75|19.5|19.7|55|60|14.3|13.0|22.3|17.5|22.3|17.5|22.3|17.5|-|**
9500000US0628710|Orcutt Union Elementary School District, CA|0628710|2019-2023|205|4160|840|3560|722|85.6|3.9|3535|722|85.0|4.1|3440|699|82.7|4.0|95|93|2.3|2.2|25|34|0.6|0.8|600|214|14.4|3.9|3535|722|2.7|2.6|2160|423|1635|329|75.7|7.2|1635|329|75.7|7.2|1580|308|73.1|7.1|3385|689|2745|652|81.1|6.2|280|137|8.3|4.0|0|29|0.0|1.2|10|16|0.3|0.5|60|65|1.8|1.9|295|127|8.7|3.8|19.6|3.0|3440|699|1655|335|48.1|6.6|465|222|13.5|5.0|615|201|17.9|5.7|565|297|16.4|6.8|135|93|3.9|2.6|3440|699|285|176|8.3|4.9|395|263|11.5|6.1|330|200|9.6|5.5|25|30|0.7|0.9|225|125|6.5|3.6|80|56|2.3|1.7|15|24|0.4|0.7|330|168|9.6|4.7|155|86|4.5|2.7|1035|313|30.1|7.6|120|85|3.5|2.6|230|194|6.7|4.9|210|115|6.1|3.5|3440|699|2255|555|65.6|8.1|965|341|28.1|8.1|190|120|5.5|3.6|30|37|0.9|1.1|65011|5188|85759|11583|63560|8318|4140|841|3805|834|91.9|4.3|3155|782|76.2|8.1|830|302|20.0|7.1|330|174|8.0|4.3|4090|837|3490|725|3395|701|3135|699|92.3|4.5|2745|672|80.9|7.4|545|218|16.1|6.4|260|148|7.7|4.5|95|93|80|88|84.2|33.3|4|17|4.2|21.0|70|89|73.7|37.0|15|30|15.8|36.2|600|214|550|211|91.7|8.1|395|179|65.8|15.1|170|102|28.3|15.0|55|42|9.2|7.2|7.0|3.3|7.0|3.3|7.0|3.3|0.0|50.6
9500000US0628860|Orinda Union Elementary School District, CA|0628860|2019-2023|205|2980|350|2475|321|83.1|5.7|2475|321|83.1|5.7|2460|323|82.6|5.7|10|16|0.3|0.5|0|21|0.0|1.4|510|187|17.1|5.7|2475|321|0.4|0.6|1505|185|1035|171|68.8|10.6|1035|171|68.8|10.6|1035|170|68.8|10.5|2435|319|895|208|36.8|7.9|45|46|1.8|1.9|405|162|16.6|6.4|0|21|0.0|1.7|4|10|0.2|0.4|1085|277|44.6|8.7|45.0|6.5|2460|323|2255|320|91.7|3.5|45|41|1.8|1.6|145|77|5.9|3.2|10|19|0.4|0.7|10|14|0.4|0.6|2460|323|0|21|0.0|1.7|25|32|1.0|1.3|160|95|6.5|3.8|25|38|1.0|1.5|95|71|3.9|2.9|60|47|2.4|1.8|95|53|3.9|2.1|200|87|8.1|3.5|1020|265|41.5|8.7|620|181|25.2|6.4|60|48|2.4|2.0|20|23|0.8|0.9|80|69|3.3|2.8|2460|323|2155|322|87.6|4.4|190|94|7.7|3.8|120|63|4.9|2.7|0|21|0.0|1.7|213918|18563|250,000+|***|216250|32935|2980|350|2955|352|99.2|1.0|2920|353|98.0|1.6|50|44|1.7|1.5|25|27|0.8|0.9|2975|352|2475|321|2460|323|2445|320|99.4|0.9|2430|319|98.8|1.6|25|30|1.0|1.2|15|24|0.6|1.0|10|16|10|16|100.0|100.0|10|16|100.0|100.0|0|21|0.0|100.0|0|21|0.0|100.0|500|186|490|188|98.0|3.9|475|184|95.0|6.8|20|31|4.0|6.3|10|15|2.0|3.2|0.8|1.0|0.8|1.0|0.8|1.0|0.0|100.0
9700000US0600045|Orland Joint Unified School District, CA|0600045|2019-2023|205|2195|331|1860|265|84.7|6.4|1860|265|84.7|6.4|1825|262|83.1|6.5|30|44|1.4|2.0|0|21|0.0|1.9|340|168|15.5|6.5|1860|265|1.6|2.3|1230|202|990|181|80.5|10.0|990|181|80.5|10.0|955|187|77.6|10.6|1760|262|1475|261|83.8|6.4|170|77|9.7|4.4|0|21|0.0|2.4|25|27|1.4|1.5|15|23|0.9|1.3|75|77|4.3|4.4|23.2|4.9|1825|262|630|187|34.5|7.9|295|127|16.2|7.2|215|103|11.8|5.6|455|186|24.9|9.0|230|116|12.6|6.2|1825|262|120|79|6.6|4.2|165|133|9.0|7.2|165|90|9.0|4.8|25|28|1.4|1.5|145|106|7.9|6.0|40|50|2.2|2.8|0|21|0.0|2.3|50|63|2.7|3.4|150|136|8.2|6.9|585|179|32.1|8.4|40|41|2.2|2.3|185|94|10.1|5.6|165|85|9.0|4.4|1825|262|1020|208|55.9|8.0|580|171|31.8|7.4|230|128|12.6|7.1|0|21|0.0|2.3|48520|3518|49787|3874|53715|6569|2195|331|2010|323|91.6|7.6|1355|321|61.7|10.9|775|245|35.3|10.7|190|174|8.7|7.6|2175|323|1860|265|1825|262|1710|281|93.7|5.5|1235|289|67.7|10.4|535|206|29.3|11.3|120|98|6.6|5.4|30|44|30|44|100.0|61.9|10|15|33.3|56.9|25|40|83.3|63.3|0|21|0.0|61.9|320|161|250|119|78.1|21.1|95|71|29.7|19.4|195|108|60.9|22.5|70|84|21.9|20.7|9.1|5.8|9.1|5.8|9.2|5.8|0.0|75.8
9500000US0629100|Oroville City Elementary School District, CA|0629100|2019-2023|205|2705|498|2230|418|82.4|6.0|2230|418|82.4|6.0|2145|407|79.3|5.9|85|65|3.1|2.4|0|25|0.0|1.6|475|196|17.6|6.0|2230|418|3.8|2.9|1540|297|1245|268|80.8|6.6|1245|268|80.8|6.6|1160|254|75.3|7.0|2000|413|1530|346|76.5|9.8|170|109|8.5|5.2|0|25|0.0|2.1|110|147|5.5|7.2|0|25|0.0|2.1|185|142|9.3|6.7|26.5|6.7|2145|407|640|224|29.8|10.5|515|200|24.0|8.8|385|201|17.9|9.1|235|161|11.0|6.5|375|188|17.5|7.5|2145|407|25|30|1.2|1.3|120|97|5.6|4.3|400|184|18.6|8.2|35|52|1.6|2.6|145|107|6.8|4.8|125|118|5.8|5.6|0|25|0.0|2.0|50|54|2.3|2.5|170|201|7.9|8.8|590|181|27.5|6.4|265|187|12.4|8.5|65|59|3.0|2.7|155|95|7.2|4.7|2145|407|1310|324|61.1|8.2|515|194|24.0|9.0|320|190|14.9|8.0|0|25|0.0|2.0|50981|9981|78187|12330|51181|15014|2705|498|2360|437|87.2|7.2|1545|421|57.1|10.0|940|252|34.8|9.9|345|217|12.8|7.2|2685|499|2230|418|2145|407|1960|390|91.4|5.7|1380|395|64.3|11.2|640|225|29.8|10.9|185|129|8.6|5.7|85|65|85|65|100.0|36.7|4|14|4.7|18.8|85|65|100.0|36.7|0|25|0.0|36.7|455|191|295|111|64.8|28.1|140|96|30.8|21.9|200|90|44.0|21.3|160|168|35.2|28.0|17.6|7.3|17.6|7.3|17.7|7.3|0.0|75.8
9600000US0629130|Oroville Union High School District, CA|0629130|2019-2023|205|2415|526|1865|430|77.2|8.0|1855|433|76.8|8.2|1785|431|73.9|8.5|70|43|2.9|1.8|10|22|0.4|0.9|550|239|22.8|8.1|1855|433|3.8|2.4|1370|345|915|274|66.8|13.9|915|274|66.8|13.9|895|275|65.3|13.8|1720|401|1330|328|77.3|8.2|185|106|10.8|5.3|0|32|0.0|2.4|10|19|0.6|1.1|4|18|0.2|1.0|190|129|11.0|7.1|26.2|6.6|1785|431|500|195|28.0|9.0|475|154|26.6|7.0|325|218|18.2|10.8|305|168|17.1|8.5|175|84|9.8|4.4|1785|431|95|81|5.3|4.5|195|131|10.9|7.0|130|91|7.3|4.7|0|32|0.0|2.3|250|195|14.0|9.8|90|114|5.0|6.3|40|54|2.2|3.0|80|92|4.5|5.0|85|55|4.8|2.9|370|130|20.7|6.7|250|138|14.0|6.9|40|54|2.2|2.9|160|82|9.0|4.7|1785|431|1030|319|57.7|11.4|475|176|26.6|9.1|275|215|15.4|10.9|0|32|0.0|2.3|45860|8965|58452|20528|50208|18408|2405|528|2105|442|87.5|9.3|1150|309|47.8|12.6|1060|358|44.1|10.9|300|249|12.5|9.3|2405|528|1855|433|1785|431|1630|418|91.3|5.8|940|294|52.7|13.2|750|310|42.0|12.4|155|104|8.7|5.7|70|43|70|43|100.0|40.5|10|18|14.3|24.3|60|41|85.7|25.8|0|32|0.0|40.5|550|239|405|131|73.6|21.7|200|96|36.4|21.5|245|121|44.5|15.9|145|162|26.4|21.8|20.7|10.6|20.7|10.6|20.7|10.6|-|**
9500000US0629220|Oxnard Elementary School District, CA|0629220|2019-2023|205|14430|1081|11610|925|80.5|2.6|11555|928|80.1|2.6|10820|818|75.0|2.9|735|278|5.1|1.8|55|76|0.4|0.5|2815|446|19.5|2.6|11555|928|6.4|2.2|8235|700|5815|603|70.6|4.2|5815|603|70.6|4.2|5320|554|64.6|4.8|10580|826|8190|748|77.4|3.0|1645|313|15.5|2.6|0|32|0.0|0.4|45|51|0.4|0.5|140|84|1.3|0.8|555|202|5.2|2.0|25.0|1.1|10820|818|2435|411|22.5|3.4|2045|371|18.9|3.2|1685|300|15.6|2.7|2620|402|24.2|3.5|2040|493|18.9|3.9|10820|818|1720|429|15.9|3.8|915|290|8.5|2.6|1340|388|12.4|3.3|345|143|3.2|1.3|860|253|7.9|2.3|475|166|4.4|1.4|95|70|0.9|0.6|400|170|3.7|1.5|920|230|8.5|2.1|2010|409|18.6|3.6|455|129|4.2|1.2|610|189|5.6|1.7|680|207|6.3|1.9|10820|818|8565|709|79.2|3.3|1745|387|16.1|3.2|495|165|4.6|1.5|15|22|0.1|0.2|41560|2603|57271|6423|43923|4256|14370|1087|10305|928|71.7|4.5|7180|812|50.0|4.4|3545|558|24.7|3.7|4065|760|28.3|4.5|14320|1075|11520|912|10785|801|8205|759|76.1|3.7|6340|711|58.8|4.2|2215|364|20.5|3.3|2580|431|23.9|3.7|735|278|425|163|57.8|21.9|100|61|13.6|9.2|325|155|44.2|19.7|310|231|42.2|21.7|2800|446|1625|312|58.0|8.1|735|211|26.3|6.8|955|260|34.1|7.9|1175|317|42.0|8.1|13.1|2.8|13.1|2.8|13.1|2.8|0.0|48.0
9600000US0629270|Oxnard Union High School District, CA|0629270|2019-2023|205|22085|1279|18325|1149|83.0|1.8|18070|1106|81.8|1.8|17160|1144|77.7|2.3|910|265|4.1|1.2|255|131|1.2|0.6|3765|447|17.0|1.8|18070|1106|5.0|1.5|12165|733|9065|667|74.5|3.0|9065|667|74.5|3.0|8500|688|69.9|3.2|16850|1196|12810|1032|76.0|2.8|2310|415|13.7|2.2|10|27|0.1|0.2|160|89|0.9|0.5|165|101|1.0|0.6|1400|254|8.3|1.4|23.6|0.8|17160|1144|4520|483|26.3|2.4|3230|445|18.8|2.4|2795|395|16.3|2.1|3780|557|22.0|2.8|2830|497|16.5|2.5|17160|1144|2525|434|14.7|2.3|1365|406|8.0|2.2|2095|470|12.2|2.4|735|234|4.3|1.3|1255|292|7.3|1.7|575|190|3.4|1.1|130|69|0.8|0.4|705|233|4.1|1.3|1650|303|9.6|1.7|3385|430|19.7|2.2|950|282|5.5|1.6|785|200|4.6|1.1|1005|268|5.9|1.6|17160|1144|13715|1007|79.9|2.2|2560|402|14.9|2.2|810|240|4.7|1.4|70|76|0.4|0.4|43313|3106|58064|5605|45111|5334|21830|1237|17130|1112|78.5|2.7|12955|1040|59.3|3.1|4870|566|22.3|2.5|4700|653|21.5|2.7|21650|1235|18005|1116|17100|1153|14005|1084|81.9|2.8|11390|1030|66.6|3.3|3190|436|18.7|2.5|3095|518|18.1|2.8|910|265|550|211|60.4|13.9|375|175|41.2|13.6|220|109|24.2|10.5|360|158|39.6|14.0|3645|442|2395|320|65.7|5.4|1180|172|32.4|4.2|1290|261|35.4|5.6|1250|269|34.3|5.4|11.2|1.8|11.2|1.8|11.3|1.8|0.0|20.8
9500000US0629280|Pacheco Union Elementary School District, CA|0629280|2019-2023|205|910|216|785|224|86.3|7.1|785|224|86.3|7.1|785|224|86.3|7.1|0|19|0.0|4.6|0|19|0.0|4.6|125|56|13.7|7.2|785|224|0.0|5.3|530|131|415|145|78.3|12.0|415|145|78.3|12.0|415|145|78.3|12.0|785|224|495|134|63.1|11.9|185|102|23.6|10.4|0|19|0.0|5.3|70|73|8.9|8.3|0|19|0.0|5.3|35|32|4.5|3.7|20.2|6.2|785|224|355|178|45.2|15.8|155|74|19.7|8.1|110|70|14.0|8.5|95|68|12.1|9.0|65|54|8.3|6.8|785|224|0|19|0.0|5.3|95|48|12.1|6.0|0|19|0.0|5.3|45|54|5.7|7.3|50|51|6.4|6.3|35|36|4.5|5.0|4|14|0.5|1.9|30|29|3.8|3.3|145|103|18.5|11.0|255|129|32.5|14.4|25|35|3.2|4.4|90|68|11.5|8.2|10|13|1.3|1.7|785|224|460|190|58.6|16.9|130|77|16.6|10.1|195|114|24.8|12.4|0|19|0.0|5.3|59537|11271|59051|20130|65911|11449|910|216|890|210|97.8|3.4|760|239|83.5|12.7|160|106|17.6|13.0|15|34|1.6|3.7|910|216|785|224|785|224|765|219|97.5|3.9|710|234|90.4|12.3|85|90|10.8|12.7|15|34|1.9|4.3|0|19|0|19|-|**|0|19|-|**|0|19|-|**|0|19|-|**|125|56|125|56|100.0|28.1|50|45|40.0|31.9|75|50|60.0|32.2|0|19|0.0|28.1|0.0|4.6|0.0|4.6|0.0|4.6|-|**
9700000US0629370|Pacific Grove Unified School District, CA|0629370|2019-2023|205|1680|180|1525|182|90.8|3.9|1495|181|89.0|4.5|1440|183|85.7|5.5|55|53|3.3|3.1|30|27|1.8|1.6|155|66|9.2|3.9|1495|181|3.7|3.5|890|113|785|116|88.2|5.5|785|116|88.2|5.5|760|120|85.4|6.7|1425|178|1030|162|72.3|6.4|130|59|9.1|4.1|4|12|0.3|0.8|0|21|0.0|2.9|35|27|2.5|1.8|220|78|15.4|5.2|23.5|4.3|1440|183|855|143|59.4|7.7|225|91|15.6|6.3|270|112|18.8|6.5|45|34|3.1|2.4|45|40|3.1|2.8|1440|183|25|27|1.7|1.9|55|49|3.8|3.5|35|31|2.4|2.2|25|26|1.7|1.8|115|89|8.0|5.7|4|6|0.3|0.4|50|41|3.5|2.8|120|63|8.3|4.4|155|69|10.8|5.2|435|109|30.2|6.2|180|85|12.5|5.7|80|50|5.6|3.3|165|64|11.5|4.3|1440|183|905|167|62.8|7.7|405|115|28.1|7.1|130|50|9.0|3.6|0|21|0.0|2.9|86789|11061|126513|34787|89904|26054|1650|178|1615|173|97.9|2.1|1510|180|91.5|4.1|195|68|11.8|4.2|30|36|1.8|2.1|1630|178|1495|181|1440|183|1410|181|97.9|2.4|1340|187|93.1|3.9|130|59|9.0|4.2|30|33|2.1|2.3|55|53|55|53|100.0|45.7|40|46|72.7|38.3|15|25|27.3|43.4|0|21|0.0|45.7|135|66|135|64|100.0|26.5|110|59|81.5|18.7|30|28|22.2|17.7|4|8|3.0|6.3|1.2|1.6|1.2|1.6|1.2|1.6|0.0|75.8
9500000US0620460|Pacifica School District, CA|0620460|2019-2023|205|3095|476|2685|392|86.8|5.5|2685|392|86.8|5.5|2640|375|85.3|5.6|45|64|1.5|2.0|0|29|0.0|1.4|410|199|13.2|5.5|2685|392|1.7|2.3|1545|270|1250|206|80.9|10.3|1250|206|80.9|10.3|1215|192|78.6|10.3|2600|372|1545|313|59.4|9.2|180|95|6.9|3.5|105|62|4.0|2.3|20|32|0.8|1.2|0|29|0.0|1.6|755|259|29.0|8.5|29.6|3.0|2640|375|1720|304|65.2|7.6|295|165|11.2|5.8|315|130|11.9|4.5|115|62|4.4|2.2|190|100|7.2|3.7|2640|375|0|29|0.0|1.6|120|70|4.5|2.8|180|83|6.8|3.0|45|44|1.7|1.6|215|131|8.1|4.8|180|93|6.8|3.3|65|46|2.5|1.7|130|84|4.9|3.0|675|189|25.6|6.6|630|160|23.9|4.7|155|139|5.9|5.2|150|74|5.7|2.6|95|61|3.6|2.3|2640|375|2160|304|81.8|4.6|390|148|14.8|4.7|85|52|3.2|2.0|0|29|0.0|1.6|102958|13567|132308|34328|115721|15999|3095|476|3085|472|99.7|0.5|2960|474|95.6|3.4|190|119|6.1|3.8|4|19|0.1|0.6|3095|476|2685|392|2640|375|2640|375|100.0|1.6|2605|379|98.7|1.7|100|70|3.8|2.6|0|29|0.0|1.6|45|64|40|58|88.9|43.4|40|58|88.9|43.4|0|29|0.0|50.6|4|19|8.9|45.7|410|199|410|199|100.0|9.8|320|173|78.0|21.8|90|96|22.0|22.0|0|29|0.0|9.8|1.8|1.5|1.8|1.5|1.8|1.5|-|**
9700000US0629490|Pajaro Valley Joint Unified School District, CA|0629490|2019-2023|205|15530|933|12490|841|80.4|2.5|12485|838|80.4|2.5|11980|852|77.1|3.1|505|230|3.3|1.5|4|17|0.0|0.1|3040|428|19.6|2.5|12485|838|4.0|1.8|8275|526|5985|522|72.3|4.4|5985|522|72.3|4.4|5765|527|69.7|4.6|11430|812|8690|752|76.0|3.6|1465|288|12.8|2.4|40|48|0.3|0.4|215|117|1.9|1.0|280|134|2.4|1.1|740|215|6.5|1.8|26.5|2.1|11980|852|3985|653|33.3|4.2|1955|341|16.3|2.7|1655|324|13.8|2.8|2770|495|23.1|3.9|1610|388|13.4|3.1|11980|852|1725|377|14.4|3.1|1055|284|8.8|2.3|805|267|6.7|2.1|265|162|2.2|1.3|850|237|7.1|1.9|730|230|6.1|1.8|290|149|2.4|1.2|375|145|3.1|1.2|1235|211|10.3|1.6|3100|459|25.9|3.3|480|166|4.0|1.3|655|217|5.5|1.8|420|136|3.5|1.1|11980|852|8940|748|74.6|3.3|2155|360|18.0|2.7|825|242|6.9|1.9|55|63|0.5|0.5|47939|2420|65702|7641|48042|3697|15525|929|13635|989|87.8|3.0|9745|947|62.8|4.0|4795|625|30.9|3.8|1890|476|12.2|3.0|15325|922|12400|834|11895|845|10565|889|88.8|3.1|8225|880|69.1|4.5|2890|501|24.3|4.0|1330|373|11.2|3.1|505|230|280|147|55.4|20.0|190|128|37.6|19.9|160|108|31.7|17.2|225|153|44.6|19.9|2925|427|2590|408|88.5|5.4|1220|262|41.7|7.9|1570|336|53.7|7.5|335|166|11.5|5.4|9.1|2.5|9.1|2.5|9.3|2.6|0.0|19.0
9500000US0629540|Palermo Union Elementary School District, CA|0629540|2019-2023|205|750|211|505|180|67.3|10.7|505|180|67.3|10.7|395|180|52.7|15.5|110|69|14.7|8.7|0|19|0.0|5.5|245|92|32.7|10.5|505|180|21.8|14.6|415|119|265|118|63.9|15.2|265|118|63.9|15.2|220|103|53.0|15.7|395|180|245|109|62.0|20.6|70|61|17.7|11.7|0|19|0.0|10.2|0|19|0.0|10.2|0|19|0.0|10.2|80|109|20.3|23.9|32.8|6.5|395|180|155|92|39.2|14.1|120|81|30.4|14.2|35|34|8.9|8.9|35|49|8.9|10.3|50|42|12.7|10.2|395|180|50|53|12.7|11.9|25|40|6.3|9.1|85|68|21.5|13.6|0|19|0.0|10.2|15|20|3.8|5.2|0|19|0.0|10.2|40|54|10.1|12.3|20|26|5.1|7.2|25|31|6.3|7.5|40|43|10.1|11.0|30|32|7.6|9.0|40|54|10.1|12.1|30|28|7.6|7.2|395|180|235|133|59.5|15.1|30|28|7.6|7.2|130|79|32.9|14.7|0|19|0.0|10.2|20952|9325|45509|20746|31845|7571|750|211|680|190|90.7|7.9|150|92|20.0|11.2|550|177|73.3|15.1|70|66|9.3|7.8|750|211|505|180|395|180|360|162|91.1|10.9|120|78|30.4|16.8|250|141|63.3|21.3|35|49|8.9|10.9|110|69|110|69|100.0|31.0|0|19|0.0|31.0|110|69|100.0|31.0|0|19|0.0|31.0|245|92|210|90|85.7|18.3|25|29|10.2|11.7|185|87|75.5|20.0|35|47|14.3|18.2|44.0|16.9|44.0|16.9|44.0|16.9|-|**
9700000US0629550|Palm Springs Unified School District, CA|0629550|2019-2023|205|18765|1202|15210|1050|81.1|2.2|15190|1054|80.9|2.2|14520|1023|77.4|2.3|670|219|3.6|1.1|15|32|0.1|0.2|3560|469|19.0|2.2|15190|1054|4.4|1.4|10465|705|7735|644|73.9|3.8|7735|644|73.9|3.8|7360|629|70.3|3.8|14175|1020|10730|1015|75.7|3.7|2205|406|15.6|2.9|90|58|0.6|0.4|90|78|0.6|0.5|110|76|0.8|0.5|945|300|6.7|2.0|22.3|1.2|14520|1023|3155|502|21.7|3.5|5130|596|35.3|3.3|2485|418|17.1|2.4|2425|479|16.7|2.9|1325|333|9.1|2.2|14520|1023|135|82|0.9|0.6|1860|403|12.8|2.6|590|218|4.1|1.4|370|196|2.5|1.3|1325|326|9.1|2.2|515|177|3.5|1.2|55|55|0.4|0.4|300|125|2.1|0.9|2575|427|17.7|3.0|2900|455|20.0|2.4|2460|437|16.9|2.9|920|244|6.3|1.6|515|187|3.5|1.3|14520|1023|11430|1002|78.7|3.3|1695|353|11.7|2.3|1395|385|9.6|2.7|0|32|0.0|0.3|38741|1826|49198|6175|42216|5832|18750|1207|15385|1185|82.1|3.0|8220|929|43.8|3.6|7910|744|42.2|3.3|3365|577|17.9|3.0|18600|1224|15150|1059|14485|1028|12000|1028|82.8|3.2|7325|863|50.6|3.9|5330|575|36.8|3.4|2480|467|17.1|3.2|670|219|530|197|79.1|13.1|185|155|27.6|19.3|370|156|55.2|19.4|135|100|20.1|13.3|3445|474|2700|415|78.4|6.2|675|220|19.6|5.9|2060|385|59.8|7.7|745|242|21.6|6.2|15.9|2.7|15.9|2.7|15.8|2.7|30.0|36.6
9500000US0629580|Palmdale Elementary School District, CA|0629580|2019-2023|205|17450|1291|13180|1128|75.5|2.4|13155|1134|75.4|2.4|12525|1087|71.8|2.2|630|211|3.6|1.2|20|40|0.1|0.2|4270|472|24.5|2.4|13155|1134|4.8|1.5|9540|708|5825|624|61.1|4.2|5825|624|61.1|4.2|5400|606|56.6|4.0|12160|1069|9415|982|77.4|3.3|1775|341|14.6|2.7|80|60|0.7|0.5|110|80|0.9|0.6|110|76|0.9|0.6|665|217|5.5|1.8|41.7|2.6|12525|1087|3145|463|25.1|3.2|2960|563|23.6|3.8|1865|332|14.9|2.4|2175|437|17.4|3.1|2385|471|19.0|3.3|12525|1087|30|32|0.2|0.3|1995|408|15.9|3.0|1640|355|13.1|2.7|100|72|0.8|0.6|750|208|6.0|1.5|910|258|7.3|1.9|160|112|1.3|0.9|735|235|5.9|1.8|1455|237|11.6|1.9|2900|594|23.2|4.1|740|229|5.9|1.7|760|239|6.1|1.9|360|152|2.9|1.2|12525|1087|9480|946|75.7|3.6|1685|392|13.5|2.9|1300|325|10.4|2.5|65|53|0.5|0.4|45052|4422|59727|3841|46283|7546|17430|1293|15845|1230|90.9|2.1|9660|890|55.4|3.6|6985|793|40.1|3.3|1585|394|9.1|2.1|17405|1294|13150|1133|12520|1086|11570|1027|92.4|2.2|8045|785|64.3|4.1|4160|591|33.2|3.5|945|289|7.5|2.2|630|211|470|192|74.6|14.8|170|96|27.0|14.7|340|176|54.0|17.3|160|101|25.4|14.6|4255|470|3775|476|88.7|5.1|1435|261|33.7|4.9|2460|357|57.8|5.6|480|221|11.3|5.1|16.1|3.2|16.1|3.2|16.0|3.2|60.0|56.3
9700000US0629610|Palo Alto Unified School District, CA|0629610|2019-2023|205|12270|902|9785|806|79.7|3.1|9765|806|79.6|3.1|9595|799|78.2|3.1|170|85|1.4|0.7|20|28|0.2|0.2|2490|419|20.3|3.1|9765|806|1.7|0.9|6140|468|4325|419|70.4|4.1|4325|419|70.4|4.1|4230|415|68.9|4.1|9450|812|4570|542|48.4|3.9|270|110|2.9|1.2|270|177|2.9|1.8|375|227|4.0|2.3|745|208|7.9|2.2|3225|478|34.1|4.4|24.2|2.0|9595|799|8265|782|86.1|3.2|490|185|5.1|1.9|565|204|5.9|2.1|135|101|1.4|1.0|140|101|1.5|1.0|9595|799|20|33|0.2|0.3|160|80|1.7|0.8|1510|382|15.7|3.3|120|75|1.3|0.8|365|152|3.8|1.6|150|107|1.6|1.1|1050|226|10.9|2.2|640|172|6.7|1.7|2810|412|29.3|3.9|2090|334|21.8|3.1|180|79|1.9|0.8|295|155|3.1|1.6|205|109|2.1|1.1|9595|799|8205|726|85.5|2.9|890|266|9.3|2.6|490|175|5.1|1.8|4|16|0.0|0.2|199055|20934|235491|8653|190350|29187|12255|903|12120|895|98.9|0.7|11560|932|94.3|2.1|785|273|6.4|2.3|130|85|1.1|0.7|12165|909|9720|815|9550|808|9465|809|99.1|0.7|9190|816|96.2|1.6|415|196|4.3|2.0|85|70|0.9|0.7|170|85|170|85|100.0|21.9|150|77|88.2|18.4|25|32|14.7|17.2|0|32|0.0|21.9|2445|414|2400|410|98.2|1.7|2145|419|87.7|5.6|255|131|10.4|5.5|45|44|1.8|1.8|5.3|2.7|5.3|2.7|5.3|2.7|0.0|35.4
9700000US0629640|Palo Verde Unified School District, CA|0629640|2019-2023|205|2270|217|1750|228|77.1|6.7|1750|228|77.1|6.7|1605|228|70.7|7.3|150|74|6.6|3.2|0|25|0.0|1.9|520|159|22.9|6.7|1750|228|8.6|4.2|1360|168|975|173|71.7|8.8|975|173|71.7|8.8|895|173|65.8|9.8|1585|229|1095|162|69.1|8.2|350|138|22.1|7.2|60|65|3.8|3.9|55|54|3.5|3.4|15|24|0.9|1.5|10|19|0.6|1.2|20.0|3.6|1605|228|365|117|22.7|7.1|385|140|24.0|6.8|405|129|25.2|7.3|145|71|9.0|4.1|305|96|19.0|6.0|1605|228|135|59|8.4|3.4|90|72|5.6|4.5|50|45|3.1|2.8|35|33|2.2|2.0|125|72|7.8|4.7|55|37|3.4|2.3|0|25|0.0|2.6|15|26|0.9|1.6|115|72|7.2|4.3|340|108|21.2|5.5|130|83|8.1|4.6|20|34|1.2|2.1|485|165|30.2|9.0|1605|228|770|184|48.0|8.6|770|166|48.0|8.5|65|46|4.0|2.7|0|25|0.0|2.6|39884|16002|60074|15838|53318|13527|2270|217|2175|214|95.8|2.1|1360|230|59.9|8.9|880|236|38.8|9.2|95|49|4.2|2.1|2255|213|1750|228|1605|228|1545|218|96.3|2.8|1155|206|72.0|8.8|445|154|27.7|8.6|55|44|3.4|2.6|150|74|150|74|100.0|24.3|45|38|30.0|22.4|105|63|70.0|21.7|0|25|0.0|24.3|505|154|470|147|93.1|6.7|155|64|30.7|14.1|320|145|63.4|15.1|40|33|7.9|6.1|22.0|8.3|22.0|8.3|22.2|8.4|0.0|100.0
9500000US0629670|Palo Verde Union Elementary School District, CA|0629670|2019-2023|205|445|156|355|142|79.8|9.2|355|142|79.8|9.2|310|127|69.7|11.9|45|49|10.1|10.2|0|14|0.0|9.1|95|48|21.3|9.8|355|142|12.7|12.6|210|74|130|69|61.9|18.8|130|69|61.9|18.8|115|69|54.8|22.2|305|127|235|105|77.0|20.6|25|28|8.2|9.2|0|14|0.0|13.0|40|67|13.1|20.6|0|14|0.0|13.0|4|14|1.3|0.6|13.2|3.6|310|127|40|35|12.9|11.5|65|50|21.0|13.9|50|49|16.1|13.2|100|78|32.3|23.0|50|44|16.1|12.0|310|127|130|78|41.9|19.6|4|2|1.3|0.9|50|43|16.1|11.4|0|14|0.0|12.8|0|14|0.0|12.8|4|14|1.3|0.6|0|14|0.0|12.8|0|14|0.0|12.8|4|9|1.3|3.3|65|50|21.0|13.2|20|28|6.5|8.7|10|18|3.2|5.7|15|21|4.8|6.6|310|127|230|98|74.2|13.6|55|44|17.7|12.3|25|27|8.1|8.0|0|14|0.0|12.8|49565|5367|65417|11825|48152|3398|445|156|255|104|57.3|13.2|115|59|25.8|11.2|145|84|32.6|14.4|190|89|42.7|13.0|445|156|355|142|310|127|155|68|50.0|15.0|85|48|27.4|13.5|70|47|22.6|13.2|155|87|50.0|15.0|45|49|25|34|55.6|52.7|0|14|0.0|50.6|25|34|55.6|52.7|20|33|44.4|55.6|95|48|80|44|84.2|18.5|30|25|31.6|21.2|50|38|52.6|31.4|15|17|15.8|19.4|9.0|7.2|9.0|7.2|9.0|7.2|-|**
9700000US0629700|Palos Verdes Peninsula Unified School District, CA|0629700|2019-2023|205|9160|871|7225|709|78.9|3.4|7205|710|78.7|3.4|6895|656|75.3|3.4|315|179|3.4|1.9|20|25|0.2|0.3|1935|380|21.1|3.4|7205|710|4.4|2.3|4805|430|3210|379|66.8|5.2|3210|379|66.8|5.2|2975|342|61.9|5.5|6770|639|4635|577|68.5|4.8|305|124|4.5|1.9|40|41|0.6|0.6|90|72|1.3|1.0|30|35|0.4|0.5|1665|306|24.6|4.0|34.9|1.8|6895|656|4985|489|72.3|4.6|285|202|4.1|2.8|1180|296|17.1|3.7|120|73|1.7|1.1|315|159|4.6|2.2|6895|656|0|32|0.0|0.6|280|180|4.1|2.6|900|178|13.1|2.7|205|96|3.0|1.4|510|202|7.4|2.7|435|159|6.3|2.3|270|99|3.9|1.4|765|179|11.1|2.6|1170|252|17.0|2.9|1675|298|24.3|3.9|90|63|1.3|0.9|155|111|2.2|1.5|440|193|6.4|2.6|6895|656|5280|556|76.6|4.1|1050|275|15.2|3.7|555|192|8.0|2.6|10|18|0.1|0.3|129936|6030|181179|10958|120214|21936|9140|872|9015|868|98.6|1.2|8770|881|96.0|1.8|455|156|5.0|1.8|125|109|1.4|1.2|9040|870|7150|709|6840|656|6805|658|99.5|0.5|6640|667|97.1|1.6|250|118|3.7|1.8|35|35|0.5|0.5|310|176|310|176|100.0|12.8|295|178|95.2|7.5|10|17|3.2|6.1|0|32|0.0|12.8|1890|382|1805|381|95.5|5.6|1745|384|92.3|6.1|120|66|6.3|3.5|90|105|4.8|5.5|1.7|1.0|1.7|1.0|1.8|1.0|0.0|34.2
9500000US0606390|Panama-Buena Vista School District, CA|0606390|2019-2023|205|19115|1421|15645|1296|81.8|2.2|15590|1287|81.6|2.2|14735|1313|77.1|2.8|855|280|4.5|1.5|55|61|0.3|0.3|3470|463|18.2|2.2|15590|1287|5.5|1.8|10175|851|7415|802|72.9|3.6|7415|802|72.9|3.6|6935|785|68.2|3.5|14285|1279|11225|1096|78.6|3.3|1435|495|10.0|3.2|145|171|1.0|1.2|45|45|0.3|0.3|200|108|1.4|0.7|1235|324|8.6|2.2|27.5|2.3|14735|1313|5325|768|36.1|3.9|2885|666|19.6|3.7|2570|466|17.4|3.1|1520|350|10.3|2.5|2435|525|16.5|3.2|14735|1313|920|320|6.2|2.2|1090|315|7.4|2.1|935|281|6.3|1.7|255|119|1.7|0.8|1155|355|7.8|2.4|1265|288|8.6|1.9|95|79|0.6|0.5|605|257|4.1|1.6|1280|434|8.7|2.9|3505|578|23.8|3.5|1080|288|7.3|1.9|1345|580|9.1|3.6|1210|348|8.2|2.1|14735|1313|10270|1111|69.7|4.0|3205|649|21.8|3.9|1195|376|8.1|2.5|70|67|0.5|0.5|50847|4216|68710|9385|49737|2835|19065|1412|17360|1362|91.1|2.3|12325|1214|64.6|4.0|5870|806|30.8|3.5|1705|463|8.9|2.3|18940|1402|15540|1290|14685|1314|13365|1277|91.0|2.5|10690|1196|72.8|4.2|3355|572|22.8|3.4|1315|377|9.0|2.5|855|280|790|265|92.4|12.3|165|78|19.3|9.1|635|242|74.3|13.2|65|108|7.6|12.2|3400|444|3075|430|90.4|3.9|1385|291|40.7|8.1|1805|392|53.1|7.8|320|138|9.4|4.0|10.9|2.3|10.9|2.3|10.9|2.3|12.0|23.7
9700000US0629820|Paradise Unified School District, CA|0629820|2019-2023|205|1380|301|1000|282|72.5|9.0|1000|282|72.5|9.0|910|270|65.9|9.3|95|59|6.9|4.2|0|21|0.0|3.0|380|128|27.5|8.9|1000|282|9.5|5.8|665|176|500|161|75.2|12.5|500|161|75.2|12.5|440|153|66.2|12.6|865|271|485|201|56.1|16.8|120|85|13.9|9.9|0|21|0.0|4.8|40|44|4.6|4.9|10|27|1.2|3.1|205|160|23.7|14.3|26.8|6.1|910|270|480|226|52.7|15.1|125|76|13.7|7.7|175|88|19.2|8.7|85|72|9.3|7.7|40|40|4.4|4.4|910|270|75|54|8.2|5.8|55|47|6.0|5.1|30|50|3.3|5.2|0|21|0.0|4.6|105|87|11.5|8.1|50|52|5.5|5.5|65|94|7.1|10.0|20|33|2.2|3.5|110|96|12.1|9.3|300|153|33.0|13.2|30|37|3.3|4.0|30|33|3.3|3.7|45|50|4.9|5.4|910|270|610|209|67.0|10.3|235|109|25.8|9.2|45|42|4.9|4.3|15|28|1.6|3.0|66635|19138|88218|25975|71968|21035|1380|301|1335|288|96.7|2.7|855|267|62.0|10.2|630|154|45.7|11.2|45|39|3.3|2.7|1365|301|1000|282|910|270|865|261|95.1|4.3|695|240|76.4|9.6|245|99|26.9|10.7|45|39|4.9|4.1|95|59|95|59|100.0|34.2|25|35|26.3|37.1|70|56|73.7|36.8|0|21|0.0|34.2|360|127|360|127|100.0|11.1|135|81|37.5|15.9|295|111|81.9|14.4|0|21|0.0|11.1|12.0|7.1|12.0|7.1|12.1|7.2|0.0|75.8
9700000US0629850|Paramount Unified School District, CA|0629850|2019-2023|205|11585|786|9270|682|80.0|2.7|9270|682|80.0|2.7|8970|678|77.4|2.9|300|157|2.6|1.3|0|32|0.0|0.4|2315|357|20.0|2.7|9270|682|3.2|1.7|6675|490|4620|434|69.2|4.3|4620|434|69.2|4.3|4355|456|65.2|5.0|8705|670|7075|608|81.3|3.8|710|214|8.2|2.4|145|63|1.7|0.7|35|42|0.4|0.5|95|75|1.1|0.9|650|240|7.5|2.6|29.5|1.6|8970|678|1695|304|18.9|3.4|1800|352|20.1|3.5|2275|402|25.4|3.8|1060|254|11.8|2.8|2130|425|23.7|4.2|8970|678|55|75|0.6|0.8|785|190|8.8|2.1|1420|396|15.8|4.2|480|216|5.4|2.3|1010|276|11.3|2.8|1000|266|11.1|2.7|165|87|1.8|1.0|350|146|3.9|1.6|850|225|9.5|2.5|1840|331|20.5|3.5|475|186|5.3|2.1|245|115|2.7|1.3|300|135|3.3|1.5|8970|678|7095|633|79.1|3.3|1250|255|13.9|2.7|585|190|6.5|2.1|35|47|0.4|0.5|41425|1823|50558|6465|44127|3857|11585|786|9665|752|83.4|3.6|6090|668|52.6|4.4|3895|565|33.6|4.4|1920|445|16.6|3.6|11445|796|9175|699|8885|695|7480|644|84.2|3.8|5300|651|59.7|4.9|2445|392|27.5|4.4|1405|370|15.8|3.8|290|156|170|99|58.6|29.1|30|37|10.3|12.8|150|91|51.7|27.6|120|122|41.4|29.3|2270|340|1880|324|82.8|5.3|685|178|30.2|6.7|1240|286|54.6|8.5|390|123|17.2|5.3|11.9|3.0|11.9|3.0|12.0|3.0|0.0|31.0
9700000US0629910|Parlier Unified School District, CA|0629910|2019-2023|205|2925|355|2365|387|80.9|6.3|2365|387|80.9|6.3|1935|354|66.2|8.1|430|214|14.7|6.8|0|21|0.0|1.4|565|176|19.3|6.3|2365|387|18.2|8.2|1715|209|1315|232|76.7|8.7|1315|232|76.7|8.7|1060|226|61.8|10.2|1875|330|1355|233|72.3|10.3|460|242|24.5|10.5|30|44|1.6|2.3|25|41|1.3|2.2|0|21|0.0|2.2|10|19|0.5|1.0|23.7|3.9|1935|354|320|123|16.5|6.7|330|158|17.1|8.8|125|76|6.5|3.9|625|280|32.3|10.5|530|191|27.4|8.2|1935|354|780|283|40.3|10.2|45|51|2.3|2.6|160|132|8.3|6.1|105|83|5.4|4.6|90|70|4.7|3.6|90|83|4.7|4.2|0|21|0.0|2.2|50|54|2.6|2.8|185|134|9.6|7.2|305|134|15.8|7.3|70|65|3.6|3.3|10|19|0.5|0.9|35|45|1.8|2.4|1935|354|1625|351|84.0|7.6|185|93|9.6|4.7|110|108|5.7|5.7|15|31|0.8|1.6|30012|4957|38300|4410|41755|6131|2925|355|2335|357|79.8|7.3|700|235|23.9|7.1|1800|332|61.5|8.8|590|223|20.2|7.3|2925|355|2365|387|1935|354|1485|367|76.7|10.0|500|202|25.8|8.3|1130|306|58.4|9.7|450|187|23.3|10.0|430|214|420|219|97.7|4.7|110|108|25.6|22.5|310|197|72.1|23.9|10|18|2.3|5.0|565|176|430|152|76.1|13.4|90|72|15.9|13.0|360|149|63.7|16.2|135|87|23.9|13.5|37.8|8.7|37.8|8.7|37.8|8.7|-|**
9700000US0629940|Pasadena Unified School District, CA|0629940|2019-2023|205|15895|1153|13060|993|82.2|2.2|13060|993|82.2|2.2|12535|934|78.9|2.1|525|210|3.3|1.3|0|32|0.0|0.3|2835|418|17.8|2.2|13060|993|4.0|1.5|8775|638|6325|521|72.1|3.7|6325|521|72.1|3.7|5985|485|68.2|3.7|12290|909|8035|681|65.4|3.4|845|270|6.9|2.1|310|246|2.5|2.0|305|113|2.5|0.9|270|135|2.2|1.1|2525|439|20.5|3.3|27.7|1.5|12535|934|7215|699|57.6|3.7|2405|425|19.2|3.1|1405|281|11.2|2.1|845|209|6.7|1.6|665|205|5.3|1.5|12535|934|20|30|0.2|0.2|790|195|6.3|1.5|560|173|4.5|1.3|245|122|2.0|1.0|550|177|4.4|1.4|460|150|3.7|1.1|735|282|5.9|2.1|660|175|5.3|1.4|2240|415|17.9|3.1|3450|395|27.5|3.0|1430|341|11.4|2.4|810|208|6.5|1.5|585|167|4.7|1.2|12535|934|8765|747|69.9|3.2|2100|361|16.8|2.5|1640|335|13.1|2.5|30|50|0.2|0.4|65287|5661|84116|12378|76220|7932|15895|1153|14755|1135|92.8|1.8|10950|999|68.9|3.3|4275|616|26.9|3.5|1145|290|7.2|1.8|15760|1132|12925|966|12410|908|11635|884|93.8|2.1|9310|840|75.0|3.5|2675|456|21.6|3.6|780|268|6.3|2.1|510|210|495|205|97.1|4.5|310|184|60.8|20.5|205|106|40.2|20.0|15|22|2.9|4.1|2835|418|2510|402|88.5|3.6|1325|265|46.7|6.5|1280|289|45.1|7.1|325|104|11.5|3.6|12.0|2.8|12.0|2.8|11.9|2.7|18.5|37.3
9600000US0699010|Paso Robles Joint Unified School District (9-12), CA|0699010|2019-2023|205|445|239|390|221|87.6|11.8|390|221|87.6|11.8|355|196|79.8|13.1|35|56|7.9|11.4|0|19|0.0|9.1|55|57|12.4|11.7|390|221|9.0|12.8|225|110|170|97|75.6|22.8|170|97|75.6|22.8|135|78|60.0|25.6|355|196|190|108|53.5|28.6|125|154|35.2|32.0|0|19|0.0|11.3|0|19|0.0|11.3|0|19|0.0|11.3|40|43|11.3|11.8|26.3|7.9|355|196|60|46|16.9|12.2|40|37|11.3|10.7|25|35|7.0|9.9|185|167|52.1|26.5|45|48|12.7|14.3|355|196|165|168|46.5|28.9|20|27|5.6|9.0|15|25|4.2|7.0|0|19|0.0|11.3|55|55|15.5|16.0|0|19|0.0|11.3|0|19|0.0|11.3|0|19|0.0|11.3|40|39|11.3|11.4|40|30|11.3|9.6|0|19|0.0|11.3|0|19|0.0|11.3|20|32|5.6|8.6|355|196|280|182|78.9|15.3|25|35|7.0|9.6|45|43|12.7|13.5|0|19|0.0|11.3|29199|25286|55769|52739|-|**|445|239|275|147|61.8|30.0|205|112|46.1|26.0|70|69|15.7|14.2|170|189|38.2|30.3|445|239|390|221|355|196|220|110|62.0|30.1|180|108|50.7|30.2|40|47|11.3|13.6|135|159|38.0|30.6|35|56|0|19|0.0|57.3|0|19|0.0|57.3|0|19|0.0|57.3|35|56|100.0|57.3|55|57|55|57|100.0|45.7|25|27|45.5|54.5|30|54|54.5|54.5|0|19|0.0|45.7|36.0|30.1|36.0|30.1|36.0|30.1|-|**
9700000US0600048|Paso Robles Joint Unified School District, CA|0600048|2019-2023|205|6095|660|5055|524|82.9|3.9|5025|525|82.4|4.0|4855|513|79.7|4.0|165|93|2.7|1.5|30|40|0.5|0.6|1040|291|17.1|3.9|5025|525|3.3|1.8|3215|325|2405|267|74.8|7.2|2405|267|74.8|7.2|2290|262|71.2|7.2|4760|513|3655|502|76.8|6.4|550|248|11.6|5.2|30|49|0.6|1.0|50|52|1.1|1.1|160|131|3.4|2.7|310|125|6.5|2.4|24.6|2.6|4855|513|1830|328|37.7|5.1|965|242|19.9|4.7|850|227|17.5|4.4|635|225|13.1|4.7|580|256|11.9|4.9|4855|513|390|198|8.0|4.0|345|123|7.1|2.6|495|229|10.2|4.4|275|176|5.7|3.5|170|77|3.5|1.6|185|105|3.8|2.2|10|14|0.2|0.3|200|111|4.1|2.3|690|207|14.2|3.5|1080|267|22.2|5.1|540|219|11.1|4.3|95|85|2.0|1.8|390|143|8.0|2.8|4855|513|3295|434|67.9|5.5|1050|260|21.6|5.1|515|243|10.6|4.7|0|29|0.0|0.9|46273|13331|86563|27589|54531|19022|6065|657|5055|590|83.3|6.0|4215|628|69.5|6.8|965|282|15.9|5.1|1010|402|16.7|6.0|6055|657|5025|525|4855|513|4115|489|84.8|5.4|3580|513|73.7|6.3|650|217|13.4|4.7|745|276|15.3|5.3|165|93|145|86|87.9|15.9|70|57|42.4|25.0|75|62|45.5|25.8|20|29|12.1|16.4|1030|293|785|247|76.2|14.6|555|218|53.9|14.8|230|114|22.3|10.4|245|178|23.8|14.8|10.1|3.4|10.1|3.4|10.1|3.4|0.0|100.0
9700000US0630030|Patterson Joint Unified School District, CA|0630030|2019-2023|205|5620|770|4465|674|79.4|4.4|4465|674|79.4|4.4|4285|664|76.2|4.7|180|87|3.2|1.5|0|29|0.0|0.8|1155|284|20.6|4.4|4465|674|4.0|2.0|2870|378|1880|322|65.5|8.0|1880|322|65.5|8.0|1745|323|60.8|8.4|4145|671|3460|613|83.5|4.8|455|175|11.0|4.0|0|29|0.0|1.0|10|18|0.2|0.5|85|90|2.1|2.1|130|82|3.1|2.0|44.4|5.4|4285|664|1065|355|24.9|6.8|535|171|12.5|4.2|710|264|16.6|5.2|1425|387|33.3|7.6|555|199|13.0|4.4|4285|664|375|184|8.8|4.2|880|328|20.5|6.5|385|164|9.0|3.8|80|66|1.9|1.5|430|184|10.0|3.8|310|143|7.2|3.3|45|59|1.1|1.4|75|49|1.8|1.2|335|154|7.8|3.5|920|342|21.5|6.7|285|142|6.7|3.4|125|103|2.9|2.3|50|53|1.2|1.3|4285|664|3340|574|77.9|6.5|745|295|17.4|6.2|205|126|4.8|2.9|0|29|0.0|1.0|53682|3594|71672|3359|46410|15164|5620|770|5260|792|93.6|3.9|3980|756|70.8|7.2|1435|361|25.5|6.2|365|217|6.5|3.9|5615|770|4460|674|4285|664|4005|683|93.5|4.4|3280|662|76.5|7.5|855|249|20.0|5.5|280|188|6.5|4.4|175|91|175|91|100.0|21.4|100|81|57.1|33.1|75|67|42.9|33.5|0|29|0.0|21.4|1155|284|1070|280|92.6|6.1|600|232|51.9|13.0|500|178|43.3|13.2|85|69|7.4|6.1|6.9|3.1|6.9|3.1|6.9|3.1|0.0|100.0
9500000US0601427|Penn Valley Union Elementary School District, CA|0601427|2019-2023|205|1105|423|955|409|86.4|9.8|955|409|86.4|9.8|955|409|86.4|9.8|0|21|0.0|3.8|0|21|0.0|3.8|150|104|13.6|9.8|955|409|0.0|4.3|585|248|530|246|90.6|12.6|530|246|90.6|12.6|530|246|90.6|12.6|940|410|590|314|62.8|13.6|140|109|14.9|11.2|0|21|0.0|4.4|0|21|0.0|4.4|15|26|1.6|3.2|190|131|20.2|12.2|25.2|6.1|955|409|340|157|35.6|18.4|245|205|25.7|15.3|50|49|5.2|4.7|275|170|28.8|10.0|50|52|5.2|6.0|955|409|15|23|1.6|2.7|165|135|17.3|11.1|0|21|0.0|4.3|10|19|1.0|2.1|10|17|1.0|1.9|10|14|1.0|1.6|85|97|8.9|9.7|20|33|2.1|3.4|170|133|17.8|12.9|285|208|29.8|14.2|90|104|9.4|10.8|30|36|3.1|4.0|70|60|7.3|6.4|955|409|645|303|67.5|11.6|90|61|9.4|6.7|220|153|23.0|11.4|0|21|0.0|4.3|40163|25392|100673|71315|48871|32396|1105|423|1045|430|94.6|6.1|645|331|58.4|22.4|475|309|43.0|21.0|60|62|5.4|6.1|1105|423|955|409|955|409|910|412|95.3|5.7|595|319|62.3|25.0|345|287|36.1|23.9|50|50|5.2|5.6|0|21|0|21|-|**|0|21|-|**|0|21|-|**|0|21|-|**|150|104|140|91|93.3|20.1|45|49|30.0|32.3|135|92|90.0|21.0|10|33|6.7|19.7|10.0|10.6|10.0|10.6|10.0|10.6|-|**
9500000US0630180|Perris Elementary School District, CA|0630180|2019-2023|205|5485|954|3975|718|72.5|5.5|3975|718|72.5|5.5|3770|729|68.7|5.4|205|126|3.7|2.4|0|29|0.0|0.8|1510|423|27.5|5.5|3975|718|5.2|3.3|3040|487|1625|376|53.5|10.3|1625|376|53.5|10.3|1490|356|49.0|9.6|3685|724|3220|715|87.4|5.7|115|102|3.1|2.8|0|29|0.0|1.1|15|28|0.4|0.8|90|79|2.4|2.1|245|154|6.6|4.3|33.6|3.4|3770|729|695|235|18.4|5.7|705|242|18.7|5.1|685|272|18.2|6.3|670|234|17.8|5.7|1015|392|26.9|8.1|3770|729|35|37|0.9|1.0|630|272|16.7|6.6|455|281|12.1|6.7|145|107|3.8|2.8|295|144|7.8|3.6|475|202|12.6|4.7|15|25|0.4|0.7|80|68|2.1|1.8|350|200|9.3|4.7|735|304|19.5|6.5|220|112|5.8|3.0|270|162|7.2|4.3|65|57|1.7|1.6|3770|729|3105|628|82.4|6.2|405|216|10.7|4.9|260|132|6.9|3.4|0|29|0.0|1.1|38659|3390|53026|9900|33786|3118|5485|954|4445|773|81.0|6.3|2520|668|45.9|8.7|2030|522|37.0|8.7|1035|421|18.9|6.2|5485|954|3975|718|3770|729|2955|571|78.4|7.8|1990|536|52.8|9.2|1070|323|28.4|8.7|815|365|21.6|7.7|205|126|190|125|92.7|14.0|30|41|14.6|20.4|160|119|78.0|23.6|15|26|7.3|14.1|1510|423|1305|424|86.4|7.9|500|250|33.1|12.5|805|310|53.3|13.2|205|110|13.6|7.9|17.0|6.1|17.0|6.1|17.0|6.1|-|**
9600000US0606034|Perris Union High School District (9-12), CA|0606034|2019-2023|205|10690|1092|8365|898|78.3|3.0|8235|906|77.0|3.2|7830|830|73.2|3.4|405|221|3.8|1.9|130|91|1.2|0.9|2325|408|21.7|3.0|8235|906|4.9|2.5|5470|563|3515|473|64.3|5.4|3495|474|63.9|5.5|3190|461|58.3|6.4|7650|743|5670|598|74.1|4.7|835|252|10.9|3.2|0|32|0.0|0.6|4|12|0.1|0.2|15|26|0.2|0.3|1125|373|14.7|4.2|40.6|3.5|7830|830|2505|439|32.0|4.8|1800|421|23.0|5.0|1235|335|15.8|3.7|1140|390|14.6|4.6|1155|288|14.8|3.4|7830|830|295|306|3.8|3.8|750|206|9.6|2.7|430|178|5.5|2.2|120|68|1.5|0.9|870|267|11.1|3.1|680|263|8.7|3.1|45|47|0.6|0.6|180|120|2.3|1.5|760|185|9.7|2.3|2010|423|25.7|4.6|450|195|5.7|2.6|420|178|5.4|2.2|815|267|10.4|3.4|7830|830|5090|726|65.0|5.4|1980|371|25.3|4.4|760|245|9.7|2.9|0|32|0.0|0.5|56250|6533|81316|9327|53460|7073|10560|1096|9555|972|90.5|3.3|7770|876|73.6|5.6|2650|589|25.1|4.9|1000|393|9.5|3.4|10445|1107|8230|906|7825|830|7410|846|94.7|2.6|6165|749|78.8|4.8|1795|445|22.9|5.2|415|198|5.3|2.6|405|221|260|117|64.2|24.7|205|102|50.6|25.1|115|89|28.4|19.1|145|154|35.8|24.6|2215|415|1775|347|80.1|10.3|1345|295|60.7|11.0|630|241|28.4|9.3|440|266|19.9|10.3|7.5|2.9|7.5|2.9|7.6|2.9|0.0|31.0
9600000US0630210|Perris Union High School District, CA|0630210|2019-2023|205|4275|609|3295|490|77.1|4.5|3295|490|77.1|4.5|3080|497|72.0|4.6|215|92|5.0|2.3|0|29|0.0|1.0|980|250|22.9|4.5|3295|490|6.5|2.9|2280|317|1480|243|64.9|7.3|1480|243|64.9|7.3|1320|240|57.9|7.4|3015|496|2705|513|89.7|5.7|170|141|5.6|4.6|10|14|0.3|0.5|0|29|0.0|1.4|10|14|0.3|0.5|125|95|4.1|3.4|39.5|4.5|3080|497|515|164|16.7|5.0|685|230|22.2|6.2|310|116|10.1|4.1|635|245|20.6|6.4|930|293|30.2|7.8|3080|497|25|36|0.8|1.2|515|247|16.7|6.8|360|166|11.7|5.1|90|82|2.9|2.7|320|131|10.4|4.2|405|150|13.1|4.4|35|62|1.1|2.0|100|67|3.2|2.2|215|119|7.0|3.9|430|207|14.0|5.9|225|142|7.3|4.4|250|130|8.1|3.9|110|63|3.6|2.2|3080|497|2415|396|78.4|5.7|390|154|12.7|4.2|275|144|8.9|4.3|0|29|0.0|1.4|40006|5652|51386|10696|36555|2864|4275|609|3485|479|81.5|6.7|2110|460|49.4|8.6|1435|388|33.6|8.8|790|342|18.5|6.7|4225|599|3285|489|3065|499|2490|356|81.2|7.7|1710|370|55.8|8.9|815|238|26.6|8.4|575|291|18.8|7.6|215|92|175|92|81.4|21.5|55|80|25.6|33.5|120|85|55.8|30.7|40|46|18.6|21.4|940|228|765|222|81.4|9.7|345|158|36.7|13.0|450|169|47.9|13.9|175|93|18.6|9.7|15.1|5.4|15.1|5.4|15.3|5.5|0.0|48.0
9500000US0630230|Petaluma City Elementary School District, CA|0630230|2019-2023|205|2655|532|2345|535|88.3|4.8|2345|535|88.3|4.8|2320|542|87.4|5.0|25|27|0.9|1.1|0|29|0.0|1.6|310|115|11.7|4.7|2345|535|1.1|1.3|1365|296|1115|300|81.7|7.5|1115|300|81.7|7.5|1105|304|81.0|7.8|2300|540|1830|494|79.6|6.9|170|104|7.4|4.3|45|41|2.0|1.8|75|61|3.3|2.7|35|29|1.5|1.2|145|85|6.3|3.7|30.9|5.2|2320|542|1025|248|44.2|10.7|675|388|29.1|12.3|370|148|15.9|6.5|135|98|5.8|4.0|110|89|4.7|3.6|2320|542|90|112|3.9|4.6|130|82|5.6|3.6|175|109|7.5|4.5|90|67|3.9|2.9|255|132|11.0|6.2|100|85|4.3|3.7|15|26|0.6|1.1|205|143|8.8|6.2|560|247|24.1|8.3|235|126|10.1|5.3|255|196|11.0|7.3|125|137|5.4|5.6|75|56|3.2|2.5|2320|542|1900|479|81.9|7.5|230|103|9.9|4.3|190|155|8.2|6.2|0|29|0.0|1.8|75120|21776|96477|34690|66650|49642|2655|532|2285|442|86.1|12.3|2000|365|75.3|12.0|315|188|11.9|6.3|370|356|13.9|12.2|2655|532|2345|535|2320|542|2010|436|86.6|13.8|1745|362|75.2|13.5|290|182|12.5|7.1|310|351|13.4|13.8|25|27|25|27|100.0|67.8|20|27|80.0|46.8|4|7|16.0|38.4|0|29|0.0|67.8|310|115|250|93|80.6|20.1|240|91|77.4|20.1|25|28|8.1|9.0|60|72|19.4|20.7|3.0|3.0|3.0|3.0|3.0|3.0|-|**
9600000US0630250|Petaluma Joint Union High School District, CA|0630250|2019-2023|205|5910|664|5165|659|87.4|3.3|5125|659|86.7|3.3|4985|630|84.3|3.2|145|100|2.5|1.6|35|23|0.6|0.4|750|189|12.7|3.3|5125|659|2.8|1.9|3030|353|2440|360|80.5|5.5|2440|360|80.5|5.5|2385|360|78.7|5.6|4880|623|3090|486|63.3|4.8|655|188|13.4|3.9|80|67|1.6|1.4|120|79|2.5|1.5|75|49|1.5|1.0|855|225|17.5|4.0|31.4|3.2|4985|630|2695|419|54.1|5.2|600|233|12.0|4.0|945|216|19.0|4.1|515|138|10.3|2.4|225|98|4.5|1.9|4985|630|100|55|2.0|1.1|495|145|9.9|3.0|315|106|6.3|1.9|210|100|4.2|2.0|320|121|6.4|2.4|115|76|2.3|1.5|180|123|3.6|2.5|405|121|8.1|2.4|595|144|11.9|2.9|1505|385|30.2|5.8|190|76|3.8|1.5|165|84|3.3|1.8|390|219|7.8|4.0|4985|630|3295|456|66.1|6.3|1230|414|24.7|6.9|450|104|9.0|2.2|15|21|0.3|0.4|82177|11672|102386|20848|88401|8567|5875|666|5645|648|96.1|2.0|5205|662|88.6|3.8|610|225|10.4|3.9|230|124|3.9|2.1|5825|664|5120|663|4975|631|4850|634|97.5|1.4|4530|628|91.1|3.4|435|176|8.7|3.6|125|67|2.5|1.4|145|100|135|101|93.1|12.9|115|109|79.3|31.5|20|36|13.8|31.7|4|12|2.8|8.9|705|182|605|146|85.8|13.7|510|145|72.3|13.4|110|67|15.6|10.3|100|107|14.2|13.8|5.5|3.6|5.5|3.6|5.5|3.7|0.0|48.0
9700000US0630330|Piedmont City Unified School District, CA|0630330|2019-2023|205|2480|349|2260|351|91.1|4.4|2260|351|91.1|4.4|2225|355|89.7|4.8|35|39|1.4|1.6|0|21|0.0|1.7|220|109|8.9|4.4|2260|351|1.5|1.8|1230|171|1080|183|87.8|6.7|1080|183|87.8|6.7|1065|186|86.6|7.1|2205|354|835|218|37.9|7.5|235|155|10.7|7.0|225|83|10.2|4.2|20|25|0.9|1.2|15|25|0.7|1.2|880|254|39.9|8.2|33.6|4.3|2225|355|1780|280|80.0|6.6|20|24|0.9|1.1|370|164|16.6|6.2|0|21|0.0|1.9|55|51|2.5|2.3|2225|355|0|21|0.0|1.9|30|29|1.3|1.4|205|112|9.2|5.2|120|113|5.4|4.7|75|57|3.4|2.5|45|42|2.0|1.9|110|84|4.9|3.7|395|146|17.8|7.2|475|158|21.3|7.6|505|195|22.7|7.7|115|122|5.2|5.0|110|117|4.9|4.9|40|38|1.8|1.8|2225|355|1720|361|77.3|7.9|275|157|12.4|7.2|220|105|9.9|4.7|4|10|0.2|0.5|219550|23258|250,000+|***|248040|33906|2480|349|2480|349|100.0|1.7|2400|337|96.8|3.5|175|108|7.1|4.3|0|21|0.0|1.7|2470|348|2250|351|2215|354|2215|354|100.0|1.9|2175|347|98.2|2.0|125|85|5.6|3.9|0|21|0.0|1.9|35|39|35|39|100.0|57.3|35|39|100.0|57.3|0|21|0.0|57.3|0|21|0.0|57.3|220|109|220|109|100.0|17.5|180|115|81.8|22.5|45|46|20.5|23.1|0|21|0.0|17.5|6.3|4.9|6.3|4.9|6.3|4.9|0.0|100.0
9700000US0630360|Pierce Joint Unified School District, CA|0630360|2019-2023|205|1070|239|800|193|74.8|8.9|800|193|74.8|8.9|780|189|72.9|8.9|20|31|1.9|2.9|0|19|0.0|3.9|270|121|25.2|9.1|800|193|2.5|3.9|530|105|315|98|59.4|15.0|315|98|59.4|15.0|295|94|55.7|14.9|770|185|520|182|67.5|15.3|230|126|29.9|15.0|0|19|0.0|5.4|0|19|0.0|5.4|0|19|0.0|5.4|20|29|2.6|3.7|25.8|5.9|780|189|280|136|35.9|13.7|45|45|5.8|5.4|55|48|7.1|6.3|305|128|39.1|13.3|100|69|12.8|9.0|780|189|320|164|41.0|17.8|100|82|12.8|10.0|45|42|5.8|5.8|15|23|1.9|3.1|10|15|1.3|1.9|25|35|3.2|4.3|15|22|1.9|2.8|0|19|0.0|5.3|45|42|5.8|5.1|145|73|18.6|9.6|0|19|0.0|5.3|65|81|8.3|9.2|0|19|0.0|5.3|780|189|485|158|62.2|15.9|160|98|20.5|11.2|135|97|17.3|11.1|0|19|0.0|5.3|49216|9568|65625|16576|39688|5973|1070|239|845|221|79.0|13.1|575|195|53.7|15.5|295|169|27.6|14.4|225|154|21.0|13.1|1070|239|800|193|780|189|670|176|85.9|10.8|515|171|66.0|16.7|180|122|23.1|14.8|110|90|14.1|10.7|20|31|20|31|100.0|75.8|0|19|0.0|75.8|20|31|100.0|75.8|0|19|0.0|75.8|270|121|160|88|59.3|29.2|60|55|22.2|20.4|100|69|37.0|23.9|110|105|40.7|28.6|2.8|3.5|2.8|3.5|2.8|3.5|-|**
9500000US0630450|Piner-Olivet Union Elementary School District, CA|0630450|2019-2023|205|1185|346|900|248|75.9|8.7|885|241|74.7|8.5|885|241|74.7|8.5|0|21|0.0|3.5|15|26|1.3|2.2|285|152|24.1|8.7|885|241|0.0|4.7|670|195|420|133|62.7|16.3|405|128|60.4|15.9|405|128|60.4|15.9|900|247|690|202|76.7|12.9|135|114|15.0|11.0|0|21|0.0|4.6|0|21|0.0|4.6|20|34|2.2|3.8|50|69|5.6|7.6|19.4|2.7|885|241|410|180|46.3|14.5|100|74|11.3|7.6|170|98|19.2|11.4|85|59|9.6|6.1|120|109|13.6|11.5|885|241|0|21|0.0|4.7|80|59|9.0|6.5|80|76|9.0|8.4|10|19|1.1|2.1|60|77|6.8|8.8|50|51|5.6|5.6|0|21|0.0|4.7|35|47|4.0|5.4|115|111|13.0|11.9|340|170|38.4|13.8|25|34|2.8|3.8|35|31|4.0|3.9|55|49|6.2|5.4|885|241|580|184|65.5|12.8|215|119|24.3|11.0|75|66|8.5|7.1|15|23|1.7|2.6|71944|12808|92105|19189|70278|45344|1170|341|1130|340|96.6|3.9|1060|340|90.6|7.4|155|128|13.2|10.4|40|44|3.4|3.8|1170|341|885|241|885|241|845|237|95.5|4.8|795|234|89.8|8.3|100|82|11.3|8.7|40|44|4.5|4.9|0|21|0|21|-|**|0|21|-|**|0|21|-|**|0|21|-|**|285|152|285|152|100.0|13.8|265|154|93.0|9.1|55|57|19.3|20.4|0|21|0.0|13.8|0.0|3.5|0.0|3.5|0.0|3.5|-|**
9500000US0630510|Pioneer Union Elementary School District (Kings County), CA|0630510|2019-2023|205|2050|565|1810|526|88.3|6.3|1690|494|82.4|6.8|1665|479|81.2|6.9|25|49|1.2|2.3|115|114|5.6|5.3|245|137|12.0|6.3|1690|494|1.5|2.8|945|250|735|244|77.8|13.8|630|211|66.7|14.5|605|198|64.0|14.7|1735|494|1330|426|76.7|12.8|130|96|7.5|5.3|0|21|0.0|2.4|30|47|1.7|2.6|90|130|5.2|7.1|155|133|8.9|7.0|23.6|6.2|1665|479|740|296|44.4|14.4|485|335|29.1|15.8|145|86|8.7|5.0|120|91|7.2|5.4|175|122|10.5|7.4|1665|479|25|24|1.5|1.4|15|23|0.9|1.4|135|99|8.1|6.0|70|82|4.2|4.8|90|73|5.4|4.1|110|81|6.6|5.0|0|21|0.0|2.5|20|32|1.2|2.0|300|263|18.0|13.9|390|168|23.4|8.0|55|70|3.3|4.2|70|98|4.2|5.8|380|196|22.8|9.1|1665|479|1035|378|62.2|13.0|610|273|36.6|12.9|20|24|1.2|1.4|0|21|0.0|2.5|70031|22901|94577|17102|72063|21424|1935|538|1865|512|96.4|4.3|1790|500|92.5|5.4|205|136|10.6|6.8|70|88|3.6|4.3|1935|538|1690|494|1665|479|1665|479|100.0|2.5|1590|468|95.5|4.5|195|134|11.7|7.5|0|21|0.0|2.5|25|49|25|49|100.0|67.8|25|49|100.0|67.8|0|21|0.0|67.8|0|21|0.0|67.8|245|137|175|97|71.4|27.7|175|97|71.4|27.7|10|19|4.1|8.5|70|88|28.6|28.1|0.0|2.0|0.0|2.0|0.0|2.0|-|**
9700000US0630600|Pittsburg Unified School District, CA|0630600|2019-2023|205|8920|1037|6955|902|78.0|3.8|6955|902|78.0|3.8|6475|872|72.6|4.1|480|177|5.4|1.9|0|32|0.0|0.5|1965|395|22.0|3.8|6955|902|6.9|2.5|4835|490|3320|503|68.7|6.7|3320|503|68.7|6.7|3030|505|62.7|7.2|6005|725|4125|638|68.7|5.9|1190|376|19.8|5.5|295|120|4.9|2.0|15|16|0.2|0.3|65|58|1.1|1.0|315|130|5.2|2.3|38.4|2.9|6475|872|1635|280|25.3|4.9|1965|459|30.3|5.0|750|193|11.6|3.2|1610|510|24.9|5.9|515|164|8.0|2.3|6475|872|80|66|1.2|1.0|1425|500|22.0|5.9|310|150|4.8|2.3|75|58|1.2|0.9|510|186|7.9|3.0|195|91|3.0|1.4|55|65|0.8|1.0|275|122|4.2|1.9|1035|306|16.0|4.3|1400|309|21.6|4.9|390|149|6.0|2.3|420|268|6.5|3.6|310|129|4.8|2.1|6475|872|5140|706|79.4|4.0|660|183|10.2|3.1|670|309|10.3|3.9|4|32|0.1|0.1|48229|5468|67035|10437|47842|6263|8920|1037|7715|917|86.5|3.5|5380|875|60.3|5.5|2760|461|30.9|5.2|1205|354|13.5|3.5|8740|1042|6850|901|6370|871|5565|790|87.4|3.7|4260|736|66.9|5.7|1485|339|23.3|5.1|805|266|12.6|3.7|480|177|375|153|78.1|16.2|90|80|18.8|13.9|320|138|66.7|19.3|105|88|21.9|16.1|1890|404|1595|388|84.4|8.6|925|322|48.9|10.9|775|209|41.0|10.1|295|170|15.6|8.6|10.9|3.6|10.9|3.6|11.2|3.7|0.0|20.8
9500000US0630630|Pixley Union Elementary School District, CA|0630630|2019-2023|205|915|357|740|330|80.9|12.3|740|330|80.9|12.3|675|326|73.8|16.0|65|89|7.1|9.8|0|19|0.0|4.5|170|116|18.6|12.4|740|330|8.8|12.3|410|164|270|140|65.9|19.2|270|140|65.9|19.2|240|138|58.5|22.3|675|326|340|128|50.4|18.1|280|233|41.5|20.5|0|19|0.0|6.1|10|16|1.5|2.4|0|19|0.0|6.1|50|47|7.4|6.3|27.3|8.1|675|326|40|45|5.9|7.4|100|97|14.8|12.6|10|16|1.5|2.6|340|182|50.4|16.2|190|196|28.1|23.4|675|326|250|156|37.0|15.6|55|64|8.1|9.8|45|52|6.7|8.4|85|120|12.6|15.2|15|19|2.2|3.2|15|22|2.2|3.4|0|19|0.0|6.1|0|19|0.0|6.1|70|77|10.4|9.4|105|92|15.6|11.4|0|19|0.0|6.1|30|43|4.4|6.5|0|19|0.0|6.1|675|326|555|284|82.2|12.1|55|71|8.1|9.4|65|54|9.6|7.5|0|19|0.0|6.1|41250|15416|50341|18392|51700|14044|915|357|715|281|78.1|10.2|420|228|45.9|15.5|350|170|38.3|16.7|200|130|21.9|10.3|915|357|740|330|675|326|510|251|75.6|12.5|390|224|57.8|16.2|165|97|24.4|14.3|170|122|25.2|12.6|65|89|65|89|100.0|42.1|0|19|0.0|42.1|65|89|100.0|42.1|0|19|0.0|42.1|170|116|145|88|85.3|22.4|35|34|20.6|23.9|120|84|70.6|22.3|30|47|17.6|21.8|8.2|12.1|8.2|12.1|8.2|12.1|-|**
9700000US0630660|Placentia-Yorba Linda Unified School District, CA|0630660|2019-2023|205|24580|1364|20625|1343|83.9|1.8|20545|1340|83.6|1.8|19720|1286|80.2|2.1|825|266|3.4|1.0|80|48|0.3|0.2|3955|439|16.1|1.8|20545|1340|4.0|1.2|12520|666|9350|717|74.7|3.2|9350|717|74.7|3.2|8955|700|71.5|3.4|19190|1156|13655|1003|71.2|2.9|1500|335|7.8|1.6|80|55|0.4|0.3|150|75|0.8|0.4|380|168|2.0|0.9|3420|483|17.8|2.5|30.8|1.5|19720|1286|11410|888|57.9|3.0|2255|378|11.4|2.0|3245|438|16.5|1.7|1080|264|5.5|1.3|1725|414|8.7|1.9|19720|1286|85|68|0.4|0.3|1525|388|7.7|1.9|2580|425|13.1|1.8|595|195|3.0|1.0|1350|244|6.8|1.2|975|270|4.9|1.3|305|132|1.5|0.7|1905|333|9.7|1.7|2760|477|14.0|2.5|5035|706|25.5|2.7|1120|267|5.7|1.3|350|111|1.8|0.6|1145|253|5.8|1.3|19720|1286|14110|938|71.6|3.0|3935|715|20.0|2.9|1660|306|8.4|1.5|15|26|0.1|0.1|79751|6895|115760|8098|74103|10944|24500|1363|22855|1315|93.3|1.4|19475|1293|79.5|2.7|4030|729|16.4|2.9|1645|348|6.7|1.4|24395|1350|20500|1338|19675|1285|18575|1242|94.4|1.4|16655|1219|84.7|2.4|2295|439|11.7|2.2|1100|285|5.6|1.4|825|266|780|252|94.5|7.5|480|191|58.2|16.3|450|237|54.5|17.8|50|66|6.1|7.7|3895|439|3400|430|87.3|4.3|2270|300|58.3|6.5|1225|324|31.5|6.4|495|172|12.7|4.3|8.0|2.2|8.0|2.2|8.1|2.2|0.0|37.9
9500000US0630720|Placer Hills Union Elementary School District, CA|0630720|2019-2023|205|880|285|710|231|80.7|7.3|710|231|80.7|7.3|700|232|79.5|7.5|10|15|1.1|1.8|0|21|0.0|4.7|170|90|19.3|7.4|710|231|1.4|2.2|430|143|300|117|69.8|14.9|300|117|69.8|14.9|290|117|67.4|15.1|685|234|460|166|67.2|14.4|100|84|14.6|10.9|0|21|0.0|6.0|0|21|0.0|6.0|0|21|0.0|6.0|130|93|19.0|10.7|30.5|5.3|700|232|385|162|55.0|13.5|170|104|24.3|12.2|35|45|5.0|6.6|45|52|6.4|6.8|65|49|9.3|6.7|700|232|15|24|2.1|3.4|65|59|9.3|7.8|50|63|7.1|8.2|0|21|0.0|5.9|10|22|1.4|3.0|15|20|2.1|2.9|10|14|1.4|2.0|30|43|4.3|6.1|130|90|18.6|11.6|175|120|25.0|13.2|25|28|3.6|3.8|60|49|8.6|6.6|120|78|17.1|10.3|700|232|370|159|52.9|14.9|305|156|43.6|15.8|25|34|3.6|4.9|0|21|0.0|5.9|97891|28841|144583|34435|72125|42227|880|285|865|286|98.3|3.0|790|271|89.8|7.6|75|64|8.5|7.0|15|27|1.7|3.2|880|285|710|231|700|232|685|233|97.9|3.9|620|215|88.6|8.8|65|62|9.3|8.1|15|27|2.1|4.0|10|15|10|15|100.0|100.0|10|15|100.0|100.0|0|21|0.0|100.0|0|21|0.0|100.0|170|90|170|90|100.0|21.9|160|87|94.1|12.5|10|21|5.9|12.4|0|21|0.0|21.9|1.7|2.9|1.7|2.9|1.7|2.9|-|**
9600000US0630750|Placer Union High School District, CA|0630750|2019-2023|205|4700|699|3890|655|82.8|4.4|3860|660|82.1|4.6|3780|658|80.4|4.8|80|55|1.7|1.2|30|38|0.6|0.8|810|218|17.2|4.5|3860|660|2.1|1.4|2340|352|1670|327|71.4|7.4|1645|331|70.3|7.6|1605|334|68.6|8.0|3710|644|2825|575|76.1|5.5|170|67|4.6|1.7|20|26|0.5|0.7|45|43|1.2|1.1|15|17|0.4|0.5|635|186|17.1|4.7|28.6|4.2|3780|658|2115|439|56.0|6.7|650|256|17.2|5.5|590|207|15.6|4.8|260|131|6.9|3.6|165|92|4.4|2.3|3780|658|0|32|0.0|1.1|445|192|11.8|5.0|275|122|7.3|3.3|30|31|0.8|0.8|95|53|2.5|1.4|195|101|5.2|2.5|105|55|2.8|1.4|290|161|7.7|3.8|600|310|15.9|7.3|970|263|25.7|5.6|105|83|2.8|2.3|280|139|7.4|3.6|390|176|10.3|3.8|3780|658|2485|520|65.7|6.0|865|246|22.9|5.1|430|176|11.4|4.7|0|32|0.0|1.1|89242|10252|119318|15690|68103|8767|4670|703|4395|703|94.1|3.6|3895|733|83.4|5.7|675|210|14.5|4.5|275|166|5.9|3.6|4655|699|3850|659|3780|658|3560|659|94.2|4.3|3240|668|85.7|6.0|475|191|12.6|4.7|220|164|5.8|4.3|70|54|70|54|100.0|40.5|50|38|71.4|40.0|30|38|42.9|38.1|0|32|0.0|40.5|800|217|745|211|93.1|6.2|605|192|75.6|11.2|150|96|18.8|11.0|55|49|6.9|5.9|4.4|3.4|4.4|3.4|4.4|3.4|0.0|87.6
9500000US0630780|Placerville Union Elementary School District, CA|0630780|2019-2023|205|1570|328|1375|327|87.6|6.9|1320|315|84.1|7.0|1305|301|83.1|6.8|15|25|1.0|1.5|55|68|3.5|4.2|195|108|12.4|6.9|1320|315|1.1|1.8|900|191|720|194|80.0|11.2|720|194|80.0|11.2|705|183|78.3|10.9|1315|315|905|285|68.8|12.2|140|108|10.6|7.9|0|21|0.0|3.2|35|53|2.7|4.0|40|56|3.0|4.1|185|88|14.1|6.6|33.9|10.2|1305|301|470|216|36.0|13.4|390|212|29.9|14.0|215|146|16.5|10.9|40|40|3.1|3.0|185|102|14.2|8.0|1305|301|50|55|3.8|4.3|75|69|5.7|5.2|70|72|5.4|5.3|75|40|5.7|3.3|50|66|3.8|5.2|0|21|0.0|3.2|20|39|1.5|2.9|90|80|6.9|6.1|210|132|16.1|9.7|335|184|25.7|12.4|140|91|10.7|6.7|40|49|3.1|3.6|145|122|11.1|8.2|1305|301|905|229|69.3|10.3|250|153|19.2|10.1|150|120|11.5|9.0|0|21|0.0|3.2|51049|21135|57180|33470|86923|34329|1515|319|1335|327|88.1|9.2|925|228|61.1|13.0|620|277|40.9|13.8|180|138|11.9|9.1|1495|312|1320|315|1305|301|1125|301|86.2|10.4|815|218|62.5|13.4|505|239|38.7|14.6|180|138|13.8|10.4|15|25|15|25|100.0|87.6|0|21|0.0|87.6|15|25|100.0|87.6|0|21|0.0|87.6|175|103|175|103|100.0|21.4|110|56|62.9|31.9|80|87|45.7|31.3|0|21|0.0|21.4|17.8|8.9|17.8|8.9|18.0|9.0|0.0|75.8
9500000US0630840|Planada Elementary School District, CA|0630840|2019-2023|205|765|340|500|230|65.4|13.0|500|230|65.4|13.0|480|227|62.7|13.6|20|30|2.6|3.9|0|14|0.0|5.4|265|169|34.6|13.1|500|230|4.0|6.1|405|172|195|98|48.1|20.9|195|98|48.1|20.9|195|98|48.1|20.9|480|227|420|225|87.5|13.4|60|60|12.5|13.3|0|14|0.0|8.5|0|14|0.0|8.5|0|14|0.0|8.5|0|14|0.0|8.5|46.7|19.2|480|227|45|51|9.4|11.5|95|82|19.8|13.5|10|18|2.1|3.6|180|147|37.5|24.5|150|104|31.3|15.4|480|227|150|87|31.3|14.3|80|117|16.7|20.7|15|26|3.1|5.5|35|52|7.3|11.2|0|14|0.0|8.5|100|88|20.8|13.4|0|14|0.0|8.5|0|14|0.0|8.5|0|14|0.0|8.5|85|65|17.7|13.9|0|14|0.0|8.5|4|6|0.8|1.3|10|18|2.1|3.6|480|227|315|179|65.6|19.2|80|70|16.7|14.5|80|79|16.7|12.9|0|14|0.0|8.5|31332|5898|-|**|30606|22859|765|340|740|336|96.7|3.9|365|276|47.7|18.7|375|143|49.0|18.1|25|29|3.3|3.9|765|340|500|230|480|227|455|226|94.8|6.3|295|206|61.5|18.5|160|73|33.3|16.4|25|29|5.2|6.3|20|30|20|30|100.0|75.8|0|14|0.0|75.8|20|30|100.0|75.8|0|14|0.0|75.8|265|169|265|169|100.0|14.8|70|104|26.4|29.3|195|104|73.6|29.6|0|14|0.0|14.8|23.5|12.8|23.5|12.8|23.5|12.8|-|**
9500000US0630930|Pleasant Ridge Union Elementary School District, CA|0630930|2019-2023|205|1365|383|1165|331|85.3|9.0|1165|331|85.3|9.0|1120|340|82.1|10.1|45|54|3.3|4.2|0|25|0.0|3.1|200|141|14.7|9.0|1165|331|3.9|4.9|665|207|495|181|74.4|16.3|495|181|74.4|16.3|490|179|73.7|16.2|1120|340|855|291|76.3|8.6|140|86|12.5|7.1|0|25|0.0|3.7|0|25|0.0|3.7|10|19|0.9|1.7|120|67|10.7|5.9|27.7|3.4|1120|340|415|173|37.1|9.8|195|102|17.4|9.2|360|201|32.1|12.8|80|53|7.1|5.1|70|54|6.3|5.0|1120|340|45|49|4.0|4.3|135|117|12.1|8.9|90|64|8.0|5.7|4|16|0.4|1.5|185|141|16.5|11.3|60|66|5.4|6.3|20|31|1.8|2.7|90|110|8.0|8.7|125|78|11.2|6.4|160|90|14.3|7.5|40|43|3.6|4.0|4|10|0.4|0.9|160|102|14.3|9.2|1120|340|655|282|58.5|13.9|330|157|29.5|13.6|135|74|12.1|6.1|0|25|0.0|3.7|55781|12491|87997|18034|40392|10986|1365|383|1315|380|96.3|3.9|1030|332|75.5|13.1|315|209|23.1|14.0|50|52|3.7|3.8|1365|383|1165|331|1120|340|1070|334|95.5|4.7|970|329|86.6|8.1|130|88|11.6|8.5|50|52|4.5|4.5|45|54|45|54|100.0|50.6|4|8|8.9|34.7|40|54|88.9|44.2|0|25|0.0|50.6|200|141|200|141|100.0|19.0|55|44|27.5|25.7|150|132|75.0|25.7|0|25|0.0|19.0|9.2|7.2|9.2|7.2|9.2|7.2|-|**
9500000US0630990|Pleasant Valley Elementary School District, CA|0630990|2019-2023|205|7195|683|6075|623|84.4|2.8|5645|630|78.5|3.8|5480|600|76.2|4.2|165|127|2.3|1.7|425|149|5.9|2.1|1120|223|15.6|2.8|5645|630|2.9|2.2|3895|416|2865|376|73.6|4.9|2865|376|73.6|4.9|2815|368|72.3|5.2|5730|591|4255|519|74.3|5.0|490|176|8.6|3.0|4|9|0.1|0.2|30|21|0.5|0.4|55|36|1.0|0.6|900|234|15.7|3.6|25.4|2.5|5480|600|3030|472|55.3|5.4|750|238|13.7|3.8|955|261|17.4|4.6|420|181|7.7|3.3|325|118|5.9|2.2|5480|600|220|190|4.0|3.4|285|135|5.2|2.4|515|197|9.4|3.6|65|42|1.2|0.8|410|184|7.5|3.4|200|91|3.6|1.6|130|73|2.4|1.3|320|150|5.8|2.8|960|242|17.5|4.1|1460|388|26.6|5.4|140|99|2.6|1.8|100|67|1.8|1.2|675|232|12.3|3.9|5480|600|3715|514|67.8|5.7|1320|298|24.1|4.5|445|174|8.1|3.2|0|32|0.0|0.8|70894|13772|88177|17282|93333|14330|6770|679|6245|711|92.2|3.8|5490|672|81.1|4.7|1060|305|15.7|4.2|525|260|7.8|3.8|6755|680|5635|630|5470|599|5005|628|91.5|4.5|4590|618|83.9|4.9|705|215|12.9|3.8|465|250|8.5|4.5|165|127|165|127|100.0|22.5|150|115|90.9|16.9|15|31|9.1|17.5|0|32|0.0|22.5|1120|223|1060|213|94.6|4.2|750|171|67.0|11.1|330|154|29.5|11.2|60|49|5.4|4.2|5.8|2.6|5.8|2.6|5.8|2.6|0.0|87.6
9700000US0600020|Pleasanton Unified School District, CA|0600020|2019-2023|205|16020|913|13360|831|83.4|2.0|13320|832|83.1|2.0|12810|834|80.0|2.0|505|158|3.2|1.0|40|45|0.2|0.3|2660|347|16.6|2.0|13320|832|3.8|1.2|8200|465|5985|449|73.0|3.4|5965|451|72.7|3.5|5565|425|67.9|3.3|12575|814|6765|789|53.8|4.6|770|260|6.1|2.0|1125|294|8.9|2.4|170|89|1.4|0.7|230|91|1.8|0.7|3515|476|28.0|3.7|40.4|2.6|12810|834|10190|724|79.5|3.1|580|224|4.5|1.7|1600|373|12.5|2.6|230|117|1.8|0.9|210|113|1.6|0.9|12810|834|20|24|0.2|0.2|470|208|3.7|1.5|1985|331|15.5|2.5|325|158|2.5|1.2|570|200|4.4|1.5|305|111|2.4|0.9|725|168|5.7|1.3|1185|275|9.3|2.2|4095|465|32.0|2.6|2180|301|17.0|2.1|440|185|3.4|1.4|180|110|1.4|0.9|320|152|2.5|1.2|12810|834|11035|800|86.1|2.2|1400|267|10.9|2.1|380|132|3.0|1.0|0|32|0.0|0.3|149272|10055|192047|10769|141878|2894|15980|915|15685|893|98.2|1.4|15080|898|94.4|1.7|1120|348|7.0|2.2|300|222|1.9|1.4|15950|920|13310|832|12800|834|12680|826|99.1|0.7|12405|839|96.9|1.4|660|260|5.2|2.1|120|95|0.9|0.7|505|158|495|159|98.0|3.4|380|135|75.2|15.4|140|97|27.7|16.2|10|15|2.0|3.1|2640|350|2480|340|93.9|6.9|2290|283|86.7|8.1|310|175|11.7|6.0|160|185|6.1|6.8|3.7|1.4|3.7|1.4|3.7|1.4|0.0|57.3
9500000US0631180|Plumas Lake Elementary School District, CA|0631180|2019-2023|205|1430|363|1260|364|88.1|7.4|1155|330|80.8|11.4|1020|308|71.3|13.4|135|157|9.4|10.9|105|135|7.3|9.0|165|101|11.5|7.5|1155|330|11.7|13.2|820|228|650|245|79.3|13.8|605|232|73.8|16.1|475|176|57.9|17.5|1130|340|915|292|81.0|8.8|125|93|11.1|7.8|0|19|0.0|3.7|0|19|0.0|3.7|0|19|0.0|3.7|90|73|8.0|5.8|43.4|7.3|1020|308|470|191|46.1|10.8|185|90|18.1|9.2|135|102|13.2|8.7|145|101|14.2|8.7|90|76|8.8|6.8|1020|308|0|19|0.0|4.1|70|67|6.9|6.2|10|25|1.0|2.4|0|19|0.0|4.1|35|56|3.4|5.3|100|79|9.8|7.2|0|19|0.0|4.1|20|35|2.0|3.3|120|97|11.8|9.0|365|186|35.8|13.2|0|19|0.0|4.1|70|85|6.9|7.9|225|126|22.1|12.1|1020|308|510|205|50.0|11.0|425|167|41.7|12.2|85|67|8.3|5.9|0|19|0.0|4.1|81154|18817|101667|20932|92596|47358|1320|327|1320|327|100.0|3.2|1240|324|93.9|6.3|180|164|13.6|12.7|0|19|0.0|3.2|1320|327|1155|330|1020|308|1020|308|100.0|4.1|940|307|92.2|8.3|135|115|13.2|11.1|0|19|0.0|4.1|135|157|135|157|100.0|26.5|135|157|100.0|26.5|0|19|0.0|26.5|0|19|0.0|26.5|165|101|165|101|100.0|22.5|165|101|100.0|22.5|45|64|27.3|34.5|0|19|0.0|22.5|11.9|11.7|11.9|11.7|11.9|11.7|-|**
9700000US0631170|Plumas Unified School District, CA|0631170|2019-2023|205|2260|368|1805|309|79.9|9.4|1780|307|78.8|9.3|1725|315|76.3|9.9|55|52|2.4|2.4|20|37|0.9|1.7|455|244|20.1|9.4|1780|307|3.1|3.0|1430|230|1075|255|75.2|14.2|1075|255|75.2|14.2|1025|264|71.7|15.3|1735|320|1270|315|73.2|10.5|225|129|13.0|7.2|0|21|0.0|2.4|75|48|4.3|2.8|0|21|0.0|2.4|160|114|9.2|6.6|13.7|2.9|1725|315|690|249|40.0|11.0|535|184|31.0|10.1|300|133|17.4|7.0|160|99|9.3|5.7|40|38|2.3|2.2|1725|315|165|98|9.6|5.4|120|98|7.0|5.6|30|28|1.7|1.6|35|47|2.0|2.8|130|106|7.5|6.1|30|30|1.7|1.8|20|27|1.2|1.6|100|87|5.8|4.6|50|55|2.9|3.2|625|238|36.2|11.3|220|126|12.8|6.7|45|68|2.6|4.0|165|130|9.6|7.9|1725|315|780|260|45.2|10.8|765|205|44.3|10.3|175|114|10.1|6.6|0|21|0.0|2.4|51949|8477|78054|18730|46088|11021|2240|371|2050|369|91.5|5.3|1520|377|67.9|10.3|620|237|27.7|10.7|190|118|8.5|5.2|2225|370|1765|309|1710|317|1580|327|92.4|6.3|1255|326|73.4|11.3|375|177|21.9|10.1|130|103|7.6|6.2|55|52|30|31|54.5|48.7|4|2|7.3|9.3|25|32|45.5|51.1|25|39|45.5|48.3|455|244|425|248|93.4|10.9|265|175|58.2|31.5|205|190|45.1|32.2|30|43|6.6|10.7|8.4|7.2|8.4|7.2|8.5|7.2|0.0|87.6
9600000US0631230|Point Arena Joint Union High School District, CA|0631230|2019-2023|205|330|152|280|146|84.8|12.5|280|146|84.8|12.5|270|145|81.8|13.3|10|14|3.0|4.3|0|19|0.0|12.1|50|43|15.2|12.1|280|146|3.6|5.1|220|110|200|109|90.9|7.9|200|109|90.9|7.9|195|110|88.6|9.9|225|122|140|76|62.2|17.8|35|36|15.6|12.0|0|19|0.0|17.1|30|30|13.3|10.6|0|19|0.0|17.1|20|21|8.9|8.3|17.7|7.8|270|145|40|31|14.8|9.7|80|57|29.6|16.4|55|47|20.4|15.7|30|38|11.1|11.6|65|72|24.1|22.6|270|145|4|9|1.5|3.3|35|41|13.0|12.2|0|19|0.0|14.5|0|19|0.0|14.5|20|20|7.4|8.2|50|49|18.5|14.8|0|19|0.0|14.5|4|19|1.5|0.8|4|11|1.5|4.3|35|30|13.0|9.6|60|54|22.2|15.2|45|71|16.7|23.5|4|4|1.5|1.6|270|145|175|102|64.8|22.0|30|26|11.1|8.6|70|74|25.9|22.9|0|19|0.0|14.5|28576|7509|-|**|33750|25629|330|152|220|121|66.7|24.3|105|72|31.8|17.9|120|82|36.4|20.3|105|97|31.8|23.7|320|154|275|145|270|145|190|116|70.4|23.4|100|72|37.0|20.2|90|76|33.3|22.4|80|76|29.6|23.7|10|14|10|14|100.0|100.0|0|19|0.0|100.0|10|14|100.0|100.0|0|19|0.0|100.0|45|40|15|14|33.3|50.9|4|3|8.9|12.4|15|13|33.3|38.8|30|39|66.7|53.5|10.6|9.3|10.6|9.3|10.9|9.7|0.0|100.0
9500000US0631290|Pollock Pines Elementary School District, CA|0631290|2019-2023|205|490|245|405|214|82.7|12.5|405|214|82.7|12.5|405|214|82.7|12.5|0|19|0.0|8.3|0|19|0.0|8.3|85|73|17.3|12.3|405|214|0.0|10.0|215|113|125|90|58.1|27.1|125|90|58.1|27.1|125|90|58.1|27.1|405|214|335|186|82.7|13.7|35|41|8.6|9.3|0|19|0.0|10.0|0|19|0.0|10.0|0|19|0.0|10.0|35|50|8.6|11.6|29.5|7.5|405|214|190|143|46.9|23.2|25|39|6.2|10.6|115|116|28.4|23.3|35|59|8.6|14.4|35|46|8.6|12.0|405|214|0|19|0.0|10.0|95|121|23.5|25.4|0|19|0.0|10.0|15|27|3.7|6.9|10|17|2.5|4.3|60|60|14.8|14.3|0|19|0.0|10.0|10|19|2.5|4.8|50|61|12.3|15.6|135|97|33.3|17.5|0|19|0.0|10.0|0|19|0.0|10.0|35|60|8.6|13.3|405|214|235|133|58.0|24.1|165|143|40.7|24.1|0|19|0.0|10.0|0|19|0.0|10.0|110846|47973|122995|17304|45272|2714|490|245|455|239|92.9|9.7|440|237|89.8|10.4|25|30|5.1|6.6|35|46|7.1|9.2|490|245|405|214|405|214|370|215|91.4|12.2|360|214|88.9|12.7|10|17|2.5|4.3|35|46|8.6|12.0|0|19|0|19|-|**|0|19|-|**|0|19|-|**|0|19|-|**|85|73|85|73|100.0|36.7|80|69|94.1|19.0|15|24|17.6|26.1|0|19|0.0|36.7|0.0|8.3|0.0|8.3|0.0|8.3|-|**
9700000US0631320|Pomona Unified School District, CA|0631320|2019-2023|205|21190|999|16955|884|80.0|2.0|16955|884|80.0|2.0|16415|850|77.5|1.9|540|190|2.5|0.9|0|32|0.0|0.2|4235|481|20.0|2.0|16955|884|3.2|1.1|11610|570|7905|545|68.1|3.4|7905|545|68.1|3.4|7580|527|65.3|3.4|15925|799|11540|753|72.5|2.8|2250|322|14.1|1.8|155|92|1.0|0.6|135|69|0.8|0.4|155|79|1.0|0.5|1690|362|10.6|2.2|33.1|1.4|16415|850|4410|469|26.9|2.2|3005|352|18.3|2.1|3160|423|19.3|2.2|2045|325|12.5|1.9|3800|427|23.1|2.4|16415|850|390|185|2.4|1.1|1360|244|8.3|1.4|1395|235|8.5|1.5|760|240|4.6|1.4|1765|371|10.8|2.1|1950|378|11.9|2.1|80|55|0.5|0.3|990|236|6.0|1.4|1950|348|11.9|2.0|3305|425|20.1|2.4|910|200|5.5|1.2|875|242|5.3|1.5|685|224|4.2|1.3|16415|850|12735|775|77.6|2.5|2325|368|14.2|2.1|1340|324|8.2|1.9|15|29|0.1|0.2|42247|1988|59184|3647|41630|1893|21190|999|17995|1066|84.9|2.1|12455|1083|58.8|3.7|6265|696|29.6|3.1|3195|429|15.1|2.1|20970|982|16845|855|16305|824|13830|870|84.8|2.3|10600|972|65.0|3.8|3760|496|23.1|3.2|2475|356|15.2|2.2|540|190|475|180|88.0|9.0|195|122|36.1|15.6|310|117|57.4|14.9|65|50|12.0|8.9|4125|462|3465|426|84.0|4.1|1535|286|37.2|5.9|2035|346|49.3|6.0|660|186|16.0|4.1|10.3|2.1|10.3|2.1|10.4|2.1|7.9|15.5
9600000US0606107|Porterville Unified School District (9-12), CA|0606107|2019-2023|205|4560|870|3170|655|69.5|6.1|3170|655|69.5|6.1|3065|677|67.2|6.3|105|96|2.3|2.2|0|29|0.0|0.9|1390|397|30.5|6.1|3170|655|3.3|3.2|2625|529|1500|348|57.1|9.2|1500|348|57.1|9.2|1430|356|54.5|9.2|2905|649|1900|523|65.4|11.0|770|374|26.5|10.6|0|29|0.0|1.5|125|109|4.3|3.8|50|66|1.7|2.3|65|42|2.2|1.5|25.3|4.8|3065|677|870|363|28.4|10.8|495|184|16.2|4.7|440|248|14.4|7.2|1005|433|32.8|12.4|250|158|8.2|4.9|3065|677|900|380|29.4|11.0|130|88|4.2|2.6|130|129|4.2|4.0|55|59|1.8|1.9|90|63|2.9|2.1|45|33|1.5|1.1|20|19|0.7|0.6|55|41|1.8|1.3|80|65|2.6|2.2|1140|465|37.2|11.9|130|145|4.2|4.7|30|31|1.0|1.0|255|194|8.3|6.1|3065|677|1840|538|60.0|12.7|1120|483|36.5|12.8|105|49|3.4|1.8|0|29|0.0|1.4|37705|5784|41984|17462|46528|18598|4560|870|4195|859|92.0|3.0|1810|570|39.7|10.9|2450|758|53.7|11.3|365|129|8.0|3.0|4530|866|3150|648|3040|672|2845|660|93.6|2.9|1570|529|51.6|13.5|1330|521|43.8|13.7|195|85|6.4|2.9|105|96|80|89|76.2|43.7|0|29|0.0|32.0|80|89|76.2|43.7|25|43|23.8|44.8|1385|397|1255|391|90.6|4.9|240|139|17.3|10.5|1030|393|74.4|12.0|125|66|9.0|5.1|13.5|6.0|13.5|6.0|13.6|6.0|0.0|61.9
9700000US0600064|Porterville Unified School District, CA|0600064|2019-2023|205|9750|1092|7585|991|77.8|3.7|7585|991|77.8|3.7|6795|915|69.7|4.1|790|292|8.1|2.8|0|32|0.0|0.4|2165|392|22.2|3.7|7585|991|10.4|3.5|5145|595|3395|535|66.0|6.6|3395|535|66.0|6.6|2925|533|56.9|7.0|6625|889|5135|888|77.5|5.8|1120|320|16.9|5.0|0|32|0.0|0.6|80|100|1.2|1.5|30|49|0.5|0.7|255|136|3.8|2.1|26.2|3.2|6795|915|1290|355|19.0|5.0|1430|422|21.0|4.8|895|304|13.2|4.3|2105|468|31.0|5.8|1075|357|15.8|4.5|6795|915|1530|441|22.5|5.5|365|198|5.4|2.8|365|204|5.4|3.1|65|61|1.0|0.9|460|211|6.8|2.9|470|188|6.9|2.9|30|44|0.4|0.7|115|88|1.7|1.3|410|169|6.0|2.2|1625|353|23.9|5.2|455|215|6.7|2.8|435|233|6.4|3.2|475|277|7.0|3.6|6795|915|5045|704|74.2|4.6|1435|381|21.1|4.3|315|153|4.6|2.2|0|32|0.0|0.6|32572|4651|50389|8130|31789|5613|9750|1092|8680|1131|89.0|3.9|4290|839|44.0|6.9|4750|880|48.7|6.5|1070|361|11.0|3.9|9670|1083|7575|992|6785|915|6140|932|90.5|3.8|3840|794|56.6|7.7|2665|616|39.3|7.4|645|248|9.5|3.8|790|292|665|300|84.2|16.4|65|83|8.2|10.5|600|277|75.9|17.8|125|119|15.8|16.2|2090|360|1790|346|85.6|7.1|385|162|18.4|7.5|1400|309|67.0|8.4|305|155|14.6|7.1|21.6|5.9|21.6|5.9|21.7|5.9|0.0|100.0
9500000US0631470|Portola Valley Elementary School District, CA|0631470|2019-2023|205|520|216|425|198|81.7|10.8|425|198|81.7|10.8|420|199|80.8|10.7|4|19|0.8|0.3|0|19|0.0|7.8|95|55|18.3|10.3|425|198|0.9|0.5|265|113|165|105|62.3|21.8|165|105|62.3|21.8|165|105|62.3|21.8|420|199|300|172|71.4|15.9|20|31|4.8|8.0|0|19|0.0|9.6|0|19|0.0|9.6|10|22|2.4|5.4|90|69|21.4|14.5|34.0|4.3|420|199|380|200|90.5|11.9|25|31|6.0|8.0|15|23|3.6|5.6|0|19|0.0|9.6|0|19|0.0|9.6|420|199|0|19|0.0|9.6|0|19|0.0|9.6|65|80|15.5|14.5|0|19|0.0|9.6|15|24|3.6|6.2|0|19|0.0|9.6|65|64|15.5|13.8|35|36|8.3|7.6|120|56|28.6|17.1|100|82|23.8|12.5|0|19|0.0|9.6|20|27|4.8|7.1|0|19|0.0|9.6|420|199|400|197|95.2|8.0|10|14|2.4|3.6|15|26|3.6|6.3|0|19|0.0|9.6|250,000+|***|250,000+|***|239569|55350|520|216|520|216|100.0|7.8|520|216|100.0|7.8|4|19|0.8|0.3|0|19|0.0|7.8|520|216|425|198|420|199|420|199|100.0|9.6|420|199|100.0|9.6|0|19|0.0|9.6|0|19|0.0|9.6|4|19|4|19|100.0|100.0|4|19|100.0|100.0|4|19|100.0|100.0|0|19|0.0|100.0|95|55|95|55|100.0|34.2|95|55|100.0|34.2|0|19|0.0|34.2|0|19|0.0|34.2|0.8|2.2|0.8|2.2|0.8|2.2|-|**
9700000US0631530|Poway Unified School District, CA|0631530|2019-2023|205|34630|1599|29690|1404|85.7|1.2|29240|1396|84.4|1.2|28280|1353|81.7|1.5|960|286|2.8|0.8|445|153|1.3|0.4|4945|472|14.3|1.2|29240|1396|3.3|1.0|17530|798|13460|703|76.8|2.3|13460|703|76.8|2.3|12830|716|73.2|2.8|28295|1370|18180|1269|64.3|2.9|2075|445|7.3|1.5|80|43|0.3|0.2|130|106|0.5|0.4|305|165|1.1|0.6|7520|812|26.6|2.9|25.2|0.9|28280|1353|21820|1064|77.2|2.1|1985|373|7.0|1.3|3035|450|10.7|1.4|620|171|2.2|0.6|825|297|2.9|1.0|28280|1353|30|35|0.1|0.1|720|203|2.5|0.7|4930|565|17.4|1.9|235|134|0.8|0.5|1660|373|5.9|1.3|770|175|2.7|0.6|1030|312|3.6|1.1|2050|418|7.2|1.4|6765|662|23.9|2.2|6995|718|24.7|2.2|975|247|3.4|0.8|795|284|2.8|1.0|1325|266|4.7|0.9|28280|1353|22095|1044|78.1|1.8|4680|565|16.5|1.8|1490|376|5.3|1.2|20|35|0.1|0.1|109947|4371|152710|9063|106890|4953|34185|1589|33515|1592|98.0|0.6|31565|1581|92.3|1.3|3145|473|9.2|1.4|670|214|2.0|0.6|34045|1595|29210|1395|28255|1350|27880|1360|98.7|0.6|26695|1351|94.5|1.2|2050|362|7.3|1.3|380|166|1.3|0.6|955|286|875|293|91.6|7.9|735|278|77.0|10.8|230|107|24.1|10.9|80|67|8.4|7.8|4835|484|4625|469|95.7|1.8|4085|432|84.5|3.4|740|182|15.3|3.6|210|92|4.3|1.8|3.5|0.9|3.5|0.9|3.4|0.8|32.1|34.1
9700000US0631710|Ramona City Unified School District, CA|0631710|2019-2023|205|5485|910|4580|773|83.5|3.8|4480|754|81.7|3.9|4425|752|80.7|3.9|60|50|1.1|0.9|100|96|1.8|1.7|905|263|16.5|3.8|4480|754|1.3|1.1|2765|464|1940|366|70.2|7.5|1920|363|69.4|7.5|1880|360|68.0|7.5|4490|768|3160|636|70.4|6.3|350|123|7.8|2.8|0|29|0.0|0.9|80|78|1.8|1.7|130|96|2.9|2.1|770|289|17.1|5.7|35.6|4.3|4425|752|2075|464|46.9|8.9|955|329|21.6|5.6|495|155|11.2|3.4|540|257|12.2|5.1|360|172|8.1|3.5|4425|752|225|221|5.1|4.7|530|201|12.0|4.6|380|131|8.6|2.8|135|79|3.1|1.9|225|114|5.1|2.7|155|90|3.5|2.0|60|49|1.4|1.2|160|86|3.6|2.0|745|301|16.8|6.0|840|245|19.0|4.6|460|198|10.4|4.2|365|264|8.2|5.3|145|70|3.3|1.6|4425|752|3250|583|73.4|7.7|725|243|16.4|5.2|450|282|10.2|5.5|0|29|0.0|1.0|65984|14973|85838|9023|60443|10522|5385|893|5075|862|94.2|2.8|4485|809|83.3|6.5|840|371|15.6|6.5|315|157|5.8|2.8|5385|893|4480|754|4425|752|4265|728|96.4|2.4|3835|671|86.7|7.2|625|340|14.1|7.1|160|113|3.6|2.5|60|50|60|50|100.0|43.8|30|36|50.0|39.7|30|29|50.0|38.8|0|29|0.0|43.8|905|263|750|254|82.9|9.2|620|243|68.5|12.5|180|96|19.9|10.2|155|81|17.1|9.3|4.9|3.4|4.9|3.4|4.9|3.4|-|**
9500000US0631860|Ravenswood City Elementary School District, CA|0631860|2019-2023|205|2770|547|2330|507|84.1|4.7|2330|507|84.1|4.7|2170|515|78.3|5.8|160|84|5.8|3.3|0|29|0.0|1.5|440|140|15.9|4.7|2330|507|6.9|4.0|1425|311|1090|274|76.5|8.4|1090|274|76.5|8.4|1070|274|75.1|8.7|2130|519|1505|404|70.7|9.0|275|173|12.9|7.6|65|97|3.1|4.3|15|34|0.7|1.6|4|2|0.2|0.1|265|136|12.4|6.2|24.8|6.0|2170|515|360|141|16.6|6.8|810|282|37.3|8.3|410|264|18.9|10.3|415|186|19.1|8.3|170|125|7.8|5.5|2170|515|65|74|3.0|3.4|310|170|14.3|7.6|65|73|3.0|3.4|80|81|3.7|3.6|255|129|11.8|6.0|10|19|0.5|0.9|80|83|3.7|3.8|55|42|2.5|2.1|340|151|15.7|6.9|330|174|15.2|6.5|165|107|7.6|4.7|390|279|18.0|10.8|20|28|0.9|1.3|2170|515|1885|454|86.9|5.9|105|84|4.8|3.6|180|127|8.3|5.4|0|29|0.0|1.9|45508|6341|51618|17256|46728|5707|2770|547|2250|493|81.2|7.4|1405|419|50.7|10.6|935|295|33.8|9.4|520|227|18.8|7.4|2770|547|2330|507|2170|515|1795|459|82.7|8.0|1240|412|57.1|11.6|630|219|29.0|9.4|370|193|17.1|7.9|160|84|75|51|46.9|31.2|35|37|21.9|22.1|40|34|25.0|21.4|90|77|56.3|31.3|440|140|380|132|86.4|11.9|130|85|29.5|18.1|265|116|60.2|17.3|60|56|13.6|12.1|10.5|5.4|10.5|5.4|10.5|5.4|-|**
9600000US0632010|Red Bluff Joint Union High School District, CA|0632010|2019-2023|205|3330|621|2595|562|77.9|8.1|2595|562|77.9|8.1|2520|550|75.7|8.3|75|59|2.3|1.7|0|29|0.0|1.3|735|297|22.1|8.1|2595|562|2.9|2.2|1760|330|1380|294|78.4|8.6|1380|294|78.4|8.6|1365|297|77.6|8.7|2305|529|1670|431|72.5|8.7|330|175|14.3|6.4|0|29|0.0|1.8|15|17|0.7|0.8|65|81|2.8|3.3|225|117|9.8|5.2|26.3|6.7|2520|550|870|288|34.5|8.5|590|267|23.4|9.0|265|125|10.5|5.0|560|233|22.2|7.8|240|125|9.5|4.4|2520|550|275|163|10.9|6.4|255|160|10.1|5.5|140|116|5.6|4.4|45|48|1.8|1.9|380|235|15.1|8.6|110|92|4.4|3.5|0|29|0.0|1.7|50|53|2.0|2.1|90|87|3.6|3.4|755|237|30.0|7.7|30|32|1.2|1.3|60|44|2.4|1.9|325|190|12.9|6.5|2520|550|1640|380|65.1|7.9|740|286|29.4|8.1|130|93|5.2|3.6|10|14|0.4|0.5|60392|15210|72500|23170|58750|30488|3330|621|3040|572|91.3|4.9|2085|487|62.6|9.5|1170|370|35.1|9.6|290|179|8.7|4.9|3300|621|2595|562|2520|550|2270|515|90.1|6.3|1800|482|71.4|9.7|555|248|22.0|9.2|250|168|9.9|6.3|75|59|60|53|80.0|30.1|25|27|33.3|46.6|50|51|66.7|39.2|15|24|20.0|30.6|705|286|685|279|97.2|5.9|255|140|36.2|18.1|545|261|77.3|15.9|25|39|3.5|5.6|11.4|5.9|11.4|5.9|11.5|6.0|0.0|67.8
9500000US0631980|Red Bluff Union Elementary School District, CA|0631980|2019-2023|205|2350|487|2035|466|86.6|5.8|2035|466|86.6|5.8|1870|425|79.6|6.8|160|130|6.8|5.3|0|25|0.0|1.8|315|137|13.4|5.8|2035|466|7.9|6.1|1435|276|1195|289|83.3|9.0|1195|289|83.3|9.0|1045|276|72.8|11.7|1695|434|1470|405|86.7|7.1|120|88|7.1|5.2|0|25|0.0|2.5|0|25|0.0|2.5|0|25|0.0|2.5|105|87|6.2|4.8|24.3|6.6|1870|425|585|286|31.3|12.4|550|237|29.4|12.1|235|144|12.6|7.2|345|196|18.4|9.1|160|104|8.6|6.0|1870|425|75|92|4.0|4.7|305|198|16.3|9.7|70|66|3.7|3.6|0|25|0.0|2.2|330|255|17.6|12.8|70|62|3.7|3.6|0|25|0.0|2.2|50|54|2.7|2.8|50|63|2.7|3.5|510|230|27.3|10.6|95|107|5.1|6.0|90|82|4.8|4.5|225|181|12.0|8.9|1870|425|1205|345|64.4|11.4|430|238|23.0|11.1|205|157|11.0|8.5|25|43|1.3|2.3|62875|23114|50250|35109|69638|30381|2350|487|2090|434|88.9|8.1|1345|382|57.2|11.5|1080|287|46.0|11.6|260|207|11.1|8.1|2350|487|2035|466|1870|425|1655|383|88.5|7.7|1230|378|65.8|12.9|675|242|36.1|12.8|220|156|11.8|7.6|160|130|160|130|100.0|23.0|15|24|9.4|18.7|160|130|100.0|23.0|0|25|0.0|23.0|315|137|275|115|87.3|18.9|100|51|31.7|15.7|250|113|79.4|19.7|45|67|14.3|18.5|4.9|3.6|4.9|3.6|4.9|3.6|-|**
9500000US0632040|Redding Elementary School District, CA|0632040|2019-2023|205|3370|641|2830|559|84.0|5.8|2830|559|84.0|5.8|2710|549|80.4|6.8|120|100|3.6|2.9|0|29|0.0|1.3|540|228|16.0|5.9|2830|559|4.2|3.5|1760|340|1280|278|72.7|10.6|1280|278|72.7|10.6|1215|270|69.0|11.4|2665|555|1900|436|71.3|7.8|375|195|14.1|6.7|0|29|0.0|1.6|30|36|1.1|1.4|90|68|3.4|2.5|265|151|9.9|5.1|16.9|2.7|2710|549|1035|249|38.2|8.1|370|133|13.7|5.0|745|347|27.5|9.6|260|145|9.6|5.0|300|148|11.1|5.2|2710|549|4|16|0.1|0.6|260|134|9.6|4.7|215|120|7.9|3.8|130|118|4.8|4.2|325|230|12.0|7.6|200|131|7.4|4.5|10|24|0.4|0.9|40|35|1.5|1.4|380|179|14.0|5.8|590|171|21.8|6.8|220|111|8.1|4.2|250|140|9.2|4.8|80|48|3.0|1.8|2710|549|2160|482|79.7|5.8|340|115|12.5|4.2|210|113|7.7|3.8|0|29|0.0|1.6|53086|11689|67977|10871|72895|26857|3370|641|3040|593|90.2|6.0|2230|586|66.2|9.0|945|253|28.0|8.6|330|214|9.8|6.0|3340|639|2810|562|2690|551|2535|526|94.2|4.5|1925|513|71.6|9.3|685|231|25.5|9.3|155|123|5.8|4.4|120|100|110|99|91.7|13.9|25|34|20.8|28.6|110|99|91.7|13.9|4|14|3.3|14.4|535|227|365|169|68.2|24.5|260|145|48.6|22.7|120|79|22.4|14.8|170|162|31.8|24.5|10.2|5.0|10.2|5.0|10.3|5.0|0.0|67.8
9700000US0632070|Redlands Unified School District, CA|0632070|2019-2023|205|17560|1165|14675|1104|83.6|2.4|14520|1097|82.7|2.5|13770|1083|78.4|2.9|750|288|4.3|1.6|155|113|0.9|0.6|2885|445|16.4|2.4|14520|1097|5.2|1.9|9645|737|7410|737|76.8|3.9|7385|738|76.6|3.9|6820|709|70.7|4.2|13725|1079|10615|960|77.3|3.2|1165|287|8.5|2.1|80|54|0.6|0.4|255|165|1.9|1.2|230|157|1.7|1.1|1380|315|10.1|2.2|27.8|2.1|13770|1083|7460|760|54.2|4.0|1510|297|11.0|2.2|1700|395|12.3|2.4|1095|314|8.0|2.1|2015|418|14.6|2.8|13770|1083|10|15|0.1|0.1|1065|325|7.7|2.2|690|233|5.0|1.6|395|210|2.9|1.5|940|255|6.8|1.6|1435|369|10.4|2.7|160|118|1.2|0.8|460|180|3.3|1.3|1295|253|9.4|1.8|5270|635|38.3|3.8|575|215|4.2|1.5|585|246|4.2|1.7|900|230|6.5|1.7|13770|1083|9705|1010|70.5|3.6|3555|511|25.8|3.5|515|175|3.7|1.3|0|32|0.0|0.3|67109|6169|84688|10741|75267|7717|17410|1160|16310|1097|93.7|2.1|13070|972|75.1|3.5|3825|663|22.0|3.4|1095|380|6.3|2.1|17355|1156|14515|1096|13765|1083|13005|976|94.5|2.3|11085|965|80.5|3.8|2365|505|17.2|3.5|760|339|5.5|2.3|750|288|710|286|94.7|7.6|410|235|54.7|17.6|295|142|39.3|16.4|45|52|6.0|7.3|2840|439|2545|413|89.6|5.5|1535|281|54.0|8.5|1140|345|40.1|9.0|295|162|10.4|5.5|6.3|2.1|6.3|2.1|6.3|2.1|0.0|45.7
9700000US0600032|Redondo Beach Unified School District, CA|0600032|2019-2023|205|9400|881|8115|827|86.3|2.8|7960|768|84.7|3.0|7755|773|82.5|3.1|205|96|2.2|1.0|155|174|1.6|1.8|1285|284|13.7|2.8|7960|768|2.6|1.2|4865|460|3675|448|75.5|5.5|3565|429|73.3|5.8|3465|430|71.2|6.0|7850|833|5105|736|65.0|4.6|290|136|3.7|1.6|90|62|1.1|0.8|25|34|0.3|0.4|140|79|1.8|1.0|2205|360|28.1|4.4|28.7|2.6|7755|773|5200|563|67.1|4.7|815|220|10.5|2.5|1200|281|15.5|3.3|135|92|1.7|1.2|410|278|5.3|3.5|7755|773|10|15|0.1|0.2|215|109|2.8|1.4|780|232|10.1|2.9|275|167|3.5|2.1|400|212|5.2|2.7|390|178|5.0|2.1|415|148|5.4|1.9|640|205|8.3|2.6|1520|262|19.6|3.3|1945|442|25.1|4.4|320|150|4.1|1.9|440|193|5.7|2.4|415|236|5.4|3.1|7755|773|5925|656|76.4|4.2|1215|318|15.7|3.9|620|225|8.0|2.7|0|32|0.0|0.5|108801|4414|153507|20027|106139|9218|9245|827|8995|820|97.3|1.6|8495|829|91.9|2.6|725|242|7.8|2.6|255|156|2.8|1.7|9210|830|7925|770|7735|774|7590|764|98.1|1.2|7230|757|93.5|2.5|535|220|6.9|2.8|145|97|1.9|1.2|190|88|185|88|97.4|8.4|135|68|71.1|25.6|65|61|34.2|25.3|4|14|2.1|7.1|1285|284|1185|255|92.2|6.7|1120|257|87.2|8.1|85|60|6.6|4.9|105|94|8.2|6.8|1.9|1.2|1.9|1.2|1.9|1.2|0.0|57.3
9500000US0632130|Redwood City Elementary School District, CA|0632130|2019-2023|205|8780|962|7325|851|83.4|3.0|7325|851|83.4|3.0|7040|849|80.2|3.2|285|133|3.2|1.5|0|32|0.0|0.5|1455|306|16.6|3.0|7325|851|3.9|1.8|4575|472|3215|429|70.3|6.0|3215|429|70.3|6.0|3010|403|65.8|6.0|6880|839|4360|661|63.4|4.8|865|284|12.6|3.7|65|48|0.9|0.7|105|71|1.5|1.0|85|51|1.2|0.8|1400|294|20.3|3.9|23.0|1.4|7040|849|3105|360|44.1|5.3|1575|374|22.4|4.4|905|299|12.9|3.8|910|377|12.9|4.4|540|209|7.7|2.8|7040|849|0|32|0.0|0.6|1135|414|16.1|4.7|465|153|6.6|2.2|135|101|1.9|1.4|545|144|7.7|2.0|325|244|4.6|3.3|335|111|4.8|1.5|305|117|4.3|1.7|1460|315|20.7|4.1|1305|336|18.5|3.9|620|181|8.8|2.8|145|76|2.1|1.1|275|171|3.9|2.4|7040|849|5590|793|79.4|4.7|810|302|11.5|4.1|630|200|8.9|2.8|4|14|0.1|0.2|66010|10276|79508|10617|80884|10451|8780|962|8035|837|91.5|4.0|6390|760|72.8|6.1|2190|478|24.9|4.5|745|388|8.5|4.0|8765|961|7325|851|7040|849|6390|752|90.8|4.7|5445|704|77.3|6.1|1260|367|17.9|4.5|650|365|9.2|4.7|285|133|285|133|100.0|13.8|175|93|61.4|23.3|170|105|59.6|19.7|0|32|0.0|13.8|1440|305|1345|304|93.4|6.0|760|206|52.8|12.5|740|253|51.4|11.7|95|84|6.6|6.0|7.5|3.5|7.5|3.5|7.5|3.6|0.0|87.6
9500000US0632160|Reed Union Elementary School District, CA|0632160|2019-2023|205|1320|361|1120|311|84.8|6.9|1120|311|84.8|6.9|1120|311|84.8|6.9|0|21|0.0|3.2|0|21|0.0|3.2|200|110|15.2|6.9|1120|311|0.0|3.7|660|177|500|157|75.8|11.8|500|157|75.8|11.8|500|157|75.8|11.8|1090|303|400|192|36.7|13.4|0|21|0.0|3.8|100|79|9.2|7.2|15|22|1.4|2.1|70|84|6.4|7.3|500|188|45.9|13.0|29.7|6.1|1120|311|895|263|79.9|13.1|0|21|0.0|3.7|215|168|19.2|13.1|10|14|0.9|1.3|0|21|0.0|3.7|1120|311|0|21|0.0|3.7|10|14|0.9|1.3|30|35|2.7|3.2|0|21|0.0|3.7|40|40|3.6|4.0|25|39|2.2|3.4|90|118|8.0|9.9|335|124|29.9|8.4|385|177|34.4|11.4|195|113|17.4|9.0|10|20|0.9|1.8|0|21|0.0|3.7|0|21|0.0|3.7|1120|311|825|232|73.7|14.1|40|46|3.6|4.0|255|186|22.8|13.6|0|21|0.0|3.7|193707|51907|250,000+|***|192672|130922|1320|361|1320|361|100.0|3.2|1320|361|100.0|3.2|0|21|0.0|3.2|0|21|0.0|3.2|1320|361|1120|311|1120|311|1120|311|100.0|3.7|1120|311|100.0|3.7|0|21|0.0|3.7|0|21|0.0|3.7|0|21|0|21|-|**|0|21|-|**|0|21|-|**|0|21|-|**|200|110|200|110|100.0|19.0|200|110|100.0|19.0|0|21|0.0|19.0|0|21|0.0|19.0|0.0|3.2|0.0|3.2|0.0|3.2|-|**
9700000US0632270|Reef-Sunset Unified School District, CA|0632270|2019-2023|205|2710|511|1960|385|72.3|7.4|1960|385|72.3|7.4|1820|348|67.2|6.8|140|109|5.2|3.8|0|21|0.0|1.6|745|264|27.5|7.3|1960|385|7.1|5.0|1400|267|755|243|53.9|15.0|755|243|53.9|15.0|670|225|47.9|14.3|1820|348|1435|366|78.8|10.4|235|143|12.9|7.6|0|21|0.0|2.3|30|38|1.6|2.1|80|96|4.4|5.4|40|67|2.2|3.8|29.4|5.5|1820|348|265|170|14.6|8.8|335|165|18.4|8.9|45|60|2.5|3.4|790|315|43.4|14.8|385|218|21.2|11.1|1820|348|605|257|33.2|13.2|175|202|9.6|10.4|185|152|10.2|8.0|85|81|4.7|4.4|140|139|7.7|7.6|0|21|0.0|2.3|0|21|0.0|2.3|10|18|0.5|1.0|30|51|1.6|2.9|440|203|24.2|10.3|40|68|2.2|3.7|35|56|1.9|3.1|70|85|3.8|4.7|1820|348|1470|334|80.8|9.7|335|177|18.4|9.2|20|34|1.1|1.8|0|21|0.0|2.3|32196|8580|45215|4072|37179|15582|2710|511|2450|514|90.4|7.0|1305|431|48.2|12.6|1220|442|45.0|14.4|260|193|9.6|7.0|2710|511|1960|385|1820|348|1700|356|93.4|6.7|1015|320|55.8|13.2|730|302|40.1|14.9|120|121|6.6|6.6|140|109|100|79|71.4|34.3|0|21|0.0|25.7|100|79|71.4|34.3|40|63|28.6|33.3|745|264|650|258|87.2|12.7|295|175|39.6|21.1|390|226|52.3|20.5|95|96|12.8|12.8|22.0|10.1|22.0|10.1|22.0|10.1|-|**
9500000US0632310|Rescue Union Elementary School District, CA|0632310|2019-2023|205|4050|626|3235|531|79.9|4.7|3235|531|79.9|4.7|3105|512|76.7|4.5|130|91|3.2|2.2|0|29|0.0|1.0|815|232|20.1|4.7|3235|531|4.0|2.7|2190|353|1460|301|66.7|8.6|1460|301|66.7|8.6|1425|301|65.1|8.8|3080|516|2040|465|66.2|8.1|210|95|6.8|3.0|0|29|0.0|1.4|30|47|1.0|1.6|70|85|2.3|2.7|725|220|23.5|6.7|32.5|5.3|3105|512|2000|364|64.4|7.4|265|121|8.5|3.7|510|206|16.4|6.2|170|113|5.5|3.3|155|134|5.0|4.0|3105|512|30|45|1.0|1.4|305|137|9.8|3.9|265|124|8.5|4.1|80|53|2.6|1.7|160|99|5.2|3.1|205|146|6.6|4.4|45|37|1.4|1.2|195|124|6.3|3.8|480|227|15.5|6.7|800|226|25.8|6.1|140|100|4.5|3.1|190|134|6.1|4.1|195|93|6.3|3.1|3105|512|2460|474|79.2|6.4|455|166|14.7|5.1|170|103|5.5|3.2|20|26|0.6|0.8|105457|18442|152356|38996|79600|15193|4050|626|3850|613|95.1|3.7|3595|572|88.8|4.7|355|177|8.8|4.1|200|156|4.9|3.7|4005|624|3220|532|3090|513|2975|502|96.3|2.7|2810|463|90.9|4.5|200|140|6.5|4.2|115|87|3.7|2.7|130|91|120|84|92.3|13.3|110|79|84.6|24.1|40|46|30.8|27.7|10|18|7.7|11.8|785|229|710|232|90.4|9.6|650|217|82.8|10.2|75|54|9.6|6.5|75|77|9.6|9.6|1.5|1.7|1.5|1.7|1.5|1.7|0.0|50.6
9700000US0632370|Rialto Unified School District, CA|0632370|2019-2023|205|21790|1228|16590|984|76.1|2.6|16540|984|75.9|2.6|15525|980|71.2|2.5|1015|301|4.7|1.4|55|84|0.3|0.4|5200|687|23.9|2.6|16540|984|6.1|1.8|11840|676|7355|562|62.1|4.4|7355|562|62.1|4.4|6820|501|57.6|3.8|14880|973|11720|914|78.8|3.1|1910|337|12.8|2.2|165|77|1.1|0.5|25|25|0.2|0.2|70|61|0.5|0.4|985|247|6.6|1.6|33.7|2.7|15525|980|3010|452|19.4|2.7|2250|346|14.5|2.0|3200|481|20.6|2.7|2745|419|17.7|2.5|4320|524|27.8|2.9|15525|980|140|81|0.9|0.5|2240|376|14.4|2.2|1665|368|10.7|2.3|800|239|5.2|1.5|1515|326|9.8|2.0|2695|377|17.4|2.2|80|59|0.5|0.4|640|189|4.1|1.2|1040|238|6.7|1.6|2245|392|14.5|2.2|975|273|6.3|1.7|690|198|4.4|1.3|800|260|5.2|1.6|15525|980|12225|831|78.7|2.7|2285|441|14.7|2.5|970|232|6.2|1.5|40|47|0.3|0.3|47575|2428|60957|2203|47121|3965|21740|1232|18440|1138|84.8|2.8|12860|964|59.2|3.6|6555|766|30.2|2.9|3300|655|15.2|2.8|21680|1224|16520|986|15505|980|13350|974|86.1|2.8|10690|880|68.9|3.6|3195|494|20.6|2.8|2150|445|13.9|2.8|1015|301|915|289|90.1|7.8|495|224|48.8|13.9|575|242|56.7|13.6|100|81|9.9|7.8|5165|676|4115|611|79.7|5.4|1655|332|32.0|5.5|2725|556|52.8|6.8|1050|307|20.3|5.4|14.5|3.1|14.5|3.1|14.6|3.1|7.3|32.1
9500000US0621450|Richland Union School District, CA|0621450|2019-2023|205|2570|375|2150|356|83.7|5.5|2150|356|83.7|5.5|2045|347|79.6|5.3|105|64|4.1|2.5|0|25|0.0|1.6|420|147|16.3|5.5|2150|356|4.9|2.9|1390|190|1005|200|72.3|9.8|1005|200|72.3|9.8|900|195|64.7|9.7|1985|348|1755|337|88.4|5.5|100|61|5.0|3.1|0|25|0.0|2.1|15|28|0.8|1.4|35|42|1.8|2.1|80|83|4.0|4.2|23.0|3.9|2045|347|460|183|22.5|7.4|420|161|20.5|6.4|315|157|15.4|7.1|400|138|19.6|6.7|445|149|21.8|7.2|2045|347|430|151|21.0|6.6|120|78|5.9|3.9|160|103|7.8|5.1|95|72|4.6|3.5|110|80|5.4|3.8|100|79|4.9|3.7|0|25|0.0|2.1|4|13|0.2|0.6|190|115|9.3|5.3|505|165|24.7|6.3|70|68|3.4|3.3|80|75|3.9|3.7|180|136|8.8|6.0|2045|347|1600|296|78.2|8.0|335|156|16.4|6.5|100|93|4.9|4.5|4|10|0.2|0.5|44136|7732|70625|7223|30962|23033|2570|375|2370|368|92.2|4.2|1520|337|59.1|8.8|870|246|33.9|8.8|200|108|7.8|4.1|2570|375|2150|356|2045|347|1910|342|93.4|4.4|1375|314|67.2|8.6|555|185|27.1|8.6|135|93|6.6|4.4|105|64|105|64|100.0|32.0|20|24|19.0|23.4|85|58|81.0|23.3|0|25|0.0|32.0|420|147|355|140|84.5|12.5|125|78|29.8|17.1|230|127|54.8|19.8|70|51|16.7|11.7|27.0|7.5|27.0|7.5|27.0|7.5|-|**
9700000US0632610|Rim of the World Unified School District, CA|0632610|2019-2023|205|2780|643|2065|526|74.3|6.5|2065|526|74.3|6.5|1925|524|69.2|7.8|140|83|5.0|3.0|0|25|0.0|1.5|720|232|25.9|6.5|2065|526|6.8|4.3|1330|287|775|212|58.3|11.1|775|212|58.3|11.1|740|210|55.6|11.3|1925|524|1480|433|76.9|9.8|55|86|2.9|4.5|0|25|0.0|2.2|70|67|3.6|3.2|0|25|0.0|2.2|315|182|16.4|8.3|34.8|7.5|1925|524|975|341|50.6|10.2|245|132|12.7|5.6|240|125|12.5|6.4|290|137|15.1|5.5|170|104|8.8|5.0|1925|524|0|25|0.0|2.2|450|257|23.4|10.2|95|91|4.9|4.2|0|25|0.0|2.2|240|157|12.5|7.1|85|71|4.4|3.7|20|37|1.0|1.9|130|99|6.8|4.8|320|169|16.6|8.4|295|130|15.3|6.8|80|54|4.2|3.0|145|85|7.5|4.0|60|59|3.1|2.9|1925|524|1270|379|66.0|10.0|210|117|10.9|5.5|440|229|22.9|9.5|0|25|0.0|2.2|54514|15768|71627|14980|53203|28017|2780|643|2590|642|93.2|3.7|1635|514|58.8|10.1|1055|327|37.9|9.2|190|95|6.8|3.7|2740|638|2040|521|1900|517|1810|521|95.3|3.0|1405|471|73.9|8.1|450|152|23.7|7.6|90|48|4.7|3.0|140|83|70|68|50.0|33.0|0|25|0.0|25.7|70|68|50.0|33.0|70|56|50.0|34.7|700|226|670|220|95.7|4.3|190|99|27.1|12.3|515|195|73.6|11.4|30|31|4.3|4.3|16.2|6.2|16.2|6.2|16.4|6.2|0.0|53.6
9500000US0632640|Rincon Valley Union Elementary School District, CA|0632640|2019-2023|205|3195|660|2715|626|85.0|4.8|2690|627|84.2|5.0|2605|626|81.5|5.5|90|70|2.8|2.3|20|32|0.6|1.0|480|151|15.0|4.8|2690|627|3.3|2.7|1645|346|1225|336|74.5|9.2|1225|336|74.5|9.2|1170|328|71.1|9.3|2600|618|1855|419|71.3|7.4|230|154|8.8|5.1|0|29|0.0|1.6|55|71|2.1|2.7|150|116|5.8|3.9|310|155|11.9|4.8|27.4|6.5|2605|626|1440|442|55.3|8.9|480|186|18.4|4.8|295|125|11.3|4.8|350|195|13.4|7.2|45|69|1.7|2.6|2605|626|0|29|0.0|1.6|360|187|13.8|6.9|365|247|14.0|7.6|55|56|2.1|2.0|110|60|4.2|2.5|100|91|3.8|3.6|15|24|0.6|1.0|135|96|5.2|3.5|355|166|13.6|5.0|560|179|21.5|6.0|180|105|6.9|3.8|210|124|8.1|3.8|165|65|6.3|2.8|2605|626|2005|511|77.0|5.7|370|134|14.2|4.7|220|111|8.4|3.2|4|18|0.2|0.7|86218|13244|145045|34963|115188|50016|3175|658|2965|596|93.4|5.1|2555|573|80.5|7.9|540|225|17.0|6.7|210|176|6.6|5.0|3135|660|2670|627|2585|626|2435|594|94.2|4.4|2200|573|85.1|7.1|340|194|13.2|7.1|145|121|5.6|4.4|90|70|65|49|72.2|40.7|65|49|72.2|40.7|4|16|4.4|20.0|20|50|22.2|40.5|465|151|425|123|91.4|12.7|260|84|55.9|20.3|175|105|37.6|16.4|40|67|8.6|12.8|4.5|3.0|4.5|3.0|4.6|3.0|0.0|53.6
9500000US0632710|Rio Bravo-Greeley Union Elementary School District, CA|0632710|2019-2023|205|785|310|565|236|72.0|9.9|565|236|72.0|9.9|560|235|71.3|9.9|10|14|1.3|1.9|0|19|0.0|5.3|220|119|28.0|9.9|565|236|1.8|2.6|400|161|185|108|46.3|19.2|185|108|46.3|19.2|185|108|46.3|19.2|560|235|475|214|84.8|9.7|0|19|0.0|7.3|0|19|0.0|7.3|0|19|0.0|7.3|0|19|0.0|7.3|85|58|15.2|9.5|35.5|19.4|560|235|160|99|28.6|13.7|65|75|11.6|10.8|170|111|30.4|17.4|95|70|17.0|10.5|70|69|12.5|11.8|560|235|55|57|9.8|9.3|115|97|20.5|13.3|0|19|0.0|7.3|50|47|8.9|8.6|50|47|8.9|7.4|80|68|14.3|11.1|10|16|1.8|3.0|0|19|0.0|7.3|0|19|0.0|7.3|125|86|22.3|14.9|0|19|0.0|7.3|55|56|9.8|8.6|25|34|4.5|5.5|560|235|455|192|81.3|10.7|60|43|10.7|7.3|45|57|8.0|8.8|0|19|0.0|7.3|69758|35903|88700|32089|68589|27245|785|310|770|307|98.1|3.0|550|270|70.1|18.5|220|170|28.0|18.6|15|24|1.9|3.1|785|310|565|236|560|235|545|232|97.3|4.3|360|182|64.3|22.1|180|155|32.1|22.1|15|24|2.7|4.3|10|14|10|14|100.0|100.0|10|14|100.0|100.0|0|19|0.0|100.0|0|19|0.0|100.0|220|119|220|119|100.0|17.5|180|116|81.8|17.4|40|35|18.2|16.8|0|19|0.0|17.5|17.2|15.7|17.2|15.7|17.2|15.7|-|**
9500000US0632760|Rio Elementary School District, CA|0632760|2019-2023|205|4500|727|4040|691|89.8|4.2|4040|691|89.8|4.2|3770|700|83.8|5.0|270|133|6.0|3.1|0|29|0.0|0.9|460|197|10.2|4.2|4040|691|6.7|3.4|2575|386|2130|352|82.7|7.0|2130|352|82.7|7.0|1960|347|76.1|7.6|3550|684|3005|629|84.6|4.9|250|146|7.0|4.1|0|29|0.0|1.2|25|33|0.7|1.0|50|49|1.4|1.4|220|118|6.2|3.0|24.7|2.0|3770|700|1310|338|34.7|7.9|585|206|15.5|5.3|725|230|19.2|5.5|515|216|13.7|4.8|630|302|16.7|6.2|3770|700|285|151|7.6|3.7|305|174|8.1|4.0|460|203|12.2|4.4|120|94|3.2|2.4|300|174|8.0|4.1|330|249|8.8|6.1|55|50|1.5|1.4|85|56|2.3|1.5|490|172|13.0|4.5|830|254|22.0|6.7|240|125|6.4|3.3|220|117|5.8|3.0|50|53|1.3|1.4|3770|700|3125|652|82.9|5.6|470|180|12.5|4.7|170|122|4.5|3.1|4|15|0.1|0.4|46801|11901|62961|21867|59364|13614|4500|727|3625|625|80.6|6.3|2805|609|62.3|8.3|935|280|20.8|6.1|875|330|19.4|6.3|4475|727|4020|691|3745|700|3120|621|83.3|6.1|2640|600|70.5|9.0|595|237|15.9|5.8|625|260|16.7|6.1|270|133|180|117|66.7|21.4|25|43|9.3|15.7|155|110|57.4|25.6|90|62|33.3|21.2|460|197|300|171|65.2|20.6|140|82|30.4|18.6|160|150|34.8|23.9|160|107|34.8|20.6|12.6|5.7|12.6|5.7|12.6|5.7|0.0|67.8
9700000US0632880|Ripon Unified School District, CA|0632880|2019-2023|205|3705|667|3125|566|84.3|4.5|3085|564|83.3|4.9|3045|560|82.2|4.9|40|38|1.1|1.0|40|48|1.1|1.3|585|210|15.8|4.5|3085|564|1.3|1.2|1980|359|1495|321|75.5|9.2|1495|321|75.5|9.2|1455|314|73.5|9.2|2890|560|2555|550|88.4|4.7|125|77|4.3|2.7|15|25|0.5|0.9|0|25|0.0|1.5|50|50|1.7|1.7|145|70|5.0|2.5|31.6|5.9|3045|560|1125|274|36.9|7.4|705|213|23.2|6.1|665|223|21.8|5.7|335|226|11.0|7.0|215|118|7.1|3.5|3045|560|170|203|5.6|6.5|225|119|7.4|3.8|260|140|8.5|4.5|110|86|3.6|2.7|215|108|7.1|3.6|55|53|1.8|1.7|0|25|0.0|1.4|230|126|7.6|3.9|275|136|9.0|4.0|740|231|24.3|5.9|195|164|6.4|5.0|110|78|3.6|2.7|465|155|15.3|5.1|3045|560|2130|511|70.0|6.8|750|208|24.6|6.6|165|85|5.4|2.9|0|25|0.0|1.4|64447|11297|84365|26686|72885|23778|3665|662|3450|656|94.1|3.3|3130|664|85.4|5.7|455|182|12.4|5.0|220|117|6.0|3.3|3655|666|3075|567|3035|562|2840|556|93.6|3.8|2595|539|85.5|5.6|370|172|12.2|5.4|195|113|6.4|3.8|40|38|20|26|50.0|50.0|20|26|50.0|50.0|0|25|0.0|53.6|15|30|37.5|62.5|585|210|575|212|98.3|2.6|515|211|88.0|10.9|75|64|12.8|11.6|4|13|0.7|2.3|8.9|8.9|8.9|8.9|8.9|8.9|0.0|100.0
9700000US0633110|River Delta Joint Unified School District, CA|0633110|2019-2023|205|1705|495|1460|458|85.6|7.3|1460|458|85.6|7.3|1325|357|77.7|8.2|135|163|7.9|8.4|0|21|0.0|2.5|245|130|14.4|7.2|1460|458|9.2|9.5|820|255|625|226|76.2|12.2|625|226|76.2|12.2|520|168|63.4|16.7|1290|342|920|294|71.3|10.6|220|122|17.1|9.1|0|21|0.0|3.2|40|59|3.1|4.5|0|21|0.0|3.2|110|88|8.5|6.7|29.3|5.2|1325|357|335|147|25.3|11.5|210|140|15.8|10.1|85|91|6.4|6.7|545|261|41.1|12.2|155|80|11.7|6.2|1325|357|210|157|15.8|10.4|280|194|21.1|11.9|130|80|9.8|6.0|0|21|0.0|3.2|35|60|2.6|4.5|65|61|4.9|5.0|0|21|0.0|3.2|60|57|4.5|4.2|300|130|22.6|8.9|110|73|8.3|5.6|95|78|7.2|5.7|20|31|1.5|2.3|20|28|1.5|2.2|1325|357|1200|341|90.6|5.5|90|57|6.8|4.6|35|46|2.6|3.3|0|21|0.0|3.2|48281|17185|54826|23120|79536|59008|1705|495|1495|462|87.7|8.3|1035|288|60.7|16.8|570|368|33.4|15.8|210|149|12.3|8.3|1705|495|1460|458|1325|357|1145|320|86.4|9.5|880|249|66.4|15.2|350|205|26.4|12.4|180|139|13.6|9.6|135|163|135|163|100.0|26.5|30|48|22.2|46.5|105|152|77.8|46.7|0|21|0.0|26.5|245|130|215|120|87.8|17.3|125|76|51.0|22.7|120|102|49.0|27.7|30|43|12.2|16.6|14.7|11.5|14.7|11.5|14.7|11.5|-|**
9700000US0600061|Riverbank Unified School District, CA|0600061|2019-2023|205|3200|428|2505|385|78.3|4.8|2505|385|78.3|4.8|2325|385|72.7|5.6|185|103|5.8|3.2|0|21|0.0|1.3|695|170|21.7|4.8|2505|385|7.4|4.1|1815|270|1225|271|67.5|8.5|1225|271|67.5|8.5|1145|260|63.1|8.5|2305|379|2040|361|88.5|5.3|165|104|7.2|4.3|0|21|0.0|1.8|65|57|2.8|2.5|15|18|0.7|0.8|20|20|0.9|0.9|29.7|4.5|2325|385|675|233|29.0|8.1|350|139|15.1|5.5|405|195|17.4|7.7|410|134|17.6|5.2|485|160|20.9|6.7|2325|385|185|112|8.0|4.7|180|86|7.7|3.5|490|166|21.1|6.7|75|65|3.2|2.8|150|65|6.5|2.7|80|56|3.4|2.4|20|30|0.9|1.3|70|61|3.0|2.7|100|71|4.3|3.1|605|258|26.0|8.6|115|101|4.9|4.2|90|55|3.9|2.4|160|104|6.9|4.5|2325|385|1795|356|77.2|6.3|370|138|15.9|5.8|150|75|6.5|3.2|10|14|0.4|0.6|46375|12427|71189|10083|58056|34534|3200|428|2805|419|87.7|5.0|1895|379|59.2|7.7|1035|235|32.3|6.7|395|161|12.3|4.9|3185|425|2505|385|2325|385|2065|375|88.8|5.0|1515|347|65.2|8.7|670|203|28.8|8.0|260|118|11.2|5.0|185|103|135|81|73.0|23.2|30|30|16.2|18.6|105|81|56.8|29.0|45|49|24.3|21.6|680|167|590|161|86.8|9.8|350|138|51.5|14.7|250|105|36.8|14.1|90|69|13.2|9.9|13.9|5.5|13.9|5.5|14.0|5.6|0.0|87.6
9600000US0699003|Riverdale Joint Unified School District (9-12), CA|0699003|2019-2023|205|115|53|85|40|73.9|14.8|85|40|73.9|14.8|85|40|73.9|14.8|0|14|0.0|30.0|0|14|0.0|30.0|30|23|26.1|14.2|85|40|0.0|36.7|50|30|20|21|40.0|34.1|20|21|40.0|34.1|20|21|40.0|34.1|85|40|65|34|76.5|17.8|4|10|4.7|11.0|0|14|0.0|36.7|15|15|17.6|16.4|0|14|0.0|36.7|0|14|0.0|36.7|15.3|8.0|85|40|10|15|11.8|16.5|0|14|0.0|36.7|4|14|4.7|2.3|55|33|64.7|21.8|15|18|17.6|18.4|85|40|65|36|76.5|19.9|4|5|4.7|6.2|10|14|11.8|16.1|4|8|4.7|8.5|0|14|0.0|36.7|0|14|0.0|36.7|0|14|0.0|36.7|4|14|4.7|2.3|0|14|0.0|36.7|0|14|0.0|36.7|0|14|0.0|36.7|0|14|0.0|36.7|0|14|0.0|36.7|85|40|75|40|88.2|18.0|0|14|0.0|36.7|10|15|11.8|17.0|0|14|0.0|36.7|35208|5488|38750|6016|25000|4467|115|53|90|45|78.3|15.9|60|38|52.2|21.5|35|27|30.4|19.9|25|22|21.7|15.4|115|53|85|40|85|40|70|34|82.4|20.5|45|26|52.9|20.5|25|23|29.4|22.5|15|22|17.6|21.8|0|14|0|14|-|**|0|14|-|**|0|14|-|**|0|14|-|**|30|23|25|22|83.3|37.3|15|21|50.0|50.0|10|14|33.3|47.5|4|12|13.3|38.2|13.0|14.9|13.0|14.9|13.0|14.9|-|**
9700000US0600040|Riverdale Joint Unified School District, CA|0600040|2019-2023|205|1000|373|675|200|67.5|17.1|665|199|66.5|16.9|615|185|61.5|16.4|55|56|5.5|5.4|10|15|1.0|1.5|325|257|32.5|17.1|665|199|8.3|7.7|670|295|400|136|59.7|24.0|400|136|59.7|24.0|360|122|53.7|22.0|620|186|550|154|88.7|8.6|55|61|8.9|8.5|0|19|0.0|6.6|4|9|0.6|1.5|0|19|0.0|6.6|10|15|1.6|2.4|33.3|8.0|615|185|75|47|12.2|7.7|190|119|30.9|15.0|35|28|5.7|5.0|95|72|15.4|11.6|220|110|35.8|12.9|615|185|135|79|22.0|13.5|30|45|4.9|7.5|115|84|18.7|12.7|15|28|2.4|4.4|45|41|7.3|6.7|85|74|13.8|11.0|10|15|1.6|2.5|15|25|2.4|4.2|30|47|4.9|7.4|90|74|14.6|10.5|10|15|1.6|2.4|10|15|1.6|2.6|25|39|4.1|6.0|615|185|500|141|81.3|14.7|75|67|12.2|8.6|35|49|5.7|7.5|0|19|0.0|6.7|37150|10231|61795|8359|40690|13647|990|370|855|351|86.4|10.9|580|326|58.6|18.4|455|284|46.0|17.8|135|113|13.6|11.1|990|370|665|199|615|185|545|177|88.6|9.3|390|171|63.4|18.1|175|109|28.5|17.3|65|58|10.6|9.0|55|56|45|56|81.8|31.8|0|19|0.0|45.7|45|56|81.8|31.8|4|17|7.3|38.6|325|257|260|247|80.0|24.1|190|236|58.5|39.4|230|244|70.8|31.8|65|60|20.0|24.0|16.0|13.1|16.0|13.1|16.0|13.1|-|**
9700000US0633150|Riverside Unified School District, CA|0633150|2019-2023|205|34620|1487|28960|1337|83.7|1.7|28945|1338|83.6|1.7|27765|1332|80.2|1.7|1180|311|3.4|0.9|15|24|0.0|0.1|5660|654|16.3|1.7|28945|1338|4.1|1.1|18955|988|14195|932|74.9|2.9|14195|932|74.9|2.9|13485|888|71.1|2.8|26830|1253|20100|1126|74.9|2.8|2920|530|10.9|1.8|335|146|1.2|0.5|120|64|0.4|0.2|290|124|1.1|0.5|3065|589|11.4|2.1|33.7|1.5|27765|1332|11015|792|39.7|2.1|4040|571|14.6|1.9|5160|596|18.6|1.8|2570|414|9.3|1.5|4975|528|17.9|1.8|27765|1332|110|74|0.4|0.3|2845|561|10.2|2.0|3075|532|11.1|1.9|940|299|3.4|1.1|2660|424|9.6|1.4|2280|422|8.2|1.5|455|153|1.6|0.6|1170|319|4.2|1.1|2320|446|8.4|1.5|7305|754|26.3|2.3|1350|315|4.9|1.1|1470|384|5.3|1.3|1785|429|6.4|1.5|27765|1332|20275|1253|73.0|2.5|5460|643|19.7|2.2|2020|421|7.3|1.5|10|14|0.0|0.1|55427|2489|73856|4967|60479|4855|34610|1490|31045|1499|89.7|2.0|25030|1412|72.3|2.7|7480|819|21.6|2.1|3565|706|10.3|2.0|34310|1484|28795|1348|27615|1342|25060|1358|90.7|1.9|21350|1271|77.3|2.5|4790|620|17.3|2.0|2550|544|9.2|1.9|1180|311|975|255|82.6|10.8|480|183|40.7|15.4|555|217|47.0|12.9|205|151|17.4|11.0|5515|635|4735|593|85.9|4.3|3055|505|55.4|6.2|1875|380|34.0|5.6|780|253|14.1|4.3|8.5|1.4|8.5|1.4|8.5|1.4|5.5|9.2
9500000US0633240|Robla Elementary School District, CA|0633240|2019-2023|205|2695|627|2205|564|81.8|5.1|2205|564|81.8|5.1|1945|523|72.2|7.9|265|195|9.8|6.9|0|25|0.0|1.6|490|152|18.2|5.1|2205|564|12.0|8.3|1535|390|1120|365|73.0|10.2|1120|365|73.0|10.2|900|304|58.6|12.6|1865|531|1610|535|86.3|8.5|155|110|8.3|6.2|0|25|0.0|2.3|0|25|0.0|2.3|0|25|0.0|2.3|105|89|5.6|5.0|25.0|2.3|1945|523|310|166|15.9|8.4|440|209|22.6|9.7|575|356|29.6|13.9|355|173|18.3|8.3|265|124|13.6|6.2|1945|523|10|18|0.5|0.9|225|140|11.6|6.7|210|134|10.8|6.3|35|50|1.8|2.6|125|89|6.4|5.1|180|176|9.3|7.6|60|67|3.1|3.5|65|94|3.3|4.6|205|124|10.5|5.8|405|222|20.8|8.2|150|109|7.7|5.8|175|98|9.0|5.1|95|63|4.9|3.4|1945|523|1550|523|79.7|8.9|225|110|11.6|6.4|155|87|8.0|4.8|10|19|0.5|1.0|38268|8141|52484|12284|44958|7863|2695|627|2350|605|87.2|8.3|1495|552|55.5|12.2|880|291|32.7|10.7|345|231|12.8|8.2|2695|627|2205|564|1945|523|1850|528|95.1|4.2|1315|508|67.6|12.4|540|213|27.8|11.3|90|75|4.6|4.2|265|195|145|113|54.7|47.3|15|37|5.7|15.5|145|113|54.7|47.3|120|177|45.3|47.7|490|152|355|151|72.4|17.8|160|104|32.7|19.2|190|123|38.8|19.7|135|89|27.6|17.8|23.2|13.6|23.2|13.6|23.2|13.6|-|**
9700000US0600013|Rocklin Unified School District, CA|0600013|2019-2023|205|12980|696|10955|685|84.4|2.2|10890|682|83.9|2.2|10590|681|81.6|2.2|300|126|2.3|1.0|65|49|0.5|0.4|2025|292|15.6|2.2|10890|682|2.8|1.1|6515|363|4930|383|75.7|3.9|4900|379|75.2|3.8|4740|377|72.8|3.8|10480|679|7330|580|69.9|3.2|785|238|7.5|2.1|85|80|0.8|0.7|10|15|0.1|0.1|100|69|1.0|0.7|2170|348|20.7|3.3|29.4|2.4|10590|681|6360|640|60.1|4.2|1325|304|12.5|2.8|1780|260|16.8|2.4|530|181|5.0|1.6|595|206|5.6|1.9|10590|681|55|51|0.5|0.5|775|225|7.3|2.1|545|154|5.1|1.5|220|93|2.1|0.9|500|164|4.7|1.6|690|172|6.5|1.5|225|114|2.1|1.1|910|250|8.6|2.4|1860|349|17.6|2.9|2855|408|27.0|3.1|455|158|4.3|1.5|450|174|4.2|1.6|1055|274|10.0|2.5|10590|681|7575|572|71.5|3.3|2120|388|20.0|3.4|895|263|8.5|2.4|0|32|0.0|0.4|93405|6243|128188|6437|95198|7474|12915|693|12315|676|95.4|2.0|11570|695|89.6|2.3|1290|283|10.0|2.3|600|258|4.6|1.9|12870|686|10845|673|10545|672|10120|635|96.0|1.9|9665|644|91.7|2.0|775|205|7.3|2.0|420|205|4.0|1.9|300|126|295|125|98.3|6.0|225|116|75.0|19.7|105|76|35.0|23.2|10|16|3.3|5.4|2025|292|1855|294|91.6|4.4|1630|284|80.5|6.5|365|145|18.0|6.8|170|88|8.4|4.3|3.2|1.5|3.2|1.5|3.2|1.5|0.0|50.6
9500000US0633390|Romoland Elementary School District, CA|0633390|2019-2023|205|5530|910|4300|765|77.8|4.8|4265|765|77.1|4.9|4110|734|74.3|4.8|155|110|2.8|1.9|35|34|0.6|0.6|1230|321|22.2|4.8|4265|765|3.6|2.5|2855|488|1895|423|66.4|7.3|1895|423|66.4|7.3|1800|401|63.0|7.5|4055|719|3405|694|84.0|5.5|355|152|8.8|3.7|0|29|0.0|1.0|0|29|0.0|1.0|0|29|0.0|1.0|295|153|7.3|3.8|37.8|2.8|4110|734|1640|496|39.9|9.0|635|316|15.5|6.9|965|318|23.5|6.8|360|167|8.8|4.2|510|187|12.4|4.4|4110|734|10|21|0.2|0.5|395|174|9.6|4.5|160|125|3.9|3.0|280|137|6.8|3.1|725|268|17.6|6.0|250|152|6.1|3.6|65|102|1.6|2.5|210|125|5.1|2.9|375|197|9.1|4.1|1210|429|29.4|9.0|235|278|5.7|6.7|60|71|1.5|1.7|135|81|3.3|2.1|4110|734|3035|550|73.8|7.7|730|345|17.8|7.2|345|192|8.4|4.3|0|29|0.0|1.0|52288|7885|68255|17173|54286|30749|5495|908|5225|875|95.1|3.1|4040|788|73.5|7.2|1570|469|28.6|7.2|270|172|4.9|3.1|5435|900|4210|755|4055|726|3870|705|95.4|3.7|3185|656|78.5|7.0|880|308|21.7|7.3|185|152|4.6|3.7|155|110|135|106|87.1|21.8|25|30|16.1|18.6|110|97|71.0|27.7|15|33|9.7|23.6|1225|322|1155|308|94.3|5.6|770|271|62.9|13.2|570|263|46.5|13.8|70|69|5.7|5.5|8.3|4.1|8.3|4.1|8.2|4.1|6.7|41.5
9500000US0633480|Rosedale Union Elementary School District, CA|0633480|2019-2023|205|5895|925|4830|883|81.9|4.4|4830|883|81.9|4.4|4700|856|79.7|4.5|135|81|2.3|1.3|0|29|0.0|0.7|1060|253|18.0|4.4|4830|883|2.8|1.6|3300|539|2360|540|71.5|7.5|2360|540|71.5|7.5|2255|517|68.3|7.4|4610|847|4100|813|88.9|3.6|175|94|3.8|2.1|0|29|0.0|0.9|0|29|0.0|0.9|10|15|0.2|0.3|325|141|7.0|3.0|28.0|4.6|4700|856|2205|448|46.9|8.8|680|231|14.5|4.9|1020|410|21.7|6.9|560|352|11.9|6.1|235|119|5.0|2.5|4700|856|350|147|7.4|3.0|145|81|3.1|1.8|230|155|4.9|3.2|0|29|0.0|0.9|390|165|8.3|3.6|250|134|5.3|2.7|10|17|0.2|0.3|105|67|2.2|1.4|530|250|11.3|5.1|1610|476|34.3|7.0|200|127|4.3|2.6|335|294|7.1|5.6|540|178|11.5|3.5|4700|856|3220|786|68.5|7.4|1140|309|24.3|6.3|340|202|7.2|4.4|0|29|0.0|0.9|71356|13419|106509|20083|64688|22788|5895|925|5745|930|97.5|1.9|5130|954|87.0|4.9|930|290|15.8|5.4|145|104|2.5|1.8|5890|927|4830|880|4700|854|4650|853|98.9|1.2|4185|875|89.0|5.1|755|289|16.1|6.5|45|56|1.0|1.2|135|81|110|70|81.5|26.2|60|53|44.4|30.1|50|43|37.0|27.2|25|37|18.5|25.3|1060|253|985|245|92.9|8.8|885|229|83.5|11.0|125|81|11.8|6.9|75|95|7.1|8.8|8.7|4.3|8.7|4.3|8.7|4.3|0.0|100.0
9500000US0633510|Roseland School District, CA|0633510|2019-2023|205|1470|303|1250|267|85.0|8.8|1250|267|85.0|8.8|1140|245|77.6|8.9|110|76|7.5|4.8|0|21|0.0|2.8|220|142|15.0|8.8|1250|267|8.8|5.4|775|164|635|146|81.9|8.2|635|146|81.9|8.2|530|127|68.4|10.1|1095|239|705|221|64.4|12.4|290|144|26.5|12.6|30|34|2.7|3.2|0|21|0.0|3.8|0|21|0.0|3.8|70|61|6.4|5.3|26.6|4.2|1140|245|265|107|23.2|8.1|340|141|29.8|12.3|160|95|14.0|7.5|185|110|16.2|9.6|190|120|16.7|8.7|1140|245|65|95|5.7|8.3|130|82|11.4|7.0|115|78|10.1|6.6|20|33|1.8|3.0|70|66|6.1|5.3|4|15|0.4|1.3|30|44|2.6|3.7|15|18|1.3|1.6|250|113|21.9|8.2|250|121|21.9|9.2|40|42|3.5|3.6|80|63|7.0|5.6|75|70|6.6|6.0|1140|245|925|240|81.1|8.3|100|70|8.8|5.9|115|61|10.1|5.4|0|21|0.0|3.7|43852|5660|61111|24344|47214|10283|1470|303|1165|293|79.3|10.6|815|256|55.4|13.3|375|176|25.5|10.7|305|165|20.7|10.6|1470|303|1250|267|1140|245|950|259|83.3|9.7|750|246|65.8|13.2|200|124|17.5|10.6|190|107|16.7|9.8|110|76|110|76|100.0|31.0|20|25|18.2|22.9|90|72|81.8|24.0|0|21|0.0|31.0|220|142|105|63|47.7|34.7|40|38|18.2|20.1|90|57|40.9|30.7|115|131|52.3|34.6|11.6|8.7|11.6|8.7|11.6|8.7|-|**
9500000US0633570|Rosemead Elementary School District, CA|0633570|2019-2023|205|2050|321|1740|264|84.9|4.9|1740|264|84.9|4.9|1655|254|80.7|5.0|85|66|4.1|3.1|0|25|0.0|2.0|310|121|15.1|4.8|1740|264|4.9|3.6|1130|175|825|142|73.0|8.9|825|142|73.0|8.9|775|138|68.6|9.2|1625|247|1270|218|78.2|6.5|215|99|13.2|5.7|10|22|0.6|1.3|15|30|0.9|1.8|15|18|0.9|1.1|90|56|5.5|3.3|32.2|3.9|1655|254|625|166|37.8|8.7|305|120|18.4|6.6|395|152|23.9|7.4|45|37|2.7|2.2|285|104|17.2|6.3|1655|254|0|25|0.0|2.5|40|40|2.4|2.4|170|75|10.3|4.5|40|47|2.4|2.7|150|85|9.1|5.2|180|97|10.9|5.7|60|43|3.6|2.5|95|69|5.7|4.0|50|33|3.0|2.0|320|127|19.3|6.9|230|133|13.9|7.4|160|95|9.7|5.1|165|74|10.0|4.3|1655|254|1210|232|73.1|7.6|330|101|19.9|5.4|115|78|6.9|4.6|0|25|0.0|2.5|50853|6371|60194|4404|55160|12920|2050|321|1950|312|95.1|4.5|1625|304|79.3|6.9|350|124|17.1|5.8|105|93|5.1|4.5|2050|321|1740|264|1655|254|1580|251|95.5|4.7|1320|244|79.8|7.7|285|113|17.2|6.5|75|77|4.5|4.6|85|66|85|66|100.0|36.7|70|64|82.4|21.8|15|13|17.6|22.9|0|25|0.0|36.7|310|121|285|119|91.9|11.2|235|107|75.8|14.6|50|43|16.1|12.8|25|34|8.1|11.1|8.8|4.8|8.8|4.8|8.8|4.8|-|**
9500000US0633600|Roseville City Elementary School District, CA|0633600|2019-2023|205|14485|1047|12350|852|85.3|2.5|12285|852|84.8|2.5|11995|856|82.8|2.7|285|127|2.0|0.9|70|67|0.5|0.5|2135|438|14.7|2.5|12285|852|2.3|1.0|7265|584|5565|490|76.6|4.1|5565|490|76.6|4.1|5425|499|74.7|4.2|11805|854|7685|749|65.1|3.7|940|217|8.0|1.9|140|130|1.2|1.1|45|57|0.4|0.5|140|101|1.2|0.9|2855|473|24.2|3.5|31.6|2.4|11995|856|7575|700|63.2|3.8|1625|389|13.5|2.9|1765|328|14.7|2.8|560|213|4.7|1.7|470|174|3.9|1.4|11995|856|60|58|0.5|0.5|860|262|7.2|2.1|800|262|6.7|2.1|320|173|2.7|1.5|765|192|6.4|1.7|455|150|3.8|1.2|205|118|1.7|1.0|1020|242|8.5|1.9|1625|328|13.5|2.7|3490|488|29.1|3.4|665|280|5.5|2.2|500|186|4.2|1.5|1235|317|10.3|2.5|11995|856|8460|740|70.5|3.6|2765|471|23.1|3.5|760|216|6.3|1.8|15|25|0.1|0.2|90729|4004|115101|9226|91172|3094|14415|1045|14235|1018|98.8|1.1|13020|972|90.3|2.2|1795|380|12.5|2.4|180|168|1.2|1.1|14385|1035|12285|852|11995|856|11975|849|99.8|0.2|11135|818|92.8|2.0|1125|285|9.4|2.3|25|29|0.2|0.2|285|127|265|126|93.0|13.2|190|109|66.7|22.6|95|64|33.3|16.9|20|40|7.0|13.8|2100|436|1960|391|93.3|5.9|1665|330|79.3|8.6|540|248|25.7|9.2|140|135|6.7|5.9|4.5|2.0|4.5|2.0|4.5|2.0|0.0|61.9
9600000US0633630|Roseville Joint Union High School District, CA|0633630|2019-2023|205|13635|995|12010|932|88.1|2.2|12010|932|88.1|2.2|11780|919|86.4|2.4|225|103|1.7|0.7|0|32|0.0|0.3|1625|318|11.9|2.2|12010|932|1.9|0.8|7010|497|5835|484|83.2|3.6|5835|484|83.2|3.6|5720|485|81.6|3.8|11680|916|8520|762|72.9|3.7|670|240|5.7|1.9|115|87|1.0|0.7|10|29|0.1|0.2|110|71|0.9|0.6|2255|365|19.3|2.8|27.8|2.1|11780|919|6760|719|57.4|4.0|1665|335|14.1|2.5|1990|300|16.9|2.5|650|203|5.5|1.6|715|220|6.1|1.8|11780|919|30|37|0.3|0.3|995|271|8.4|2.1|805|243|6.8|1.9|295|175|2.5|1.5|710|246|6.0|2.0|600|209|5.1|1.7|170|90|1.4|0.8|920|222|7.8|2.0|1480|335|12.6|2.6|3480|448|29.5|3.0|755|229|6.4|1.8|620|231|5.3|1.9|920|209|7.8|1.8|11780|919|8410|816|71.4|3.3|2540|383|21.6|3.1|825|246|7.0|2.0|4|8|0.0|0.1|92215|3500|118651|5580|88821|7487|13635|995|13260|974|97.2|1.2|12260|1003|89.9|2.6|1375|369|10.1|2.7|375|168|2.8|1.2|13515|975|11945|938|11715|924|11445|917|97.7|1.1|10640|953|90.8|2.6|1040|317|8.9|2.8|270|133|2.3|1.1|225|103|225|103|100.0|17.1|200|97|88.9|13.5|25|30|11.1|13.7|0|32|0.0|17.1|1570|306|1470|301|93.6|4.5|1310|284|83.4|7.1|230|113|14.6|6.5|105|70|6.7|4.5|2.6|1.4|2.6|1.4|2.6|1.4|0.0|29.0
9500000US0633660|Ross Elementary School District, CA|0633660|2019-2023|205|350|147|275|132|78.6|11.1|275|132|78.6|11.1|260|132|74.3|14.3|15|23|4.3|6.5|0|14|0.0|11.4|75|42|21.4|10.7|275|132|5.5|8.6|180|78|120|68|66.7|18.9|120|68|66.7|18.9|120|68|66.7|18.9|260|132|160|111|61.5|21.5|0|14|0.0|15.0|20|27|7.7|10.0|20|34|7.7|11.8|4|2|1.5|1.2|55|42|21.2|17.4|33.4|4.2|260|132|200|111|76.9|10.9|4|8|1.5|3.0|45|34|17.3|12.4|0|14|0.0|15.0|10|22|3.8|7.5|260|132|0|14|0.0|15.0|0|14|0.0|15.0|10|22|3.8|7.5|0|14|0.0|15.0|0|14|0.0|15.0|0|14|0.0|15.0|25|27|9.6|10.3|65|48|25.0|16.0|85|61|32.7|15.3|70|56|26.9|12.6|4|8|1.5|3.0|0|14|0.0|15.0|0|14|0.0|15.0|260|132|180|84|69.2|14.1|50|50|19.2|13.0|30|29|11.5|9.9|0|14|0.0|15.0|180000|43638|250,000+|***|-|**|350|147|350|146|100.0|11.4|350|146|100.0|11.4|0|14|0.0|11.4|4|1|1.1|0.6|350|147|275|132|260|132|260|131|100.0|15.0|260|131|100.0|15.0|0|14|0.0|15.0|4|1|1.5|1.0|15|23|15|23|100.0|87.6|15|23|100.0|87.6|0|14|0.0|87.6|0|14|0.0|87.6|75|42|75|42|100.0|39.2|75|42|100.0|39.2|0|14|0.0|39.2|0|14|0.0|39.2|0.0|11.4|0.0|11.4|0.0|11.4|-|**
9500000US0600006|Ross Valley Elementary School District, CA|0600006|2019-2023|205|2055|370|1865|351|90.8|3.4|1865|351|90.8|3.4|1770|348|86.1|5.0|90|83|4.4|4.1|0|25|0.0|2.0|190|72|9.2|3.3|1865|351|4.8|4.5|1055|200|915|182|86.7|4.6|915|182|86.7|4.6|840|175|79.6|7.9|1720|349|870|204|50.6|7.8|80|49|4.7|2.8|20|30|1.2|1.7|130|130|7.6|7.2|15|21|0.9|1.2|605|221|35.2|11.0|32.0|8.9|1770|348|1350|337|76.3|8.5|65|41|3.7|2.3|225|94|12.7|5.4|100|82|5.6|4.6|35|33|2.0|2.0|1770|348|0|25|0.0|2.4|170|103|9.6|5.9|75|47|4.2|2.8|30|31|1.7|1.8|95|60|5.4|3.4|25|30|1.4|1.7|80|76|4.5|4.1|165|79|9.3|4.5|660|312|37.3|13.3|230|105|13.0|5.6|115|68|6.5|3.9|65|53|3.7|3.0|65|65|3.7|3.7|1770|348|1505|335|85.0|6.5|150|95|8.5|5.3|115|54|6.5|3.1|0|25|0.0|2.4|128606|42536|150899|32148|149509|38920|2055|370|2020|369|98.3|1.8|1875|376|91.2|5.5|175|93|8.5|4.7|35|38|1.7|1.9|2055|370|1865|351|1770|348|1735|346|98.0|2.1|1660|347|93.8|6.0|105|90|5.9|5.1|35|38|2.0|2.1|90|83|90|83|100.0|35.4|35|42|38.9|48.0|55|70|61.1|47.5|0|25|0.0|35.4|190|72|190|72|100.0|19.9|180|71|94.7|10.2|15|20|7.9|10.4|0|25|0.0|19.9|1.9|1.8|1.9|1.8|1.9|1.8|-|**
9700000US0633750|Rowland Unified School District, CA|0633750|2019-2023|205|12685|968|10220|855|80.6|2.3|10220|855|80.6|2.3|9820|856|77.4|2.5|400|125|3.2|1.0|0|32|0.0|0.3|2465|341|19.4|2.3|10220|855|3.9|1.3|6955|527|4975|488|71.5|3.6|4975|488|71.5|3.6|4760|478|68.4|3.5|9425|860|6890|696|73.1|3.6|1320|292|14.0|2.9|145|87|1.5|0.9|80|53|0.8|0.6|80|51|0.8|0.5|910|263|9.7|2.5|32.8|2.0|9820|856|3765|545|38.3|4.3|1495|357|15.2|3.3|1955|356|19.9|3.1|745|188|7.6|1.8|1855|262|18.9|2.4|9820|856|20|26|0.2|0.3|650|219|6.6|2.1|1170|243|11.9|2.4|750|212|7.6|2.2|815|271|8.3|2.6|860|208|8.8|2.1|210|93|2.1|0.9|750|238|7.6|2.3|830|200|8.5|2.0|1900|341|19.3|3.1|970|412|9.9|3.9|350|151|3.6|1.6|535|206|5.4|1.9|9820|856|7635|744|77.7|3.1|1540|319|15.7|2.9|635|216|6.5|2.2|4|18|0.0|0.2|49040|3424|66861|4510|50494|3575|12685|968|11420|958|90.0|2.4|8530|860|67.2|3.9|3380|534|26.6|3.8|1265|307|10.0|2.4|12580|963|10195|854|9800|855|8995|859|91.8|2.3|7110|770|72.6|4.3|2265|449|23.1|4.1|805|225|8.2|2.3|395|125|360|121|91.1|8.9|205|96|51.9|17.9|205|88|51.9|17.0|35|35|8.9|8.3|2385|323|1960|291|82.2|5.7|1190|231|49.9|6.1|810|177|34.0|6.7|425|151|17.8|5.7|10.4|2.8|10.4|2.8|10.3|2.8|19.0|30.1
9700000US0633840|Sacramento City Unified School District, CA|0633840|2019-2023|205|40780|1581|33735|1417|82.7|1.5|33615|1425|82.4|1.5|31750|1382|77.9|1.6|1865|335|4.6|0.8|120|115|0.3|0.3|7045|673|17.3|1.5|33615|1425|5.5|1.0|22820|956|17230|848|75.5|2.1|17230|848|75.5|2.1|15760|816|69.1|2.3|30900|1409|20135|1086|65.2|2.5|3695|493|12.0|1.5|405|167|1.3|0.5|375|154|1.2|0.5|680|163|2.2|0.5|5610|806|18.2|2.4|28.3|1.4|31750|1382|12540|989|39.5|2.3|5340|629|16.8|1.9|6115|639|19.3|1.9|3710|548|11.7|1.6|4045|484|12.7|1.5|31750|1382|385|152|1.2|0.5|3430|515|10.8|1.5|1515|303|4.8|1.0|805|267|2.5|0.8|2160|369|6.8|1.2|2605|431|8.2|1.2|300|105|0.9|0.3|1885|380|5.9|1.2|4440|581|14.0|1.7|6635|666|20.9|1.9|1920|386|6.0|1.2|1635|294|5.1|0.9|4040|561|12.7|1.7|31750|1382|20660|1068|65.1|2.3|8540|837|26.9|2.2|2510|437|7.9|1.3|40|36|0.1|0.1|53090|1889|67483|4350|59259|1613|40660|1586|37575|1500|92.4|1.2|26360|1311|64.8|2.3|13075|1062|32.2|2.3|3085|521|7.6|1.2|40300|1562|33430|1405|31565|1366|29675|1337|94.0|1.2|23395|1219|74.1|2.3|7585|764|24.0|2.2|1890|372|6.0|1.1|1865|335|1730|331|92.8|4.4|685|205|36.7|9.4|1150|288|61.7|9.5|135|83|7.2|4.4|6870|683|5810|589|84.6|3.2|2090|378|30.4|5.0|4105|544|59.8|5.4|1060|260|15.4|3.3|14.4|1.8|14.4|1.8|14.4|1.8|25.4|22.5
9700000US0633860|Saddleback Valley Unified School District, CA|0633860|2019-2023|205|29195|1644|25100|1411|86.0|1.8|25085|1409|85.9|1.8|24155|1401|82.7|1.8|925|238|3.2|0.8|15|25|0.1|0.1|4095|604|14.0|1.8|25085|1409|3.7|0.9|14980|857|11385|756|76.0|3.2|11385|756|76.0|3.2|10930|740|73.0|3.2|23840|1381|16005|1060|67.1|2.7|1665|381|7.0|1.6|210|217|0.9|0.9|200|119|0.8|0.5|290|87|1.2|0.4|5470|710|22.9|2.4|27.1|1.3|24155|1401|14450|1136|59.8|2.6|3200|584|13.2|2.3|4230|445|17.5|1.6|990|259|4.1|1.1|1290|312|5.3|1.2|24155|1401|95|62|0.4|0.3|1440|366|6.0|1.5|2600|478|10.8|1.8|915|348|3.8|1.4|1565|288|6.5|1.2|1020|343|4.2|1.4|470|175|1.9|0.7|2850|523|11.8|2.0|4075|498|16.9|2.0|5415|642|22.4|2.2|1540|330|6.4|1.3|1190|309|4.9|1.3|985|234|4.1|0.9|24155|1401|18525|1227|76.7|2.3|3635|529|15.0|1.9|1990|339|8.2|1.4|10|15|0.0|0.1|86809|6078|117816|5412|85522|6676|29180|1644|27470|1632|94.1|1.5|24125|1581|82.7|2.9|3940|702|13.5|2.2|1710|436|5.9|1.5|29005|1618|25030|1410|24105|1400|22800|1454|94.6|1.4|20670|1457|85.7|2.7|2555|491|10.6|2.0|1300|330|5.4|1.4|925|238|905|233|97.8|4.2|605|209|65.4|14.2|335|140|36.2|13.4|25|34|2.7|3.6|3975|564|3590|520|90.3|4.6|2810|416|70.7|6.4|885|298|22.3|6.5|385|193|9.7|4.6|6.1|1.8|6.1|1.8|6.0|1.8|13.9|23.2
9500000US0633900|Salida Union Elementary School District, CA|0633900|2019-2023|205|3135|587|2405|400|76.7|11.6|2405|400|76.7|11.6|2255|382|71.9|11.1|150|117|4.8|3.8|0|25|0.0|1.3|730|451|23.3|11.6|2405|400|6.2|4.7|1535|300|945|184|61.6|13.7|945|184|61.6|13.7|880|177|57.3|12.4|2230|382|1720|381|77.1|9.0|315|156|14.1|6.8|0|25|0.0|1.9|25|43|1.1|1.9|10|17|0.4|0.8|160|96|7.2|4.3|33.5|6.2|2255|382|690|221|30.6|9.0|160|106|7.1|4.4|600|282|26.6|9.8|435|119|19.3|5.6|365|143|16.2|6.2|2255|382|170|73|7.5|3.6|240|110|10.6|5.0|310|243|13.7|9.5|65|67|2.9|2.9|245|143|10.9|6.2|205|107|9.1|4.5|10|17|0.4|0.8|110|70|4.9|3.1|190|136|8.4|5.7|515|175|22.8|7.0|40|39|1.8|1.7|80|66|3.5|3.0|75|61|3.3|2.5|2255|382|1850|361|82.0|7.3|230|131|10.2|5.7|150|112|6.7|4.8|25|43|1.1|1.9|49099|13122|65000|32480|56691|7965|3135|587|3065|567|97.8|2.3|2315|462|73.8|13.8|860|485|27.4|12.8|70|75|2.2|2.3|3135|587|2405|400|2255|382|2210|393|98.0|2.9|1860|374|82.5|8.5|400|202|17.7|8.5|45|65|2.0|2.9|150|117|150|117|100.0|24.3|75|96|50.0|44.8|80|69|53.3|45.3|0|25|0.0|24.3|730|451|705|449|96.6|6.3|380|145|52.1|34.2|385|433|52.7|34.1|25|39|3.4|6.2|13.1|12.4|13.1|12.4|13.1|12.4|-|**
9500000US0633930|Salinas City Elementary School District, CA|0633930|2019-2023|205|8290|777|6265|682|75.6|4.3|6260|680|75.5|4.3|6055|689|73.0|4.3|205|109|2.5|1.4|10|13|0.1|0.2|2025|403|24.4|4.2|6260|680|3.3|1.8|4670|430|3075|403|65.8|6.2|3075|403|65.8|6.2|2920|405|62.5|6.1|5950|675|4285|503|72.0|5.1|735|178|12.4|2.5|10|17|0.2|0.3|135|85|2.3|1.4|365|157|6.1|2.4|425|206|7.1|3.3|26.1|1.5|6055|689|1565|346|25.8|4.6|1145|257|18.9|3.7|925|258|15.3|3.9|1570|374|25.9|5.0|845|240|14.0|4.0|6055|689|1070|328|17.7|4.7|835|244|13.8|3.8|275|126|4.5|2.0|225|112|3.7|1.8|440|148|7.3|2.5|250|143|4.1|2.3|4|8|0.1|0.1|205|118|3.4|1.9|325|128|5.4|2.0|1385|289|22.9|3.8|520|200|8.6|3.2|135|67|2.2|1.1|385|207|6.4|3.3|6055|689|4605|535|76.1|4.8|1030|318|17.0|4.6|420|164|6.9|2.4|0|32|0.0|0.7|38432|3670|65484|11891|40275|3389|8280|776|6650|718|80.3|4.2|4905|642|59.2|5.0|2110|515|25.5|5.5|1630|373|19.7|4.2|8240|778|6220|684|6015|693|5165|623|85.9|3.5|4110|578|68.3|5.0|1325|363|22.0|5.7|850|236|14.1|3.5|205|109|190|108|92.7|11.8|35|51|17.1|25.7|155|113|75.6|28.6|15|24|7.3|11.7|2020|405|1290|333|63.9|9.9|760|260|37.6|9.5|625|248|30.9|9.7|730|240|36.1|9.9|15.5|4.2|15.5|4.2|15.5|4.2|10.0|32.5
9600000US0633980|Salinas Union High School District, CA|0633980|2019-2023|205|18005|856|13685|847|76.0|2.5|13685|847|76.0|2.5|13095|842|72.7|2.7|595|165|3.3|0.9|0|32|0.0|0.2|4320|476|24.0|2.5|13685|847|4.3|1.2|9995|625|6585|606|65.9|3.9|6585|606|65.9|3.9|6210|582|62.1|3.8|12925|843|9365|753|72.5|3.4|1725|322|13.3|2.5|80|65|0.6|0.5|190|92|1.5|0.7|795|217|6.2|1.6|775|257|6.0|1.9|27.6|1.5|13095|842|2610|441|19.9|2.9|2735|410|20.9|2.8|2005|314|15.3|2.3|3760|446|28.7|2.7|1985|379|15.2|2.9|13095|842|3105|467|23.7|2.9|1425|286|10.9|2.2|640|178|4.9|1.4|275|131|2.1|1.0|885|183|6.8|1.4|500|166|3.8|1.3|40|36|0.3|0.3|325|134|2.5|1.0|1305|266|10.0|1.9|2860|486|21.8|3.2|785|217|6.0|1.6|450|158|3.4|1.2|500|189|3.8|1.4|13095|842|10285|755|78.5|3.9|1765|381|13.5|2.6|1020|316|7.8|2.3|20|24|0.2|0.2|40872|1961|53889|6927|45450|2487|18005|856|14320|757|79.5|2.6|10010|796|55.6|3.7|4955|562|27.5|3.0|3685|525|20.5|2.6|17895|849|13635|843|13045|841|10700|680|82.0|3.3|8360|716|64.1|4.4|2720|437|20.9|3.3|2345|502|18.0|3.3|590|166|470|155|79.7|12.2|185|106|31.4|17.1|410|150|69.5|14.1|120|76|20.3|12.2|4260|471|3050|421|71.6|5.6|1395|284|32.7|5.7|1730|325|40.6|6.0|1210|268|28.4|5.6|14.6|3.1|14.6|3.1|14.7|3.1|8.7|12.7
9600000US0634140|San Benito High School District, CA|0634140|2019-2023|205|3940|520|3215|460|81.6|4.7|3205|456|81.3|4.7|3040|438|77.2|5.3|165|128|4.2|3.1|15|24|0.4|0.6|720|210|18.3|4.7|3205|456|5.1|3.8|2045|308|1425|276|69.7|8.4|1425|276|69.7|8.4|1370|282|67.0|9.3|2820|401|2075|369|73.6|7.1|490|170|17.4|5.5|4|16|0.1|0.5|0|32|0.0|1.5|35|48|1.2|1.6|210|113|7.4|4.0|31.3|3.8|3040|438|1060|277|34.9|7.7|390|159|12.8|4.8|505|170|16.6|4.7|770|227|25.3|6.3|315|119|10.4|4.0|3040|438|235|125|7.7|4.0|535|211|17.6|5.8|295|140|9.7|4.3|75|79|2.5|2.6|335|145|11.0|4.5|160|101|5.3|3.4|0|32|0.0|1.4|65|64|2.1|2.0|335|147|11.0|4.4|600|183|19.7|5.7|180|115|5.9|3.6|85|63|2.8|2.1|145|68|4.8|2.2|3040|438|2505|417|82.4|5.2|365|138|12.0|4.4|170|86|5.6|2.8|0|32|0.0|1.4|54200|13053|85694|24942|45197|12036|3925|518|3700|522|94.3|2.9|2745|497|69.9|7.9|1045|314|26.6|7.2|225|114|5.7|2.9|3905|515|3185|457|3020|437|2840|437|94.0|3.7|2305|419|76.3|6.6|605|211|20.0|6.4|180|114|6.0|3.7|165|128|160|128|97.0|7.5|105|118|63.6|38.4|55|62|33.3|36.9|4|7|2.4|5.1|720|210|680|204|94.4|6.5|320|114|44.4|15.1|365|173|50.7|15.1|40|49|5.6|6.7|4.4|2.5|4.4|2.5|4.5|2.5|0.0|75.8
9700000US0634170|San Bernardino City Unified School District, CA|0634170|2019-2023|205|41250|1807|31830|1596|77.2|1.7|31795|1591|77.1|1.7|30590|1523|74.2|1.7|1205|275|2.9|0.6|35|41|0.1|0.1|9420|809|22.8|1.7|31795|1591|3.8|0.8|23540|989|15790|972|67.1|2.7|15770|965|67.0|2.7|15120|933|64.2|2.7|29445|1444|23790|1427|80.8|2.1|3445|550|11.7|1.9|225|130|0.8|0.4|250|117|0.8|0.4|185|105|0.6|0.4|1555|352|5.3|1.2|32.4|2.6|30590|1523|6245|769|20.4|2.2|5890|778|19.3|2.3|5945|652|19.4|1.9|4870|595|15.9|1.8|7640|807|25.0|2.4|30590|1523|235|127|0.8|0.4|4000|528|13.1|1.6|2770|452|9.1|1.4|850|231|2.8|0.8|3355|495|11.0|1.6|4130|562|13.5|1.6|65|50|0.2|0.2|1015|344|3.3|1.1|3355|548|11.0|1.6|4955|702|16.2|2.1|1950|466|6.4|1.5|2085|456|6.8|1.4|1830|329|6.0|1.0|30590|1523|24090|1348|78.8|2.0|4120|543|13.5|1.6|2370|443|7.7|1.4|15|22|0.0|0.1|39673|1506|50675|2447|39901|2330|41215|1800|35110|1750|85.2|1.6|20630|1388|50.1|2.4|15540|1138|37.7|2.2|6105|682|14.8|1.6|40945|1763|31655|1566|30475|1504|26250|1482|86.1|1.9|17845|1288|58.6|2.8|9160|874|30.1|2.5|4225|596|13.9|1.9|1180|266|950|226|80.5|8.8|210|96|17.8|8.1|800|221|67.8|10.1|230|122|19.5|8.9|9290|798|7640|721|82.2|3.6|2450|339|26.4|3.7|5400|656|58.1|4.0|1650|375|17.8|3.6|17.4|1.9|17.5|1.9|17.3|1.9|39.6|27.4
9500000US0634230|San Bruno Park Elementary School District, CA|0634230|2019-2023|205|2395|469|2085|457|87.1|6.1|2085|457|87.1|6.1|1845|367|77.0|9.1|240|222|10.0|8.3|0|29|0.0|1.8|310|146|12.9|6.1|2085|457|11.5|9.4|1385|293|1180|295|85.2|8.9|1180|295|85.2|8.9|980|200|70.8|13.7|1785|358|1175|287|65.8|7.8|235|122|13.2|6.5|40|40|2.2|2.2|0|29|0.0|2.3|25|35|1.4|1.9|310|123|17.4|6.4|27.6|3.2|1845|367|1120|260|60.7|7.7|200|87|10.8|4.7|285|109|15.4|5.2|80|64|4.3|3.2|155|103|8.4|5.1|1845|367|0|29|0.0|2.3|155|74|8.4|3.6|70|75|3.8|3.9|15|24|0.8|1.3|135|78|7.3|4.0|160|99|8.7|4.7|75|75|4.1|4.0|235|114|12.7|5.9|195|101|10.6|5.4|440|141|23.8|5.2|105|74|5.7|4.1|105|77|5.7|4.1|150|79|8.1|4.4|1845|367|1220|343|66.1|10.3|515|193|27.9|10.2|110|78|6.0|4.3|0|29|0.0|2.3|83392|9422|108813|55070|96250|37954|2395|469|2310|459|96.5|2.4|2190|450|91.4|4.6|120|91|5.0|3.8|80|59|3.3|2.4|2395|469|2085|457|1845|367|1780|357|96.5|2.5|1740|355|94.3|3.9|40|52|2.2|2.9|65|47|3.5|2.5|240|222|240|222|100.0|16.2|240|222|100.0|16.2|0|29|0.0|16.2|0|29|0.0|16.2|310|146|295|143|95.2|9.4|215|101|69.4|18.1|80|76|25.8|18.0|15|29|4.8|9.4|4.2|3.3|4.2|3.3|4.2|3.3|-|**
9500000US0634290|San Carlos Elementary School District, CA|0634290|2019-2023|205|3580|308|3235|314|90.4|3.2|3235|314|90.4|3.2|3130|311|87.4|3.7|105|64|2.9|1.7|0|25|0.0|1.2|350|113|9.8|3.2|3235|314|3.2|1.9|1810|183|1530|197|84.5|5.5|1530|197|84.5|5.5|1455|200|80.4|6.2|3105|308|1665|237|53.6|5.7|140|71|4.5|2.3|110|51|3.5|1.7|4|8|0.1|0.3|135|129|4.3|4.0|1045|202|33.7|5.8|27.9|3.0|3130|311|2590|274|82.7|5.4|190|105|6.1|3.2|260|109|8.3|3.3|60|63|1.9|2.0|35|49|1.1|1.6|3130|311|10|14|0.3|0.4|45|43|1.4|1.4|330|107|10.5|3.5|25|22|0.8|0.7|105|63|3.4|2.2|60|50|1.9|1.6|350|92|11.2|3.0|140|69|4.5|2.1|1070|188|34.2|5.1|640|172|20.4|4.7|130|94|4.2|2.9|95|72|3.0|2.2|125|113|4.0|3.6|3130|311|2675|308|85.5|4.4|365|142|11.7|4.5|90|52|2.9|1.7|0|25|0.0|1.3|204864|14952|250,000+|***|195577|34689|3580|308|3575|307|99.9|0.5|3530|312|98.6|1.7|115|104|3.2|2.8|10|14|0.3|0.4|3580|308|3235|314|3130|311|3130|311|100.0|1.3|3110|313|99.4|0.9|85|93|2.7|2.9|0|25|0.0|1.3|105|64|95|63|90.5|14.7|75|54|71.4|26.3|20|33|19.0|27.2|10|14|9.5|14.9|350|113|350|113|100.0|11.4|340|115|97.1|5.1|4|10|1.1|3.1|0|25|0.0|11.4|3.4|3.2|3.4|3.2|3.4|3.2|-|**
9700000US0634320|San Diego City Unified School District, CA|0634320|2019-2023|205|109130|2962|90390|2567|82.8|0.8|87145|2537|79.9|0.8|84220|2486|77.2|0.8|2925|398|2.7|0.4|3245|407|3.0|0.4|18740|1043|17.2|0.8|87145|2537|3.4|0.4|59050|1704|44220|1479|74.9|1.4|43905|1499|74.4|1.4|42060|1523|71.2|1.4|85570|2438|57410|2128|67.1|1.5|8255|709|9.6|0.8|1330|274|1.6|0.3|1695|363|2.0|0.4|1700|314|2.0|0.4|15175|1128|17.7|1.2|24.2|0.5|84220|2486|41165|1652|48.9|1.5|15535|1060|18.4|1.1|13290|932|15.8|1.0|6395|678|7.6|0.8|7830|872|9.3|1.0|84220|2486|205|124|0.2|0.1|5535|607|6.6|0.7|8385|755|10.0|0.8|1530|336|1.8|0.4|6165|733|7.3|0.8|4205|532|5.0|0.6|1600|348|1.9|0.4|4635|529|5.5|0.6|14800|927|17.6|1.0|20280|1015|24.1|1.0|7425|732|8.8|0.9|4575|527|5.4|0.6|4885|568|5.8|0.7|84220|2486|62355|2192|74.0|1.3|14515|1020|17.2|1.2|7125|862|8.5|1.0|225|116|0.3|0.1|59543|1597|81778|4864|66100|2807|105880|2948|96690|2618|91.3|0.8|77545|2299|73.2|1.2|24855|1557|23.5|1.3|9190|948|8.7|0.8|105045|2865|86685|2489|83780|2437|77030|2198|91.9|0.9|65580|1982|78.3|1.4|15585|1249|18.6|1.4|6750|804|8.1|0.9|2905|398|2425|346|83.5|5.8|1350|277|46.5|7.8|1310|300|45.1|7.5|480|194|16.5|5.8|18355|1024|16410|946|89.4|1.9|10215|796|55.7|2.8|7235|598|39.4|2.8|1950|372|10.6|1.9|10.4|1.0|10.4|1.0|10.4|1.1|18.5|11.7
9600000US0634380|San Dieguito Union High School District, CA|0634380|2019-2023|205|17255|1615|14555|1489|84.4|2.2|14520|1487|84.1|2.2|14105|1486|81.7|2.5|415|190|2.4|1.1|35|56|0.2|0.3|2695|413|15.6|2.2|14520|1487|2.9|1.3|8875|851|6600|773|74.4|3.9|6600|773|74.4|3.9|6325|768|71.3|4.1|14010|1482|7910|1130|56.5|4.5|630|231|4.5|1.7|60|50|0.4|0.4|85|56|0.6|0.4|345|148|2.5|1.0|4975|747|35.5|4.1|25.0|2.0|14105|1486|10325|1127|73.2|4.5|1130|475|8.0|3.1|1690|371|12.0|2.5|580|367|4.1|2.4|375|148|2.7|1.1|14105|1486|0|32|0.0|0.3|1010|488|7.2|3.1|2400|488|17.0|3.1|380|144|2.7|1.0|750|252|5.3|1.7|260|144|1.8|1.1|385|131|2.7|0.9|1145|283|8.1|2.1|3915|700|27.8|3.8|2615|373|18.5|2.8|455|200|3.2|1.4|480|406|3.4|2.7|305|181|2.2|1.3|14105|1486|10895|1189|77.2|5.0|1550|352|11.0|2.3|1640|735|11.6|4.7|20|35|0.1|0.3|109146|15164|178791|17421|115441|25433|17220|1613|16320|1481|94.8|4.0|15595|1467|90.6|4.0|1150|300|6.7|1.8|900|712|5.2|4.0|17010|1621|14420|1495|14005|1495|13190|1332|94.2|4.9|12655|1298|90.4|4.9|745|242|5.3|1.7|815|717|5.8|4.9|415|190|395|185|95.2|8.2|380|183|91.6|10.7|15|31|3.6|7.7|20|32|4.8|8.2|2590|412|2525|412|97.5|2.4|2405|409|92.9|3.8|225|103|8.7|3.9|65|60|2.5|2.3|4.9|3.9|4.9|3.9|4.9|4.0|4.8|7.7
9700000US0634410|San Francisco Unified School District, CA|0634410|2019-2023|205|56320|2338|47730|2035|84.7|1.1|47620|2035|84.6|1.1|45490|2004|80.8|1.2|2130|331|3.8|0.6|115|75|0.2|0.1|8590|748|15.3|1.1|47620|2035|4.5|0.7|30365|1299|23725|1142|78.1|2.0|23665|1144|77.9|2.0|22840|1160|75.2|2.1|44255|1927|17100|1106|38.6|2.0|4615|546|10.4|1.2|8110|771|18.3|1.6|2565|429|5.8|0.9|2470|437|5.6|0.9|9390|915|21.2|1.7|30.1|1.0|45490|2004|23845|1488|52.4|2.1|8530|787|18.8|1.7|6640|714|14.6|1.3|2685|485|5.9|1.0|3795|435|8.3|0.9|45490|2004|90|59|0.2|0.1|3100|485|6.8|1.0|2275|411|5.0|0.9|1190|360|2.6|0.8|3190|537|7.0|1.1|2395|351|5.3|0.8|1465|264|3.2|0.6|2655|446|5.8|1.0|8465|908|18.6|1.8|10725|784|23.6|1.4|5010|597|11.0|1.2|2610|483|5.7|1.0|2325|379|5.1|0.8|45490|2004|33285|1807|73.2|1.7|7875|692|17.3|1.5|4095|522|9.0|1.1|235|142|0.5|0.3|68768|4443|105707|7988|75798|8205|56210|2336|54355|2315|96.7|0.7|43450|2118|77.3|1.9|13020|1164|23.2|1.9|1855|371|3.3|0.7|55720|2306|47350|2022|45220|1992|43890|1978|97.1|0.7|37650|1896|83.3|1.7|7670|820|17.0|1.7|1330|330|2.9|0.7|2130|331|2045|318|96.0|2.8|960|247|45.1|9.1|1210|257|56.8|8.9|85|61|4.0|2.7|8370|731|7930|722|94.7|2.2|4490|466|53.6|4.7|3735|610|44.6|5.2|440|188|5.3|2.2|7.2|1.1|7.2|1.1|7.2|1.1|3.3|5.2
9700000US0634425|San Gabriel Unified School District, CA|0634425|2019-2023|205|5235|519|4410|484|84.2|3.8|4400|485|84.0|3.8|4245|477|81.1|4.0|155|87|3.0|1.6|10|13|0.2|0.2|825|212|15.8|3.8|4400|485|3.5|1.9|2770|275|2040|273|73.6|6.7|2040|273|73.6|6.7|1955|279|70.6|7.1|4175|482|3050|414|73.1|5.3|515|188|12.3|4.3|65|40|1.6|1.0|10|16|0.2|0.4|55|42|1.3|1.0|480|142|11.5|3.1|29.7|2.7|4245|477|2055|353|48.4|5.5|455|153|10.7|3.6|1045|244|24.6|5.3|225|104|5.3|2.4|465|147|11.0|3.2|4245|477|15|25|0.4|0.6|275|115|6.5|2.6|230|105|5.4|2.4|160|76|3.8|1.8|345|136|8.1|3.2|390|144|9.2|3.0|50|36|1.2|0.8|315|163|7.4|4.0|455|154|10.7|3.5|1160|229|27.3|4.0|370|154|8.7|3.3|180|90|4.2|2.1|310|115|7.3|2.5|4245|477|2990|400|70.4|5.9|945|241|22.3|4.9|310|138|7.3|3.1|0|29|0.0|1.0|57019|8108|65909|8569|69375|15619|5225|520|4840|490|92.6|2.9|3510|493|67.2|6.4|1365|308|26.1|5.6|385|160|7.4|2.9|5195|513|4365|476|4215|469|3950|451|93.7|2.3|3075|456|73.0|5.4|880|197|20.9|4.8|260|99|6.2|2.2|155|87|130|81|83.9|17.9|25|28|16.1|18.1|110|77|71.0|26.3|20|31|12.9|19.6|825|212|760|202|92.1|6.9|415|138|50.3|12.2|380|154|46.1|13.4|70|62|8.5|7.2|12.2|5.4|12.2|5.4|11.6|5.3|100.0|61.9
9700000US0634440|San Jacinto Unified School District, CA|0634440|2019-2023|205|8360|836|6070|671|72.6|3.8|5930|649|70.9|3.9|5625|625|67.3|3.8|305|142|3.6|1.7|135|101|1.6|1.2|2290|404|27.4|3.8|5930|649|5.1|2.3|4475|451|2670|370|59.7|6.4|2670|370|59.7|6.4|2505|378|56.0|6.5|5655|651|4290|596|75.9|5.0|895|246|15.8|4.3|25|43|0.4|0.7|35|42|0.6|0.7|30|49|0.5|0.9|380|163|6.7|2.7|44.3|5.6|5625|625|1235|319|22.0|4.4|1130|274|20.1|4.3|1110|238|19.7|3.9|1135|252|20.2|4.2|1015|261|18.0|4.4|5625|625|60|73|1.1|1.3|850|224|15.1|3.6|650|235|11.6|3.9|295|173|5.2|2.9|730|204|13.0|3.7|450|163|8.0|3.0|80|87|1.4|1.5|85|75|1.5|1.3|410|178|7.3|3.1|1070|292|19.0|4.1|425|153|7.6|2.7|290|157|5.2|2.7|230|103|4.1|1.7|5625|625|4085|472|72.6|5.7|1030|269|18.3|4.0|510|251|9.1|4.1|0|32|0.0|0.8|47090|2892|61475|5591|46165|4337|8220|815|7255|772|88.3|3.2|3890|644|47.3|6.0|3725|555|45.3|5.3|965|276|11.7|3.2|8215|813|5925|648|5620|624|5030|587|89.5|3.6|3095|515|55.1|6.5|2165|372|38.5|5.8|590|213|10.5|3.6|305|142|305|142|100.0|13.0|105|72|34.4|22.3|200|124|65.6|22.0|0|32|0.0|13.0|2290|404|1915|371|83.6|6.9|685|245|29.9|10.0|1360|337|59.4|9.3|380|171|16.6|6.8|19.1|5.2|19.1|5.2|19.0|5.2|100.0|100.0
9700000US0634590|San Jose Unified School District, CA|0634590|2019-2023|205|29780|1366|24970|1244|83.8|1.7|24905|1225|83.6|1.8|24120|1220|81.0|1.8|780|193|2.6|0.6|65|106|0.2|0.4|4810|558|16.2|1.7|24905|1225|3.1|0.8|15980|792|11890|725|74.4|2.7|11890|725|74.4|2.7|11245|722|70.4|2.8|23445|1214|14255|773|60.8|2.6|2390|391|10.2|1.5|615|194|2.6|0.8|120|69|0.5|0.3|350|203|1.5|0.8|5715|711|24.4|2.5|28.4|1.2|24120|1220|13270|898|55.0|2.5|4110|581|17.0|2.1|3140|470|13.0|1.8|2280|329|9.5|1.4|1320|272|5.5|1.1|24120|1220|105|82|0.4|0.3|2325|373|9.6|1.5|3000|409|12.4|1.6|325|128|1.3|0.5|1290|257|5.3|1.1|610|169|2.5|0.7|920|195|3.8|0.8|1095|254|4.5|1.0|5380|581|22.3|2.3|5065|689|21.0|2.5|1760|408|7.3|1.6|1190|285|4.9|1.2|1055|265|4.4|1.1|24120|1220|19010|999|78.8|1.9|3375|424|14.0|1.6|1710|366|7.1|1.4|25|34|0.1|0.1|80097|5182|127258|14936|81178|9659|29710|1344|27715|1332|93.3|1.3|23395|1229|78.7|2.3|5015|672|16.9|2.0|2000|382|6.7|1.3|29375|1349|24680|1219|23920|1216|22515|1188|94.1|1.2|19790|1107|82.7|2.5|3235|600|13.5|2.3|1405|289|5.9|1.2|760|189|720|187|94.7|4.3|465|153|61.2|12.5|330|113|43.4|10.9|40|33|5.3|4.3|4695|554|4140|499|88.2|3.9|3015|384|64.2|4.9|1190|258|25.3|4.4|550|200|11.7|3.9|5.7|1.5|5.7|1.5|5.6|1.5|13.2|12.7
9700000US0634620|San Juan Unified School District, CA|0634620|2019-2023|205|40370|1610|33780|1547|83.7|1.7|33755|1543|83.6|1.6|32120|1545|79.6|1.9|1635|340|4.1|0.8|25|24|0.1|0.1|6590|704|16.3|1.7|33755|1543|4.8|1.0|21805|841|16820|884|77.1|2.5|16820|884|77.1|2.5|15845|884|72.7|2.7|31480|1516|21400|1345|68.0|2.5|3250|406|10.3|1.2|290|137|0.9|0.4|155|95|0.5|0.3|525|167|1.7|0.5|5865|774|18.6|2.4|28.8|1.6|32120|1545|15295|1150|47.6|2.6|4910|575|15.3|1.7|6430|697|20.0|2.0|2595|347|8.1|1.1|2890|413|9.0|1.2|32120|1545|150|97|0.5|0.3|2765|431|8.6|1.3|1750|408|5.4|1.2|880|253|2.7|0.8|2325|348|7.2|1.1|2200|397|6.8|1.2|450|204|1.4|0.6|2180|384|6.8|1.1|4420|570|13.8|1.8|8155|969|25.4|2.4|1990|461|6.2|1.4|1700|303|5.3|0.9|3160|490|9.8|1.4|32120|1545|21485|1114|66.9|2.5|7790|971|24.3|2.4|2730|506|8.5|1.5|115|109|0.4|0.3|59659|3218|82599|4297|69743|3928|40345|1610|37935|1694|94.0|1.3|28790|1481|71.4|2.2|11170|987|27.7|2.1|2410|510|6.0|1.3|40035|1583|33555|1531|31920|1533|30380|1536|95.2|1.2|24985|1420|78.3|2.1|6740|676|21.1|1.9|1540|394|4.8|1.2|1635|340|1410|315|86.2|9.4|485|180|29.7|9.4|1005|263|61.5|10.7|225|163|13.8|9.4|6480|699|5830|687|90.0|3.1|3110|362|48.0|4.3|3180|539|49.1|4.9|645|201|10.0|3.1|10.2|1.6|10.2|1.6|10.2|1.6|8.3|13.9
9700000US0634680|San Leandro Unified School District, CA|0634680|2019-2023|205|8990|862|7315|733|81.4|3.6|7315|733|81.4|3.6|6935|699|77.1|4.0|380|188|4.2|2.0|0|32|0.0|0.5|1675|376|18.6|3.6|7315|733|5.2|2.5|4925|484|3530|423|71.7|5.1|3530|423|71.7|5.1|3350|401|68.0|5.3|6700|686|4265|519|63.7|6.0|800|281|11.9|3.7|590|275|8.8|3.9|175|105|2.6|1.6|160|109|2.4|1.6|715|223|10.7|3.0|32.2|2.7|6935|699|2435|433|35.1|4.9|1525|331|22.0|4.1|795|209|11.5|2.8|825|219|11.9|3.2|1360|300|19.6|3.9|6935|699|100|117|1.4|1.7|580|223|8.4|3.3|710|173|10.2|2.3|155|94|2.2|1.3|400|145|5.8|2.0|745|193|10.7|2.6|85|55|1.2|0.8|155|80|2.2|1.2|880|264|12.7|3.7|1450|299|20.9|4.1|665|266|9.6|3.8|640|205|9.2|2.7|370|244|5.3|3.3|6935|699|5210|578|75.1|4.8|1110|283|16.0|3.6|620|222|8.9|3.0|0|32|0.0|0.6|51397|8984|71961|9642|61178|5252|8990|862|8335|840|92.7|2.5|5755|731|64.0|5.0|2970|530|33.0|5.1|655|229|7.3|2.5|8880|852|7245|723|6865|686|6385|636|93.0|2.8|4875|580|71.0|4.9|1815|386|26.4|5.0|480|202|7.0|2.8|380|188|380|188|100.0|10.6|80|60|21.1|17.3|305|182|80.3|16.8|0|32|0.0|10.6|1640|374|1460|379|89.0|6.1|750|275|45.7|13.9|785|317|47.9|14.5|175|89|10.7|6.0|5.3|2.5|5.3|2.5|5.3|2.5|4.4|19.8
9700000US0634710|San Lorenzo Unified School District, CA|0634710|2019-2023|205|10335|1034|8380|864|81.1|3.5|8380|864|81.1|3.5|7925|798|76.7|3.4|450|186|4.4|1.7|0|32|0.0|0.4|1955|441|18.9|3.5|8380|864|5.4|2.0|5650|602|3925|533|69.5|6.1|3925|533|69.5|6.1|3705|500|65.6|6.0|7720|791|5370|605|69.6|5.5|1125|367|14.6|4.3|425|300|5.5|3.7|15|25|0.2|0.3|80|65|1.0|0.8|705|217|9.1|2.7|34.7|2.4|7925|798|2610|460|32.9|5.2|1600|454|20.2|5.2|1340|309|16.9|3.5|1205|343|15.2|4.0|1170|294|14.8|3.4|7925|798|95|86|1.2|1.0|1185|304|15.0|3.6|800|248|10.1|2.9|290|150|3.7|1.9|675|209|8.5|2.5|440|140|5.6|1.8|115|62|1.5|0.8|400|226|5.0|2.8|1140|319|14.4|3.6|1555|338|19.6|3.6|645|216|8.1|2.6|320|167|4.0|2.1|275|130|3.5|1.7|7925|798|6515|710|82.2|3.6|1010|273|12.7|3.2|400|161|5.0|2.0|0|32|0.0|0.5|56527|6023|69474|4670|60779|12822|10335|1034|9790|973|94.7|1.8|7400|860|71.6|5.6|2995|704|29.0|5.7|545|203|5.3|1.8|10315|1031|8365|859|7910|795|7545|759|95.4|2.1|6135|719|77.6|5.6|1795|497|22.7|5.6|365|174|4.6|2.1|450|186|410|182|91.1|10.1|225|127|50.0|22.8|185|138|41.1|22.9|45|42|10.0|9.9|1950|442|1820|390|93.3|6.7|1020|286|52.3|9.0|1000|246|51.3|8.9|135|142|6.9|6.7|8.1|2.5|8.1|2.5|8.1|2.5|0.0|75.8
9700000US0634740|San Lorenzo Valley Unified School District, CA|0634740|2019-2023|205|2510|417|2180|410|86.9|5.2|2180|410|86.9|5.2|1970|345|78.5|8.5|210|231|8.4|8.7|0|25|0.0|1.7|330|125|13.1|5.1|2180|410|9.6|9.8|1295|278|1130|289|87.3|7.4|1130|289|87.3|7.4|920|177|71.0|13.8|1935|336|1415|279|73.1|7.5|70|45|3.6|2.3|0|25|0.0|2.2|4|15|0.2|0.8|140|109|7.2|5.3|310|105|16.0|5.2|33.3|3.9|1970|345|1305|251|66.2|9.2|220|149|11.2|6.9|250|134|12.7|6.3|100|71|5.1|3.7|95|64|4.8|3.1|1970|345|25|31|1.3|1.5|185|86|9.4|4.0|245|131|12.4|6.2|10|17|0.5|0.9|60|72|3.0|3.6|65|49|3.3|2.4|105|82|5.3|3.9|170|109|8.6|5.3|355|160|18.0|7.8|550|146|27.9|6.5|35|41|1.8|2.0|60|47|3.0|2.4|110|70|5.6|3.5|1970|345|1420|299|72.1|6.8|390|129|19.8|6.3|160|92|8.1|4.4|0|25|0.0|2.1|92667|10227|110370|23642|103409|20636|2510|417|2235|337|89.0|9.3|1990|319|79.3|8.9|265|127|10.6|5.1|275|257|11.0|9.3|2495|418|2175|411|1965|347|1870|320|95.2|5.6|1780|319|90.6|6.3|105|67|5.3|3.5|90|112|4.6|5.6|210|231|55|56|26.2|45.9|20|38|9.5|27.1|30|46|14.3|32.8|155|227|73.8|45.5|320|123|295|124|92.2|12.2|190|107|59.4|19.9|115|68|35.9|18.5|30|36|9.4|11.5|0.4|0.5|0.4|0.5|0.4|0.5|0.0|87.6
9700000US0634800|San Luis Coastal Unified School District, CA|0634800|2019-2023|205|6450|755|5575|739|86.4|3.4|5560|740|86.2|3.4|5255|597|81.5|4.3|310|278|4.8|4.0|15|25|0.2|0.4|870|219|13.5|3.4|5560|740|5.6|4.6|3385|406|2740|405|80.9|5.4|2730|405|80.6|5.4|2430|305|71.8|7.8|5120|589|3265|463|63.8|5.3|395|131|7.7|2.6|15|24|0.3|0.5|125|88|2.4|1.7|280|103|5.5|2.1|1040|313|20.3|5.0|19.4|1.8|5255|597|3235|450|61.6|4.9|1040|263|19.8|4.3|565|145|10.8|2.5|230|94|4.4|1.8|190|98|3.6|1.8|5255|597|105|72|2.0|1.4|285|113|5.4|2.1|205|99|3.9|1.8|15|25|0.3|0.5|290|107|5.5|2.0|165|91|3.1|1.7|75|52|1.4|1.0|210|130|4.0|2.4|865|244|16.5|4.3|1645|290|31.3|5.2|485|193|9.2|3.4|290|151|5.5|2.8|615|299|11.7|5.2|5255|597|3095|435|58.9|5.6|1745|338|33.2|4.8|415|144|7.9|2.5|0|32|0.0|0.8|75640|10592|108514|5890|88173|11113|6435|759|5875|728|91.3|3.5|5280|692|82.1|4.5|770|228|12.0|3.4|560|233|8.7|3.5|6375|760|5520|744|5215|601|4765|563|91.4|3.6|4315|507|82.7|4.5|560|210|10.7|3.7|450|200|8.6|3.6|310|278|300|279|96.8|8.2|245|272|79.0|29.9|50|56|16.1|26.1|10|18|3.2|8.2|850|218|755|199|88.8|8.3|670|196|78.8|10.6|105|64|12.4|7.6|95|75|11.2|8.4|8.1|2.8|8.1|2.8|8.2|2.9|0.0|43.8
9700000US0634880|San Marcos Unified School District, CA|0634880|2019-2023|205|20630|1223|16905|1172|81.9|3.0|16835|1187|81.6|3.1|16375|1152|79.4|3.0|465|210|2.3|1.0|65|74|0.3|0.4|3730|668|18.1|3.0|16835|1187|2.8|1.2|11035|624|8005|734|72.5|5.1|8005|734|72.5|5.1|7660|703|69.4|4.9|16300|1142|11195|1102|68.7|4.1|1245|289|7.6|1.8|0|32|0.0|0.3|95|63|0.6|0.4|265|151|1.6|0.9|3505|701|21.5|4.2|27.3|1.5|16375|1152|9255|831|56.5|3.1|1895|340|11.6|1.9|3180|494|19.4|2.6|1035|301|6.3|1.8|1005|286|6.1|1.7|16375|1152|130|83|0.8|0.5|1515|380|9.3|2.2|1900|472|11.6|2.8|605|190|3.7|1.2|1435|392|8.8|2.1|460|169|2.8|1.0|525|165|3.2|1.0|1110|316|6.8|1.8|3140|565|19.2|3.2|3560|571|21.7|3.3|930|212|5.7|1.3|560|208|3.4|1.3|500|181|3.1|1.1|16375|1152|13000|1039|79.4|2.6|2105|364|12.9|2.1|1255|331|7.7|1.9|15|24|0.1|0.1|75727|7721|104878|11553|72114|5209|20565|1233|19085|1223|92.8|1.9|16870|1231|82.0|2.7|3385|553|16.5|2.6|1480|393|7.2|1.9|20530|1236|16815|1189|16350|1155|15335|1130|93.8|1.6|13940|1090|85.3|2.4|2400|513|14.7|2.9|1015|271|6.2|1.6|465|210|275|122|59.1|22.5|195|100|41.9|20.0|90|70|19.4|14.4|185|158|39.8|22.2|3715|666|3440|650|92.6|3.8|2710|599|72.9|7.4|860|269|23.1|7.0|280|148|7.5|3.9|5.8|1.9|5.8|1.9|5.9|1.9|0.0|57.3
9700000US0634860|San Marino Unified School District, CA|0634860|2019-2023|205|1945|355|1490|273|76.6|5.6|1490|273|76.6|5.6|1445|266|74.3|5.8|45|42|2.3|2.1|0|21|0.0|2.2|455|148|23.4|5.6|1490|273|3.0|2.7|975|181|550|127|56.4|10.7|550|127|56.4|10.7|515|123|52.8|10.7|1440|265|880|229|61.1|10.7|165|121|11.5|8.1|4|11|0.3|0.8|0|21|0.0|2.9|10|15|0.7|1.0|380|144|26.4|8.6|28.6|4.6|1445|266|1280|244|88.6|5.1|4|15|0.3|1.0|135|67|9.3|4.5|0|21|0.0|2.9|25|33|1.7|2.2|1445|266|0|21|0.0|2.9|25|25|1.7|1.7|135|82|9.3|5.3|95|57|6.6|4.0|55|37|3.8|2.4|65|58|4.5|3.8|20|24|1.4|1.6|255|115|17.6|7.4|235|101|16.3|6.6|435|137|30.1|7.1|75|54|5.2|3.5|0|21|0.0|2.9|55|50|3.8|3.4|1445|266|1295|254|89.6|6.7|95|96|6.6|6.5|55|39|3.8|2.6|0|21|0.0|2.9|152609|15220|224306|48323|123750|42384|1945|355|1945|355|100.0|2.2|1915|353|98.5|1.7|70|52|3.6|2.7|0|21|0.0|2.2|1915|352|1480|270|1435|263|1435|263|100.0|2.9|1415|262|98.6|1.7|30|27|2.1|1.9|0|21|0.0|2.9|45|42|45|42|100.0|50.6|45|42|100.0|50.6|0|21|0.0|50.6|0|21|0.0|50.6|435|148|435|148|100.0|9.3|430|149|98.9|4.2|15|20|3.4|4.8|0|21|0.0|9.3|0.2|1.6|0.2|1.6|0.2|1.7|0.0|61.9
9600000US0634980|San Mateo Union High School District, CA|0634980|2019-2023|205|11700|991|10230|905|87.4|2.1|10230|905|87.4|2.1|9940|881|85.0|2.2|290|120|2.5|1.0|0|32|0.0|0.4|1470|280|12.6|2.2|10230|905|2.8|1.1|6245|505|5005|475|80.1|3.9|5005|475|80.1|3.9|4850|474|77.7|3.9|9700|856|6265|642|64.6|3.4|670|197|6.9|1.8|645|209|6.6|2.1|170|102|1.8|1.0|130|75|1.3|0.8|1820|299|18.8|2.9|27.3|1.2|9940|881|6275|600|63.1|3.8|1110|254|11.2|2.4|1455|300|14.6|2.4|660|248|6.6|2.3|440|143|4.4|1.3|9940|881|4|21|0.0|0.2|735|248|7.4|2.3|790|200|7.9|1.9|165|69|1.7|0.7|845|223|8.5|2.0|540|187|5.4|1.8|350|119|3.5|1.2|805|182|8.1|1.8|2335|364|23.5|3.0|2340|340|23.5|3.0|400|150|4.0|1.4|340|121|3.4|1.2|295|120|3.0|1.1|9940|881|8010|749|80.6|2.8|1255|283|12.6|2.4|650|157|6.5|1.6|25|30|0.3|0.3|104893|11056|134375|11906|113822|14099|11700|991|11335|941|96.9|1.6|10240|890|87.5|3.1|1505|341|12.9|2.5|365|192|3.1|1.6|11570|957|10115|892|9825|866|9595|842|97.7|1.4|8855|800|90.1|2.4|1015|252|10.3|2.3|235|142|2.4|1.4|290|120|275|119|94.8|8.1|260|119|89.7|10.4|75|72|25.9|21.4|15|23|5.2|8.1|1455|280|1335|255|91.8|8.9|1075|220|73.9|10.3|285|123|19.6|7.4|115|135|7.9|9.0|3.4|1.5|3.4|1.5|3.4|1.5|3.1|13.9
9500000US0634920|San Mateo-Foster City Elementary School District, CA|0634920|2019-2023|205|12025|1009|10315|838|85.8|2.0|10315|838|85.8|2.0|10005|809|83.2|2.3|305|120|2.5|1.0|0|32|0.0|0.4|1715|310|14.3|2.0|10315|838|3.0|1.1|6315|532|4825|403|76.4|3.9|4825|403|76.4|3.9|4595|376|72.8|4.1|9930|812|6070|660|61.1|3.7|570|148|5.7|1.6|430|181|4.3|1.8|130|66|1.3|0.6|150|94|1.5|0.9|2575|416|25.9|3.5|29.3|1.7|10005|809|7035|686|70.3|3.8|1105|251|11.0|2.5|970|227|9.7|2.0|530|191|5.3|1.8|360|138|3.6|1.4|10005|809|10|25|0.1|0.2|385|181|3.8|1.7|920|161|9.2|1.5|115|71|1.1|0.7|485|167|4.8|1.7|445|155|4.4|1.6|800|250|8.0|2.3|745|194|7.4|1.9|3120|414|31.2|3.2|2010|384|20.1|3.3|300|145|3.0|1.4|280|108|2.8|1.1|395|177|3.9|1.7|10005|809|8275|745|82.7|2.7|1225|256|12.2|2.4|465|138|4.6|1.4|45|73|0.4|0.7|119426|10046|159974|15614|138342|17662|12025|1009|11600|965|96.5|1.8|10105|874|84.0|3.2|1775|449|14.8|3.2|430|224|3.6|1.8|11980|1005|10290|836|9985|809|9765|798|97.8|1.1|8640|772|86.5|3.0|1295|316|13.0|3.0|220|111|2.2|1.1|305|120|275|113|90.2|12.6|245|109|80.3|16.5|70|67|23.0|19.8|30|38|9.8|12.4|1690|306|1510|259|89.3|9.0|1195|191|70.7|11.0|385|202|22.8|9.9|180|167|10.7|9.0|4.9|1.9|4.9|1.9|4.8|1.9|55.6|47.6
9500000US0635010|San Miguel Joint Union Elementary School District, CA|0635010|2019-2023|205|1080|326|890|309|82.4|9.0|890|309|82.4|9.0|820|282|75.9|10.0|70|69|6.5|5.8|0|19|0.0|3.9|190|97|17.6|8.7|890|309|7.9|7.0|510|182|345|176|67.6|16.9|345|176|67.6|16.9|310|159|60.8|18.1|820|282|500|210|61.0|20.5|250|199|30.5|19.5|0|19|0.0|5.0|0|19|0.0|5.0|0|19|0.0|5.0|70|56|8.5|6.7|34.4|9.9|820|282|225|149|27.4|13.9|145|94|17.7|9.5|45|46|5.5|5.3|305|192|37.2|18.7|100|92|12.2|12.6|820|282|180|170|22.0|16.9|85|56|10.4|7.5|55|74|6.7|9.7|0|19|0.0|5.0|45|47|5.5|5.2|30|44|3.7|5.5|25|34|3.0|4.3|0|19|0.0|5.0|135|91|16.5|9.4|190|128|23.2|12.7|10|17|1.2|2.1|40|49|4.9|5.4|20|24|2.4|2.8|820|282|500|208|61.0|18.2|165|139|20.1|14.5|155|106|18.9|10.7|0|19|0.0|5.0|47798|11851|54329|16650|58750|9082|1080|326|815|233|75.5|14.1|655|230|60.6|14.6|165|98|15.3|9.4|265|198|24.5|14.2|1080|326|890|309|820|282|590|216|72.0|16.2|525|214|64.0|15.5|70|55|8.5|7.1|230|169|28.0|16.2|70|69|40|52|57.1|57.1|0|19|0.0|40.5|40|52|57.1|57.1|35|56|50.0|50.0|190|97|190|97|100.0|19.9|130|70|68.4|27.5|60|64|31.6|27.4|0|19|0.0|19.9|16.7|14.9|16.7|14.9|16.7|14.9|-|**
9500000US0635040|San Pasqual Union Elementary School District, CA|0635040|2019-2023|205|500|150|405|149|81.0|9.1|400|152|80.0|9.8|390|152|78.0|10.5|10|15|2.0|3.1|4|14|0.8|3.0|95|39|19.0|9.1|400|152|2.5|3.9|295|86|215|88|72.9|14.7|215|88|72.9|14.7|215|89|72.9|15.1|390|147|170|68|43.6|20.3|50|53|12.8|12.6|0|14|0.0|10.3|0|14|0.0|10.3|10|13|2.6|3.4|160|132|41.0|24.5|35.3|6.8|390|152|250|98|64.1|10.8|25|24|6.4|6.7|95|70|24.4|12.1|20|18|5.1|4.5|4|3|1.0|0.9|390|152|0|14|0.0|10.3|10|13|2.6|3.4|20|24|5.1|5.7|10|18|2.6|4.4|55|58|14.1|12.1|10|13|2.6|3.5|4|3|1.0|0.8|25|28|6.4|6.8|60|30|15.4|9.1|90|63|23.1|14.1|15|19|3.8|5.1|25|23|6.4|6.1|65|63|16.7|11.6|390|152|200|84|51.3|19.7|125|81|32.1|12.1|65|57|16.7|11.6|0|14|0.0|10.3|95000|17858|153077|70058|79667|56950|490|152|485|152|99.0|2.2|440|151|89.8|7.3|55|36|11.2|7.8|4|9|0.8|1.8|490|152|400|152|390|152|390|152|100.0|10.3|380|152|97.4|4.9|15|19|3.8|5.2|0|14|0.0|10.3|10|15|4|3|40.0|60.0|0|14|0.0|100.0|4|3|40.0|60.0|4|9|40.0|60.0|95|39|95|39|100.0|34.2|65|29|68.4|22.8|35|26|36.8|22.5|0|14|0.0|34.2|5.0|4.8|5.0|4.8|5.0|4.8|-|**
9700000US0635070|San Pasqual Valley Unified School District, CA|0635070|2019-2023|205|210|63|120|39|57.1|16.3|120|39|57.1|16.3|100|40|47.6|16.9|20|14|9.5|6.8|0|14|0.0|18.2|90|49|42.9|16.0|120|39|16.7|11.8|160|59|75|32|46.9|17.5|75|32|46.9|17.5|55|32|34.4|18.1|90|41|70|34|77.8|21.1|20|19|22.2|18.7|0|14|0.0|35.4|0|14|0.0|35.4|4|5|4.4|5.5|0|14|0.0|35.4|16.1|6.1|100|40|15|23|15.0|20.4|40|28|40.0|23.8|30|23|30.0|19.2|15|17|15.0|16.9|4|5|4.0|4.9|100|40|0|14|0.0|33.1|0|14|0.0|33.1|4|4|4.0|4.3|0|14|0.0|33.1|15|17|15.0|16.4|4|5|4.0|4.9|0|14|0.0|33.1|0|14|0.0|33.1|10|14|10.0|14.7|15|16|15.0|15.7|35|26|35.0|23.1|10|17|10.0|15.9|15|17|15.0|14.4|100|40|70|33|70.0|21.2|20|19|20.0|16.2|10|16|10.0|15.0|0|14|0.0|33.1|39659|9707|48000|4592|42500|23547|210|63|180|61|85.7|8.8|70|49|33.3|19.8|110|53|52.4|18.9|30|17|14.3|8.4|210|63|120|39|100|40|90|37|90.0|12.0|45|29|45.0|21.5|45|25|45.0|19.6|10|14|10.0|13.0|20|14|15|14|75.0|49.4|4|14|20.0|16.5|15|15|75.0|62.3|4|4|20.0|23.5|90|49|75|48|83.3|18.2|20|29|22.2|31.4|50|42|55.6|32.1|15|13|16.7|17.5|38.1|18.5|38.1|18.5|38.1|18.5|-|**
9500000US0635090|San Rafael City Elementary School District, CA|0635090|2019-2023|205|4540|513|3990|477|87.9|4.2|3990|477|87.9|4.2|3825|464|84.3|4.6|165|93|3.6|2.0|0|32|0.0|0.9|550|206|12.1|4.3|3990|477|4.1|2.3|2225|270|1820|248|81.8|6.5|1820|248|81.8|6.5|1665|229|74.8|6.6|3685|463|1990|360|54.0|8.0|570|219|15.5|5.7|140|98|3.8|2.7|145|85|3.9|2.3|80|89|2.2|2.4|765|258|20.8|6.1|27.5|3.2|3825|464|1490|331|39.0|6.9|910|202|23.8|5.0|515|163|13.5|4.2|760|261|19.9|6.2|150|104|3.9|2.7|3825|464|235|151|6.1|3.8|650|190|17.0|4.6|250|125|6.5|3.1|15|29|0.4|0.7|235|117|6.1|3.0|65|76|1.7|2.1|170|99|4.4|2.5|265|161|6.9|4.1|750|207|19.6|5.0|710|189|18.6|4.6|240|112|6.3|2.8|145|92|3.8|2.4|95|93|2.5|2.4|3825|464|3115|433|81.4|5.0|290|137|7.6|3.5|420|155|11.0|3.9|0|32|0.0|1.1|44620|17511|100363|54059|100354|46048|4540|513|4040|569|89.0|5.2|2935|535|64.6|7.2|1490|400|32.8|8.1|505|226|11.1|5.2|4540|513|3990|477|3825|464|3335|512|87.2|6.2|2610|498|68.2|7.2|1070|302|28.0|7.7|490|229|12.8|6.1|165|93|165|93|100.0|22.5|100|71|60.6|29.3|105|83|63.6|28.6|0|32|0.0|22.5|550|206|540|203|98.2|4.6|225|109|40.9|18.6|315|178|57.3|19.0|15|24|2.7|4.3|12.3|6.9|12.3|6.9|12.3|6.9|-|**
9600000US0635110|San Rafael City High School District, CA|0635110|2019-2023|205|3800|612|3430|580|90.3|3.4|3415|575|89.9|3.4|3255|563|85.7|4.0|160|95|4.2|2.5|20|36|0.5|0.9|370|138|9.7|3.4|3415|575|4.7|2.7|1990|295|1635|279|82.2|6.3|1635|279|82.2|6.3|1555|281|78.1|6.6|3235|564|1820|446|56.3|9.8|355|179|11.0|5.1|120|87|3.7|2.7|130|108|4.0|3.2|45|52|1.4|1.6|770|267|23.8|7.2|26.4|3.8|3255|563|1395|385|42.9|9.6|960|250|29.5|6.5|235|105|7.2|3.3|435|253|13.4|6.5|225|108|6.9|3.5|3255|563|145|157|4.5|4.5|380|204|11.7|5.4|165|92|5.1|2.9|30|38|0.9|1.2|195|98|6.0|3.0|50|44|1.5|1.3|75|59|2.3|1.8|180|91|5.5|2.7|790|274|24.3|7.2|755|282|23.2|7.8|270|121|8.3|3.4|150|81|4.6|2.6|70|53|2.2|1.7|3255|563|2700|523|82.9|5.2|225|111|6.9|3.4|325|146|10.0|4.3|0|32|0.0|1.3|44425|10366|93409|49130|52926|14739|3780|609|3155|506|83.5|6.2|2515|463|66.5|7.4|800|252|21.2|6.2|625|279|16.5|6.2|3760|611|3405|576|3245|564|2735|475|84.3|6.7|2320|448|71.5|7.8|560|210|17.3|6.1|510|254|15.7|6.7|160|95|130|85|81.3|29.0|25|24|15.6|15.0|105|79|65.6|29.3|30|50|18.8|27.8|355|135|270|117|76.1|15.3|155|83|43.7|18.6|115|83|32.4|18.2|85|63|23.9|15.2|13.8|6.7|13.8|6.7|13.9|6.7|0.0|75.8
9700000US0635130|San Ramon Valley Unified School District, CA|0635130|2019-2023|205|34810|1230|29165|1188|83.8|1.4|29165|1188|83.8|1.4|28270|1174|81.2|1.6|895|293|2.6|0.8|0|32|0.0|0.1|5645|516|16.2|1.4|29165|1188|3.1|1.0|17625|659|12680|718|71.9|2.8|12680|718|71.9|2.8|12110|720|68.7|3.0|27625|1102|13925|824|50.4|2.4|1265|253|4.6|0.9|1300|240|4.7|0.9|325|160|1.2|0.6|270|111|1.0|0.4|10545|864|38.2|2.6|41.1|1.7|28270|1174|22275|1109|78.8|2.2|990|248|3.5|0.9|4050|580|14.3|2.0|480|155|1.7|0.5|470|165|1.7|0.6|28270|1174|135|77|0.5|0.3|1155|241|4.1|0.8|3365|385|11.9|1.3|565|209|2.0|0.7|1985|344|7.0|1.2|880|222|3.1|0.8|1515|349|5.4|1.2|3255|431|11.5|1.5|8675|746|30.7|2.4|5030|478|17.8|1.6|485|141|1.7|0.5|430|161|1.5|0.6|795|185|2.8|0.7|28270|1174|24325|1120|86.0|1.8|2780|428|9.8|1.5|1145|249|4.1|0.8|15|24|0.1|0.1|156910|8019|217475|9020|122528|4212|34810|1230|34315|1229|98.6|0.5|33475|1301|96.2|1.0|1270|327|3.6|1.0|495|179|1.4|0.5|34695|1229|29090|1191|28195|1171|27860|1150|98.8|0.6|27515|1177|97.6|0.7|645|199|2.3|0.7|335|164|1.2|0.6|895|293|895|293|100.0|4.6|770|255|86.0|14.3|145|144|16.2|14.1|0|32|0.0|4.6|5610|519|5445|536|97.1|1.7|5115|513|91.2|3.0|390|173|7.0|2.9|160|91|2.9|1.7|2.3|0.7|2.3|0.7|2.3|0.7|0.0|30.0
9500000US0635220|San Ysidro Elementary School District, CA|0635220|2019-2023|205|4310|639|3400|544|78.9|4.7|3230|535|74.9|5.5|2940|488|68.2|5.2|290|158|6.7|3.5|170|160|3.9|3.7|910|246|21.1|4.7|3230|535|9.0|4.5|2240|381|1505|376|67.2|9.1|1405|360|62.7|10.3|1210|311|54.0|9.3|3045|487|2580|468|84.7|5.4|290|155|9.5|5.2|65|53|2.1|1.7|65|62|2.1|2.0|30|36|1.0|1.2|15|29|0.5|1.0|27.5|5.0|2940|488|970|319|33.0|9.1|385|142|13.1|4.7|800|260|27.2|7.4|365|167|12.4|5.4|425|256|14.5|8.3|2940|488|10|22|0.3|0.7|310|128|10.5|4.0|335|243|11.4|8.0|95|86|3.2|2.9|285|126|9.7|3.7|260|129|8.8|4.4|90|98|3.1|3.3|150|95|5.1|3.1|295|183|10.0|6.0|600|213|20.4|6.5|150|103|5.1|3.4|120|89|4.1|3.1|245|130|8.3|4.1|2940|488|2200|417|74.8|7.5|550|221|18.7|7.1|190|132|6.5|4.3|0|29|0.0|1.4|58167|12235|74107|17174|45872|9860|4140|634|3700|605|89.4|4.5|2845|582|68.7|7.6|1150|324|27.8|7.2|445|193|10.7|4.4|4125|637|3225|535|2940|488|2700|468|91.8|3.9|2185|452|74.3|7.1|700|192|23.8|6.5|245|118|8.3|3.9|285|158|190|101|66.7|30.3|90|68|31.6|24.1|105|83|36.8|27.4|90|114|31.6|29.6|900|246|790|250|87.8|8.9|555|217|61.7|14.1|335|181|37.2|15.1|110|80|12.2|9.1|6.0|3.3|6.0|3.3|6.1|3.3|0.0|100.0
9700000US0635250|Sanger Unified School District, CA|0635250|2019-2023|205|10470|819|8385|728|80.1|3.3|8375|725|80.0|3.3|7790|642|74.4|3.0|585|212|5.6|1.9|10|22|0.1|0.2|2085|387|19.9|3.3|8375|725|7.0|2.3|5585|466|3860|459|69.1|5.8|3860|459|69.1|5.8|3580|443|64.1|6.0|7665|629|6020|650|78.5|4.3|800|239|10.4|3.2|0|32|0.0|0.6|50|53|0.7|0.7|115|96|1.5|1.3|680|251|8.9|3.2|23.1|1.9|7790|642|2545|456|32.7|4.6|1060|241|13.6|3.1|1600|347|20.5|4.1|1295|322|16.6|3.7|1295|301|16.6|4.0|7790|642|535|208|6.9|2.6|690|211|8.9|2.5|690|219|8.9|2.7|340|158|4.4|2.1|655|204|8.4|2.5|555|186|7.1|2.3|100|84|1.3|1.1|365|175|4.7|2.2|390|168|5.0|2.2|2395|374|30.7|4.0|180|103|2.3|1.3|280|155|3.6|2.0|610|239|7.8|2.9|7790|642|5505|550|70.7|4.2|1825|350|23.4|3.9|460|170|5.9|2.2|0|32|0.0|0.5|51460|3974|71479|9786|54638|7171|10460|817|10015|778|95.7|1.7|7165|798|68.5|4.3|3290|471|31.5|4.3|445|189|4.3|1.7|10415|826|8375|725|7790|642|7540|631|96.8|1.5|5790|646|74.3|5.2|2070|414|26.6|5.0|250|122|3.2|1.5|585|212|515|187|88.0|12.6|205|111|35.0|16.5|355|162|60.7|19.9|70|80|12.0|12.6|2040|385|1910|394|93.6|4.2|1170|319|57.4|9.7|820|238|40.2|9.4|125|83|6.1|4.3|11.5|3.2|11.5|3.2|11.5|3.2|8.9|17.6
9700000US0635310|Santa Ana Unified School District, CA|0635310|2019-2023|205|35985|1405|27580|1148|76.6|1.5|27580|1148|76.6|1.5|26655|1172|74.1|1.6|925|262|2.6|0.7|0|32|0.0|0.1|8410|658|23.4|1.5|27580|1148|3.4|1.0|19945|815|12830|734|64.3|2.4|12830|734|64.3|2.4|12335|742|61.8|2.5|25785|1186|18660|982|72.4|2.0|4000|504|15.5|1.8|585|177|2.3|0.7|275|119|1.1|0.4|685|186|2.7|0.7|1585|284|6.1|1.1|23.8|0.9|26655|1172|5340|504|20.0|1.8|8105|742|30.4|2.4|4380|617|16.4|2.1|4030|433|15.1|1.4|4800|551|18.0|2.0|26655|1172|535|227|2.0|0.9|3255|404|12.2|1.4|3715|441|13.9|1.5|495|154|1.9|0.6|2010|386|7.5|1.4|1220|278|4.6|1.1|330|156|1.2|0.6|1135|251|4.3|0.9|4630|633|17.4|2.1|4175|536|15.7|1.8|2950|399|11.1|1.4|1375|341|5.2|1.2|830|207|3.1|0.8|26655|1172|21765|1047|81.7|1.7|2790|373|10.5|1.3|1985|337|7.4|1.2|115|101|0.4|0.4|38530|2002|47207|1629|39490|3824|35985|1405|29395|1275|81.7|2.0|16920|1130|47.0|2.5|13430|880|37.3|2.3|6595|804|18.3|2.0|35750|1391|27540|1152|26625|1177|22135|1116|83.1|1.9|14380|1025|54.0|2.6|8400|698|31.5|2.4|4490|536|16.9|1.9|915|264|755|230|82.5|8.6|240|129|26.2|12.5|530|192|57.9|12.9|160|90|17.5|8.4|8210|634|6270|483|76.4|4.4|2275|360|27.7|4.0|4265|426|51.9|4.9|1940|440|23.6|4.4|10.8|1.4|10.8|1.4|10.9|1.4|0.0|16.5
9600000US0606019|Santa Barbara Unified School District (7-12), CA|0606019|2019-2023|205|5885|733|5115|601|86.9|3.6|5115|601|86.9|3.6|4950|585|84.1|3.8|170|101|2.9|1.7|0|32|0.0|0.7|765|255|13.0|3.6|5115|601|3.3|2.0|3215|420|2605|334|81.0|5.4|2605|334|81.0|5.4|2465|325|76.7|5.5|4690|605|3035|440|64.7|5.4|390|140|8.3|2.9|50|53|1.1|1.1|65|49|1.4|1.0|325|196|6.9|3.9|825|233|17.6|4.6|19.4|2.8|4950|585|2990|495|60.4|6.5|525|192|10.6|3.8|710|190|14.3|3.3|255|139|5.2|2.9|465|233|9.4|4.6|4950|585|30|33|0.6|0.7|315|146|6.4|3.0|535|168|10.8|3.3|35|41|0.7|0.8|305|124|6.2|2.3|155|104|3.1|2.1|85|57|1.7|1.1|200|104|4.0|2.1|1135|252|22.9|4.5|1405|328|28.4|5.2|410|225|8.3|4.4|90|59|1.8|1.2|250|111|5.1|2.2|4950|585|3400|504|68.7|6.5|930|221|18.8|3.9|620|286|12.5|5.5|0|32|0.0|0.9|67029|11726|118103|8799|77375|19346|5885|733|5315|680|90.3|4.4|4865|593|82.7|5.0|590|245|10.0|3.8|570|272|9.7|4.3|5820|722|5070|592|4905|578|4650|563|94.8|2.7|4425|547|90.2|3.4|310|119|6.3|2.4|250|129|5.1|2.6|170|101|80|70|47.1|46.0|40|34|23.5|22.9|40|60|23.5|39.0|85|92|50.0|43.6|750|260|515|190|68.7|17.3|350|103|46.7|17.0|210|166|28.0|18.1|230|167|30.7|17.1|4.2|2.6|4.2|2.6|4.2|2.7|0.0|42.1
9700000US0601414|Santa Barbara Unified School District, CA|0601414|2019-2023|205|7860|639|6740|621|85.8|3.1|6740|621|85.8|3.1|6510|600|82.8|3.3|230|151|2.9|1.9|0|32|0.0|0.5|1120|254|14.2|3.1|6740|621|3.4|2.2|4275|417|3260|420|76.3|5.5|3260|420|76.3|5.5|3055|390|71.5|5.7|6355|618|3925|515|61.8|5.7|1000|334|15.7|4.9|115|100|1.8|1.6|150|109|2.4|1.7|365|118|5.7|1.8|805|228|12.7|3.4|19.2|2.8|6510|600|2930|416|45.0|4.9|1780|424|27.3|5.6|805|148|12.4|2.0|560|165|8.6|2.6|430|139|6.6|2.1|6510|600|70|51|1.1|0.8|575|172|8.8|2.7|270|111|4.1|1.7|60|59|0.9|0.9|340|126|5.2|2.0|80|46|1.2|0.7|165|72|2.5|1.1|365|141|5.6|2.1|1750|394|26.9|5.0|1440|314|22.1|4.5|835|271|12.8|3.8|405|153|6.2|2.3|160|91|2.5|1.4|6510|600|5220|551|80.2|3.8|590|158|9.1|2.4|705|229|10.8|3.3|0|32|0.0|0.6|51703|5593|80557|7353|69300|12249|7860|639|6175|610|78.6|5.2|5035|591|64.1|5.5|1385|336|17.6|4.2|1685|442|21.4|5.2|7835|637|6715|620|6485|597|5105|558|78.7|5.7|4365|543|67.3|6.2|930|290|14.3|4.4|1380|403|21.3|5.7|230|151|195|146|84.8|21.4|75|57|32.6|22.3|120|119|52.2|28.6|35|47|15.2|21.0|1120|254|850|200|75.9|9.3|580|158|51.8|11.0|310|150|27.7|11.4|270|131|24.1|9.3|8.7|2.7|8.7|2.7|8.7|2.7|0.0|67.8
9700000US0635430|Santa Clara Unified School District, CA|0635430|2019-2023|205|16225|1444|13230|1243|81.5|2.2|13150|1242|81.0|2.4|12725|1206|78.4|2.4|425|190|2.6|1.1|80|123|0.5|0.8|2995|442|18.5|2.2|13150|1242|3.2|1.4|8295|774|5685|669|68.5|4.2|5685|669|68.5|4.2|5395|639|65.0|4.3|12670|1194|7880|921|62.2|4.4|1135|310|9.0|2.6|150|89|1.2|0.7|300|162|2.4|1.2|260|154|2.1|1.2|2950|696|23.3|4.5|22.1|0.9|12725|1206|8130|980|63.9|3.7|1555|341|12.2|2.5|1100|262|8.6|1.8|1035|272|8.1|2.2|910|227|7.2|1.7|12725|1206|65|53|0.5|0.4|780|241|6.1|1.9|2135|366|16.8|2.7|150|89|1.2|0.7|615|194|4.8|1.4|530|152|4.2|1.2|930|512|7.3|3.7|420|145|3.3|1.1|2970|496|23.3|3.0|2680|422|21.1|2.5|495|176|3.9|1.4|665|271|5.2|2.1|295|135|2.3|1.0|12725|1206|10610|1043|83.4|2.5|1530|307|12.0|2.1|585|205|4.6|1.5|0|32|0.0|0.3|105999|12722|154688|22228|100199|15476|16145|1441|15585|1431|96.5|1.6|13890|1288|86.0|2.6|2135|492|13.2|2.7|560|263|3.5|1.6|16070|1435|13140|1243|12720|1206|12330|1213|96.9|1.6|11360|1120|89.3|2.6|1260|364|9.9|2.6|390|210|3.1|1.6|425|190|410|187|96.5|5.5|260|130|61.2|16.1|150|103|35.3|16.8|15|22|3.5|5.3|2930|426|2770|408|94.5|3.4|2195|360|74.9|5.5|650|189|22.2|5.8|160|104|5.5|3.4|8.9|3.2|8.9|3.2|8.9|3.3|13.3|24.8
9500000US0635590|Santa Cruz City Elementary School District, CA|0635590|2019-2023|205|2845|519|2480|482|87.2|5.2|2480|482|87.2|5.2|2345|459|82.4|5.5|140|97|4.9|3.3|0|32|0.0|1.5|365|159|12.8|5.2|2480|482|5.6|3.7|1460|284|1145|278|78.4|9.6|1145|278|78.4|9.6|1045|270|71.6|10.2|2285|459|1165|276|51.0|8.6|190|138|8.3|5.5|10|22|0.4|1.0|150|89|6.6|3.8|65|46|2.8|2.1|705|293|30.9|10.8|25.6|3.7|2345|459|1440|328|61.4|10.7|255|159|10.9|6.2|305|120|13.0|5.2|245|169|10.4|6.5|100|95|4.3|3.7|2345|459|15|26|0.6|1.1|255|170|10.9|6.4|175|100|7.5|4.5|45|44|1.9|1.9|140|80|6.0|3.5|75|84|3.2|3.3|170|131|7.2|5.2|55|51|2.3|2.2|220|91|9.4|3.7|755|234|32.2|9.4|190|150|8.1|5.8|75|64|3.2|2.8|175|101|7.5|4.3|2345|459|1340|339|57.1|8.9|735|262|31.3|9.1|255|101|10.9|4.1|10|27|0.4|1.2|96223|29425|119452|12352|110658|26228|2845|519|2730|522|96.0|3.4|2410|520|84.7|6.1|360|161|12.7|6.0|120|98|4.2|3.4|2845|519|2480|482|2345|459|2280|467|97.2|2.8|2080|472|88.7|5.0|240|97|10.2|4.7|65|61|2.8|2.7|140|97|140|97|100.0|25.7|95|75|67.9|37.4|45|64|32.1|37.5|0|32|0.0|25.7|365|159|310|142|84.9|13.4|235|126|64.4|20.2|75|69|20.5|17.8|50|51|13.7|12.6|10.4|9.2|10.4|9.2|10.4|9.2|-|**
9600000US0699011|Santa Cruz City High School District (6-12), CA|0699011|2019-2023|205|3390|588|2855|504|84.2|4.8|2850|504|84.1|4.7|2790|496|82.3|4.7|60|52|1.8|1.5|4|9|0.1|0.3|535|194|15.8|4.8|2850|504|2.1|1.8|1775|355|1440|298|81.1|7.5|1440|298|81.1|7.5|1390|293|78.3|7.7|2730|498|1415|331|51.8|8.0|260|165|9.5|5.7|40|51|1.5|1.8|180|62|6.6|2.5|105|80|3.8|3.1|730|301|26.7|9.0|27.7|5.2|2790|496|1660|374|59.5|11.2|515|249|18.5|7.8|160|71|5.7|2.7|235|142|8.4|4.7|220|197|7.9|6.5|2790|496|25|38|0.9|1.4|465|213|16.7|6.1|120|89|4.3|3.3|35|29|1.3|1.0|50|45|1.8|1.7|130|104|4.7|3.6|10|26|0.4|0.9|90|67|3.2|2.4|390|152|14.0|5.2|1110|297|39.8|7.8|160|133|5.7|4.6|65|41|2.3|1.5|135|63|4.8|2.3|2790|496|1610|337|57.7|8.2|850|311|30.5|8.4|330|120|11.8|4.2|0|32|0.0|1.5|94228|27396|121616|60525|111000|6770|3385|589|3285|580|97.0|1.9|2830|572|83.6|4.9|575|166|17.0|5.1|100|64|3.0|1.9|3335|585|2850|504|2790|496|2705|498|97.0|2.2|2435|500|87.3|4.8|340|130|12.2|4.9|85|57|3.0|2.1|60|52|60|52|100.0|43.8|45|50|75.0|32.4|15|19|25.0|35.3|0|32|0.0|43.8|485|188|470|178|96.9|4.6|300|141|61.9|17.2|175|103|36.1|17.0|15|24|3.1|4.7|15.3|9.6|15.3|9.6|15.1|9.7|20.0|53.8
9600000US0606015|Santa Cruz City High School District (9-12), CA|0606015|2019-2023|205|2355|435|1915|392|81.3|5.5|1915|392|81.3|5.5|1875|382|79.6|5.5|40|40|1.7|1.6|0|29|0.0|1.8|440|144|18.7|5.5|1915|392|2.1|2.0|1205|249|920|223|76.3|7.7|920|223|76.3|7.7|895|215|74.3|7.8|1690|374|1060|280|62.7|7.9|165|97|9.8|4.9|15|30|0.9|1.8|70|55|4.1|3.3|95|66|5.6|3.7|280|132|16.6|7.8|23.5|5.8|1875|382|730|196|38.9|8.4|335|120|17.9|6.4|335|144|17.9|6.3|355|147|18.9|6.1|120|111|6.4|5.7|1875|382|70|42|3.7|2.3|255|134|13.6|6.3|125|73|6.7|3.8|55|46|2.9|2.4|155|123|8.3|6.0|85|95|4.5|4.9|45|63|2.4|3.4|115|73|6.1|3.8|270|107|14.4|5.5|455|163|24.3|8.3|140|97|7.5|4.8|15|21|0.8|1.1|95|78|5.1|4.1|1875|382|1345|328|71.7|7.4|300|109|16.0|5.4|235|104|12.5|5.2|0|29|0.0|2.2|58090|10735|122604|46772|65645|26847|2355|435|1985|411|84.3|5.5|1730|379|73.5|6.7|265|129|11.3|5.2|370|134|15.7|5.5|2325|429|1915|392|1875|382|1525|366|81.3|7.0|1445|348|77.1|7.7|80|61|4.3|3.0|350|132|18.7|7.1|40|40|40|40|100.0|53.6|20|24|50.0|50.0|20|34|50.0|50.0|0|29|0.0|53.6|410|137|395|137|96.3|8.2|260|103|63.4|21.4|135|106|32.9|20.3|15|32|3.7|8.0|13.2|6.3|13.2|6.3|13.1|6.4|13.3|66.0
9600000US0635600|Santa Cruz City High School District, CA|0635600|2019-2023|205|520|191|395|128|76.0|9.2|395|128|76.0|9.2|385|126|74.0|8.8|10|13|1.9|2.7|0|19|0.0|7.8|125|82|24.0|9.4|395|128|2.5|3.4|255|96|140|50|54.9|19.0|140|50|54.9|19.0|140|50|54.9|19.0|380|127|185|74|48.7|14.4|10|13|2.6|3.3|4|2|1.1|0.7|25|26|6.6|7.1|4|6|1.1|1.7|155|88|40.8|15.0|31.6|7.7|385|126|265|86|68.8|15.4|4|7|1.0|1.8|70|73|18.2|15.7|30|31|7.8|7.9|10|17|2.6|4.2|385|126|4|5|1.0|1.2|35|31|9.1|7.8|70|75|18.2|17.2|0|19|0.0|10.4|10|17|2.6|4.5|10|18|2.6|4.2|0|19|0.0|10.4|10|12|2.6|3.2|90|54|23.4|11.9|90|42|23.4|10.1|10|15|2.6|3.9|50|58|13.0|14.7|4|9|1.0|2.2|385|126|290|112|75.3|10.4|75|42|19.5|9.7|20|15|5.2|3.9|0|19|0.0|10.4|99375|28050|141875|115875|103750|29583|520|191|520|191|100.0|7.8|490|191|94.2|6.5|35|33|6.7|6.7|0|19|0.0|7.8|510|188|390|126|380|126|380|126|100.0|10.6|360|126|94.7|6.4|25|24|6.6|6.5|0|19|0.0|10.6|10|13|10|13|100.0|100.0|4|19|40.0|60.0|4|11|40.0|60.0|0|19|0.0|100.0|120|81|120|81|100.0|29.0|120|81|100.0|29.0|4|14|3.3|12.2|0|19|0.0|29.0|1.9|3.5|1.9|3.5|2.0|3.5|0.0|100.0
9600000US0635670|Santa Maria Joint Union High School District, CA|0635670|2019-2023|205|11975|1180|10185|1078|85.1|2.8|10165|1072|84.9|2.8|9780|1039|81.7|3.1|385|171|3.2|1.4|25|34|0.2|0.3|1790|371|14.9|2.8|10165|1072|3.8|1.6|6125|621|4530|554|74.0|4.9|4530|554|74.0|4.9|4225|514|69.0|4.9|9560|1050|6960|910|72.8|3.4|1865|338|19.5|3.4|85|56|0.9|0.6|80|67|0.8|0.7|85|58|0.9|0.6|480|154|5.0|1.6|22.7|1.8|9780|1039|1900|363|19.4|3.3|1565|366|16.0|3.4|1400|342|14.3|3.4|3625|617|37.1|4.4|1280|343|13.1|3.1|9780|1039|2705|449|27.7|3.8|1030|371|10.5|3.4|850|309|8.7|2.8|170|87|1.7|0.9|805|335|8.2|3.3|310|144|3.2|1.4|15|37|0.2|0.4|235|89|2.4|0.9|765|211|7.8|2.1|1515|278|15.5|3.0|570|172|5.8|1.8|340|193|3.5|1.8|460|214|4.7|2.0|9780|1039|7720|797|78.9|3.5|1485|404|15.2|3.2|530|154|5.4|1.6|45|40|0.5|0.4|39268|3952|55845|9876|41433|6927|11955|1173|9000|1010|75.3|4.0|6125|817|51.2|4.1|3440|723|28.8|5.3|2950|555|24.7|4.0|11925|1173|10165|1072|9780|1039|7590|907|77.6|3.6|5640|776|57.7|4.3|2425|614|24.8|5.5|2190|403|22.4|3.6|385|171|230|121|59.7|21.1|125|90|32.5|19.5|125|84|32.5|18.8|155|114|40.3|21.1|1760|367|1155|296|65.6|10.7|340|132|19.3|6.7|865|260|49.1|11.3|605|231|34.4|10.7|17.3|3.5|17.3|3.5|17.3|3.5|0.0|61.9
9500000US0605580|Santa Maria-Bonita Elementary School District, CA|0605580|2019-2023|205|13815|928|11680|781|84.5|2.8|11660|779|84.4|2.8|10980|716|79.5|2.9|680|263|4.9|1.8|15|33|0.1|0.2|2140|446|15.5|2.8|11660|779|5.8|2.1|7755|566|5780|486|74.5|4.6|5780|486|74.5|4.6|5260|450|67.8|4.7|10575|727|7525|663|71.2|3.5|2195|320|20.8|3.0|90|84|0.9|0.8|135|87|1.3|0.8|175|96|1.7|0.9|455|195|4.3|1.8|22.5|1.4|10980|716|1765|337|16.1|2.8|1755|311|16.0|2.6|1465|291|13.3|2.4|4590|530|41.8|4.6|1405|328|12.8|2.7|10980|716|3965|488|36.1|4.1|1000|238|9.1|2.2|520|204|4.7|1.8|245|138|2.2|1.2|880|218|8.0|1.8|460|175|4.2|1.5|35|62|0.3|0.6|180|99|1.6|0.9|710|260|6.5|2.3|1700|352|15.5|3.1|580|187|5.3|1.7|260|113|2.4|1.0|440|194|4.0|1.7|10980|716|9055|739|82.5|3.4|1380|305|12.6|2.7|520|228|4.7|2.1|30|39|0.3|0.4|34803|1723|46661|4130|35582|3706|13800|921|9805|853|71.1|3.7|5990|751|43.4|4.2|4300|604|31.2|4.1|3995|554|28.9|3.6|13800|921|11660|779|10980|716|8045|646|73.3|3.9|5235|648|47.7|4.5|3210|391|29.2|3.8|2935|483|26.7|3.9|680|263|300|136|44.1|16.5|155|94|22.8|12.1|205|114|30.1|15.1|380|205|55.9|16.5|2140|446|1460|324|68.2|8.9|605|196|28.3|8.1|880|254|41.1|9.2|675|258|31.5|8.8|15.7|3.2|15.7|3.2|15.7|3.2|-|**
9700000US0635700|Santa Monica-Malibu Unified School District, CA|0635700|2019-2023|205|8500|876|7100|788|83.5|3.5|7100|788|83.5|3.5|6670|777|78.5|4.1|430|184|5.1|2.1|0|32|0.0|0.5|1395|333|16.4|3.5|7100|788|6.1|2.5|4795|491|3830|488|79.9|4.5|3830|488|79.9|4.5|3595|486|75.0|5.2|6535|748|3195|452|48.9|4.6|285|123|4.4|1.9|155|89|2.4|1.4|335|132|5.1|2.0|210|107|3.2|1.6|2350|453|36.0|4.6|28.2|2.6|6670|777|4735|489|71.0|6.2|540|214|8.1|3.1|935|357|14.0|4.5|200|210|3.0|3.0|265|162|4.0|2.3|6670|777|0|32|0.0|0.6|265|225|4.0|3.1|450|175|6.7|2.7|95|71|1.4|1.1|260|139|3.9|1.9|210|131|3.1|1.9|735|208|11.0|2.8|695|181|10.4|2.8|1475|306|22.1|4.6|1740|412|26.1|4.6|235|101|3.5|1.5|310|142|4.6|2.2|205|97|3.1|1.5|6670|777|4935|578|74.0|6.1|1065|286|16.0|3.5|650|289|9.7|3.7|20|22|0.3|0.3|82675|18650|168986|25130|108125|17212|8500|876|8020|844|94.4|3.6|7100|722|83.5|4.5|1285|364|15.1|3.7|480|317|5.6|3.6|8290|883|6985|796|6580|782|6270|750|95.3|3.2|5630|600|85.6|5.0|805|324|12.2|4.1|310|218|4.7|3.2|405|173|355|162|87.7|18.8|175|95|43.2|23.4|205|141|50.6|25.5|50|77|12.3|18.8|1305|331|1185|306|90.8|9.4|1130|306|86.6|9.9|115|67|8.8|5.2|120|129|9.2|9.4|6.9|2.6|6.9|2.6|6.9|2.6|7.3|13.3
9600000US0606022|Santa Paula Unified School District (9-12), CA|0606022|2019-2023|205|260|107|220|88|84.6|12.0|220|88|84.6|12.0|200|79|76.9|16.7|25|38|9.6|13.2|0|14|0.0|15.0|35|38|13.5|11.8|220|88|11.4|15.3|135|60|115|53|85.2|15.7|115|53|85.2|15.7|105|50|77.8|22.1|195|78|150|72|76.9|16.1|25|25|12.8|13.0|0|14|0.0|19.4|4|5|2.1|2.9|4|10|2.1|5.1|4|14|2.1|6.9|22.3|3.7|200|79|35|25|17.5|12.2|25|33|12.5|15.3|50|39|25.0|16.1|45|36|22.5|17.0|40|37|20.0|16.8|200|79|20|17|10.0|8.0|25|18|12.5|8.7|25|28|12.5|13.3|4|9|2.0|4.5|10|14|5.0|7.1|10|18|5.0|8.3|0|14|0.0|19.0|4|14|2.0|0.8|15|20|7.5|9.8|35|29|17.5|12.5|15|17|7.5|7.8|4|17|2.0|8.6|20|31|10.0|14.9|200|79|150|67|75.0|16.7|40|36|20.0|16.3|10|14|5.0|7.2|0|14|0.0|19.0|27109|11955|63224|26217|31071|14693|260|107|230|102|88.5|10.2|150|66|57.7|17.3|90|69|34.6|18.4|30|26|11.5|10.2|260|107|220|88|200|79|175|74|87.5|12.4|125|55|62.5|17.7|60|47|30.0|18.1|25|25|12.5|12.3|25|38|20|37|80.0|65.5|20|37|80.0|65.5|0|14|0.0|67.8|4|8|16.0|65.8|35|38|35|38|100.0|57.3|4|11|11.4|33.1|30|34|85.7|33.3|0|14|0.0|57.3|11.5|13.2|11.5|13.2|11.5|13.2|-|**
9700000US0601421|Santa Paula Unified School District, CA|0601421|2019-2023|205|4625|455|3595|407|77.7|5.7|3585|403|77.5|5.6|3280|414|70.9|5.9|305|147|6.6|3.2|10|16|0.2|0.4|1035|296|22.4|5.7|3585|403|8.5|4.1|2640|282|1780|263|67.4|7.1|1780|263|67.4|7.1|1670|270|63.3|7.4|3130|389|2460|377|78.6|5.2|500|152|16.0|4.8|0|25|0.0|1.3|55|53|1.8|1.7|20|21|0.6|0.7|95|68|3.0|2.2|25.2|2.5|3280|414|530|149|16.2|4.1|600|157|18.3|5.1|600|244|18.3|6.9|910|255|27.7|6.6|630|191|19.2|5.0|3280|414|605|202|18.4|5.9|275|120|8.4|3.5|515|213|15.7|5.8|155|122|4.7|3.6|215|86|6.6|2.5|110|65|3.4|1.9|0|25|0.0|1.3|135|99|4.1|3.0|290|104|8.8|3.3|560|139|17.1|4.4|180|150|5.5|4.5|170|164|5.2|4.9|75|41|2.3|1.2|3280|414|2910|407|88.7|3.6|265|93|8.1|2.7|105|74|3.2|2.3|0|25|0.0|1.3|36667|3395|49080|6238|35788|3358|4615|452|3555|489|77.0|7.9|2245|437|48.6|8.2|1375|335|29.8|7.0|1060|386|23.0|7.9|4590|445|3555|398|3250|412|2610|367|80.3|7.8|1780|313|54.8|7.9|890|257|27.4|7.5|640|284|19.7|7.8|305|147|275|133|90.2|11.2|55|69|18.0|20.2|215|106|70.5|19.0|30|38|9.8|11.1|1035|296|645|331|62.3|19.9|390|293|37.7|21.5|255|124|24.6|11.2|390|180|37.7|19.8|22.7|6.9|22.7|6.9|22.4|6.8|66.7|66.7
9500000US0635790|Santa Rita Union Elementary School District, CA|0635790|2019-2023|205|2545|512|1845|435|72.5|7.4|1845|435|72.5|7.4|1695|390|66.6|7.4|150|130|5.9|4.8|0|25|0.0|1.7|700|217|27.5|7.4|1845|435|8.1|6.5|1320|255|710|201|53.8|11.2|710|201|53.8|11.2|610|175|46.2|10.6|1690|388|1350|376|79.9|10.7|190|157|11.2|9.3|0|25|0.0|2.5|0|25|0.0|2.5|85|85|5.0|4.9|65|52|3.8|3.3|24.9|3.1|1695|390|505|260|29.8|12.7|265|122|15.6|6.6|440|157|26.0|8.3|420|174|24.8|8.9|60|56|3.5|3.4|1695|390|250|130|14.7|6.8|190|115|11.2|6.6|65|59|3.8|3.6|60|57|3.5|3.3|75|56|4.4|3.3|0|25|0.0|2.5|60|57|3.5|3.3|50|54|2.9|3.0|115|75|6.8|4.4|675|274|39.8|11.8|30|49|1.8|2.9|90|61|5.3|3.5|35|39|2.1|2.5|1695|390|1290|320|76.1|11.0|235|124|13.9|6.3|170|127|10.0|7.0|0|25|0.0|2.5|56059|10008|89141|17578|55900|15977|2545|512|2050|456|80.6|7.5|1595|446|62.7|9.1|515|201|20.2|8.2|495|210|19.4|7.5|2545|512|1845|435|1695|390|1560|385|92.0|5.7|1290|380|76.1|8.9|310|153|18.3|9.4|135|94|8.0|5.7|150|130|30|25|20.0|28.2|4|7|2.7|7.1|25|24|16.7|25.1|120|125|80.0|26.8|700|217|460|161|65.7|16.9|295|145|42.1|18.0|180|94|25.7|12.9|240|151|34.3|16.9|9.2|5.3|9.2|5.3|9.2|5.3|-|**
9500000US0635810|Santa Rosa Elementary School District, CA|0635810|2019-2023|205|5380|700|4580|625|85.1|3.3|4580|625|85.1|3.3|4455|609|82.8|3.3|125|102|2.3|1.9|0|32|0.0|0.8|795|203|14.8|3.3|4580|625|2.7|2.2|3140|426|2360|399|75.2|6.0|2360|399|75.2|6.0|2295|386|73.1|5.9|4325|593|3060|573|70.8|7.5|600|250|13.9|5.7|0|32|0.0|1.0|35|43|0.8|1.0|65|40|1.5|0.9|565|227|13.1|5.2|21.0|2.2|4455|609|1675|432|37.6|7.3|1015|283|22.8|5.5|540|157|12.1|3.7|575|224|12.9|4.6|645|172|14.5|3.7|4455|609|130|86|2.9|2.0|685|231|15.4|4.8|625|173|14.0|3.5|80|54|1.8|1.3|145|87|3.3|1.9|90|67|2.0|1.5|55|61|1.2|1.4|180|118|4.0|2.7|485|200|10.9|4.0|1025|321|23.0|5.9|470|187|10.5|4.1|300|167|6.7|3.6|170|109|3.8|2.4|4455|609|3305|493|74.2|6.4|715|237|16.0|4.7|390|172|8.8|3.4|45|53|1.0|1.2|51168|7392|76650|16338|48941|8963|5380|700|4965|688|92.3|4.0|3565|591|66.3|7.2|1605|410|29.8|6.2|415|219|7.7|4.0|5350|692|4550|621|4425|604|4130|606|93.3|3.9|3075|537|69.5|7.4|1215|344|27.5|6.6|295|174|6.7|3.9|125|102|125|102|100.0|28.1|50|37|40.0|32.0|95|97|76.0|25.4|0|32|0.0|28.1|795|203|680|197|85.5|9.4|445|161|56.0|13.9|265|128|33.3|13.3|115|76|14.5|9.4|7.9|3.2|7.9|3.2|7.9|3.3|0.0|61.9
9600000US0635830|Santa Rosa High School District, CA|0635830|2019-2023|205|16675|1008|14635|936|87.8|2.1|14620|934|87.7|2.1|14110|908|84.6|2.6|510|273|3.1|1.6|15|26|0.1|0.2|2035|377|12.2|2.1|14620|934|3.5|1.8|8870|627|7270|600|82.0|3.2|7255|597|81.8|3.2|7010|568|79.0|3.5|13600|872|9705|859|71.4|3.9|2360|475|17.4|3.3|85|71|0.6|0.5|65|49|0.5|0.4|315|132|2.3|1.0|1060|215|7.8|1.6|23.2|1.9|14110|908|5155|606|36.5|3.6|2865|451|20.3|2.9|2135|369|15.1|2.5|2210|433|15.7|2.8|1745|333|12.4|2.3|14110|908|410|227|2.9|1.6|1710|386|12.1|2.5|1850|403|13.1|2.6|405|174|2.9|1.2|815|262|5.8|1.9|440|153|3.1|1.1|180|112|1.3|0.8|570|220|4.0|1.6|1780|380|12.6|2.5|3175|446|22.5|2.9|810|226|5.7|1.6|1005|273|7.1|1.9|960|312|6.8|2.2|14110|908|10770|828|76.3|3.2|2155|430|15.3|2.8|1180|252|8.4|1.8|4|21|0.0|0.2|54782|4546|72909|3489|63014|3199|16655|1006|14870|1050|89.3|2.3|12155|950|73.0|3.4|3485|557|20.9|3.0|1785|371|10.7|2.3|16575|1009|14565|938|14055|913|12690|958|90.3|2.6|10875|905|77.4|3.3|2410|436|17.1|2.9|1365|358|9.7|2.6|510|273|365|187|71.6|29.3|145|85|28.4|17.2|225|151|44.1|23.7|145|190|28.4|29.3|2010|375|1730|335|86.1|7.4|1090|253|54.2|9.7|785|240|39.1|9.5|275|165|13.7|7.5|7.0|2.1|7.0|2.1|7.0|2.1|4.7|14.2
9600000US0635850|Santa Ynez Valley Union High School District, CA|0635850|2019-2023|205|735|215|645|190|87.8|7.7|645|190|87.8|7.7|645|190|87.8|7.7|0|25|0.0|5.6|0|25|0.0|5.6|90|65|12.2|7.7|645|190|0.0|6.4|400|108|320|97|80.0|12.8|320|97|80.0|12.8|320|97|80.0|12.8|645|190|445|152|69.0|12.3|15|22|2.3|3.3|4|4|0.6|0.6|75|72|11.6|10.0|0|25|0.0|6.4|105|57|16.3|8.2|31.5|9.7|645|190|315|113|48.8|12.6|175|96|27.1|12.1|115|74|17.8|10.1|0|25|0.0|6.4|45|44|7.0|6.1|645|190|50|47|7.8|7.1|30|29|4.7|4.2|30|31|4.7|4.3|0|25|0.0|6.4|55|61|8.5|8.8|55|46|8.5|6.3|0|25|0.0|6.4|90|64|14.0|9.9|40|29|6.2|4.2|125|62|19.4|9.0|80|55|12.4|7.1|40|40|6.2|6.1|60|60|9.3|8.3|645|190|500|151|77.5|10.6|95|72|14.7|9.3|50|40|7.8|5.9|0|25|0.0|6.4|78407|14597|89018|18907|81250|26946|735|215|685|201|93.2|6.1|580|184|78.9|12.1|100|79|13.6|9.7|55|51|7.5|6.5|735|215|645|190|645|190|595|177|92.2|7.1|495|161|76.7|13.8|100|79|15.5|11.2|50|49|7.8|7.0|0|25|0|25|-|**|0|25|-|**|0|25|-|**|0|25|-|**|90|65|90|65|100.0|35.4|90|64|100.0|35.4|4|5|4.4|6.6|4|6|4.4|7.0|0.5|0.8|0.5|0.8|0.5|0.8|-|**
9500000US0635880|Santee School District, CA|0635880|2019-2023|205|7260|602|6040|565|83.2|3.4|5850|567|80.6|3.8|5600|541|77.1|4.0|250|182|3.4|2.5|190|83|2.6|1.1|1220|267|16.8|3.4|5850|567|4.3|3.0|3795|347|2685|321|70.8|6.0|2675|323|70.5|6.1|2530|302|66.7|6.2|5545|538|4095|486|73.9|4.6|380|158|6.9|2.7|30|32|0.5|0.6|40|41|0.7|0.7|155|73|2.8|1.3|840|208|15.1|3.6|28.5|2.6|5600|541|2905|409|51.9|5.5|755|170|13.5|2.9|1040|231|18.6|3.8|375|156|6.7|2.7|530|211|9.5|3.5|5600|541|45|60|0.8|1.1|430|166|7.7|2.7|595|209|10.6|3.5|100|68|1.8|1.2|480|171|8.6|2.9|185|78|3.3|1.4|105|81|1.9|1.4|340|137|6.1|2.5|655|175|11.7|2.9|1370|305|24.5|4.8|525|242|9.4|4.1|175|70|3.1|1.3|600|160|10.7|2.9|5600|541|4120|545|73.6|4.8|1185|220|21.2|3.9|295|135|5.3|2.4|0|32|0.0|0.8|65097|6597|74535|12830|74414|10509|7070|593|6915|605|97.8|1.3|5575|579|78.9|5.0|2005|438|28.4|5.8|155|87|2.2|1.2|7065|594|5850|567|5600|541|5470|534|97.7|1.5|4825|551|86.2|4.6|1235|318|22.1|5.6|135|88|2.4|1.5|250|182|250|182|100.0|15.6|60|54|24.0|28.7|215|184|86.0|19.5|0|32|0.0|15.6|1215|266|1190|263|97.9|2.3|685|201|56.4|12.3|545|189|44.9|12.1|20|28|1.6|2.3|8.4|4.4|8.4|4.4|8.4|4.4|0.0|100.0
9500000US0635910|Saratoga Union Elementary School District, CA|0635910|2019-2023|205|2430|529|2045|522|84.2|5.6|2045|522|84.2|5.6|2020|521|83.1|5.8|25|28|1.0|1.2|0|21|0.0|1.7|385|122|15.8|5.6|2045|522|1.2|1.4|1175|245|805|242|68.5|10.5|805|242|68.5|10.5|780|241|66.4|10.8|1950|524|1075|300|55.1|16.7|70|72|3.6|3.7|20|34|1.0|1.8|55|63|2.8|3.3|0|21|0.0|2.2|730|491|37.4|18.7|29.0|3.2|2020|521|1905|504|94.3|3.5|30|35|1.5|1.8|60|47|3.0|2.3|25|40|1.2|2.0|0|21|0.0|2.1|2020|521|0|21|0.0|2.1|45|51|2.2|2.5|400|135|19.8|7.5|55|60|2.7|2.9|310|287|15.3|11.7|15|30|0.7|1.6|135|80|6.7|4.3|20|30|1.0|1.5|610|286|30.2|9.1|290|202|14.4|10.5|45|54|2.2|2.8|65|65|3.2|3.4|20|33|1.0|1.7|2020|521|1815|530|89.9|6.0|120|81|5.9|4.3|45|45|2.2|2.3|40|50|2.0|2.7|241056|37173|250,000+|***|250,000+|***|2430|529|2430|529|100.0|1.7|2430|529|100.0|1.7|10|14|0.4|0.6|0|21|0.0|1.7|2430|529|2045|522|2020|521|2020|521|100.0|2.1|2020|521|100.0|2.1|0|21|0.0|2.1|0|21|0.0|2.1|25|28|25|28|100.0|67.8|25|28|100.0|67.8|0|21|0.0|67.8|0|21|0.0|67.8|385|122|385|122|100.0|10.4|385|122|100.0|10.4|10|14|2.6|3.6|0|21|0.0|10.4|0.0|1.7|0.0|1.7|0.0|1.7|-|**
9500000US0635970|Saugus Union Elementary School District, CA|0635970|2019-2023|205|11685|1109|9755|928|83.5|2.2|9735|922|83.3|2.2|9495|888|81.3|2.4|240|135|2.1|1.1|20|32|0.2|0.3|1935|333|16.6|2.2|9735|922|2.5|1.3|6040|571|4270|473|70.7|4.5|4270|473|70.7|4.5|4095|472|67.8|4.7|9395|895|6110|669|65.0|4.1|635|174|6.8|1.8|150|83|1.6|0.9|15|19|0.2|0.2|35|35|0.4|0.4|2450|473|26.1|3.8|35.7|2.8|9495|888|5375|677|56.6|4.8|1015|284|10.7|2.8|1825|457|19.2|4.2|650|155|6.8|1.6|635|194|6.7|2.0|9495|888|0|32|0.0|0.4|505|168|5.3|1.7|975|260|10.3|2.6|50|37|0.5|0.4|765|219|8.1|2.0|400|151|4.2|1.5|530|194|5.6|1.9|730|239|7.7|2.3|1465|400|15.4|4.0|2380|341|25.1|3.4|485|141|5.1|1.6|165|72|1.7|0.7|1055|306|11.1|2.9|9495|888|6785|732|71.5|3.4|2160|382|22.7|3.5|535|186|5.6|1.9|15|19|0.2|0.2|91612|7354|116797|5942|90000|12708|11670|1101|11490|1097|98.5|0.8|10770|1132|92.3|3.4|1400|442|12.0|3.7|180|92|1.5|0.8|11650|1103|9735|922|9495|888|9385|892|98.8|0.6|8835|910|93.0|3.7|1075|415|11.3|4.2|110|59|1.2|0.6|240|135|235|130|97.9|11.2|180|117|75.0|22.1|65|50|27.1|19.8|4|29|1.7|11.3|1915|334|1850|324|96.6|2.7|1740|332|90.9|4.1|245|92|12.8|4.9|65|53|3.4|2.7|4.7|2.2|4.7|2.2|4.7|2.2|50.0|50.0
9500000US0636000|Sausalito Elementary School District, CA|0636000|2019-2023|205|575|193|520|188|90.4|7.7|520|188|90.4|7.7|505|180|87.8|8.1|15|28|2.6|4.6|0|21|0.0|7.1|55|43|9.6|7.5|520|188|2.9|5.0|345|148|295|145|85.5|12.2|295|145|85.5|12.2|295|145|85.5|12.2|485|175|245|135|50.5|18.1|25|32|5.2|6.8|20|25|4.1|5.4|0|21|0.0|8.4|50|53|10.3|10.1|140|89|28.9|16.8|26.4|11.2|505|180|255|132|50.5|25.1|85|80|16.8|14.4|165|125|32.7|20.0|0|21|0.0|8.1|0|21|0.0|8.1|505|180|10|19|2.0|3.8|0|21|0.0|8.1|15|25|3.0|5.0|20|33|4.0|6.5|90|110|17.8|19.2|15|49|3.0|9.6|0|21|0.0|8.1|15|22|3.0|4.6|115|55|22.8|10.4|85|76|16.8|15.0|35|40|6.9|7.3|0|21|0.0|8.1|105|87|20.8|14.1|505|180|330|126|65.3|14.8|130|97|25.7|15.8|50|44|9.9|8.3|0|21|0.0|8.1|-|**|167609|39235|41266|36780|575|193|550|197|95.7|7.1|430|167|74.8|15.8|140|102|24.3|15.1|25|39|4.3|7.1|565|190|510|186|495|176|470|181|94.9|8.0|375|150|75.8|15.2|100|85|20.2|15.0|25|39|5.1|8.2|15|28|15|28|100.0|87.6|0|21|0.0|87.6|15|28|100.0|87.6|0|21|0.0|87.6|55|43|55|43|100.0|45.7|55|43|100.0|45.7|15|26|27.3|49.7|0|21|0.0|45.7|13.9|13.3|13.9|13.3|14.2|13.5|0.0|100.0
9500000US0636030|Savanna Elementary School District, CA|0636030|2019-2023|205|2185|499|1805|485|82.6|6.1|1805|485|82.6|6.1|1795|482|82.2|6.1|10|14|0.5|0.6|0|25|0.0|1.9|385|123|17.6|6.0|1805|485|0.6|0.8|1180|195|795|189|67.4|9.7|795|189|67.4|9.7|795|189|67.4|9.7|1760|485|1310|480|74.4|11.5|245|142|13.9|7.8|20|24|1.1|1.4|0|25|0.0|2.4|0|25|0.0|2.4|190|123|10.8|7.7|31.2|5.0|1795|482|835|419|46.5|13.1|215|128|12.0|8.0|310|128|17.3|5.9|60|43|3.3|2.7|375|141|20.9|8.6|1795|482|10|14|0.6|0.8|100|69|5.6|4.1|315|112|17.5|7.6|30|38|1.7|2.0|100|64|5.6|3.9|210|137|11.7|6.2|60|66|3.3|3.7|25|28|1.4|1.6|345|303|19.2|13.1|300|150|16.7|7.9|50|47|2.8|2.6|115|81|6.4|5.0|135|105|7.5|5.9|1795|482|1405|430|78.3|6.9|295|130|16.4|6.8|65|54|3.6|2.8|25|28|1.4|1.6|45288|22443|113163|56853|53555|17716|2185|499|2105|499|96.3|2.4|1550|491|70.9|10.0|615|211|28.1|10.1|80|50|3.7|2.4|2185|499|1805|485|1795|482|1745|473|97.2|1.9|1320|485|73.5|10.4|485|161|27.0|11.1|50|36|2.8|1.9|10|14|10|14|100.0|100.0|0|25|0.0|100.0|10|14|100.0|100.0|0|25|0.0|100.0|385|123|350|120|90.9|10.2|235|94|61.0|17.3|125|79|32.5|17.9|35|38|9.1|9.9|12.6|6.9|12.6|6.9|12.6|6.9|-|**
9700000US0600159|Scott Valley Unified School District, CA|0600159|2019-2023|205|640|138|535|118|83.6|9.0|535|118|83.6|9.0|485|110|75.8|12.3|50|59|7.8|8.9|0|14|0.0|6.4|105|67|16.4|9.1|535|118|9.3|10.6|375|89|270|86|72.0|16.1|270|86|72.0|16.1|235|73|62.7|18.7|430|103|270|72|62.8|15.6|60|53|14.0|10.7|0|14|0.0|9.4|40|36|9.3|7.2|0|14|0.0|9.4|60|51|14.0|11.5|18.5|6.6|485|110|290|117|59.8|17.0|85|64|17.5|13.4|35|34|7.2|6.8|25|25|5.2|5.7|55|37|11.3|7.3|485|110|95|48|19.6|11.4|25|27|5.2|5.5|25|24|5.2|4.8|0|14|0.0|8.4|4|11|0.8|2.4|15|25|3.1|5.2|15|17|3.1|3.6|4|4|0.8|0.9|25|26|5.2|5.1|170|69|35.1|9.8|15|28|3.1|5.5|0|14|0.0|8.4|90|66|18.6|12.2|485|110|195|64|40.2|9.2|265|75|54.6|9.7|25|28|5.2|5.6|0|14|0.0|8.4|60577|10020|59567|16265|90438|11665|640|138|625|138|97.7|2.8|510|125|79.7|11.9|150|85|23.4|12.2|15|17|2.3|2.8|640|138|535|118|485|110|475|110|97.9|3.1|435|100|89.7|8.4|75|54|15.5|10.2|10|14|2.1|3.0|50|59|50|59|100.0|48.0|4|6|8.0|19.0|45|57|90.0|30.0|0|14|0.0|48.0|105|67|100|64|95.2|10.2|75|60|71.4|24.9|25|26|23.8|24.4|4|7|3.8|6.8|14.1|9.7|14.1|9.7|14.1|9.7|-|**
9700000US0600043|Scotts Valley Unified School District, CA|0600043|2019-2023|205|2305|433|2130|410|92.4|3.5|2130|410|92.4|3.5|2030|396|88.1|3.9|100|70|4.3|3.0|0|21|0.0|1.8|175|85|7.6|3.5|2130|410|4.7|3.2|1145|228|990|211|86.5|6.5|990|211|86.5|6.5|915|197|79.9|7.7|1945|389|1235|357|63.5|10.4|165|98|8.5|5.0|0|21|0.0|2.2|0|21|0.0|2.2|0|21|0.0|2.2|545|206|28.0|9.9|27.6|4.1|2030|396|1385|345|68.2|7.9|150|101|7.4|4.8|295|132|14.5|6.2|110|72|5.4|3.5|90|64|4.4|3.1|2030|396|15|25|0.7|1.2|225|120|11.1|5.1|215|122|10.6|5.6|75|61|3.7|2.9|185|111|9.1|5.3|45|54|2.2|2.8|55|48|2.7|2.3|65|50|3.2|2.7|380|141|18.7|5.7|460|173|22.7|6.0|70|66|3.4|3.2|105|75|5.2|3.7|130|102|6.4|4.9|2030|396|1420|303|70.0|7.3|355|145|17.5|6.6|255|145|12.6|6.2|0|21|0.0|2.1|113351|27651|204943|46314|109844|39773|2305|433|2285|424|99.1|1.3|2175|438|94.4|4.1|175|103|7.6|4.6|20|34|0.9|1.4|2275|425|2100|402|2000|389|1980|383|99.0|1.6|1880|392|94.0|4.2|165|94|8.3|4.8|20|34|1.0|1.7|100|70|100|70|100.0|33.1|85|66|85.0|21.0|15|22|15.0|22.5|0|21|0.0|33.1|175|85|175|85|100.0|21.4|175|85|100.0|21.4|0|21|0.0|21.4|0|21|0.0|21.4|1.1|1.9|1.1|1.9|1.1|1.9|0.0|61.9
9500000US0636180|Sebastopol Union Elementary School District, CA|0636180|2019-2023|205|840|234|740|206|88.1|7.3|740|206|88.1|7.3|740|206|88.1|7.3|0|21|0.0|4.9|0|21|0.0|4.9|100|71|11.9|7.3|740|206|0.0|5.6|425|114|340|99|80.0|13.6|340|99|80.0|13.6|340|99|80.0|13.6|740|206|435|166|58.8|13.5|20|25|2.7|3.7|0|21|0.0|5.6|0|21|0.0|5.6|45|67|6.1|8.6|240|98|32.4|12.9|32.1|10.9|740|206|510|177|68.9|10.9|80|51|10.8|7.0|90|63|12.2|8.0|35|32|4.7|4.5|30|29|4.1|3.9|740|206|10|17|1.4|2.4|25|27|3.4|3.8|60|45|8.1|5.9|0|21|0.0|5.6|10|15|1.4|2.0|4|15|0.5|2.1|25|32|3.4|4.6|55|45|7.4|5.6|160|95|21.6|11.1|275|151|37.2|16.1|30|28|4.1|3.9|15|23|2.0|3.2|70|57|9.5|7.4|740|206|460|137|62.2|11.8|170|84|23.0|9.6|110|90|14.9|10.6|0|21|0.0|5.6|82798|5602|131125|45964|83353|9466|840|234|815|228|97.0|3.5|755|214|89.9|6.4|210|145|25.0|14.1|25|29|3.0|3.3|795|202|695|184|695|184|685|181|98.6|2.4|635|170|91.4|5.8|155|125|22.3|16.0|10|14|1.4|1.9|0|21|0|21|-|**|0|21|-|**|0|21|-|**|0|21|-|**|100|71|85|66|85.0|22.9|75|65|75.0|26.8|10|14|10.0|16.7|15|26|15.0|24.5|10.1|11.8|10.1|11.8|5.0|5.6|100.0|50.6
9700000US0636270|Selma Unified School District, CA|0636270|2019-2023|205|4930|655|4025|625|81.6|4.4|4025|625|81.6|4.4|3700|596|75.1|4.7|325|155|6.6|3.1|0|25|0.0|0.9|905|221|18.4|4.4|4025|625|8.1|3.7|2785|375|2040|384|73.2|7.2|2040|384|73.2|7.2|1830|369|65.7|7.1|3495|582|2805|598|80.3|7.9|400|221|11.4|6.1|25|56|0.7|1.6|20|32|0.6|0.9|25|41|0.7|1.2|215|152|6.2|4.5|29.4|4.1|3700|596|1260|449|34.1|9.7|470|206|12.7|5.8|690|266|18.6|6.3|905|269|24.5|6.5|380|148|10.3|3.9|3700|596|410|191|11.1|4.9|325|139|8.8|3.8|280|153|7.6|4.1|65|78|1.8|2.1|215|137|5.8|3.5|320|135|8.6|3.6|0|25|0.0|1.1|170|99|4.6|2.6|115|72|3.1|2.0|1190|377|32.2|9.2|40|38|1.1|1.1|215|236|5.8|6.0|350|236|9.5|5.7|3700|596|2610|443|70.5|7.4|960|339|25.9|7.1|90|66|2.4|1.8|40|62|1.1|1.7|43690|4245|63719|12529|48250|19379|4930|655|4360|617|88.4|4.9|2800|539|56.8|7.2|1960|438|39.8|7.6|570|254|11.6|4.9|4930|655|4025|625|3700|596|3385|589|91.5|4.7|2635|538|71.2|7.3|1140|329|30.8|7.9|320|175|8.6|4.7|325|155|195|120|60.0|27.8|0|25|0.0|12.2|195|120|60.0|27.8|130|114|40.0|28.3|905|221|785|208|86.7|9.4|160|96|17.7|10.8|620|206|68.5|13.0|120|89|13.3|9.4|17.7|6.4|17.7|6.4|17.7|6.4|-|**
9500000US0636360|Sequoia Union Elementary School District, CA|0636360|2019-2023|205|135|68|130|66|96.3|10.0|130|66|96.3|10.0|125|65|92.6|8.8|4|3|3.0|2.7|0|14|0.0|26.5|4|15|3.0|10.9|130|66|3.1|2.9|50|34|50|34|100.0|48.0|50|34|100.0|48.0|50|34|100.0|48.0|125|65|100|66|80.0|21.5|20|20|16.0|19.6|0|14|0.0|28.1|0|14|0.0|28.1|0|14|0.0|28.1|4|6|3.2|4.9|28.3|2.7|125|65|50|29|40.0|23.1|4|14|3.2|11.5|50|46|40.0|25.5|15|22|12.0|15.6|10|14|8.0|13.4|125|65|10|15|8.0|12.0|15|22|12.0|15.6|20|19|16.0|17.0|25|36|20.0|25.7|10|15|8.0|11.7|0|14|0.0|28.1|0|14|0.0|28.1|4|2|3.2|2.5|0|14|0.0|28.1|40|34|32.0|18.8|4|3|3.2|3.2|0|14|0.0|28.1|4|8|3.2|6.6|125|65|85|53|68.0|18.6|35|29|28.0|19.3|4|15|3.2|11.9|0|14|0.0|28.1|51583|10791|76250|70546|53984|14666|135|68|135|68|100.0|26.5|105|63|77.8|24.0|40|40|29.6|26.7|0|14|0.0|26.5|135|68|130|66|125|65|125|65|100.0|28.1|95|60|76.0|26.5|35|38|28.0|27.4|0|14|0.0|28.1|4|3|4|3|100.0|100.0|4|3|100.0|100.0|0|14|0.0|100.0|0|14|0.0|100.0|4|15|4|15|100.0|100.0|4|15|100.0|100.0|4|5|100.0|100.0|0|14|0.0|100.0|25.9|24.0|25.9|24.0|25.9|24.0|-|**
9600000US0636390|Sequoia Union High School District, CA|0636390|2019-2023|205|15485|1344|13135|1254|84.8|2.2|13135|1254|84.8|2.2|12580|1233|81.2|3.1|550|337|3.6|2.1|0|32|0.0|0.3|2350|361|15.2|2.2|13135|1254|4.2|2.5|7875|675|5755|634|73.1|4.2|5755|634|73.1|4.2|5540|638|70.3|4.9|12485|1220|7660|920|61.4|3.8|1285|392|10.3|3.0|330|213|2.6|1.6|65|48|0.5|0.4|325|182|2.6|1.4|2820|423|22.6|3.1|25.4|1.8|12580|1233|6830|756|54.3|4.5|2185|539|17.4|3.7|1640|404|13.0|3.0|1185|408|9.4|2.9|745|258|5.9|2.0|12580|1233|45|60|0.4|0.5|1315|417|10.5|2.9|1150|257|9.1|1.9|135|71|1.1|0.5|685|212|5.4|1.6|395|262|3.1|2.1|355|131|2.8|1.0|520|155|4.1|1.3|3190|450|25.4|3.4|3090|597|24.6|3.6|710|269|5.6|2.1|600|304|4.8|2.4|390|203|3.1|1.6|12580|1233|10055|1025|79.9|3.6|1705|468|13.6|3.3|795|244|6.3|1.8|20|23|0.2|0.2|81744|10203|130926|15936|111236|13413|15485|1344|14445|1216|93.3|2.3|11845|1150|76.5|4.8|3170|742|20.5|4.2|1040|382|6.7|2.3|15420|1335|13090|1253|12535|1230|11865|1140|94.7|2.4|10100|1070|80.6|4.2|2165|521|17.3|3.8|670|323|5.3|2.4|550|337|470|324|85.5|16.1|205|88|37.3|26.8|265|320|48.2|35.9|85|75|15.5|15.7|2335|361|2050|366|87.8|7.7|1475|289|63.2|8.8|715|274|30.6|10.2|285|184|12.2|7.7|4.7|2.3|4.7|2.3|4.8|2.3|0.0|43.8
9500000US0636420|Shaffer Union Elementary School District, CA|0636420|2019-2023|205|375|163|275|145|73.3|19.7|275|145|73.3|19.7|270|146|72.0|20.0|4|7|1.1|2.2|0|19|0.0|10.7|100|79|26.7|19.7|275|145|1.5|3.1|190|75|110|65|57.9|25.6|110|65|57.9|25.6|110|65|57.9|25.6|270|146|250|144|92.6|9.3|15|24|5.6|9.5|0|19|0.0|14.5|0|19|0.0|14.5|0|19|0.0|14.5|4|2|1.5|1.3|17.4|5.6|270|146|85|65|31.5|20.7|40|31|14.8|15.2|4|7|1.5|2.7|105|99|38.9|23.4|35|30|13.0|8.8|270|146|4|1|1.5|1.1|50|79|18.5|25.0|25|39|9.3|15.1|0|19|0.0|14.5|15|16|5.6|6.3|30|31|11.1|9.8|0|19|0.0|14.5|4|19|1.5|1.0|20|35|7.4|11.7|60|56|22.2|17.6|15|23|5.6|9.2|4|4|1.5|1.9|45|37|16.7|16.8|270|146|185|139|68.5|21.8|75|41|27.8|20.0|4|11|1.5|4.5|4|2|1.5|1.2|72000|43654|90481|14666|52574|35928|375|163|375|163|100.0|10.7|360|164|96.0|6.3|60|62|16.0|16.0|0|19|0.0|10.7|375|163|275|145|270|146|270|146|100.0|14.5|265|146|98.1|5.8|35|40|13.0|15.2|0|19|0.0|14.5|4|7|4|7|100.0|100.0|0|19|0.0|100.0|4|7|100.0|100.0|0|19|0.0|100.0|100|79|100|79|100.0|33.1|95|79|95.0|13.8|20|22|20.0|27.9|0|19|0.0|33.1|2.7|4.1|2.7|4.1|2.7|4.1|-|**
9600000US0636600|Shasta Union High School District, CA|0636600|2019-2023|205|5060|672|4165|577|82.3|3.9|4165|577|82.3|3.9|4005|559|79.2|4.8|160|112|3.2|2.1|0|32|0.0|0.8|895|236|17.7|3.9|4165|577|3.8|2.6|2960|425|2280|373|77.0|6.4|2280|373|77.0|6.4|2190|365|74.0|6.8|3920|560|2940|489|75.0|5.2|440|135|11.2|3.2|0|32|0.0|1.1|80|77|2.0|1.9|140|91|3.6|2.3|320|130|8.2|3.4|20.2|4.0|4005|559|2070|364|51.7|6.9|685|271|17.1|5.9|565|150|14.1|3.5|405|169|10.1|3.9|280|137|7.0|3.3|4005|559|65|55|1.6|1.4|365|163|9.1|3.8|125|113|3.1|2.8|65|64|1.6|1.6|220|102|5.5|2.5|140|64|3.5|1.6|30|26|0.7|0.6|185|79|4.6|2.0|435|156|10.9|3.8|1355|303|33.8|6.3|265|133|6.6|3.0|300|134|7.5|3.2|450|195|11.2|4.2|4005|559|2530|400|63.2|5.9|1105|279|27.6|5.5|365|139|9.1|3.1|4|13|0.1|0.3|60000|7212|86023|8349|58646|14581|5060|672|4810|649|95.1|3.2|3370|453|66.6|5.9|1760|428|34.8|6.0|250|165|4.9|3.2|4995|674|4125|579|3965|560|3780|525|95.3|3.5|2840|376|71.6|6.9|1185|368|29.9|7.2|185|146|4.7|3.5|160|112|160|112|100.0|23.0|20|20|12.5|13.6|140|107|87.5|13.7|0|32|0.0|23.0|865|232|800|231|92.5|6.1|485|155|56.1|11.4|375|144|43.4|9.1|65|54|7.5|6.2|7.5|3.5|7.5|3.5|7.6|3.5|0.0|40.5
9700000US0636800|Sierra Sands Unified School District, CA|0636800|2019-2023|205|4370|602|3485|526|79.7|5.3|3470|527|79.4|5.4|3130|446|71.6|6.0|340|220|7.8|4.6|15|22|0.3|0.5|885|268|20.3|5.3|3470|527|9.8|5.7|2430|364|1700|320|70.0|8.0|1700|320|70.0|8.0|1580|310|65.0|8.1|3100|447|2265|339|73.1|9.5|515|276|16.6|8.1|0|29|0.0|1.4|0|29|0.0|1.4|45|54|1.5|1.7|280|174|9.0|5.0|18.2|3.3|3130|446|1870|375|59.7|7.2|265|104|8.5|3.5|395|183|12.6|5.4|440|178|14.1|5.5|160|71|5.1|2.2|3130|446|170|190|5.4|6.0|220|122|7.0|3.7|25|24|0.8|0.8|30|31|1.0|1.0|170|80|5.4|2.4|120|87|3.8|2.8|15|21|0.5|0.7|95|73|3.0|2.2|395|131|12.6|4.3|660|207|21.1|5.7|80|60|2.6|2.0|140|90|4.5|2.9|1020|265|32.6|6.3|3130|446|1265|286|40.4|7.0|1535|308|49.0|6.9|330|208|10.5|6.6|0|29|0.0|1.3|68581|16355|91094|15435|75545|10511|4350|603|4255|615|97.8|1.8|3260|549|74.9|8.9|1320|429|30.3|8.2|100|73|2.3|1.7|4340|601|3460|525|3120|440|3040|443|97.4|1.9|2610|440|83.7|6.4|680|200|21.8|6.1|80|57|2.6|1.8|340|220|340|220|100.0|11.7|95|70|27.9|23.2|245|200|72.1|22.8|0|29|0.0|11.7|885|268|865|271|97.7|3.0|555|208|62.7|17.4|380|200|42.9|16.3|20|25|2.3|3.0|7.4|3.9|7.4|3.9|7.5|3.9|0.0|100.0
9700000US0636805|Sierra Unified School District, CA|0636805|2019-2023|205|1010|270|775|224|76.7|7.5|775|224|76.7|7.5|750|224|74.3|9.2|25|33|2.5|3.2|0|19|0.0|4.1|235|96|23.3|7.4|775|224|3.2|4.4|525|142|345|123|65.7|12.3|345|123|65.7|12.3|325|118|61.9|13.0|740|224|460|161|62.2|11.5|110|89|14.9|11.5|0|19|0.0|5.6|20|18|2.7|2.5|10|14|1.4|2.0|135|79|18.2|9.0|37.3|10.0|750|224|325|134|43.3|10.8|85|45|11.3|6.0|85|51|11.3|6.5|115|67|15.3|8.8|140|97|18.7|10.4|750|224|15|23|2.0|3.1|90|63|12.0|8.3|10|14|1.3|1.9|0|19|0.0|5.5|50|40|6.7|5.4|75|67|10.0|8.7|10|16|1.3|2.2|25|25|3.3|3.3|135|102|18.0|11.9|235|148|31.3|15.9|4|13|0.5|1.7|30|32|4.0|4.0|65|39|8.7|5.6|750|224|465|171|62.0|14.0|230|130|30.7|14.6|60|53|8.0|6.7|0|19|0.0|5.5|84659|34388|111602|29085|60179|52782|1010|270|975|265|96.5|2.9|835|244|82.7|10.4|205|123|20.3|11.2|35|29|3.5|2.8|980|269|755|226|730|225|695|222|95.2|4.1|655|220|89.7|6.5|65|45|8.9|6.2|35|29|4.8|4.1|25|33|25|33|100.0|67.8|4|11|16.0|40.9|25|33|100.0|67.8|0|19|0.0|67.8|225|92|225|92|100.0|17.1|145|71|64.4|20.8|80|59|35.6|20.1|0|19|0.0|17.1|5.0|6.0|5.0|6.0|5.1|6.2|0.0|61.9
9700000US0636820|Silver Valley Unified School District, CA|0636820|2019-2023|205|1620|419|1315|358|81.2|7.9|815|275|50.3|12.8|665|231|41.0|12.6|150|112|9.3|5.8|500|197|30.9|8.1|300|154|18.5|7.9|815|275|18.4|11.3|835|230|555|215|66.5|16.5|440|173|52.7|17.2|400|165|47.9|17.5|1110|283|870|285|78.4|11.1|45|43|4.1|3.9|0|21|0.0|3.8|0|21|0.0|3.8|85|74|7.7|6.8|110|120|9.9|10.9|21.7|6.1|665|231|250|131|37.6|14.9|135|71|20.3|10.8|145|110|21.8|13.2|100|71|15.0|9.4|40|41|6.0|5.7|665|231|20|33|3.0|4.9|25|34|3.8|5.2|50|48|7.5|7.2|0|21|0.0|6.2|90|68|13.5|9.7|75|57|11.3|6.8|0|21|0.0|6.2|80|111|12.0|15.8|70|77|10.5|11.0|140|97|21.1|12.6|65|52|9.8|6.7|10|14|1.5|2.1|45|41|6.8|6.3|665|231|465|188|69.9|15.3|190|128|28.6|15.8|0|21|0.0|6.2|4|11|0.6|1.7|45650|8203|57019|27725|47460|42484|1115|300|1025|294|91.9|7.2|860|249|77.1|12.5|270|169|24.2|12.3|90|82|8.1|7.3|1115|300|815|275|665|231|625|235|94.0|8.9|545|226|82.0|13.5|150|103|22.6|14.6|40|57|6.0|8.8|150|112|125|102|83.3|29.5|40|56|26.7|31.3|85|86|56.7|40.0|25|47|16.7|29.8|300|154|275|150|91.7|11.1|270|148|90.0|10.8|35|33|11.7|12.0|25|34|8.3|11.4|11.4|8.8|11.4|8.8|11.4|8.8|-|**
9700000US0636840|Simi Valley Unified School District, CA|0636840|2019-2023|205|16620|950|14515|883|87.3|2.1|14500|882|87.2|2.1|13995|884|84.2|2.2|505|152|3.0|0.9|15|25|0.1|0.1|2105|369|12.7|2.1|14500|882|3.5|1.1|8775|541|7180|521|81.8|2.8|7180|521|81.8|2.8|6805|518|77.5|3.1|13675|881|9235|690|67.5|3.1|1290|265|9.4|2.0|115|77|0.8|0.6|80|52|0.6|0.4|115|83|0.8|0.6|2840|499|20.8|3.0|29.9|1.3|13995|884|7865|675|56.2|3.0|1770|320|12.6|2.2|2400|380|17.1|2.4|1045|256|7.5|1.8|910|188|6.5|1.3|13995|884|160|83|1.1|0.6|975|233|7.0|1.6|1360|229|9.7|1.4|150|83|1.1|0.6|825|180|5.9|1.2|685|204|4.9|1.5|625|192|4.5|1.3|1660|299|11.9|2.0|1965|347|14.0|2.3|3545|419|25.3|2.3|730|209|5.2|1.5|595|156|4.3|1.1|715|172|5.1|1.2|13995|884|10300|703|73.6|2.4|2465|357|17.6|2.3|1205|275|8.6|1.8|30|44|0.2|0.3|79428|5408|108896|6821|83096|5989|16605|947|15575|926|93.8|1.9|13925|952|83.9|2.8|2175|303|13.1|1.7|1030|319|6.2|1.9|16505|966|14460|881|13955|883|13275|851|95.1|1.7|12285|859|88.0|2.5|1350|239|9.7|1.6|680|245|4.9|1.7|505|152|450|147|89.1|8.2|325|128|64.4|13.8|185|98|36.6|16.8|55|42|10.9|8.4|2050|354|1755|329|85.6|6.1|1270|295|62.0|8.9|555|154|27.1|6.5|295|134|14.4|6.1|5.5|1.9|5.5|1.9|5.2|1.7|55.0|41.0
9600000US0636940|Siskiyou Union High School District, CA|0636940|2019-2023|205|790|271|520|173|65.8|8.7|520|173|65.8|8.7|520|172|65.8|8.5|4|6|0.5|0.8|0|21|0.0|5.2|270|128|34.2|8.7|520|173|0.8|1.2|410|153|300|116|73.2|18.9|300|116|73.2|18.9|295|118|72.0|19.2|510|175|435|163|85.3|9.7|55|43|10.8|7.9|0|21|0.0|8.0|20|23|3.9|4.6|0|21|0.0|8.0|4|9|0.8|1.8|16.1|4.3|520|172|280|123|53.8|15.1|145|97|27.9|15.3|50|38|9.6|7.5|20|24|3.8|4.5|20|24|3.8|4.5|520|172|4|4|0.8|0.7|4|10|0.8|2.0|4|5|0.8|1.0|4|3|0.8|0.6|20|26|3.8|4.7|20|29|3.8|5.6|0|21|0.0|7.8|4|3|0.8|0.6|85|88|16.3|15.3|250|116|48.1|16.0|80|60|15.4|11.5|20|34|3.8|6.4|30|27|5.8|5.0|520|172|230|114|44.2|15.8|145|85|27.9|15.7|145|101|27.9|16.3|4|3|0.8|0.7|70938|23714|-|**|90755|21704|790|271|735|261|93.0|5.6|580|267|73.4|13.1|335|146|42.4|16.2|55|45|7.0|5.5|785|272|520|172|515|173|465|164|90.3|8.1|365|156|70.9|14.4|185|105|35.9|18.3|50|45|9.7|8.3|4|6|4|6|100.0|100.0|0|21|0.0|100.0|4|6|100.0|100.0|0|21|0.0|100.0|270|128|265|127|98.1|3.8|210|130|77.8|16.0|150|79|55.6|25.2|4|2|1.5|1.1|7.6|5.4|7.6|5.4|7.6|5.4|0.0|100.0
9700000US0636970|Snowline Joint Unified School District, CA|0636970|2019-2023|205|6155|930|4090|686|66.5|9.2|4090|686|66.5|9.2|3920|663|63.7|8.2|170|162|2.8|2.7|0|29|0.0|0.7|2065|718|33.5|9.2|4090|686|4.2|3.8|3525|511|1845|407|52.3|9.7|1845|407|52.3|9.7|1720|390|48.8|8.9|3830|656|2990|505|78.1|9.2|530|401|13.8|9.3|0|29|0.0|1.1|0|29|0.0|1.1|0|29|0.0|1.1|310|165|8.1|4.1|52.2|7.4|3920|663|1350|427|34.4|8.5|805|320|20.5|6.6|535|238|13.6|5.8|395|221|10.1|5.8|830|260|21.2|5.6|3920|663|30|32|0.8|0.8|345|182|8.8|4.9|485|228|12.4|5.3|75|84|1.9|2.2|375|175|9.6|4.6|520|215|13.3|5.2|0|29|0.0|1.1|115|81|2.9|2.1|465|296|11.9|6.4|915|321|23.3|6.2|90|83|2.3|2.2|350|169|8.9|4.1|155|100|4.0|2.4|3920|663|2680|505|68.4|8.8|720|267|18.4|5.5|520|270|13.3|6.2|0|29|0.0|1.1|48101|8565|68750|28050|47449|6313|6155|930|5485|981|89.1|5.5|3795|843|61.7|8.7|1900|567|30.9|8.0|670|325|10.9|5.5|6145|928|4090|686|3920|663|3580|663|91.3|4.2|2725|684|69.5|9.0|980|298|25.0|7.9|340|161|8.7|4.1|170|162|85|88|50.0|50.0|10|15|5.9|11.5|75|87|44.1|48.8|85|136|50.0|50.0|2055|713|1810|715|88.1|7.8|1055|405|51.3|9.7|835|396|40.6|10.0|245|136|11.9|7.8|13.0|5.7|13.0|5.7|13.0|5.7|0.0|100.0
9500000US0636990|Solana Beach Elementary School District, CA|0636990|2019-2023|205|3905|607|3350|570|85.8|4.5|3350|570|85.8|4.5|3300|552|84.5|4.6|50|57|1.3|1.4|0|29|0.0|1.1|555|186|14.2|4.5|3350|570|1.5|1.7|2020|331|1530|328|75.7|8.6|1530|328|75.7|8.6|1480|315|73.3|8.8|3240|566|1890|368|58.3|9.7|75|63|2.3|2.0|35|54|1.1|1.7|15|22|0.5|0.7|55|53|1.7|1.7|1165|442|36.0|10.0|24.3|4.0|3300|552|2630|569|79.7|7.9|255|145|7.7|4.4|330|189|10.0|5.9|35|44|1.1|1.3|50|58|1.5|1.7|3300|552|0|29|0.0|1.3|75|80|2.3|2.4|400|161|12.1|5.4|60|65|1.8|1.9|130|82|3.9|2.4|145|97|4.4|2.8|265|245|8.0|6.8|245|123|7.4|3.7|875|263|26.5|7.9|760|233|23.0|6.2|160|135|4.8|4.1|135|196|4.1|5.6|50|41|1.5|1.2|3300|552|2765|514|83.8|5.9|350|180|10.6|5.5|185|107|5.6|3.0|0|29|0.0|1.3|151150|30245|239286|44723|102269|23366|3905|607|3830|605|98.1|1.7|3760|595|96.3|2.4|215|155|5.5|3.8|70|66|1.8|1.7|3875|607|3320|572|3270|556|3210|556|98.2|2.1|3140|552|96.0|2.9|185|139|5.7|4.1|60|68|1.8|2.1|50|57|50|57|100.0|48.0|50|57|100.0|48.0|0|29|0.0|48.0|0|29|0.0|48.0|555|186|540|188|97.3|4.0|540|188|97.3|4.0|25|28|4.5|5.5|15|22|2.7|4.2|1.9|2.8|1.9|2.8|1.9|2.8|0.0|61.9
9700000US0637050|Soledad Unified School District, CA|0637050|2019-2023|205|3950|401|2900|447|73.4|7.0|2865|449|72.5|7.1|2815|451|71.3|7.3|50|57|1.3|1.4|35|34|0.9|0.9|1050|273|26.6|7.0|2865|449|1.7|2.0|2120|241|1375|279|64.9|9.5|1375|279|64.9|9.5|1355|282|63.9|9.9|2770|443|2190|436|79.1|8.9|350|215|12.6|7.3|35|36|1.3|1.3|0|25|0.0|1.5|120|112|4.3|4.1|75|53|2.7|1.9|27.9|3.6|2815|451|460|237|16.3|8.4|350|185|12.4|5.9|525|239|18.7|7.8|1020|265|36.2|7.9|455|227|16.2|7.5|2815|451|900|296|32.0|8.4|145|72|5.2|2.8|315|185|11.2|6.3|110|100|3.9|3.4|100|60|3.6|2.2|195|115|6.9|3.9|10|15|0.4|0.5|75|86|2.7|3.0|60|53|2.1|1.9|580|264|20.6|8.4|115|86|4.1|3.2|70|72|2.5|2.7|145|97|5.2|3.5|2815|451|2075|402|73.7|9.2|670|285|23.8|9.1|70|60|2.5|2.1|0|25|0.0|1.5|45086|9467|80878|15292|46786|16808|3915|405|3295|473|84.2|6.1|2445|490|62.5|10.0|915|344|23.4|8.1|620|223|15.8|6.1|3915|405|2865|449|2815|451|2545|478|90.4|6.1|2105|451|74.8|10.2|485|265|17.2|8.6|270|164|9.6|6.1|50|57|20|33|40.0|60.0|10|13|20.0|29.2|15|25|30.0|42.8|30|48|60.0|60.0|1050|273|730|231|69.5|13.1|330|142|31.4|14.8|415|213|39.5|14.6|320|163|30.5|13.2|19.6|7.5|19.6|7.5|19.6|7.5|-|**
9700000US0637200|Sonoma Valley Unified School District, CA|0637200|2019-2023|205|3610|562|3030|466|83.9|4.4|3030|466|83.9|4.4|2980|456|82.5|4.3|50|43|1.4|1.2|0|29|0.0|1.2|585|199|16.2|4.5|3030|466|1.7|1.4|1850|308|1360|242|73.5|8.4|1360|242|73.5|8.4|1350|239|73.0|8.1|2855|431|1915|349|67.1|6.6|570|189|20.0|5.9|0|29|0.0|1.5|65|66|2.3|2.3|60|73|2.1|2.5|245|113|8.6|3.9|25.9|2.8|2980|456|940|251|31.5|6.7|865|244|29.0|7.0|430|138|14.4|4.7|530|193|17.8|5.8|215|98|7.2|3.0|2980|456|105|81|3.5|2.7|360|161|12.1|5.3|270|108|9.1|3.4|120|81|4.0|2.8|165|102|5.5|3.3|10|23|0.3|0.8|45|44|1.5|1.4|120|75|4.0|2.5|515|173|17.3|5.0|745|188|25.0|5.0|160|91|5.4|3.0|180|123|6.0|3.8|185|97|6.2|3.3|2980|456|2210|437|74.2|6.3|485|139|16.3|4.9|280|132|9.4|4.3|0|29|0.0|1.4|58313|7979|71185|8611|63454|7889|3610|562|3270|504|90.6|5.1|2760|446|76.5|9.1|715|330|19.8|8.1|340|199|9.4|5.1|3590|563|3010|463|2965|453|2695|423|90.9|5.4|2405|394|81.1|7.6|445|211|15.0|6.7|265|170|8.9|5.4|50|43|50|43|100.0|48.0|40|40|80.0|34.6|10|21|20.0|36.6|0|29|0.0|48.0|575|198|505|177|87.8|10.2|295|129|51.3|21.4|235|153|40.9|18.8|75|63|13.0|10.0|6.6|6.2|6.6|6.2|6.7|6.3|0.0|67.8
9500000US0637230|Sonora Elementary School District, CA|0637230|2019-2023|205|615|172|495|177|80.5|13.3|495|177|80.5|13.3|485|176|78.9|13.3|10|14|1.6|2.3|0|19|0.0|6.7|125|74|20.3|12.9|495|177|2.0|3.0|390|120|295|128|75.6|17.5|295|128|75.6|17.5|290|126|74.4|18.0|475|173|385|175|81.1|16.7|95|75|20.0|16.4|0|19|0.0|8.6|0|19|0.0|8.6|0|19|0.0|8.6|0|19|0.0|8.6|20.3|10.8|485|176|140|114|28.9|24.0|185|106|38.1|17.8|70|72|14.4|12.6|15|27|3.1|5.6|75|103|15.5|19.3|485|176|25|37|5.2|7.1|15|27|3.1|5.6|0|19|0.0|8.4|0|19|0.0|8.4|75|103|15.5|19.3|30|42|6.2|9.2|0|19|0.0|8.4|4|9|0.8|2.0|4|16|0.8|3.3|125|93|25.8|21.3|40|47|8.2|9.3|10|13|2.1|2.7|160|154|33.0|27.6|485|176|155|112|32.0|16.2|315|117|64.9|15.4|10|18|2.1|4.0|0|19|0.0|8.4|55156|29366|109091|55888|-|**|615|172|615|172|100.0|6.7|470|179|76.4|14.4|145|80|23.6|14.1|0|19|0.0|6.7|615|172|495|177|485|176|485|176|100.0|8.4|470|179|96.9|4.2|15|19|3.1|4.2|0|19|0.0|8.4|10|14|10|14|100.0|100.0|0|19|0.0|100.0|10|14|100.0|100.0|0|19|0.0|100.0|125|74|125|74|100.0|28.1|0|19|0.0|28.1|125|74|100.0|28.1|0|19|0.0|28.1|22.0|13.4|22.0|13.4|22.0|13.4|-|**
9600000US0637260|Sonora Union High School District, CA|0637260|2019-2023|205|1505|336|1170|275|77.7|9.0|1170|275|77.7|9.0|1140|274|75.7|9.2|30|33|2.0|2.1|0|29|0.0|2.8|335|163|22.3|9.0|1170|275|2.6|2.8|795|212|570|162|71.7|14.7|570|162|71.7|14.7|555|161|69.8|14.6|1070|258|965|239|90.2|5.1|45|41|4.2|3.7|0|29|0.0|3.9|0|29|0.0|3.9|0|29|0.0|3.9|60|45|5.6|4.0|21.2|4.5|1140|274|540|201|47.4|12.1|215|105|18.9|9.0|190|125|16.7|10.3|155|97|13.6|8.0|45|40|3.9|3.5|1140|274|55|62|4.8|5.3|60|56|5.3|4.7|35|37|3.1|3.3|25|36|2.2|3.0|125|119|11.0|10.2|70|65|6.1|5.5|0|29|0.0|3.7|10|18|0.9|1.5|25|29|2.2|2.5|375|135|32.9|8.4|20|26|1.8|2.2|215|132|18.9|11.7|125|81|11.0|6.4|1140|274|410|152|36.0|11.2|425|184|37.3|11.7|300|139|26.3|11.4|4|10|0.4|0.8|63325|15202|79167|31033|78056|31054|1505|336|1350|341|89.7|7.1|1020|322|67.8|10.7|405|125|26.9|7.7|155|106|10.3|7.2|1450|339|1170|275|1140|274|995|286|87.3|9.5|815|272|71.5|12.2|255|128|22.4|10.4|145|107|12.7|9.6|30|33|30|33|100.0|61.9|30|33|100.0|61.9|0|29|0.0|61.9|0|29|0.0|61.9|275|150|265|148|96.4|8.0|170|134|61.8|25.9|95|63|34.5|22.6|10|21|3.6|8.1|8.3|8.2|8.3|8.2|8.6|8.2|0.0|43.8
9500000US0637290|Soquel Elementary School District, CA|0637290|2019-2023|205|2305|506|2080|463|90.2|4.8|2080|463|90.2|4.8|2080|463|90.2|4.8|0|25|0.0|1.8|0|25|0.0|1.8|225|125|9.8|4.8|2080|463|0.0|2.0|1135|254|940|230|82.8|9.0|940|230|82.8|9.0|940|230|82.8|9.0|1790|379|1100|294|61.5|11.0|70|54|3.9|3.2|15|30|0.8|1.7|80|58|4.5|3.5|65|62|3.6|3.5|460|248|25.7|11.1|26.1|5.2|2080|463|1155|340|55.5|10.2|215|94|10.3|5.2|260|127|12.5|5.3|330|173|15.9|7.1|125|130|6.0|5.9|2080|463|0|25|0.0|2.0|265|169|12.7|7.0|210|144|10.1|6.3|50|49|2.4|2.5|185|122|8.9|5.7|0|25|0.0|2.0|50|68|2.4|3.2|40|43|1.9|2.1|255|132|12.3|5.9|610|241|29.3|8.4|225|118|10.8|5.8|50|45|2.4|2.2|140|72|6.7|3.6|2080|463|1420|352|68.3|10.7|380|154|18.3|5.9|275|184|13.2|7.9|10|15|0.5|0.7|65810|8512|122857|13245|139450|43557|2305|506|2020|472|87.6|9.7|1900|464|82.4|10.0|120|92|5.2|4.0|290|240|12.6|9.7|2305|506|2080|463|2080|463|1815|440|87.3|10.4|1770|435|85.1|9.8|45|45|2.2|2.2|270|229|13.0|10.4|0|25|0|25|-|**|0|25|-|**|0|25|-|**|0|25|-|**|225|125|205|108|91.1|14.3|130|74|57.8|31.2|75|79|33.3|25.7|20|38|8.9|14.9|9.1|9.7|9.1|9.7|9.1|9.7|-|**
9500000US0637380|South Bay Union School District, CA|0637380|2019-2023|205|6810|903|5450|734|80.0|3.6|5375|736|78.9|3.8|4865|667|71.4|4.3|510|204|7.5|2.7|75|50|1.1|0.7|1355|321|19.9|3.6|5375|736|9.5|3.4|4060|487|2830|383|69.7|5.9|2795|388|68.8|6.1|2425|355|59.7|7.0|4850|662|3605|553|74.3|5.1|665|204|13.7|3.8|200|121|4.1|2.4|75|56|1.5|1.2|15|22|0.3|0.5|290|134|6.0|2.7|28.8|4.5|4865|667|1010|259|20.8|4.7|1320|369|27.1|6.4|1005|262|20.7|5.1|535|191|11.0|3.2|990|290|20.3|5.3|4865|667|10|19|0.2|0.4|515|197|10.6|3.4|225|118|4.6|2.4|105|74|2.2|1.6|610|215|12.5|4.3|340|150|7.0|3.1|70|58|1.4|1.2|320|153|6.6|2.8|460|180|9.5|3.6|1125|268|23.1|5.1|550|279|11.3|5.3|225|160|4.6|3.1|295|118|6.1|2.4|4865|667|3795|639|78.0|5.4|735|227|15.1|4.6|325|150|6.7|3.1|15|21|0.3|0.4|37096|2973|52375|4828|36453|2156|6730|902|5790|802|86.0|4.4|3965|707|58.9|5.9|2430|511|36.1|6.3|945|330|14.0|4.4|6720|905|5365|740|4855|669|4470|673|92.1|3.1|3285|632|67.7|6.6|1530|371|31.5|6.6|385|143|7.9|3.1|510|204|385|171|75.5|17.9|200|136|39.2|19.0|285|132|55.9|18.9|130|108|25.5|17.9|1355|321|925|219|68.3|14.5|480|165|35.4|12.8|605|197|44.6|11.7|430|261|31.7|14.5|19.4|5.6|19.4|5.6|19.4|5.6|0.0|100.0
9600000US0619650|South Monterey County Joint Union High School District, CA|0619650|2019-2023|205|3710|626|2570|453|69.3|6.6|2570|453|69.3|6.6|2510|451|67.7|6.5|60|43|1.6|1.2|0|29|0.0|1.1|1140|339|30.7|6.6|2570|453|2.3|1.7|1950|318|1155|226|59.2|8.7|1155|226|59.2|8.7|1105|221|56.7|8.6|2425|463|1600|357|66.0|8.5|365|188|15.1|7.0|15|32|0.6|1.3|20|30|0.8|1.2|335|153|13.8|5.6|90|83|3.7|3.4|28.1|2.8|2510|451|435|166|17.3|5.8|410|135|16.3|4.5|270|112|10.8|4.8|1135|317|45.2|8.2|255|116|10.2|4.2|2510|451|1170|324|46.6|7.4|85|65|3.4|2.6|95|53|3.8|2.2|0|29|0.0|1.7|85|65|3.4|2.6|160|92|6.4|3.4|20|33|0.8|1.3|115|58|4.6|2.3|105|77|4.2|3.0|375|159|14.9|5.3|95|69|3.8|2.6|120|89|4.8|3.6|85|57|3.4|2.2|2510|451|2125|418|84.7|4.5|245|98|9.8|3.7|140|93|5.6|3.7|0|29|0.0|1.7|39346|4056|56042|16243|37045|8195|3710|626|3150|576|84.9|6.0|2005|485|54.0|7.9|1300|316|35.0|7.3|555|240|15.0|6.0|3680|624|2560|454|2495|452|2215|414|88.8|4.7|1585|365|63.5|8.2|735|224|29.5|7.9|280|131|11.2|4.7|60|43|60|43|100.0|43.8|35|33|58.3|35.3|25|29|41.7|36.3|0|29|0.0|43.8|1125|337|850|271|75.6|15.7|385|196|34.2|15.0|510|209|45.3|16.3|275|210|24.4|15.8|11.7|4.6|11.7|4.6|11.8|4.6|0.0|61.9
9700000US0637500|South Pasadena Unified School District, CA|0637500|2019-2023|205|4730|369|4230|365|89.4|2.5|4230|365|89.4|2.5|4135|367|87.4|2.8|95|56|2.0|1.2|0|25|0.0|0.9|500|116|10.6|2.4|4230|365|2.2|1.3|2495|209|2060|222|82.6|4.5|2060|222|82.6|4.5|2010|223|80.6|4.8|4100|363|2455|287|59.9|5.5|240|110|5.9|2.7|60|53|1.5|1.3|0|25|0.0|1.0|100|72|2.4|1.7|1240|290|30.2|6.2|30.2|2.5|4135|367|3085|308|74.6|4.7|170|83|4.1|2.0|580|180|14.0|4.1|115|78|2.8|1.9|185|118|4.5|2.7|4135|367|0|25|0.0|1.0|30|30|0.7|0.7|180|107|4.4|2.5|70|49|1.7|1.2|150|95|3.6|2.2|180|91|4.4|2.1|275|115|6.7|2.8|380|115|9.2|2.8|1025|229|24.8|4.8|1180|234|28.5|5.4|360|114|8.7|2.8|55|38|1.3|0.9|255|116|6.2|2.7|4135|367|2920|321|70.6|4.3|835|179|20.2|4.0|380|132|9.2|3.1|0|25|0.0|1.0|118558|6927|162857|26403|116042|15386|4730|369|4675|363|98.8|1.0|4570|373|96.6|1.4|350|163|7.4|3.5|55|47|1.2|1.0|4695|372|4195|370|4100|372|4060|366|99.0|0.9|3985|375|97.2|1.5|245|123|6.0|3.1|40|38|1.0|0.9|95|56|95|56|100.0|34.2|95|56|100.0|34.2|15|29|15.8|30.4|0|25|0.0|34.2|500|116|480|115|96.0|5.8|450|113|90.0|7.7|90|56|18.0|10.4|15|27|3.0|5.3|3.4|1.7|3.4|1.7|3.4|1.7|0.0|57.3
9700000US0637530|South San Francisco Unified School District, CA|0637530|2019-2023|205|7840|809|6835|739|87.2|3.1|6835|739|87.2|3.1|6610|720|84.3|3.3|225|123|2.9|1.5|0|32|0.0|0.5|1005|275|12.8|3.2|6835|739|3.3|1.8|4215|432|3375|366|80.1|5.6|3375|366|80.1|5.6|3225|360|76.5|5.8|6525|712|3960|575|60.7|4.9|975|278|14.9|4.2|275|151|4.2|2.3|70|61|1.1|1.0|15|24|0.2|0.4|1225|342|18.8|4.7|27.4|2.7|6610|720|2855|440|43.2|4.8|990|271|15.0|3.8|1280|307|19.4|4.1|725|241|11.0|3.2|760|239|11.5|3.6|6610|720|20|33|0.3|0.5|415|175|6.3|2.5|595|220|9.0|3.2|250|132|3.8|1.9|645|202|9.8|2.8|415|142|6.3|2.1|95|65|1.4|1.0|455|146|6.9|2.2|1175|288|17.8|3.9|1435|313|21.7|4.0|565|210|8.5|3.0|245|143|3.7|2.1|300|123|4.5|1.9|6610|720|4920|599|74.4|5.1|1260|312|19.1|4.1|430|217|6.5|3.1|0|32|0.0|0.6|76748|6096|88500|16508|87411|11831|7840|809|7555|763|96.4|2.5|6590|698|84.1|4.3|1020|343|13.0|4.1|285|206|3.6|2.5|7820|811|6825|739|6600|720|6395|702|96.9|2.0|5870|674|88.9|3.8|570|250|8.6|3.7|205|136|3.1|2.0|225|123|225|123|100.0|17.1|95|76|42.2|28.6|130|104|57.8|28.5|0|32|0.0|17.1|995|273|915|253|92.0|8.5|605|164|60.8|15.5|315|200|31.7|15.5|75|89|7.5|8.4|6.3|2.7|6.3|2.7|6.3|2.7|0.0|75.8
9500000US0637560|South Whittier Elementary School District, CA|0637560|2019-2023|205|2980|626|2525|524|84.7|5.0|2525|524|84.7|5.0|2450|517|82.2|5.4|75|53|2.5|1.8|0|25|0.0|1.4|455|191|15.3|5.0|2525|524|3.0|2.1|1680|409|1325|307|78.9|7.3|1325|307|78.9|7.3|1290|308|76.8|7.5|2345|497|1705|392|72.7|8.5|320|175|13.6|6.6|20|32|0.9|1.4|35|36|1.5|1.5|15|29|0.6|1.2|255|133|10.9|5.1|35.8|5.1|2450|517|685|188|28.0|6.1|260|166|10.6|6.0|700|276|28.6|8.4|430|155|17.6|5.9|375|184|15.3|7.2|2450|517|10|18|0.4|0.7|390|160|15.9|5.9|350|161|14.3|6.1|195|124|8.0|5.0|300|129|12.2|4.4|155|89|6.3|3.5|45|51|1.8|2.2|35|31|1.4|1.3|110|68|4.5|2.7|505|271|20.6|10.0|100|80|4.1|3.0|50|48|2.0|2.0|205|178|8.4|6.6|2450|517|1810|390|73.9|8.9|495|265|20.2|8.9|145|118|5.9|4.6|0|25|0.0|1.7|52773|4303|59398|15112|53563|5836|2980|626|2600|567|87.2|5.4|2160|484|72.5|8.6|495|221|16.6|6.0|375|175|12.6|5.3|2980|626|2525|524|2450|517|2135|464|87.1|6.2|1950|454|79.6|8.2|220|115|9.0|4.6|315|167|12.9|6.1|75|53|35|30|46.7|36.9|30|29|40.0|38.7|10|17|13.3|21.5|35|41|46.7|33.1|455|191|430|188|94.5|5.9|180|100|39.6|21.0|265|166|58.2|20.7|25|26|5.5|5.7|1.2|1.4|1.2|1.4|1.2|1.4|-|**
9700000US0637620|Southern Kern Unified School District, CA|0637620|2019-2023|205|3725|466|2675|386|71.8|6.3|2675|386|71.8|6.3|2475|367|66.4|6.6|205|122|5.5|3.2|0|25|0.0|1.1|1045|276|28.1|6.2|2675|386|7.7|4.4|2090|333|1330|278|63.6|9.1|1330|278|63.6|9.1|1215|276|58.1|9.6|2410|373|1825|339|75.7|7.2|240|135|10.0|5.6|0|25|0.0|1.7|105|70|4.4|2.9|35|55|1.5|2.3|205|110|8.5|4.3|27.1|3.1|2475|367|770|209|31.1|6.5|255|129|10.3|4.9|585|180|23.6|6.8|495|164|20.0|6.3|375|145|15.2|5.3|2475|367|120|93|4.8|3.6|200|114|8.1|4.9|320|187|12.9|7.0|40|41|1.6|1.7|390|189|15.8|7.3|105|75|4.2|3.1|0|25|0.0|1.7|170|116|6.9|4.5|160|92|6.5|3.7|555|182|22.4|6.5|30|42|1.2|1.7|90|66|3.6|2.5|295|131|11.9|5.1|2475|367|1755|310|70.9|7.1|600|200|24.2|7.0|120|84|4.8|3.4|0|25|0.0|1.7|43165|10202|81543|13623|48056|16117|3725|466|3535|458|94.9|3.2|2450|429|65.8|7.5|1300|324|34.9|8.1|185|119|5.0|3.2|3665|468|2675|386|2475|367|2310|355|93.3|4.2|1895|336|76.6|6.7|560|169|22.6|6.6|165|108|6.7|4.2|205|122|205|122|100.0|18.6|125|104|61.0|27.0|105|75|51.2|32.0|0|25|0.0|18.6|990|287|965|284|97.5|3.1|400|158|40.4|15.8|575|271|58.1|16.8|25|30|2.5|3.1|19.6|7.5|19.6|7.5|19.6|7.6|16.7|28.6
9500000US0637710|Spreckels Union Elementary School District, CA|0637710|2019-2023|205|605|317|400|149|66.1|17.2|400|149|66.1|17.2|375|151|62.0|18.0|25|45|4.1|7.9|0|19|0.0|6.8|205|194|33.9|17.2|400|149|6.3|11.5|340|173|135|72|39.7|32.0|135|72|39.7|32.0|135|72|39.7|32.0|360|148|255|137|70.8|18.7|20|39|5.6|10.7|0|19|0.0|11.1|0|19|0.0|11.1|0|19|0.0|11.1|80|73|22.2|19.7|46.7|25.0|375|151|95|64|25.3|17.1|60|62|16.0|17.5|145|139|38.7|29.2|55|57|14.7|14.4|20|38|5.3|10.0|375|151|40|60|10.7|15.5|20|26|5.3|7.7|75|68|20.0|18.9|0|19|0.0|10.7|15|27|4.0|7.0|0|19|0.0|10.7|0|19|0.0|10.7|125|139|33.3|30.7|30|51|8.0|14.0|40|43|10.7|11.5|0|19|0.0|10.7|15|28|4.0|7.8|15|28|4.0|7.2|375|151|325|146|86.7|12.7|50|46|13.3|12.4|0|19|0.0|10.7|0|19|0.0|10.7|-|**|-|**|62500|23096|605|317|605|317|100.0|6.8|575|337|95.0|10.3|30|52|5.0|10.3|0|19|0.0|6.8|605|317|400|149|375|151|375|151|100.0|10.7|345|160|92.0|14.9|30|52|8.0|14.6|0|19|0.0|10.7|25|45|25|45|100.0|67.8|25|45|100.0|67.8|0|19|0.0|67.8|0|19|0.0|67.8|205|194|205|194|100.0|18.6|205|194|100.0|18.6|0|19|0.0|18.6|0|19|0.0|18.6|0.0|6.8|0.0|6.8|0.0|6.8|-|**
9700000US0637830|St. Helena Unified School District, CA|0637830|2019-2023|205|955|171|860|167|90.1|5.2|860|167|90.1|5.2|855|167|89.5|5.1|4|11|0.4|1.2|0|19|0.0|4.3|95|50|9.9|5.1|860|167|0.5|1.3|530|93|465|88|87.7|8.2|465|88|87.7|8.2|465|88|87.7|8.2|855|167|535|137|62.6|12.3|75|47|8.8|5.5|0|19|0.0|4.8|35|32|4.1|3.8|10|20|1.2|2.2|200|119|23.4|12.1|23.5|6.1|855|167|455|141|53.2|11.7|200|87|23.4|9.1|125|63|14.6|7.1|55|36|6.4|4.1|20|20|2.3|2.4|855|167|115|70|13.5|7.1|30|28|3.5|3.2|95|46|11.1|5.2|30|35|3.5|4.1|60|42|7.0|4.5|10|16|1.2|1.9|0|19|0.0|4.8|40|51|4.7|5.7|175|86|20.5|9.7|190|101|22.2|10.4|80|48|9.4|5.6|4|14|0.5|1.6|25|20|2.9|2.4|855|167|730|157|85.4|6.2|90|55|10.5|6.1|25|19|2.9|2.3|10|17|1.2|2.0|69662|35546|134500|34041|88073|65684|955|171|890|165|93.2|5.0|780|174|81.7|10.6|145|82|15.2|8.0|65|48|6.8|4.9|955|171|860|167|855|167|790|161|92.4|5.4|690|165|80.7|11.4|120|75|14.0|8.1|65|48|7.6|5.5|4|11|4|11|100.0|100.0|4|11|100.0|100.0|0|19|0.0|100.0|0|19|0.0|100.0|95|50|95|50|100.0|34.2|85|50|89.5|16.9|25|31|26.3|29.2|0|19|0.0|34.2|1.6|2.0|1.6|2.0|1.6|2.0|-|**
9500000US0637890|Standard Elementary School District, CA|0637890|2019-2023|205|2725|527|2030|425|74.5|7.3|2020|428|74.1|7.4|1855|433|68.1|7.5|160|104|5.9|4.0|10|17|0.4|0.7|700|250|25.7|7.4|2020|428|7.9|5.2|1590|357|1000|263|62.9|12.1|1000|263|62.9|12.1|940|261|59.1|10.8|1830|426|1300|355|71.0|12.2|360|245|19.7|11.8|0|25|0.0|2.3|45|52|2.5|2.8|0|25|0.0|2.3|130|101|7.1|5.4|23.5|4.8|1855|433|435|190|23.5|7.6|275|147|14.8|7.0|300|145|16.2|7.7|445|237|24.0|11.6|400|163|21.6|7.6|1855|433|105|60|5.7|3.1|230|221|12.4|10.8|105|99|5.7|5.0|20|36|1.1|2.0|345|138|18.6|6.8|205|132|11.1|6.9|15|39|0.8|2.1|15|25|0.8|1.4|200|126|10.8|6.4|320|156|17.3|7.1|145|92|7.8|4.8|110|90|5.9|4.7|45|31|2.4|1.8|1855|433|1405|386|75.7|7.8|200|117|10.8|6.2|250|115|13.5|6.0|0|25|0.0|2.3|28855|3124|51894|16766|40085|8346|2715|528|2530|488|93.2|5.2|1185|301|43.6|8.6|1695|410|62.4|8.5|185|147|6.8|5.1|2715|528|2020|428|1855|433|1730|405|93.3|5.8|965|259|52.0|8.6|1060|317|57.1|10.1|130|114|7.0|5.8|160|104|145|98|90.6|19.4|65|82|40.6|35.9|85|63|53.1|35.6|20|33|12.5|21.0|700|250|660|242|94.3|9.1|150|93|21.4|13.5|550|229|78.6|13.8|40|63|5.7|8.9|29.9|9.5|29.9|9.5|29.9|9.5|-|**
9500000US0637950|Stanislaus Union Elementary School District, CA|0637950|2019-2023|205|3170|538|2485|455|78.4|6.5|2485|455|78.4|6.5|2335|405|73.7|6.8|150|141|4.7|4.2|0|29|0.0|1.3|685|246|21.6|6.5|2485|455|6.0|5.2|1685|338|1110|248|65.9|10.8|1110|248|65.9|10.8|1035|231|61.4|10.7|2260|393|1675|335|74.1|8.8|460|234|20.4|9.5|0|29|0.0|1.9|35|47|1.5|2.1|20|26|0.9|1.2|70|53|3.1|2.2|32.8|7.5|2335|405|855|223|36.6|7.7|495|237|21.2|9.1|450|184|19.3|7.0|145|76|6.2|3.2|390|146|16.7|5.9|2335|405|90|95|3.9|4.0|100|71|4.3|3.0|175|83|7.5|3.5|60|53|2.6|2.2|170|104|7.3|4.3|165|75|7.1|3.1|10|22|0.4|0.9|125|86|5.4|3.5|540|266|23.1|9.5|615|172|26.3|7.3|65|60|2.8|2.6|160|129|6.9|5.4|55|50|2.4|2.0|2335|405|1410|302|60.4|10.0|505|191|21.6|7.4|420|250|18.0|9.5|0|29|0.0|1.8|53446|8643|77045|35607|57604|11148|3170|538|2850|505|89.9|5.3|1840|346|58.0|9.2|1145|374|36.1|8.6|320|177|10.1|5.2|3170|538|2485|455|2335|405|2080|372|89.1|6.1|1605|309|68.7|9.0|585|198|25.1|6.9|255|152|10.9|6.1|150|141|150|141|100.0|24.3|25|32|16.7|25.8|125|135|83.3|26.1|0|29|0.0|24.3|685|246|620|241|90.5|7.8|210|96|30.7|13.6|435|219|63.5|15.6|65|55|9.5|7.8|6.2|2.9|6.2|2.9|6.2|2.9|-|**
9700000US0638010|Stockton Unified School District, CA|0638010|2019-2023|205|33290|1551|25480|1270|76.5|1.7|25480|1270|76.5|1.7|23485|1201|70.5|1.9|1995|441|6.0|1.3|0|32|0.0|0.1|7810|711|23.5|1.7|25480|1270|7.8|1.6|18830|879|12185|805|64.7|3.1|12185|805|64.7|3.1|11005|745|58.4|3.0|22345|1184|17800|1137|79.7|2.8|3370|570|15.1|2.4|185|91|0.8|0.4|80|61|0.4|0.3|150|95|0.7|0.4|760|224|3.4|1.0|35.5|2.4|23485|1201|4165|546|17.7|2.2|4705|603|20.0|2.3|3505|486|14.9|2.0|5135|753|21.9|2.9|5980|676|25.5|2.6|23485|1201|2300|603|9.8|2.5|2835|508|12.1|2.0|2130|355|9.1|1.6|685|262|2.9|1.1|2535|412|10.8|1.7|2920|473|12.4|1.9|120|87|0.5|0.4|600|238|2.6|1.0|2030|334|8.6|1.4|3910|574|16.6|2.3|1545|310|6.6|1.3|1255|438|5.3|1.8|625|183|2.7|0.8|23485|1201|19910|1093|84.8|2.1|2280|401|9.7|1.6|1185|348|5.0|1.4|110|76|0.5|0.3|39608|2721|51737|4793|43259|2949|33290|1551|29445|1553|88.4|2.3|15230|1279|45.7|3.3|15925|1173|47.8|2.5|3845|800|11.6|2.3|33100|1519|25415|1261|23425|1194|20615|1240|88.0|2.8|12925|1088|55.2|3.8|8920|840|38.1|2.8|2810|670|12.0|2.8|1995|441|1845|437|92.5|4.9|270|127|13.5|5.9|1645|415|82.5|7.4|145|98|7.3|5.0|7685|677|6795|624|88.4|3.1|1975|339|25.7|4.0|5170|547|67.3|4.2|890|255|11.6|3.1|19.9|2.5|20.0|2.6|20.0|2.6|5.9|11.3
9500000US0638220|Sulphur Springs Union Elementary School District, CA|0638220|2019-2023|205|6430|720|5155|645|80.2|4.6|5155|645|80.2|4.6|4820|617|75.0|4.5|340|153|5.3|2.3|0|32|0.0|0.7|1275|333|19.8|4.6|5155|645|6.6|2.8|3440|446|2440|405|70.9|7.1|2440|405|70.9|7.1|2265|400|65.8|7.1|4585|611|3435|518|74.9|5.2|440|167|9.6|3.5|70|65|1.5|1.4|0|32|0.0|0.9|65|102|1.4|2.2|580|212|12.6|4.3|36.5|2.9|4820|617|2210|474|45.9|7.4|1040|298|21.6|5.5|615|233|12.8|4.7|365|176|7.6|3.6|590|203|12.2|3.9|4820|617|0|32|0.0|0.9|320|155|6.6|3.1|450|161|9.3|3.1|140|102|2.9|2.1|260|155|5.4|3.2|185|89|3.8|1.8|280|148|5.8|2.9|255|145|5.3|3.0|570|300|11.8|5.9|1270|351|26.3|5.7|450|236|9.3|4.9|260|175|5.4|3.6|370|154|7.7|3.0|4820|617|3730|487|77.4|5.3|715|235|14.8|4.3|370|179|7.7|3.3|0|32|0.0|0.9|64281|9315|93094|6815|74550|10239|6430|720|5830|699|90.7|4.7|5020|666|78.1|6.5|1100|396|17.1|5.7|600|312|9.3|4.7|6400|728|5155|645|4820|617|4350|575|90.2|5.9|3870|570|80.3|7.4|690|319|14.3|6.4|470|304|9.8|6.0|340|153|305|143|89.7|12.9|230|131|67.6|22.2|90|72|26.5|20.4|30|41|8.8|11.7|1245|325|1140|311|91.6|5.6|890|238|71.5|14.3|285|216|22.9|14.4|100|70|8.0|5.4|17.7|6.6|17.7|6.6|17.3|6.5|100.0|61.9
9600000US0638280|Summerville Union High School District, CA|0638280|2019-2023|205|290|208|225|157|77.6|14.1|225|157|77.6|14.1|225|157|77.6|14.1|0|19|0.0|13.6|0|19|0.0|13.6|65|70|22.4|14.4|225|157|0.0|17.1|110|89|70|67|63.6|39.4|70|67|63.6|39.4|70|67|63.6|39.4|225|157|225|157|100.0|17.1|0|19|0.0|17.1|0|19|0.0|17.1|0|19|0.0|17.1|0|19|0.0|17.1|0|19|0.0|17.1|8.7|4.6|225|157|155|136|68.9|28.9|20|25|8.9|12.8|45|65|20.0|26.0|0|19|0.0|17.1|4|8|1.8|4.0|225|157|0|19|0.0|17.1|0|19|0.0|17.1|0|19|0.0|17.1|0|19|0.0|17.1|4|4|1.8|2.2|4|8|1.8|4.0|0|19|0.0|17.1|15|29|6.7|12.4|70|91|31.1|34.8|125|120|55.6|34.5|0|19|0.0|17.1|0|19|0.0|17.1|10|14|4.4|7.2|225|157|145|130|64.4|29.3|65|69|28.9|27.3|10|21|4.4|10.3|0|19|0.0|17.1|-|**|-|**|108831|89354|290|208|275|209|94.8|9.1|275|209|94.8|9.1|25|41|8.6|12.7|15|23|5.2|9.0|265|191|225|157|225|157|210|156|93.3|12.0|210|156|93.3|12.0|0|19|0.0|17.1|15|23|6.7|11.5|0|19|0|19|-|**|0|19|-|**|0|19|-|**|0|19|-|**|40|55|40|55|100.0|53.6|40|55|100.0|53.6|0|19|0.0|53.6|0|19|0.0|53.6|0.0|13.6|0.0|13.6|0.0|14.8|0.0|67.8
9500000US0638340|Sundale Union Elementary School District, CA|0638340|2019-2023|205|210|88|150|73|71.4|16.2|150|73|71.4|16.2|150|73|71.4|16.2|0|14|0.0|18.2|0|14|0.0|18.2|55|38|26.2|15.3|150|73|0.0|24.3|95|45|50|33|52.6|21.6|50|33|52.6|21.6|50|33|52.6|21.6|150|73|110|60|73.3|16.0|25|24|16.7|12.8|0|14|0.0|24.3|15|18|10.0|11.8|0|14|0.0|24.3|0|14|0.0|24.3|22.9|9.4|150|73|70|41|46.7|19.0|10|13|6.7|7.9|10|14|6.7|8.6|30|29|20.0|13.4|30|34|20.0|19.6|150|73|30|25|20.0|15.3|25|23|16.7|13.2|30|26|20.0|16.1|0|14|0.0|24.3|4|14|2.7|1.4|4|7|2.7|3.6|0|14|0.0|24.3|10|15|6.7|9.7|35|33|23.3|18.5|15|14|10.0|9.2|0|14|0.0|24.3|0|14|0.0|24.3|10|13|6.7|8.4|150|73|130|65|86.7|12.4|10|18|6.7|10.7|15|18|10.0|12.0|0|14|0.0|24.3|52019|3980|55313|19665|68056|29187|210|88|185|81|88.1|13.0|125|63|59.5|19.2|60|50|28.6|20.8|25|29|11.9|13.0|210|88|150|73|150|73|140|67|93.3|12.0|105|60|70.0|18.4|35|30|23.3|18.0|15|20|10.0|12.3|0|14|0|14|-|**|0|14|-|**|0|14|-|**|0|14|-|**|55|38|45|35|81.8|22.6|15|15|27.3|29.3|30|32|54.5|34.7|10|13|18.2|22.2|9.5|13.8|9.5|13.8|9.5|13.8|-|**
9500000US0638460|Sunnyvale Elementary School District, CA|0638460|2019-2023|205|7185|758|5945|637|82.7|2.7|5945|637|82.7|2.7|5810|635|80.9|2.9|130|86|1.8|1.2|0|32|0.0|0.6|1240|249|17.3|2.8|5945|637|2.2|1.4|3830|397|2760|325|72.1|5.0|2760|325|72.1|5.0|2730|319|71.3|4.8|5650|631|3090|432|54.7|6.8|595|192|10.5|3.1|70|60|1.2|1.0|40|44|0.7|0.8|165|89|2.9|1.5|1685|441|29.8|6.1|25.3|2.7|5810|635|3635|572|62.6|6.1|600|214|10.3|3.6|1000|291|17.2|4.6|255|121|4.4|2.1|320|149|5.5|2.6|5810|635|35|41|0.6|0.7|250|121|4.3|2.2|850|209|14.6|3.6|215|180|3.7|3.0|385|162|6.6|2.7|210|133|3.6|2.3|620|253|10.7|4.1|335|137|5.8|2.2|1430|408|24.6|5.9|950|204|16.4|3.8|320|165|5.5|2.9|60|55|1.0|0.9|155|99|2.7|1.7|5810|635|5020|628|86.4|3.8|550|192|9.5|3.3|220|89|3.8|1.5|25|34|0.4|0.6|104209|11896|154727|22350|95221|18762|7185|758|6775|790|94.3|3.0|6005|742|83.6|4.7|940|338|13.1|4.4|410|205|5.7|2.9|7150|752|5910|634|5780|630|5445|647|94.2|3.1|4895|609|84.7|5.0|640|292|11.1|4.8|335|181|5.8|3.2|130|86|130|86|100.0|27.3|50|40|38.5|29.3|95|77|73.1|23.5|0|32|0.0|27.3|1240|249|1170|242|94.4|5.1|1030|236|83.1|7.7|165|75|13.3|5.8|75|65|6.0|5.1|4.0|2.4|4.0|2.4|4.1|2.4|0.0|57.3
9500000US0638550|Susanville Elementary School District, CA|0638550|2019-2023|205|1400|252|1120|221|80.0|7.7|1120|221|80.0|7.7|1075|231|76.8|8.3|45|41|3.2|3.0|0|21|0.0|3.0|280|122|20.0|7.7|1120|221|4.0|3.8|845|152|730|146|86.4|6.8|730|146|86.4|6.8|705|147|83.4|7.3|1075|231|820|188|76.3|7.3|100|46|9.3|4.4|4|7|0.4|0.7|80|61|7.4|5.1|30|32|2.8|2.9|50|53|4.7|4.8|15.9|3.0|1075|231|565|135|52.6|8.7|185|92|17.2|7.6|165|81|15.3|6.6|40|55|3.7|5.1|125|85|11.6|7.0|1075|231|25|41|2.3|3.9|15|20|1.4|1.9|50|53|4.7|4.8|4|10|0.4|1.0|95|78|8.8|6.8|50|78|4.7|6.8|0|21|0.0|3.9|30|31|2.8|2.9|60|67|5.6|6.3|265|71|24.7|6.4|55|44|5.1|3.9|55|54|5.1|4.9|375|167|34.9|12.7|1075|231|475|140|44.2|10.7|530|172|49.3|11.9|75|83|7.0|7.3|0|21|0.0|3.9|44522|4066|84643|34502|49693|2452|1400|252|1340|257|95.7|3.6|965|254|68.9|12.4|525|192|37.5|11.8|65|49|4.6|3.6|1355|241|1120|221|1075|231|1050|229|97.7|2.9|845|227|78.6|9.9|295|115|27.4|10.6|30|28|2.8|2.6|45|41|25|26|55.6|48.6|0|21|0.0|50.6|25|26|55.6|48.6|20|31|44.4|52.4|235|108|220|106|93.6|10.8|75|43|31.9|20.6|160|103|68.1|20.7|15|24|6.4|10.5|17.1|8.6|17.1|8.6|17.7|8.8|0.0|50.6
9600000US0638610|Sutter Union High School District, CA|0638610|2019-2023|205|675|211|525|183|77.8|9.2|525|183|77.8|9.2|505|182|74.8|11.2|20|24|3.0|3.5|0|19|0.0|6.1|150|71|22.2|9.0|525|183|3.8|4.8|330|109|235|93|71.2|11.9|235|93|71.2|11.9|215|91|65.2|13.8|480|181|400|157|83.3|9.3|30|30|6.3|5.7|0|19|0.0|8.5|4|16|0.8|3.3|0|19|0.0|8.5|45|38|9.4|7.3|25.1|3.3|505|182|245|108|48.5|12.1|110|73|21.8|11.1|55|45|10.9|8.0|25|22|5.0|4.5|65|67|12.9|12.0|505|182|45|43|8.9|8.4|75|63|14.9|10.5|30|26|5.9|5.1|4|16|0.8|3.1|10|15|2.0|2.7|60|63|11.9|11.5|0|19|0.0|8.1|10|21|2.0|3.7|40|30|7.9|6.1|175|94|34.7|12.8|0|19|0.0|8.1|0|19|0.0|8.1|55|48|10.9|8.7|505|182|280|128|55.4|15.2|195|101|38.6|14.4|30|25|5.9|4.7|0|19|0.0|8.1|77401|6264|102946|36843|-|**|675|211|590|185|87.4|8.7|545|184|80.7|10.4|55|39|8.1|6.2|85|67|12.6|8.6|655|212|525|182|505|181|440|156|87.1|10.6|430|157|85.1|11.1|10|15|2.0|3.1|65|61|12.9|10.7|20|24|20|24|100.0|75.8|20|24|100.0|75.8|0|19|0.0|75.8|0|19|0.0|75.8|135|69|115|62|85.2|16.7|85|55|63.0|27.7|25|27|18.5|17.1|20|25|14.8|17.2|10.4|9.4|10.4|9.4|10.7|9.7|0.0|75.8
9600000US0638640|Sweetwater Union High School District, CA|0638640|2019-2023|205|45325|2188|37575|1818|82.9|1.4|36600|1775|80.8|1.5|34535|1737|76.2|1.4|2070|346|4.6|0.8|975|326|2.2|0.7|7755|790|17.1|1.4|36600|1775|5.7|0.9|24120|1168|17915|1068|74.3|2.6|17745|1055|73.6|2.7|16155|1023|67.0|2.6|34930|1798|26055|1767|74.6|2.5|4075|531|11.7|1.5|485|185|1.4|0.5|420|232|1.2|0.7|370|145|1.1|0.4|3525|537|10.1|1.5|28.9|1.2|34535|1737|13690|1106|39.6|2.5|6455|610|18.7|1.7|5915|680|17.1|1.8|3765|489|10.9|1.3|4710|653|13.6|1.7|34535|1737|370|174|1.1|0.5|2995|418|8.7|1.1|2845|409|8.2|1.1|750|204|2.2|0.6|3350|536|9.7|1.4|2525|463|7.3|1.3|485|175|1.4|0.5|1650|427|4.8|1.2|4435|566|12.8|1.5|7800|748|22.6|1.9|2415|503|7.0|1.4|1175|336|3.4|0.9|3740|483|10.8|1.4|34535|1737|24800|1563|71.8|2.1|7700|697|22.3|1.9|1925|361|5.6|1.0|105|69|0.3|0.2|56866|2796|79746|3061|56862|3831|44355|2145|39395|1970|88.8|1.7|32610|1803|73.5|1.9|10100|944|22.8|2.0|4960|799|11.2|1.7|44095|2119|36455|1763|34395|1732|31220|1706|90.8|1.7|27280|1550|79.3|2.0|6210|765|18.1|2.1|3180|610|9.2|1.7|2060|343|1445|299|70.1|9.0|745|216|36.2|9.3|850|239|41.3|9.0|615|211|29.9|9.0|7640|793|6470|664|84.7|4.7|4490|561|58.8|5.1|2800|465|36.6|5.3|1165|414|15.2|4.7|8.2|1.3|8.2|1.3|8.2|1.3|10.0|12.3
9500000US0638670|Sylvan Union Elementary School District, CA|0638670|2019-2023|205|8730|766|7010|657|80.3|3.0|6995|664|80.1|3.1|6550|697|75.0|4.1|445|191|5.1|2.2|15|24|0.2|0.3|1720|311|19.7|3.0|6995|664|6.4|2.8|4775|372|3640|368|76.2|4.7|3640|368|76.2|4.7|3330|376|69.7|5.4|6230|662|4670|626|75.0|5.9|850|358|13.6|5.6|30|42|0.5|0.7|0|32|0.0|0.7|35|36|0.6|0.6|650|284|10.4|4.4|29.9|3.0|6550|697|3030|515|46.3|5.8|1020|285|15.6|4.3|1055|305|16.1|4.4|720|219|11.0|2.8|725|193|11.1|2.8|6550|697|160|116|2.4|1.7|745|278|11.4|3.9|785|197|12.0|2.8|330|224|5.0|3.4|400|179|6.1|2.6|345|145|5.3|2.2|10|21|0.2|0.3|275|171|4.2|2.5|575|197|8.8|2.8|2050|422|31.3|5.9|275|100|4.2|1.5|270|184|4.1|2.8|325|152|5.0|2.3|6550|697|5165|658|78.9|4.4|1205|290|18.4|4.2|180|73|2.7|1.2|0|32|0.0|0.6|63773|6714|83438|3872|70794|6964|8715|771|8195|758|94.0|3.1|6220|720|71.4|5.2|2210|479|25.4|5.1|520|278|6.0|3.1|8715|771|6995|664|6550|697|6230|660|95.1|3.3|5360|620|81.8|4.7|1045|314|16.0|4.4|315|222|4.8|3.3|445|191|310|152|69.7|24.4|85|61|19.1|13.5|225|131|50.6|22.9|135|133|30.3|24.6|1720|311|1655|311|96.2|3.3|775|248|45.1|11.5|940|244|54.7|11.2|70|53|4.1|3.1|10.0|3.3|10.0|3.3|10.0|3.3|-|**
9500000US0638700|Taft City School District, CA|0638700|2019-2023|205|2305|318|1715|274|74.4|6.5|1715|274|74.4|6.5|1650|265|71.6|6.6|65|48|2.8|2.0|0|21|0.0|1.8|590|173|25.6|6.5|1715|274|3.8|2.7|1305|218|760|197|58.2|11.1|760|197|58.2|11.1|715|189|54.8|11.1|1585|266|1070|280|67.5|14.0|375|187|23.7|10.6|0|21|0.0|2.6|55|83|3.5|5.1|30|32|1.9|2.1|55|42|3.5|2.7|27.7|6.1|1650|265|350|133|21.2|7.7|310|182|18.8|10.6|195|99|11.8|5.6|605|226|36.7|12.2|185|104|11.2|6.1|1650|265|530|195|32.1|11.2|200|106|12.1|6.1|30|30|1.8|1.8|10|15|0.6|0.9|35|48|2.1|3.0|55|47|3.3|2.8|55|83|3.3|5.0|0|21|0.0|2.5|190|136|11.5|8.5|290|124|17.6|6.5|90|103|5.5|6.0|90|82|5.5|5.0|80|76|4.8|4.6|1650|265|1200|231|72.7|8.4|270|116|16.4|6.1|125|112|7.6|6.9|50|57|3.0|3.5|32634|9694|53561|15525|34821|3219|2305|318|1925|338|83.5|6.8|1225|310|53.1|9.9|765|224|33.2|8.7|380|155|16.5|6.8|2300|318|1710|275|1640|265|1380|289|84.1|8.9|1015|275|61.9|11.7|425|169|25.9|9.4|260|144|15.9|8.9|65|48|30|29|46.2|39.1|20|25|30.8|32.3|10|14|15.4|22.6|35|37|53.8|39.8|590|173|505|169|85.6|9.4|175|116|29.7|16.3|330|124|55.9|14.6|85|54|14.4|9.4|26.5|9.8|26.5|9.8|26.5|9.8|0.0|100.0
9600000US0638730|Taft Union High School District, CA|0638730|2019-2023|205|865|303|605|260|69.9|11.9|605|260|69.9|11.9|595|257|68.8|12.1|10|15|1.2|1.7|0|21|0.0|4.8|260|119|30.1|12.0|605|260|1.7|2.5|525|200|330|176|62.9|16.8|330|176|62.9|16.8|330|176|62.9|16.8|595|257|510|240|85.7|13.2|80|79|13.4|13.3|0|21|0.0|6.9|4|3|0.7|0.6|4|1|0.7|0.4|0|21|0.0|6.9|25.3|9.9|595|257|80|53|13.4|9.6|115|104|19.3|14.3|40|45|6.7|7.2|205|133|34.5|18.7|160|144|26.9|19.7|595|257|185|140|31.1|18.3|150|136|25.2|19.9|4|13|0.7|2.3|0|21|0.0|6.9|0|21|0.0|6.9|25|29|4.2|5.0|0|21|0.0|6.9|20|36|3.4|6.0|90|97|15.1|13.4|90|60|15.1|9.9|4|21|0.7|0.3|15|15|2.5|2.8|4|11|0.7|2.0|595|257|440|198|73.9|13.2|60|41|10.1|7.1|100|103|16.8|14.2|0|21|0.0|6.9|27569|18366|55912|4492|37727|25027|865|303|745|279|86.1|13.3|295|176|34.1|14.5|470|197|54.3|17.1|120|124|13.9|13.3|865|303|605|260|595|257|485|232|81.5|17.2|240|150|40.3|18.4|265|166|44.5|21.3|110|109|18.5|17.1|10|15|10|15|100.0|100.0|10|15|100.0|100.0|0|21|0.0|100.0|0|21|0.0|100.0|260|119|250|117|96.2|13.0|45|42|17.3|16.8|205|112|78.8|18.1|15|31|5.8|11.8|21.4|10.7|21.4|10.7|21.4|10.7|-|**
9700000US0638770|Tahoe-Truckee Unified School District, CA|0638770|2019-2023|205|3925|484|3465|421|88.3|4.5|3465|421|88.3|4.5|3375|415|86.0|4.8|90|82|2.3|2.0|0|29|0.0|1.1|460|195|11.7|4.4|3465|421|2.6|2.3|1900|247|1470|228|77.4|9.1|1470|228|77.4|9.1|1435|225|75.5|9.3|3335|417|2065|357|61.9|7.1|275|120|8.2|3.4|4|10|0.1|0.3|75|69|2.2|2.1|75|67|2.2|2.0|845|234|25.3|6.4|24.3|3.5|3375|415|1895|287|56.1|6.1|340|123|10.1|3.4|555|177|16.4|4.5|420|178|12.4|5.0|165|145|4.9|4.3|3375|415|55|55|1.6|1.6|295|130|8.7|3.7|280|160|8.3|4.7|15|30|0.4|0.9|210|108|6.2|3.2|100|61|3.0|1.8|20|35|0.6|1.0|340|143|10.1|3.9|655|178|19.4|4.5|730|181|21.6|4.9|205|107|6.1|3.2|225|145|6.7|4.3|250|138|7.4|3.9|3375|415|2430|397|72.0|7.0|635|219|18.8|6.1|285|101|8.4|3.1|20|34|0.6|1.0|80497|12963|116136|37313|83021|19543|3925|484|3350|432|85.4|6.7|3080|449|78.5|7.6|330|164|8.4|4.2|575|288|14.6|6.7|3880|484|3430|419|3340|415|2945|403|88.2|4.8|2730|404|81.7|6.3|255|152|7.6|4.4|395|168|11.8|4.8|90|82|85|81|94.4|18.2|75|81|83.3|22.3|4|10|4.4|13.1|4|11|4.4|13.4|450|194|275|117|61.1|22.6|250|112|55.6|21.9|25|32|5.6|7.1|175|148|38.9|23.3|5.0|3.3|5.0|3.3|5.0|3.3|0.0|50.6
9600000US0638790|Tamalpais Union High School District, CA|0638790|2019-2023|205|6875|685|5415|580|78.8|3.9|5415|580|78.8|3.9|5230|574|76.1|4.0|185|95|2.7|1.4|0|32|0.0|0.6|1460|315|21.2|3.9|5415|580|3.4|1.7|3750|411|2490|355|66.4|6.8|2490|355|66.4|6.8|2425|350|64.7|6.8|5200|573|2715|432|52.2|6.1|255|132|4.9|2.4|225|108|4.3|1.9|85|63|1.6|1.2|145|82|2.8|1.5|1775|333|34.1|5.4|32.2|2.7|5230|574|4100|461|78.4|4.0|380|146|7.3|2.5|555|175|10.6|3.1|110|91|2.1|1.7|90|56|1.7|1.1|5230|574|0|32|0.0|0.8|320|149|6.1|2.7|205|76|3.9|1.3|55|54|1.1|1.0|290|109|5.5|2.0|75|58|1.4|1.1|205|93|3.9|1.8|695|207|13.3|3.9|1500|303|28.7|4.9|1095|260|20.9|4.3|260|127|5.0|2.4|295|131|5.6|2.3|230|132|4.4|2.5|5230|574|3860|466|73.8|4.4|610|170|11.7|3.0|750|224|14.3|3.8|10|17|0.2|0.3|142774|13943|222569|23347|126688|19794|6875|685|6835|676|99.4|0.6|6440|650|93.7|2.8|690|267|10.0|3.7|40|43|0.6|0.6|6695|672|5345|570|5155|567|5115|560|99.2|0.8|4915|547|95.3|2.5|350|187|6.8|3.4|40|43|0.8|0.8|185|95|185|95|100.0|20.4|150|86|81.1|16.8|35|33|18.9|16.8|0|32|0.0|20.4|1355|307|1355|307|100.0|3.1|1255|291|92.6|5.8|155|107|11.4|7.7|0|32|0.0|3.1|2.5|1.6|2.5|1.6|2.6|1.7|0.0|20.8
9700000US0638880|Tehachapi Unified School District, CA|0638880|2019-2023|205|4005|501|3255|442|81.3|5.4|3215|434|80.3|5.3|2960|459|73.9|6.8|255|229|6.4|5.7|40|44|1.0|1.1|755|247|18.9|5.4|3215|434|7.9|7.0|2115|287|1495|285|70.7|8.8|1475|284|69.7|8.8|1375|280|65.0|8.8|2985|459|2215|403|74.2|7.8|480|202|16.1|6.4|0|29|0.0|1.4|0|29|0.0|1.4|0|29|0.0|1.4|295|145|9.9|4.4|34.9|4.8|2960|459|1545|401|52.2|9.7|565|257|19.1|8.5|330|147|11.1|4.6|335|156|11.3|5.3|185|141|6.3|4.5|2960|459|120|67|4.1|2.2|170|123|5.7|3.9|240|166|8.1|5.1|50|65|1.7|2.1|210|119|7.1|3.8|190|116|6.4|3.9|20|36|0.7|1.2|90|77|3.0|2.5|195|107|6.6|3.4|705|231|23.8|6.9|240|216|8.1|7.3|140|98|4.7|3.2|590|208|19.9|6.6|2960|459|1610|397|54.4|8.5|1155|261|39.0|7.8|180|110|6.1|3.6|15|27|0.5|0.9|69983|12980|88975|25420|76219|12195|3970|493|3960|497|99.7|0.5|3445|472|86.8|4.7|1110|402|28.0|8.9|4|21|0.1|0.5|3910|490|3210|435|2955|460|2955|460|100.0|1.4|2670|426|90.4|4.9|580|225|19.6|7.0|0|29|0.0|1.4|255|229|255|229|100.0|15.3|205|213|80.4|23.6|220|239|86.3|29.9|0|29|0.0|15.3|700|226|695|230|99.3|3.1|555|214|79.3|12.9|255|152|36.4|16.5|4|21|0.6|3.3|9.0|6.8|9.0|6.8|9.0|6.7|16.7|42.1
9700000US0600028|Temecula Valley Unified School District, CA|0600028|2019-2023|205|29650|1365|23935|1220|80.7|1.9|22890|1221|77.2|2.2|21965|1190|74.1|2.2|920|219|3.1|0.7|1045|336|3.5|1.1|5715|637|19.3|1.9|22890|1221|4.0|0.9|15620|840|10800|791|69.1|3.1|10715|793|68.6|3.0|10115|776|64.8|3.1|22610|1180|15615|1132|69.1|3.1|1975|401|8.7|1.6|0|32|0.0|0.2|330|179|1.5|0.8|260|140|1.1|0.6|4430|616|19.6|2.7|39.3|2.2|21965|1190|11925|862|54.3|3.2|2990|526|13.6|2.4|3965|627|18.1|2.4|1660|336|7.6|1.5|1425|296|6.5|1.3|21965|1190|45|39|0.2|0.2|1880|394|8.6|1.7|1820|360|8.3|1.6|415|176|1.9|0.8|2135|446|9.7|1.9|1090|273|5.0|1.2|260|122|1.2|0.6|1750|406|8.0|1.7|2780|509|12.7|2.1|5985|740|27.2|3.2|1500|321|6.8|1.5|585|182|2.7|0.8|1720|421|7.8|1.9|21965|1190|15890|1208|72.3|3.0|4660|615|21.2|2.8|1390|331|6.3|1.5|25|30|0.1|0.1|81245|4118|107870|6433|77031|5642|28605|1366|27155|1290|94.9|1.6|24350|1212|85.1|2.4|4905|737|17.1|2.4|1450|465|5.1|1.6|28510|1372|22805|1219|21885|1187|21055|1142|96.2|1.6|19300|1088|88.2|2.3|3285|574|15.0|2.5|825|369|3.8|1.6|920|219|750|170|81.5|12.6|560|150|60.9|14.3|290|111|31.5|11.2|170|134|18.5|12.4|5705|638|5255|646|92.1|3.9|4410|617|77.3|6.0|1230|311|21.6|5.1|450|223|7.9|3.9|4.0|1.3|4.0|1.3|4.1|1.3|0.0|34.2
9700000US0638980|Temple City Unified School District, CA|0638980|2019-2023|205|4725|457|4070|446|86.1|3.1|4035|455|85.4|3.3|3915|444|82.9|3.5|120|79|2.5|1.6|35|52|0.7|1.1|655|151|13.9|3.2|4035|455|3.0|1.9|2560|254|2035|261|79.5|5.3|2035|261|79.5|5.3|2025|260|79.1|5.3|3850|422|2670|365|69.4|5.7|475|150|12.3|3.8|155|131|4.0|3.2|0|29|0.0|1.1|10|14|0.3|0.4|545|178|14.2|4.4|31.0|3.2|3915|444|2250|357|57.5|5.8|430|143|11.0|3.5|675|185|17.2|4.0|240|123|6.1|3.2|325|133|8.3|3.3|3915|444|15|22|0.4|0.6|75|63|1.9|1.6|235|131|6.0|3.3|215|98|5.5|2.6|310|154|7.9|3.7|435|144|11.1|3.4|140|77|3.6|1.9|410|165|10.5|3.7|465|170|11.9|3.9|880|209|22.5|5.0|405|147|10.3|3.6|185|89|4.7|2.2|145|83|3.7|2.0|3915|444|3040|406|77.7|5.7|620|226|15.8|5.3|255|116|6.5|2.9|0|29|0.0|1.1|71520|8886|102455|17917|81250|24622|4690|467|4445|486|94.8|2.6|3735|478|79.6|5.8|865|270|18.4|5.5|245|118|5.2|2.6|4690|467|4035|455|3915|444|3750|464|95.8|2.3|3255|457|83.1|5.2|625|223|16.0|5.6|165|85|4.2|2.3|120|79|90|58|75.0|35.3|70|56|58.3|33.9|20|18|16.7|16.9|30|49|25.0|34.4|655|151|605|151|92.4|7.0|410|116|62.6|12.4|225|108|34.4|12.9|50|46|7.6|7.0|9.6|3.7|9.6|3.7|9.6|3.7|-|**
9700000US0639000|Templeton Unified School District, CA|0639000|2019-2023|205|1805|401|1520|356|84.2|6.6|1520|356|84.2|6.6|1415|289|78.4|7.7|110|135|6.1|6.9|0|21|0.0|2.3|285|134|15.8|6.6|1520|356|7.2|8.1|1020|263|805|240|78.9|8.7|805|240|78.9|8.7|695|204|68.1|12.6|1400|291|970|259|69.3|10.6|120|92|8.6|6.8|0|21|0.0|3.0|50|50|3.6|3.6|0|21|0.0|3.0|260|151|18.6|9.6|21.0|6.1|1415|289|925|210|65.4|11.0|185|147|13.1|9.7|125|72|8.8|4.9|135|126|9.5|8.4|45|65|3.2|4.5|1415|289|115|124|8.1|8.5|50|55|3.5|3.9|150|100|10.6|7.0|25|32|1.8|2.3|115|121|8.1|8.0|50|43|3.5|3.0|15|24|1.1|1.8|110|61|7.8|4.2|95|64|6.7|4.5|540|192|38.2|11.2|10|21|0.7|1.5|45|65|3.2|4.5|85|66|6.0|4.9|1415|289|865|227|61.1|10.4|325|110|23.0|8.2|220|164|15.5|10.3|0|21|0.0|3.0|80717|13216|90772|34025|71250|35084|1805|401|1760|399|97.5|3.1|1650|391|91.4|5.8|155|111|8.6|6.1|45|56|2.5|3.2|1805|401|1520|356|1415|289|1380|288|97.5|2.8|1345|288|95.1|3.9|75|58|5.3|4.1|35|39|2.5|2.8|110|135|110|135|100.0|31.0|100|133|90.9|20.0|4|18|3.6|26.8|0|21|0.0|31.0|285|134|270|131|94.7|8.6|205|112|71.9|24.1|75|80|26.3|25.0|15|25|5.3|8.8|5.3|5.2|5.3|5.2|5.3|5.2|-|**
9500000US0639180|Thermalito Union School District, CA|0639180|2019-2023|205|1115|241|855|205|76.7|7.1|840|204|75.3|7.8|830|204|74.4|7.8|10|14|0.9|1.2|10|22|0.9|1.9|260|95|23.3|7.2|840|204|1.2|1.6|610|151|395|133|64.8|12.8|395|133|64.8|12.8|395|133|64.8|12.8|825|204|660|180|80.0|8.3|115|59|13.9|6.6|0|21|0.0|5.0|20|22|2.4|2.7|30|51|3.6|6.2|0|21|0.0|5.0|31.1|13.8|830|204|280|162|33.7|15.7|180|78|21.7|8.6|125|76|15.1|9.1|145|96|17.5|10.8|100|53|12.0|5.9|830|204|65|68|7.8|7.6|75|63|9.0|7.6|60|33|7.2|3.9|30|36|3.6|4.3|75|64|9.0|6.8|80|72|9.6|8.5|0|21|0.0|5.0|40|49|4.8|5.5|70|64|8.4|6.8|130|89|15.7|9.7|130|64|15.7|7.4|25|31|3.0|3.8|55|41|6.6|5.2|830|204|610|182|73.5|10.5|130|81|15.7|9.3|90|59|10.8|6.8|0|21|0.0|5.0|49259|11908|68056|33090|57000|32226|1100|239|1075|236|97.7|3.2|630|213|57.3|14.8|485|190|44.1|15.0|25|35|2.3|3.2|1100|239|840|204|830|204|815|203|98.2|3.1|560|180|67.5|14.0|295|138|35.5|14.6|20|22|2.4|2.7|10|14|0|21|0.0|100.0|0|21|0.0|100.0|0|21|0.0|100.0|10|14|100.0|100.0|260|95|260|95|100.0|15.0|70|52|26.9|19.9|190|95|73.1|19.9|0|21|0.0|15.0|13.5|9.1|13.5|9.1|13.5|9.1|-|**
9500000US0639300|Tipton Elementary School District, CA|0639300|2019-2023|205|700|242|525|230|75.0|12.1|525|230|75.0|12.1|515|227|73.6|12.3|10|20|1.4|2.9|0|14|0.0|5.9|175|78|25.0|12.3|525|230|1.9|3.9|365|112|200|110|54.8|20.8|200|110|54.8|20.8|185|108|50.7|21.1|515|227|435|214|84.5|10.9|30|35|5.8|6.1|0|14|0.0|7.9|30|35|5.8|7.4|0|14|0.0|7.9|20|28|3.9|5.9|13.1|3.1|515|227|90|124|17.5|18.6|80|96|15.5|13.9|95|61|18.4|13.1|225|97|43.7|21.8|20|34|3.9|7.6|515|227|200|94|38.8|19.6|4|14|0.8|0.4|20|34|3.9|7.6|20|37|3.9|7.5|105|95|20.4|12.3|20|24|3.9|5.1|0|14|0.0|7.9|20|28|3.9|5.9|10|23|1.9|4.7|20|24|3.9|5.1|95|125|18.4|18.7|0|14|0.0|7.9|0|14|0.0|7.9|515|227|515|227|100.0|7.9|0|14|0.0|7.9|0|14|0.0|7.9|0|14|0.0|7.9|37852|11047|43359|8527|72692|46971|700|242|515|206|73.6|13.4|125|85|17.9|13.8|425|226|60.7|18.8|180|108|25.7|13.6|700|242|525|230|515|227|385|196|74.8|13.7|100|64|19.4|16.0|320|210|62.1|20.3|125|80|24.3|14.1|10|20|0|14|0.0|100.0|0|14|0.0|100.0|0|14|0.0|100.0|10|20|100.0|100.0|175|78|130|66|74.3|21.6|25|31|14.3|15.3|105|55|60.0|25.7|40|41|22.9|20.9|33.6|24.1|33.6|24.1|33.6|24.1|-|**
9700000US0639420|Torrance Unified School District, CA|0639420|2019-2023|205|21235|1148|17575|956|82.8|2.2|17560|957|82.7|2.2|16820|927|79.2|2.6|740|305|3.5|1.4|15|26|0.1|0.1|3660|558|17.2|2.2|17560|957|4.2|1.7|11100|659|8070|574|72.7|3.9|8070|574|72.7|3.9|7590|540|68.4|4.4|16385|923|11405|828|69.6|3.2|1250|339|7.6|2.0|120|96|0.7|0.6|95|73|0.6|0.4|290|154|1.8|0.9|3225|444|19.7|2.6|28.5|1.6|16820|927|10740|752|63.9|3.6|1710|389|10.2|2.2|2880|463|17.1|2.6|485|192|2.9|1.1|1005|405|6.0|2.3|16820|927|10|20|0.1|0.1|600|189|3.6|1.1|2110|429|12.5|2.5|800|251|4.8|1.5|885|225|5.3|1.3|1465|361|8.7|2.1|525|167|3.1|0.9|1415|313|8.4|1.8|2575|513|15.3|2.9|4395|524|26.1|2.7|945|273|5.6|1.6|445|175|2.6|1.1|650|201|3.9|1.2|16820|927|13200|866|78.5|3.0|2615|439|15.5|2.3|935|234|5.6|1.4|70|66|0.4|0.4|82696|5231|108384|6749|90957|8094|21220|1150|20485|1159|96.5|1.3|18410|1158|86.8|2.8|2725|658|12.8|3.0|735|273|3.5|1.3|21055|1144|17475|961|16735|931|16245|954|97.1|1.2|14890|975|89.0|2.7|1735|479|10.4|2.8|490|202|2.9|1.2|740|305|720|304|97.3|3.7|705|309|95.3|6.3|45|35|6.1|5.6|20|25|2.7|3.6|3580|556|3355|540|93.7|3.8|2700|452|75.4|8.2|860|340|24.0|7.7|225|138|6.3|3.8|6.3|2.3|6.3|2.3|6.2|2.3|9.4|17.3
9600000US0606031|Tracy Unified School District (9-12), CA|0606031|2019-2023|205|3110|724|2560|666|82.3|6.2|2535|669|81.5|6.5|2505|667|80.5|6.7|30|26|1.0|0.9|25|39|0.8|1.3|550|205|17.7|6.2|2535|669|1.2|1.1|1590|383|1115|332|70.1|10.8|1115|332|70.1|10.8|1090|332|68.6|10.9|2350|518|1510|399|64.3|8.9|280|188|11.9|7.2|40|35|1.7|1.5|10|24|0.4|1.0|30|36|1.3|1.5|480|165|20.4|6.4|50.9|8.5|2505|667|1535|564|61.3|10.6|120|79|4.8|3.3|400|180|16.0|7.1|250|158|10.0|5.7|195|111|7.8|4.6|2505|667|20|26|0.8|1.0|415|273|16.6|7.9|290|138|11.6|5.7|60|46|2.4|2.0|135|76|5.4|3.1|175|136|7.0|5.2|15|29|0.6|1.2|315|151|12.6|6.1|330|121|13.2|4.9|625|308|25.0|7.6|30|26|1.2|1.1|15|15|0.6|0.6|85|66|3.4|2.9|2505|667|1890|464|75.4|9.2|470|298|18.8|8.9|145|112|5.8|4.4|0|29|0.0|1.7|94954|19959|153542|32688|78350|50692|3080|726|2920|686|94.8|3.5|2785|679|90.4|4.8|235|132|7.6|4.3|160|117|5.2|3.5|3065|723|2530|669|2500|668|2380|644|95.2|3.9|2300|640|92.0|4.7|125|83|5.0|3.4|120|101|4.8|3.9|30|26|30|26|100.0|61.9|25|25|83.3|50.3|15|16|50.0|49.8|0|29|0.0|61.9|530|205|490|201|92.5|8.2|440|198|83.0|12.0|80|64|15.1|11.8|40|42|7.5|8.1|1.6|1.5|1.6|1.5|1.6|1.5|0.0|75.8
9700000US0600047|Tracy Unified School District, CA|0600047|2019-2023|205|13545|1035|11160|927|82.4|2.4|11140|929|82.2|2.4|10645|916|78.6|2.7|490|183|3.6|1.3|25|23|0.2|0.2|2380|367|17.6|2.4|11140|929|4.4|1.6|7180|608|5180|560|72.1|3.9|5180|560|72.1|3.9|4880|556|68.0|4.4|10405|878|7160|641|68.8|3.9|1255|343|12.1|3.0|170|95|1.6|0.9|200|207|1.9|2.0|300|154|2.9|1.5|1325|444|12.7|3.9|43.3|3.4|10645|916|3905|605|36.7|4.6|1510|313|14.2|2.8|1805|286|17.0|2.9|1595|413|15.0|3.2|1835|396|17.2|3.3|10645|916|190|99|1.8|0.9|990|243|9.3|2.6|1375|419|12.9|3.5|260|183|2.4|1.7|955|210|9.0|1.9|870|271|8.2|2.3|415|196|3.9|1.8|300|125|2.8|1.2|1560|303|14.7|3.1|2185|567|20.5|4.2|490|201|4.6|1.8|515|208|4.8|1.9|535|177|5.0|1.7|10645|916|8035|673|75.5|4.3|2040|456|19.2|3.3|565|263|5.3|2.4|10|13|0.1|0.1|60874|4469|90223|10681|55504|9232|13520|1038|12440|1045|92.0|2.1|10295|1083|76.1|3.7|2525|438|18.7|3.4|1080|280|8.0|2.1|13395|1023|11100|924|10610|910|9955|921|93.8|2.3|8460|965|79.7|3.9|1700|347|16.0|3.5|655|241|6.2|2.3|490|183|430|169|87.8|10.6|300|161|61.2|16.8|145|66|29.6|14.5|65|56|13.3|10.5|2290|331|1930|300|84.3|5.1|1425|266|62.2|7.0|555|159|24.2|6.2|360|129|15.7|5.1|6.2|2.4|6.2|2.4|6.2|2.4|0.0|28.1
9700000US0639630|Travis Unified School District, CA|0639630|2019-2023|205|4365|487|3760|432|86.1|3.2|3450|413|79.0|3.5|3330|414|76.3|3.5|120|70|2.7|1.6|315|85|7.2|1.9|600|162|13.7|3.2|3450|413|3.5|2.0|2355|280|1870|259|79.4|5.6|1830|259|77.7|5.8|1805|257|76.6|5.4|3530|430|2725|379|77.2|6.6|395|193|11.2|5.0|50|83|1.4|2.3|0|29|0.0|1.2|25|38|0.7|1.1|340|134|9.6|3.8|32.0|4.0|3330|414|1710|272|51.4|7.4|435|197|13.1|5.3|615|232|18.5|5.9|250|110|7.5|3.2|325|130|9.8|3.9|3330|414|0|29|0.0|1.3|335|169|10.1|4.9|280|129|8.4|3.6|70|76|2.1|2.3|130|87|3.9|2.6|185|72|5.6|2.1|30|38|0.9|1.1|200|95|6.0|2.7|325|128|9.8|3.7|915|227|27.5|6.4|110|79|3.3|2.3|205|99|6.2|3.1|545|257|16.4|6.7|3330|414|1980|306|59.5|7.7|1040|321|31.2|7.9|295|163|8.9|4.7|10|20|0.3|0.6|80429|10102|92986|11007|64083|17077|4050|470|3945|477|97.4|2.0|3680|476|90.9|3.5|535|176|13.2|4.0|105|78|2.6|1.9|4050|470|3450|413|3330|414|3265|418|98.0|1.9|3125|412|93.8|3.0|340|141|10.2|3.9|65|65|2.0|2.0|120|70|110|70|91.7|14.4|85|64|70.8|27.6|40|38|33.3|29.2|4|18|3.3|16.7|600|162|570|154|95.0|4.8|470|137|78.3|10.9|155|80|25.8|11.0|30|30|5.0|4.7|5.5|3.4|5.5|3.4|5.5|3.4|-|**
9600000US0606006|Trinity Alps Unified School District (9-12), CA|0606006|2019-2023|205|275|126|225|115|81.8|16.7|225|115|81.8|16.7|205|110|74.5|17.7|20|30|7.3|10.7|0|19|0.0|14.3|50|49|18.2|16.7|225|115|8.9|12.6|135|80|100|77|74.1|29.8|100|77|74.1|29.8|100|77|74.1|29.8|205|110|105|61|51.2|23.7|15|21|7.3|10.1|0|19|0.0|18.6|0|19|0.0|18.6|4|18|2.0|8.7|80|77|39.0|25.7|51.6|29.0|205|110|60|61|29.3|24.9|55|51|26.8|19.7|15|21|7.3|10.1|75|55|36.6|18.6|0|19|0.0|18.6|205|110|35|59|17.1|25.8|50|53|24.4|20.4|0|19|0.0|18.6|0|19|0.0|18.6|55|52|26.8|23.9|0|19|0.0|18.6|0|19|0.0|18.6|0|19|0.0|18.6|0|19|0.0|18.6|35|33|17.1|13.0|0|19|0.0|18.6|0|19|0.0|18.6|30|40|14.6|18.9|205|110|85|60|41.5|22.0|50|51|24.4|20.4|70|68|34.1|24.9|0|19|0.0|18.6|27951|9263|-|**|-|**|275|126|180|103|65.5|24.8|55|44|20.0|15.8|130|102|47.3|28.2|90|79|32.7|24.3|260|122|220|116|205|111|150|95|73.2|28.8|50|44|24.4|22.9|100|94|48.8|34.3|55|66|26.8|29.4|20|30|20|30|100.0|75.8|0|19|0.0|75.8|20|30|100.0|75.8|0|19|0.0|75.8|35|43|0|19|0.0|57.3|0|19|0.0|57.3|0|19|0.0|57.3|35|43|100.0|57.3|32.7|19.8|32.7|19.8|28.8|20.7|100.0|87.6
9500000US0639870|Tulare City Elementary School District, CA|0639870|2019-2023|205|9990|881|7505|809|75.1|3.4|7495|809|75.0|3.4|7095|734|71.0|3.0|400|196|4.0|1.9|10|19|0.1|0.2|2485|356|24.9|3.4|7495|809|5.3|2.4|5615|589|3465|563|61.7|6.0|3465|563|61.7|6.0|3165|493|56.4|5.2|6885|717|5695|688|82.7|4.5|745|260|10.8|3.6|85|130|1.2|1.9|45|42|0.7|0.6|0|32|0.0|0.6|315|175|4.6|2.5|25.7|3.2|7095|734|1740|361|24.5|4.3|1415|323|19.9|4.0|1330|352|18.7|4.4|1490|356|21.0|4.9|1120|279|15.8|3.5|7095|734|1135|317|16.0|4.4|440|200|6.2|2.7|625|212|8.8|2.8|190|96|2.7|1.4|760|229|10.7|3.2|340|166|4.8|2.3|10|28|0.1|0.4|175|133|2.5|1.8|525|191|7.4|2.5|1915|440|27.0|4.9|185|138|2.6|1.9|255|111|3.6|1.6|540|189|7.6|2.6|7095|734|4930|534|69.5|5.0|1665|391|23.5|4.4|500|222|7.0|3.0|0|32|0.0|0.6|45051|6630|56702|6310|53742|3563|9980|881|8810|821|88.3|3.2|5035|694|50.5|5.1|4190|625|42.0|5.3|1170|340|11.7|3.2|9950|879|7495|809|7095|734|6300|716|88.8|3.2|4105|598|57.9|5.9|2465|512|34.7|6.0|790|231|11.1|3.2|400|196|380|187|95.0|7.5|205|144|51.3|24.9|220|127|55.0|23.6|20|33|5.0|8.0|2455|344|2095|337|85.3|5.7|725|225|29.5|7.9|1475|267|60.1|7.7|360|146|14.7|5.8|22.9|4.5|22.9|4.5|22.7|4.5|100.0|61.9
9600000US0639930|Tulare Joint Union High School District, CA|0639930|2019-2023|205|7170|861|5685|713|79.3|3.4|5685|713|79.3|3.4|5355|671|74.7|3.5|330|198|4.6|2.7|0|32|0.0|0.6|1490|311|20.8|3.4|5685|713|5.8|3.3|3895|483|2585|421|66.4|6.2|2585|421|66.4|6.2|2320|363|59.6|6.2|5130|683|4185|629|81.6|4.9|680|247|13.3|4.6|0|32|0.0|0.8|65|52|1.3|1.0|25|41|0.5|0.8|175|78|3.4|1.5|24.3|3.4|5355|671|1410|343|26.3|5.3|725|238|13.5|3.8|820|269|15.3|4.9|1425|316|26.6|4.9|975|290|18.2|5.1|5355|671|1175|290|21.9|5.3|290|176|5.4|3.0|560|206|10.5|3.7|235|149|4.4|2.7|455|210|8.5|3.8|245|102|4.6|1.9|0|32|0.0|0.8|190|120|3.5|2.1|395|218|7.4|3.7|1170|302|21.8|5.2|230|163|4.3|2.9|225|101|4.2|1.8|185|104|3.5|2.0|5355|671|4065|586|75.9|5.0|840|224|15.7|3.9|435|200|8.1|3.5|10|15|0.2|0.3|45999|5000|57013|4844|50522|11159|7170|861|6270|815|87.4|3.8|3855|664|53.8|5.9|2630|459|36.7|5.0|900|290|12.6|3.8|7115|854|5685|713|5355|671|4805|658|89.7|3.7|3235|583|60.4|6.8|1710|365|31.9|5.9|550|199|10.3|3.7|330|198|300|195|90.9|11.7|160|161|48.5|30.1|140|99|42.4|28.2|30|36|9.1|11.7|1430|297|1105|243|77.3|7.2|440|159|30.8|8.7|715|196|50.0|9.9|325|127|22.7|7.2|17.0|4.7|17.0|4.7|16.7|4.8|50.0|50.0
9600000US0606013|Turlock Unified School District (9-12), CA|0606013|2019-2023|205|825|395|575|232|69.7|13.6|575|232|69.7|13.6|575|232|69.7|13.6|0|21|0.0|5.0|0|21|0.0|5.0|250|201|30.3|13.5|575|232|0.0|7.1|410|177|275|142|67.1|20.2|275|142|67.1|20.2|275|142|67.1|20.2|575|232|410|196|71.3|18.4|20|25|3.5|4.5|0|21|0.0|7.1|140|119|24.3|18.5|4|10|0.7|1.8|0|21|0.0|7.1|21.2|8.4|575|232|10|15|1.7|2.7|150|91|26.1|14.7|115|81|20.0|12.0|235|160|40.9|17.2|60|51|10.4|9.7|575|232|240|160|41.7|18.8|45|58|7.8|9.8|15|23|2.6|4.3|10|15|1.7|2.6|0|21|0.0|7.1|55|51|9.6|8.5|0|21|0.0|7.1|0|21|0.0|7.1|60|83|10.4|13.9|50|53|8.7|10.2|45|68|7.8|11.5|30|49|5.2|8.5|20|22|3.5|3.9|575|232|500|234|87.0|10.7|50|46|8.7|9.4|20|28|3.5|4.7|0|21|0.0|7.1|36122|20873|59984|7811|36571|4851|825|395|825|395|100.0|5.0|520|230|63.0|25.8|310|298|37.6|25.6|0|21|0.0|5.0|815|393|565|232|565|232|565|232|100.0|7.2|405|164|71.7|20.3|160|145|28.3|20.3|0|21|0.0|7.2|0|21|0|21|-|**|0|21|-|**|0|21|-|**|0|21|-|**|250|201|250|201|100.0|15.6|110|88|44.0|40.7|150|176|60.0|39.6|0|21|0.0|15.6|24.2|28.2|24.2|28.2|24.5|28.5|0.0|100.0
9700000US0600158|Turlock Unified School District, CA|0600158|2019-2023|205|12810|903|10440|820|81.5|2.7|10440|820|81.5|2.7|9585|778|74.8|3.2|860|293|6.7|2.2|0|32|0.0|0.3|2365|386|18.5|2.7|10440|820|8.2|2.7|7040|527|5130|486|72.9|4.2|5130|486|72.9|4.2|4535|482|64.4|4.8|9400|774|7595|690|80.8|3.5|880|272|9.4|2.9|0|32|0.0|0.5|170|127|1.8|1.4|260|152|2.8|1.6|500|270|5.3|2.7|25.1|2.1|9585|778|3785|532|39.5|4.7|1550|364|16.2|3.5|1345|333|14.0|3.1|1460|381|15.2|3.9|1445|343|15.1|3.4|9585|778|690|241|7.2|2.4|720|239|7.5|2.5|1105|244|11.5|2.4|275|120|2.9|1.2|835|275|8.7|2.8|1015|304|10.6|3.0|125|83|1.3|0.9|155|89|1.6|0.9|420|176|4.4|1.9|2820|408|29.4|3.5|310|142|3.2|1.4|270|136|2.8|1.4|840|243|8.8|2.3|9585|778|6620|665|69.1|4.0|2520|427|26.3|3.8|425|185|4.4|1.9|20|19|0.2|0.2|55408|3754|73613|3867|60909|12023|12810|903|11865|846|92.6|2.3|8830|817|68.9|3.8|3460|517|27.0|3.8|940|309|7.3|2.3|12755|916|10440|820|9585|778|9165|744|95.6|1.9|7545|759|78.7|3.9|1935|368|20.2|3.8|415|188|4.3|1.9|860|293|635|238|73.8|17.0|270|204|31.4|19.6|370|153|43.0|17.9|220|172|25.6|17.0|2315|383|2010|374|86.8|6.6|1005|270|43.4|8.9|1105|275|47.7|9.2|305|157|13.2|6.6|11.4|3.4|11.4|3.4|11.3|3.3|50.0|50.0
9700000US0640150|Tustin Unified School District, CA|0640150|2019-2023|205|20545|1288|17435|1168|84.9|1.9|17410|1160|84.7|1.9|16710|1103|81.3|2.2|700|247|3.4|1.2|25|33|0.1|0.2|3105|428|15.1|1.9|17410|1160|4.0|1.4|10680|617|8000|571|74.9|3.3|8000|571|74.9|3.3|7510|560|70.3|3.7|16400|1119|11410|947|69.6|3.6|1230|297|7.5|1.8|95|85|0.6|0.5|155|159|0.9|1.0|165|112|1.0|0.7|3340|576|20.4|3.1|23.6|1.2|16710|1103|8775|946|52.5|3.8|2385|455|14.3|2.7|3380|498|20.2|2.7|675|158|4.0|0.9|1495|314|8.9|1.9|16710|1103|135|110|0.8|0.7|985|214|5.9|1.3|1695|324|10.1|1.9|705|241|4.2|1.4|1225|354|7.3|2.1|550|200|3.3|1.2|180|73|1.1|0.4|1810|368|10.8|2.0|3455|678|20.7|3.7|3535|607|21.2|3.2|1360|509|8.1|3.0|495|158|3.0|1.0|580|219|3.5|1.3|16710|1103|13140|872|78.6|3.2|2250|510|13.5|2.7|1290|323|7.7|1.8|25|44|0.1|0.3|69333|6937|99235|7479|73771|9142|20515|1279|18900|1227|92.1|1.9|15320|1216|74.7|3.4|4170|643|20.3|3.0|1615|412|7.9|1.9|20380|1275|17320|1155|16640|1096|15560|1072|93.5|1.7|13080|1031|78.6|3.4|2875|565|17.3|3.2|1075|282|6.5|1.6|680|246|495|194|72.8|27.2|315|159|46.3|22.7|175|100|25.7|15.2|185|221|27.2|27.3|3060|430|2730|421|89.2|4.0|1900|371|62.1|6.9|1000|253|32.7|7.1|330|122|10.8|4.0|7.5|2.3|7.5|2.3|7.5|2.3|0.0|25.7
9600000US0606004|Twin Rivers Unified School District (7-12), CA|0606004|2019-2023|205|1935|574|1565|524|80.9|7.0|1565|524|80.9|7.0|1415|471|73.1|9.7|155|178|8.0|8.6|0|25|0.0|2.2|370|142|19.1|7.0|1565|524|9.9|10.5|1030|373|790|353|76.7|12.5|790|353|76.7|12.5|640|289|62.1|16.6|1355|468|1010|429|74.5|12.1|160|109|11.8|8.1|0|25|0.0|3.1|0|25|0.0|3.1|55|81|4.1|6.0|130|94|9.6|7.1|24.7|2.8|1415|471|355|140|25.1|11.1|205|136|14.5|8.4|475|365|33.6|18.5|260|115|18.4|8.6|120|94|8.5|6.7|1415|471|40|62|2.8|4.3|145|96|10.2|6.6|190|120|13.4|9.0|15|23|1.1|1.6|145|88|10.2|6.6|120|169|8.5|10.2|50|66|3.5|4.7|50|61|3.5|4.4|30|36|2.1|2.7|475|261|33.6|11.2|15|23|1.1|1.6|75|63|5.3|4.6|65|84|4.6|5.9|1415|471|1190|443|84.1|8.4|110|96|7.8|6.5|105|63|7.4|5.0|10|19|0.7|1.3|39152|10859|54444|10882|51118|5210|1935|574|1680|502|86.8|9.2|1260|485|65.1|12.8|545|227|28.2|11.8|255|202|13.2|9.3|1925|578|1565|524|1415|471|1395|467|98.6|2.0|1095|458|77.4|12.7|425|217|30.0|14.8|20|27|1.4|1.9|155|178|25|37|16.1|35.7|0|25|0.0|23.7|25|37|16.1|35.7|130|176|83.9|33.7|355|144|255|108|71.8|19.7|165|87|46.5|21.3|85|79|23.9|19.8|105|88|29.6|19.6|15.5|16.3|15.5|16.3|14.8|16.4|100.0|100.0
9600000US0606003|Twin Rivers Unified School District (9-12), CA|0606003|2019-2023|205|180|123|115|79|63.9|22.1|115|79|63.9|22.1|115|79|63.9|22.1|0|14|0.0|20.8|0|14|0.0|20.8|65|69|36.1|23.0|115|79|0.0|30.0|90|71|55|44|61.1|33.3|55|44|61.1|33.3|55|44|61.1|33.3|115|79|90|63|78.3|20.0|15|29|13.0|20.7|0|14|0.0|30.0|0|14|0.0|30.0|0|14|0.0|30.0|10|13|8.7|12.9|33.0|13.8|115|79|25|30|21.7|22.0|30|36|26.1|22.0|35|31|30.4|21.6|25|27|21.7|20.1|0|14|0.0|30.0|115|79|0|14|0.0|30.0|35|44|30.4|31.9|4|10|3.5|9.7|0|14|0.0|30.0|15|18|13.0|16.4|20|28|17.4|19.9|0|14|0.0|30.0|0|14|0.0|30.0|15|26|13.0|21.1|10|17|8.7|16.9|15|24|13.0|17.7|0|14|0.0|30.0|0|14|0.0|30.0|115|79|95|77|82.6|23.6|20|24|17.4|23.8|0|14|0.0|30.0|0|14|0.0|30.0|-|**|126250|9162|27054|13088|180|123|180|123|100.0|20.8|90|76|50.0|26.1|95|80|52.8|25.9|0|14|0.0|20.8|180|123|115|79|115|79|115|79|100.0|30.0|80|71|69.6|31.2|40|40|34.8|33.2|0|14|0.0|30.0|0|14|0|14|-|**|0|14|-|**|0|14|-|**|0|14|-|**|65|69|65|69|100.0|42.1|10|15|15.4|24.2|55|64|84.6|27.7|0|14|0.0|42.1|36.1|25.0|36.1|25.0|36.1|25.0|-|**
9700000US0601332|Twin Rivers Unified School District, CA|0601332|2019-2023|205|25330|1471|19355|1173|76.4|2.1|19300|1161|76.2|2.0|18140|1167|71.6|2.0|1160|277|4.6|1.1|55|45|0.2|0.2|5975|663|23.6|2.1|19300|1161|6.0|1.4|14220|886|9385|708|66.0|3.0|9370|702|65.9|3.0|8885|744|62.5|3.2|17480|1159|13335|1008|76.3|2.6|1570|291|9.0|1.7|110|77|0.6|0.4|195|114|1.1|0.7|185|116|1.1|0.7|2080|420|11.9|2.2|30.4|2.6|18140|1167|4610|667|25.4|3.1|4185|603|23.1|2.9|3530|514|19.5|2.8|2520|429|13.9|2.2|3300|450|18.2|2.2|18140|1167|135|111|0.7|0.6|2385|384|13.1|2.0|1060|291|5.8|1.5|320|147|1.8|0.8|1880|348|10.4|1.8|1890|454|10.4|2.4|110|77|0.6|0.4|795|276|4.4|1.5|2640|550|14.6|2.8|3285|541|18.1|2.8|1300|337|7.2|1.8|1040|219|5.7|1.2|1300|346|7.2|1.8|18140|1167|13135|1018|72.4|3.2|3205|533|17.7|2.7|1760|430|9.7|2.3|40|67|0.2|0.4|42921|2014|59285|4893|46150|1939|25280|1461|22675|1374|89.7|2.3|13320|1163|52.7|3.4|10730|911|42.4|2.6|2600|608|10.3|2.3|25015|1410|19205|1149|18045|1153|16345|1125|90.6|2.7|11325|1012|62.8|3.6|5965|645|33.1|3.0|1700|513|9.4|2.7|1160|277|965|262|83.2|9.8|435|175|37.5|13.0|570|232|49.1|14.7|195|121|16.8|9.7|5810|632|5105|583|87.9|3.3|1360|305|23.4|5.1|3950|569|68.0|5.4|705|207|12.1|3.3|20.9|3.5|20.9|3.5|21.0|3.6|18.9|20.5
9500000US0640260|Two Rock Union Elementary School District, CA|0640260|2019-2023|205|175|69|140|61|80.0|17.1|95|53|54.3|21.7|90|52|51.4|22.1|4|6|2.3|3.8|45|24|25.7|11.2|35|31|20.0|16.9|95|53|4.2|8.2|80|32|55|28|68.8|24.9|55|28|68.8|24.9|50|26|62.5|24.4|135|60|95|48|70.4|18.6|0|14|0.0|26.5|0|14|0.0|26.5|15|18|11.1|13.6|15|21|11.1|13.9|10|12|7.4|9.7|12.4|3.0|90|52|30|22|33.3|24.8|15|21|16.7|20.2|4|4|4.4|5.0|35|28|38.9|17.5|10|15|11.1|15.1|90|52|35|28|38.9|17.5|0|14|0.0|35.4|10|15|11.1|15.1|0|14|0.0|35.4|4|2|4.4|4.0|0|14|0.0|35.4|0|14|0.0|35.4|0|14|0.0|35.4|4|1|4.4|3.4|20|18|22.2|20.2|0|14|0.0|35.4|10|17|11.1|16.3|10|15|11.1|19.1|90|52|55|39|61.1|18.6|15|13|16.7|17.7|20|20|22.2|17.3|0|14|0.0|35.4|44219|12068|50583|2553|75833|27514|135|61|125|57|92.6|11.8|125|57|92.6|11.8|0|14|0.0|26.5|10|14|7.4|10.6|135|61|95|53|90|52|85|53|94.4|20.6|85|53|94.4|20.6|0|14|0.0|35.4|10|14|11.1|15.9|4|6|4|6|100.0|100.0|4|6|100.0|100.0|0|14|0.0|100.0|0|14|0.0|100.0|35|31|35|31|100.0|57.3|35|31|100.0|57.3|0|14|0.0|57.3|0|14|0.0|57.3|28.6|19.4|28.6|19.4|28.6|19.4|-|**
9700000US0640300|Ukiah Unified School District, CA|0640300|2019-2023|205|5290|742|4100|590|77.5|4.8|4100|590|77.5|4.8|3785|567|71.6|5.3|315|181|6.0|3.3|0|29|0.0|0.8|1190|323|22.5|4.8|4100|590|7.7|4.2|2980|400|2115|326|71.0|7.8|2115|326|71.0|7.8|1870|288|62.8|8.1|3565|592|2925|534|82.0|6.3|240|138|6.7|3.7|4|6|0.1|0.2|35|44|1.0|1.2|0|29|0.0|1.2|365|196|10.2|5.1|18.0|3.4|3785|567|1640|304|43.3|6.9|705|205|18.6|5.0|655|291|17.3|6.7|360|193|9.5|4.7|420|180|11.1|4.4|3785|567|120|93|3.2|2.4|200|120|5.3|3.0|350|187|9.2|4.7|30|34|0.8|0.9|160|101|4.2|2.5|330|183|8.7|4.5|4|16|0.1|0.4|120|106|3.2|2.7|375|192|9.9|4.8|1230|288|32.5|7.5|240|161|6.3|4.2|270|163|7.1|4.0|355|164|9.4|4.2|3785|567|2625|495|69.4|6.1|920|219|24.3|5.7|225|136|5.9|3.4|15|24|0.4|0.7|48656|4522|64899|14333|50323|8789|5290|742|4670|715|88.3|5.3|3145|510|59.5|6.5|1645|454|31.1|6.5|620|292|11.7|5.3|5270|740|4100|590|3785|567|3320|514|87.7|5.6|2690|426|71.1|7.4|735|290|19.4|6.4|460|231|12.2|5.5|315|181|285|167|90.5|18.5|0|29|0.0|12.6|285|167|90.5|18.5|30|61|9.5|18.4|1170|324|1040|316|88.9|10.0|440|208|37.6|13.6|605|234|51.7|15.3|130|120|11.1|10.0|11.3|5.4|11.3|5.4|11.4|5.5|0.0|75.8
9500000US0640320|Union Elementary School District, CA|0640320|2019-2023|205|7045|782|5880|699|83.5|3.1|5880|699|83.5|3.1|5690|683|80.8|3.2|195|89|2.8|1.2|0|29|0.0|0.6|1165|244|16.5|3.1|5880|699|3.3|1.5|3440|381|2400|365|69.8|6.4|2400|365|69.8|6.4|2285|362|66.4|6.5|5640|680|3740|657|66.3|6.2|165|75|2.9|1.4|75|53|1.3|0.9|20|32|0.4|0.6|90|64|1.6|1.2|1545|321|27.4|5.5|30.5|2.4|5690|683|4405|470|77.4|5.0|540|297|9.5|4.5|520|185|9.1|3.2|120|81|2.1|1.4|105|104|1.8|1.8|5690|683|20|33|0.4|0.6|190|95|3.3|1.7|1095|208|19.2|3.9|95|92|1.7|1.6|435|147|7.6|2.3|55|51|1.0|0.9|540|146|9.5|2.6|235|84|4.1|1.6|1375|274|24.2|4.7|925|259|16.3|3.8|505|348|8.9|5.5|75|57|1.3|1.0|140|82|2.5|1.4|5690|683|4910|654|86.3|2.9|555|149|9.8|2.6|210|97|3.7|1.7|15|26|0.3|0.5|160577|32169|215662|18324|143142|15020|7045|782|7005|781|99.4|0.5|6835|790|97.0|2.0|285|151|4.0|2.2|40|33|0.6|0.5|7040|781|5880|699|5690|683|5685|681|99.9|0.3|5610|691|98.6|1.2|160|91|2.8|1.6|4|14|0.1|0.2|195|89|180|87|92.3|10.3|170|86|87.2|14.3|25|26|12.8|13.7|10|18|5.1|10.0|1155|245|1130|244|97.8|2.6|1045|229|90.5|7.7|95|99|8.2|8.2|30|27|2.6|2.4|2.1|1.8|2.1|1.8|2.1|1.8|0.0|100.0
9500000US0640380|Union Hill Elementary School District, CA|0640380|2019-2023|205|245|113|210|98|85.7|14.9|210|98|85.7|14.9|185|96|75.5|16.9|25|25|10.2|10.9|0|14|0.0|15.9|30|40|12.2|14.3|210|98|11.9|12.2|115|55|110|56|95.7|15.0|110|56|95.7|15.0|95|57|82.6|24.6|185|96|125|82|67.6|22.1|10|18|5.4|8.7|0|14|0.0|20.4|0|14|0.0|20.4|0|14|0.0|20.4|55|37|29.7|19.7|12.5|6.9|185|96|105|62|56.8|21.4|10|14|5.4|7.7|15|15|8.1|9.1|50|61|27.0|26.1|4|13|2.2|6.4|185|96|0|14|0.0|20.4|55|59|29.7|25.0|0|14|0.0|20.4|0|14|0.0|20.4|4|10|2.2|5.4|4|6|2.2|3.4|0|14|0.0|20.4|20|31|10.8|15.9|25|23|13.5|13.6|45|39|24.3|16.1|10|20|5.4|9.7|10|16|5.4|8.4|15|16|8.1|9.2|185|96|115|78|62.2|19.0|60|35|32.4|17.0|15|15|8.1|9.1|0|14|0.0|20.4|-|**|-|**|-|**|245|113|220|110|89.8|12.9|205|113|83.7|17.5|65|79|26.5|28.5|20|31|8.2|12.5|245|113|210|98|185|96|165|90|89.2|16.0|150|88|81.1|21.6|65|79|35.1|32.0|20|31|10.8|15.9|25|25|25|25|100.0|67.8|25|25|100.0|67.8|0|14|0.0|67.8|0|14|0.0|67.8|30|40|30|40|100.0|61.9|30|40|100.0|61.9|0|14|0.0|61.9|0|14|0.0|61.9|0.0|15.9|0.0|15.9|0.0|15.9|-|**
9700000US0600016|Upland Unified School District, CA|0600016|2019-2023|205|10955|885|9270|813|84.6|2.5|9270|813|84.6|2.5|9010|822|82.2|3.0|260|136|2.4|1.2|0|32|0.0|0.4|1680|295|15.3|2.5|9270|813|2.8|1.5|5865|491|4470|419|76.2|3.6|4470|419|76.2|3.6|4375|426|74.6|3.8|8795|828|6010|649|68.3|3.4|1135|278|12.9|3.0|65|54|0.7|0.6|55|74|0.6|0.8|280|134|3.2|1.5|1245|299|14.2|3.1|31.2|2.1|9010|822|4275|523|47.4|4.6|1465|310|16.3|3.0|1490|274|16.5|2.7|860|237|9.5|2.4|920|276|10.2|2.8|9010|822|25|29|0.3|0.3|935|272|10.4|2.9|615|229|6.8|2.4|95|55|1.1|0.6|675|242|7.5|2.5|665|207|7.4|2.2|130|96|1.4|1.1|405|139|4.5|1.5|900|257|10.0|2.8|2905|407|32.2|3.7|545|180|6.0|1.9|590|285|6.5|2.9|520|134|5.8|1.5|9010|822|6515|720|72.3|3.6|1955|295|21.7|3.1|515|210|5.7|2.2|25|28|0.3|0.3|63386|5577|87452|12526|70044|13014|10955|885|10190|864|93.0|2.8|8525|845|77.8|4.0|2100|364|19.2|3.3|760|320|6.9|2.8|10930|889|9255|811|8995|822|8525|788|94.8|2.5|7535|774|83.8|4.0|1320|295|14.7|3.1|465|237|5.2|2.5|260|136|175|90|67.3|31.5|90|52|34.6|21.4|95|74|36.5|25.1|85|106|32.7|32.2|1675|298|1465|259|87.5|6.7|885|183|52.8|8.5|665|183|39.7|8.1|210|127|12.5|6.8|6.7|2.3|6.7|2.3|6.7|2.3|0.0|67.8
9700000US0601442|Upper Lake Unified School District, CA|0601442|2019-2023|205|595|247|465|201|78.2|11.8|465|201|78.2|11.8|450|201|75.6|12.2|15|19|2.5|3.5|0|19|0.0|6.9|130|90|21.8|11.8|465|201|3.2|4.5|270|118|185|91|68.5|22.9|185|91|68.5|22.9|185|91|68.5|22.9|395|183|315|177|79.7|17.9|55|51|13.9|13.8|0|19|0.0|10.2|25|32|6.3|8.5|0|19|0.0|10.2|0|19|0.0|10.2|26.6|6.3|450|201|240|157|53.3|20.1|60|48|13.3|12.5|25|45|5.6|9.8|115|92|25.6|17.6|4|18|0.9|3.9|450|201|40|36|8.9|7.7|60|79|13.3|16.3|110|144|24.4|26.4|4|18|0.9|3.9|25|32|5.6|7.8|0|19|0.0|9.0|0|19|0.0|9.0|4|4|0.9|0.9|0|19|0.0|9.0|100|67|22.2|15.2|25|29|5.6|7.3|0|19|0.0|9.0|75|71|16.7|16.0|450|201|295|172|65.6|20.8|75|72|16.7|16.2|80|85|17.8|17.4|0|19|0.0|9.0|68125|60925|90845|12351|-|**|595|247|545|251|91.6|9.8|395|225|66.4|17.1|210|131|35.3|19.2|55|48|9.2|9.1|595|247|465|201|450|201|410|200|91.1|12.4|350|182|77.8|19.2|115|101|25.6|19.4|45|46|10.0|11.3|15|19|10|18|66.7|66.7|10|18|66.7|66.7|0|19|0.0|87.6|4|4|26.7|73.3|130|90|125|89|96.2|8.3|35|52|26.9|34.0|95|77|73.1|34.2|4|7|3.1|7.2|6.7|5.8|6.7|5.8|6.7|5.8|-|**
9700000US0640590|Vacaville Unified School District, CA|0640590|2019-2023|205|11070|936|9310|864|84.1|2.7|9070|874|81.9|3.1|8800|877|79.5|3.3|270|140|2.4|1.3|240|141|2.2|1.3|1765|322|15.9|2.7|9070|874|3.0|1.6|5950|511|4450|461|74.8|4.6|4445|461|74.7|4.6|4305|474|72.4|4.8|8885|875|6670|685|75.1|5.3|910|309|10.2|3.1|20|29|0.2|0.3|65|59|0.7|0.7|35|41|0.4|0.5|1185|352|13.3|3.5|27.5|2.4|8800|877|3765|523|42.8|4.2|1585|351|18.0|3.6|1625|385|18.5|3.9|805|159|9.1|2.0|1010|327|11.5|3.1|8800|877|60|47|0.7|0.5|855|248|9.7|2.5|520|151|5.9|1.7|260|171|3.0|1.9|775|263|8.8|2.7|420|161|4.8|1.8|45|35|0.5|0.4|670|247|7.6|2.5|790|226|9.0|2.6|2120|314|24.1|3.6|565|233|6.4|2.5|315|137|3.6|1.6|1405|411|16.0|4.1|8800|877|5915|696|67.2|4.4|2525|478|28.7|4.4|360|108|4.1|1.3|0|32|0.0|0.5|73365|8919|103465|8256|65519|7289|10835|936|10455|910|96.5|2.9|8855|864|81.7|3.7|2175|396|20.1|3.5|380|325|3.5|2.9|10820|940|9070|874|8800|877|8540|872|97.0|2.2|7555|819|85.9|3.7|1450|364|16.5|3.6|260|198|3.0|2.2|270|140|245|133|90.7|12.6|175|114|64.8|22.1|80|68|29.6|21.4|25|34|9.3|12.5|1750|323|1655|326|94.6|8.3|1110|262|63.4|9.2|625|196|35.7|10.4|95|147|5.4|8.4|6.8|2.6|6.8|2.6|6.8|2.6|0.0|100.0
9700000US0691135|Val Verde Unified School District, CA|0691135|2019-2023|205|16075|1356|12570|1210|78.2|2.7|12570|1210|78.2|2.7|12255|1220|76.2|3.0|310|126|1.9|0.8|0|32|0.0|0.3|3505|486|21.8|2.7|12570|1210|2.5|1.0|8640|739|5765|726|66.7|4.9|5765|726|66.7|4.9|5590|729|64.7|5.0|11900|1212|8970|1056|75.4|4.6|1680|376|14.1|3.1|55|66|0.5|0.6|10|17|0.1|0.1|150|92|1.3|0.8|1035|427|8.7|3.3|37.2|2.3|12255|1220|3655|627|29.8|3.7|1830|442|14.9|3.3|2580|557|21.1|3.5|2085|458|17.0|3.6|2110|331|17.2|2.8|12255|1220|95|92|0.8|0.7|1945|398|15.9|3.5|995|427|8.1|3.2|400|181|3.3|1.4|1000|284|8.2|2.3|1460|346|11.9|2.7|75|75|0.6|0.6|780|278|6.4|2.3|870|249|7.1|1.8|3005|610|24.5|3.7|605|170|4.9|1.4|435|326|3.5|2.6|595|267|4.9|2.2|12255|1220|9870|1146|80.5|3.7|1755|422|14.3|3.5|630|258|5.1|2.0|0|32|0.0|0.3|50745|4795|65104|5916|53930|6133|16075|1356|13720|1331|85.3|2.9|9745|1153|60.6|4.0|4695|696|29.2|4.1|2355|459|14.7|2.9|15995|1345|12570|1210|12255|1220|10885|1235|88.8|2.7|8270|1101|67.5|4.5|3090|538|25.2|4.1|1375|311|11.2|2.7|310|126|225|103|72.6|17.0|130|51|41.9|15.6|125|93|40.3|20.6|85|67|27.4|17.4|3425|477|2530|406|73.9|6.9|1320|230|38.5|6.4|1400|363|40.9|8.3|895|280|26.1|6.9|8.6|2.9|8.6|2.9|8.7|2.9|0.0|37.9
9500000US0640650|Valle Lindo Elementary School District, CA|0640650|2019-2023|205|545|152|450|141|82.6|10.8|450|141|82.6|10.8|405|131|74.3|11.2|45|39|8.3|6.7|0|19|0.0|7.5|95|62|17.4|10.5|450|141|10.0|8.1|315|90|220|76|69.8|16.1|220|76|69.8|16.1|190|73|60.3|17.4|400|130|365|120|91.3|7.0|30|30|7.5|7.0|0|19|0.0|10.1|0|19|0.0|10.1|0|19|0.0|10.1|0|19|0.0|10.1|24.2|4.8|405|131|35|25|8.6|6.2|100|56|24.7|9.8|115|71|28.4|16.1|35|28|8.6|6.6|125|66|30.9|12.9|405|131|0|19|0.0|10.0|20|21|4.9|5.0|85|52|21.0|12.0|10|13|2.5|3.1|45|32|11.1|7.9|50|43|12.3|9.4|0|19|0.0|10.0|0|19|0.0|10.0|55|44|13.6|9.1|80|46|19.8|10.3|20|24|4.9|5.9|35|30|8.6|7.2|4|10|1.0|2.6|405|131|365|121|90.1|7.0|30|29|7.4|6.5|4|10|1.0|2.6|0|19|0.0|10.0|33214|10165|60667|14230|45096|15826|545|152|535|152|98.2|3.0|325|134|59.6|17.0|240|108|44.0|17.3|4|18|0.7|3.4|545|152|450|141|405|131|395|129|97.5|3.8|275|115|67.9|17.2|150|81|37.0|18.2|4|18|1.0|4.6|45|39|45|39|100.0|50.6|15|22|33.3|50.0|30|35|66.7|44.1|0|19|0.0|50.6|95|62|95|62|100.0|34.2|40|34|42.1|32.1|55|51|57.9|31.8|0|19|0.0|34.2|14.7|11.0|14.7|11.0|14.7|11.0|-|**
9700000US0640740|Vallejo City Unified School District, CA|0640740|2019-2023|205|14370|963|11820|846|82.3|2.3|11820|846|82.3|2.3|11235|848|78.2|2.7|585|217|4.1|1.5|0|32|0.0|0.3|2550|383|17.7|2.3|11820|846|4.9|1.8|8015|603|5855|539|73.1|3.8|5855|539|73.1|3.8|5535|515|69.1|3.8|11020|820|8015|671|72.7|3.5|1645|352|14.9|3.0|305|133|2.8|1.2|180|99|1.6|0.9|155|116|1.4|1.1|725|207|6.6|1.8|37.2|2.0|11235|848|2940|428|26.2|3.2|2340|346|20.8|2.8|2070|378|18.4|2.9|1610|318|14.3|2.5|2280|420|20.3|3.7|11235|848|150|117|1.3|1.0|1385|317|12.3|2.6|1140|304|10.1|2.7|290|131|2.6|1.2|1125|299|10.0|2.6|1165|340|10.4|3.0|165|116|1.5|1.0|455|140|4.0|1.2|1065|246|9.5|2.1|2505|422|22.3|3.2|690|233|6.1|2.1|610|184|5.4|1.6|495|152|4.4|1.3|11235|848|8840|679|78.7|2.9|1725|351|15.4|2.6|605|222|5.4|2.0|65|54|0.6|0.5|51061|3581|68421|8153|55755|6444|14370|963|13475|985|93.8|1.8|10565|933|73.5|3.4|3950|596|27.5|3.8|895|258|6.2|1.8|14255|966|11785|847|11200|848|10610|852|94.7|1.9|8910|810|79.6|3.1|2390|419|21.3|3.6|590|207|5.3|1.9|585|217|505|209|86.3|13.8|310|197|53.0|22.4|225|125|38.5|20.6|80|82|13.7|13.6|2470|376|2240|343|90.7|4.9|1285|331|52.0|10.0|1250|283|50.6|9.5|230|130|9.3|4.8|10.2|2.6|10.2|2.6|10.3|2.7|0.0|30.0
9700000US0600069|Valley Center-Pauma Unified School District, CA|0600069|2019-2023|205|3050|571|2280|435|74.8|5.8|2225|410|73.0|5.7|2125|388|69.7|5.6|100|68|3.3|2.1|60|93|2.0|3.0|770|243|25.2|5.7|2225|410|4.5|2.8|1580|307|915|238|57.9|11.4|915|238|57.9|11.4|820|223|51.9|11.3|2180|414|1710|370|78.4|8.9|120|81|5.5|3.7|0|25|0.0|1.9|4|8|0.2|0.3|0|25|0.0|1.9|345|203|15.8|8.6|33.0|3.2|2125|388|860|273|40.5|9.9|350|134|16.5|6.0|485|213|22.8|8.9|370|166|17.4|7.5|60|37|2.8|1.8|2125|388|75|59|3.5|2.7|355|166|16.7|7.4|105|74|4.9|3.2|110|102|5.2|4.6|35|32|1.6|1.4|95|79|4.5|3.7|30|37|1.4|1.7|165|112|7.8|4.8|415|210|19.5|9.3|265|109|12.5|5.2|190|99|8.9|4.6|4|12|0.2|0.6|265|136|12.5|5.9|2125|388|1450|314|68.2|7.1|380|152|17.9|6.8|295|152|13.9|6.5|0|25|0.0|2.0|66780|5301|76250|17612|65776|17760|2990|553|2640|532|88.3|6.6|2155|518|72.1|10.7|615|265|20.6|7.9|350|208|11.7|6.6|2955|559|2190|419|2090|398|1885|391|90.2|5.9|1665|404|79.7|9.5|280|142|13.4|6.8|205|125|9.8|5.9|100|68|80|65|80.0|23.7|30|35|30.0|29.0|50|53|50.0|33.7|20|23|20.0|22.6|765|242|640|226|83.7|11.9|460|196|60.1|18.2|250|133|32.7|12.7|125|97|16.3|12.0|7.7|5.7|7.7|5.7|7.6|5.6|28.6|41.7
9500000US0640800|Valley Home Joint Elementary School District, CA|0640800|2019-2023|205|300|100|250|92|83.3|13.3|250|92|83.3|13.3|235|91|78.3|13.7|10|21|3.3|7.2|0|14|0.0|13.2|50|41|16.7|13.1|250|92|4.0|8.4|145|55|105|43|72.4|22.1|105|43|72.4|22.1|95|40|65.5|20.9|235|91|215|88|91.5|8.6|4|6|1.7|2.6|0|14|0.0|16.5|4|11|1.7|4.5|0|14|0.0|16.5|10|15|4.3|6.2|26.4|6.0|235|91|80|40|34.0|15.5|20|27|8.5|11.4|50|55|21.3|20.2|60|34|25.5|12.5|25|34|10.6|13.0|235|91|0|14|0.0|16.5|45|32|19.1|13.4|4|4|1.7|1.7|4|11|1.7|4.5|20|31|8.5|11.9|20|33|8.5|13.3|10|15|4.3|6.3|4|10|1.7|4.1|55|59|23.4|22.0|45|36|19.1|13.8|4|12|1.7|5.1|0|14|0.0|16.5|15|23|6.4|10.0|235|91|195|93|83.0|17.4|30|22|12.8|9.4|10|21|4.3|9.1|0|14|0.0|16.5|79821|15226|87004|29248|54145|16243|300|100|285|100|95.0|7.8|265|92|88.3|12.1|40|40|13.3|12.4|10|21|3.3|7.2|285|98|250|92|235|91|235|91|100.0|16.5|235|91|100.0|16.5|0|14|0.0|16.5|0|14|0.0|16.5|10|21|0|14|0.0|100.0|0|14|0.0|100.0|0|14|0.0|100.0|10|21|100.0|100.0|35|36|35|36|100.0|57.3|10|15|28.6|54.7|25|35|71.4|56.6|0|14|0.0|57.3|8.3|11.2|8.3|11.2|8.8|11.9|0.0|87.6
9700000US0640980|Ventura Unified School District, CA|0640980|2019-2023|205|14680|1026|12720|929|86.6|2.3|12705|930|86.5|2.4|12105|943|82.5|3.0|605|273|4.1|1.9|10|20|0.1|0.1|1960|380|13.4|2.3|12705|930|4.8|2.1|7920|564|6225|527|78.6|3.9|6225|527|78.6|3.9|5785|528|73.0|4.8|11805|928|8595|759|72.8|4.5|920|264|7.8|2.2|165|97|1.4|0.8|140|73|1.2|0.6|125|83|1.1|0.7|1865|570|15.8|4.3|24.6|1.6|12105|943|6280|803|51.9|4.6|1890|333|15.6|2.4|1975|436|16.3|3.4|1235|292|10.2|2.4|720|202|5.9|1.7|12105|943|405|174|3.3|1.4|935|276|7.7|2.3|1140|337|9.4|2.7|225|93|1.9|0.8|870|250|7.2|2.0|350|133|2.9|1.1|330|136|2.7|1.1|485|163|4.0|1.3|1460|294|12.1|2.3|3400|570|28.1|3.9|815|267|6.7|2.1|615|237|5.1|1.9|1065|319|8.8|2.4|12105|943|8590|853|71.0|4.7|2635|583|21.8|4.3|880|224|7.3|1.8|0|32|0.0|0.3|62992|5307|93321|6230|69358|14152|14670|1026|13310|1026|90.7|2.4|10925|915|74.5|3.5|2975|534|20.3|3.4|1360|355|9.3|2.4|14620|1023|12685|931|12080|946|11055|909|91.5|2.6|9575|843|79.3|3.7|1965|407|16.3|3.1|1025|333|8.5|2.6|605|273|570|268|94.2|8.4|270|134|44.6|14.1|305|177|50.4|14.9|30|48|5.0|8.3|1935|377|1630|358|84.2|8.5|1030|268|53.2|9.0|675|226|34.9|9.9|305|171|15.8|8.4|6.9|2.0|6.9|2.0|6.9|2.0|0.0|48.0
9500000US0641040|Victor Elementary School District, CA|0641040|2019-2023|205|13020|1157|10085|1034|77.5|3.3|10085|1034|77.5|3.3|8820|897|67.7|3.5|1270|368|9.8|2.5|0|32|0.0|0.3|2935|483|22.5|3.3|10085|1034|12.6|3.2|7185|695|4685|664|65.2|6.1|4685|664|65.2|6.1|3885|550|54.1|6.1|8775|902|6950|772|79.2|6.0|825|318|9.4|3.3|20|30|0.2|0.3|0|32|0.0|0.5|75|71|0.9|0.8|905|373|10.3|3.9|44.7|5.2|8820|897|2275|444|25.8|4.3|1520|349|17.2|3.7|1565|399|17.7|4.1|1245|431|14.1|4.4|2215|456|25.1|4.9|8820|897|140|111|1.6|1.2|860|378|9.8|4.1|610|300|6.9|3.4|125|112|1.4|1.3|1050|299|11.9|3.2|1295|326|14.7|3.6|95|113|1.1|1.2|255|159|2.9|1.8|825|367|9.4|3.9|2015|450|22.8|4.3|795|282|9.0|3.0|260|139|2.9|1.6|495|222|5.6|2.5|8820|897|6655|771|75.5|5.1|1440|426|16.3|4.3|720|304|8.2|3.3|0|32|0.0|0.5|39358|2333|65595|4784|42133|5642|13020|1157|11625|1175|89.3|3.2|6565|835|50.4|5.0|5550|875|42.6|4.9|1395|411|10.7|3.2|12905|1158|10085|1034|8820|897|8030|948|91.0|3.1|5370|807|60.9|5.4|2950|535|33.4|5.1|785|263|8.9|3.1|1270|368|1210|356|95.3|7.3|295|203|23.2|15.2|1020|332|80.3|12.9|60|94|4.7|7.3|2820|475|2270|454|80.5|8.0|900|278|31.9|9.1|1460|421|51.8|10.2|550|238|19.5|8.1|24.3|6.0|24.3|6.0|24.4|6.0|0.0|40.5
9600000US0636972|Victor Valley Union High School District, CA|0636972|2019-2023|205|19760|1507|15370|1291|77.8|2.9|15335|1290|77.6|3.0|14165|1305|71.7|3.3|1170|342|5.9|1.8|35|44|0.2|0.2|4390|679|22.2|2.9|15335|1290|7.6|2.3|11100|887|7375|806|66.4|5.1|7375|806|66.4|5.1|6700|795|60.4|5.1|13835|1255|11090|1032|80.2|4.0|1550|502|11.2|3.5|215|307|1.6|2.2|20|36|0.1|0.3|145|120|1.0|0.9|820|232|5.9|1.6|42.1|2.8|14165|1305|3235|554|22.8|3.1|2710|634|19.1|3.7|3080|546|21.7|3.2|1590|366|11.2|2.6|3550|541|25.1|3.6|14165|1305|245|136|1.7|1.0|1420|374|10.0|2.6|1130|320|8.0|2.3|470|337|3.3|2.3|1880|412|13.3|2.7|2365|497|16.7|3.4|135|120|1.0|0.8|375|167|2.6|1.2|990|328|7.0|2.2|2980|652|21.0|3.8|615|199|4.3|1.4|545|210|3.8|1.6|1005|365|7.1|2.4|14165|1305|10390|981|73.3|3.5|2860|622|20.2|3.4|915|252|6.5|1.8|0|32|0.0|0.3|46091|4185|64691|6093|50475|4655|19725|1503|16790|1433|85.1|2.7|9665|1084|49.0|4.2|8020|1034|40.7|4.2|2935|553|14.9|2.7|19600|1500|15335|1290|14165|1305|12115|1299|85.5|3.4|8330|1088|58.8|4.7|4395|709|31.0|4.3|2050|478|14.5|3.4|1170|342|1015|315|86.8|10.3|210|138|17.9|11.7|920|313|78.6|11.0|155|130|13.2|10.2|4265|665|3535|619|82.9|5.3|1080|290|25.3|5.8|2580|539|60.5|7.5|730|242|17.1|5.4|17.1|3.8|17.1|3.8|16.9|3.8|44.0|35.4
9500000US0641130|Vineland Elementary School District, CA|0641130|2019-2023|205|560|170|360|113|64.3|10.2|360|113|64.3|10.2|315|114|56.3|11.6|45|42|8.0|7.5|0|14|0.0|7.3|200|91|35.7|10.4|360|113|12.5|11.5|340|123|155|72|45.6|15.2|155|72|45.6|15.2|140|70|41.2|15.0|300|112|265|97|88.3|12.2|35|41|11.7|12.2|0|14|0.0|13.2|0|14|0.0|13.2|0|14|0.0|13.2|0|14|0.0|13.2|26.5|11.6|315|114|4|13|1.3|4.2|65|50|20.6|14.8|20|18|6.3|5.9|190|96|60.3|16.5|35|28|11.1|8.4|315|114|205|97|65.1|15.2|0|14|0.0|12.6|4|17|1.3|5.3|10|21|3.2|6.6|20|24|6.3|7.3|4|12|1.3|3.9|0|14|0.0|12.6|0|14|0.0|12.6|20|27|6.3|8.6|10|17|3.2|5.7|35|39|11.1|11.7|0|14|0.0|12.6|0|14|0.0|12.6|315|114|280|112|88.9|9.8|15|22|4.8|7.2|15|28|4.8|9.2|0|14|0.0|12.6|25781|10601|32109|17929|33299|10320|560|170|425|167|75.9|13.1|110|73|19.6|11.8|350|170|62.5|16.9|140|73|25.0|13.1|560|170|360|113|315|114|215|109|68.3|19.2|90|67|28.6|17.6|150|100|47.6|22.8|100|63|31.7|19.2|45|42|25|27|55.6|48.8|0|14|0.0|50.6|25|27|55.6|48.8|25|30|55.6|47.6|200|91|185|95|92.5|11.3|20|24|10.0|11.9|180|93|90.0|12.6|15|21|7.5|11.2|49.1|15.4|49.1|15.4|49.1|15.4|-|**
9700000US0641160|Visalia Unified School District, CA|0641160|2019-2023|205|25090|1523|20560|1336|81.9|2.1|20520|1339|81.8|2.1|19485|1258|77.7|2.2|1035|350|4.1|1.3|40|42|0.2|0.2|4530|604|18.1|2.1|20520|1339|5.0|1.6|13920|896|10095|848|72.5|3.6|10095|848|72.5|3.6|9335|797|67.1|3.7|18925|1219|14840|1208|78.4|3.6|2895|635|15.3|3.2|25|31|0.1|0.2|145|96|0.8|0.5|115|82|0.6|0.4|905|286|4.8|1.5|22.5|1.3|19485|1258|6960|890|35.7|3.8|4025|576|20.7|2.8|3385|613|17.4|2.9|2510|559|12.9|2.6|2605|485|13.4|2.5|19485|1258|1340|369|6.9|1.8|1195|299|6.1|1.5|2080|483|10.7|2.4|465|219|2.4|1.1|1855|419|9.5|2.1|950|244|4.9|1.2|185|153|0.9|0.8|690|209|3.5|1.0|1445|339|7.4|1.7|5130|781|26.3|3.4|1640|424|8.4|2.1|600|267|3.1|1.3|1915|397|9.8|1.9|19485|1258|14055|1004|72.1|3.4|4360|692|22.4|3.0|1075|308|5.5|1.5|0|32|0.0|0.2|51569|3714|70793|6313|57111|4970|25050|1526|23495|1492|93.8|2.0|15985|1258|63.8|3.6|8785|1065|35.1|3.5|1555|506|6.2|2.0|24975|1517|20490|1340|19455|1259|18380|1258|94.5|1.6|13605|1094|69.9|3.6|5865|809|30.1|3.5|1075|323|5.5|1.7|1035|350|925|325|89.4|11.4|210|112|20.3|10.3|750|304|72.5|12.5|110|124|10.6|11.4|4485|599|4115|563|91.8|5.5|2140|417|47.7|7.1|2090|411|46.6|7.4|370|260|8.2|5.5|9.9|2.3|9.9|2.3|9.9|2.3|0.0|39.2
9700000US0641190|Vista Unified School District, CA|0641190|2019-2023|205|21365|1226|18295|1148|85.6|1.9|18065|1171|84.6|2.1|17405|1116|81.5|2.0|660|227|3.1|1.0|230|132|1.1|0.6|3070|427|14.4|1.9|18065|1171|3.7|1.2|11450|708|8785|783|76.7|3.5|8730|792|76.2|3.6|8180|728|71.4|3.5|17150|1075|12310|859|71.8|3.7|1775|438|10.3|2.4|70|60|0.4|0.3|105|76|0.6|0.4|310|189|1.8|1.1|2580|566|15.0|3.0|28.9|1.5|17405|1116|6490|808|37.3|3.6|3450|539|19.8|2.9|3405|589|19.6|3.3|2325|440|13.4|2.5|1735|389|10.0|2.0|17405|1116|305|169|1.8|1.0|2195|369|12.6|2.1|2230|448|12.8|2.3|515|186|3.0|1.1|1485|375|8.5|2.2|530|268|3.0|1.5|400|209|2.3|1.2|695|253|4.0|1.4|2500|414|14.4|2.3|3710|612|21.3|3.2|1175|400|6.8|2.1|1010|311|5.8|1.8|655|181|3.8|1.1|17405|1116|13425|1055|77.1|3.1|2220|411|12.8|2.2|1745|492|10.0|2.8|20|33|0.1|0.2|54687|4312|72328|4502|47238|4762|21135|1241|17840|1189|84.4|2.7|13565|1036|64.2|2.8|5265|666|24.9|3.1|3295|594|15.6|2.7|21060|1247|18000|1173|17340|1120|14970|1131|86.3|2.8|12185|1000|70.3|3.2|3610|573|20.8|3.1|2365|489|13.6|2.8|660|227|400|163|60.6|13.7|195|131|29.5|15.9|240|106|36.4|13.4|260|128|39.4|13.9|3060|428|2395|377|78.3|7.1|1145|227|37.4|5.5|1365|289|44.6|7.6|670|244|21.9|7.1|6.2|1.6|6.2|1.6|6.2|1.6|0.0|39.2
9500000US0641250|Walnut Creek Elementary School District, CA|0641250|2019-2023|205|3895|457|3450|397|88.6|4.0|3450|397|88.6|4.0|3330|377|85.5|4.8|120|89|3.1|2.2|0|32|0.0|1.1|445|179|11.4|4.1|3450|397|3.5|2.5|2075|263|1705|235|82.2|6.0|1705|235|82.2|6.0|1585|217|76.4|7.4|3325|378|1500|280|45.1|7.4|155|93|4.7|2.7|260|144|7.8|4.3|120|87|3.6|2.6|0|32|0.0|1.3|1290|314|38.8|7.9|35.0|4.1|3330|377|2370|344|71.2|7.1|155|92|4.7|2.5|575|198|17.3|5.9|95|76|2.9|2.3|135|90|4.1|2.5|3330|377|35|52|1.1|1.5|300|142|9.0|4.3|175|92|5.3|2.6|55|48|1.7|1.4|140|81|4.2|2.4|145|84|4.4|2.4|55|53|1.7|1.6|595|231|17.9|6.7|760|251|22.8|7.2|805|211|24.2|5.7|90|65|2.7|2.0|140|94|4.2|2.7|35|46|1.1|1.4|3330|377|2740|334|82.3|5.0|415|143|12.5|4.1|175|98|5.3|2.7|0|32|0.0|1.3|124250|19506|183525|33841|141551|24258|3895|457|3850|457|98.8|1.3|3585|416|92.0|3.4|435|233|11.2|5.7|45|52|1.2|1.3|3875|447|3425|393|3310|371|3260|365|98.5|1.7|3105|340|93.8|2.8|330|189|10.0|5.7|45|52|1.4|1.6|120|89|120|89|100.0|29.0|100|85|83.3|28.4|20|35|16.7|31.0|0|32|0.0|29.0|445|179|445|179|100.0|9.1|380|168|85.4|12.7|65|59|14.6|12.7|0|32|0.0|9.1|2.8|2.5|2.8|2.5|2.8|2.5|0.0|75.8
9700000US0641280|Walnut Valley Unified School District, CA|0641280|2019-2023|205|8245|594|6605|430|80.1|3.4|6605|430|80.1|3.4|6200|421|75.2|3.3|405|130|4.9|1.6|0|32|0.0|0.5|1645|349|20.0|3.4|6605|430|6.1|1.9|4330|299|3225|233|74.5|4.5|3225|233|74.5|4.5|2915|234|67.3|4.9|6060|419|4210|341|69.5|3.4|650|176|10.7|2.8|110|56|1.8|0.9|25|35|0.4|0.6|30|32|0.5|0.5|1040|194|17.2|2.9|34.6|2.2|6200|421|3630|331|58.5|3.7|450|145|7.3|2.3|1490|237|24.0|3.3|110|46|1.8|0.8|520|166|8.4|2.6|6200|421|10|19|0.2|0.3|190|70|3.1|1.1|465|114|7.5|1.8|570|153|9.2|2.4|565|194|9.1|3.0|635|211|10.2|3.2|110|54|1.8|0.9|505|146|8.1|2.3|900|197|14.5|3.1|1435|230|23.1|3.6|320|137|5.2|2.1|250|103|4.0|1.7|240|70|3.9|1.1|6200|421|4835|393|78.0|3.5|815|165|13.1|2.6|525|145|8.5|2.3|25|35|0.4|0.6|62201|6530|81667|16219|71676|10887|8245|594|7820|583|94.8|2.0|6675|572|81.0|3.9|1365|297|16.6|3.3|425|168|5.2|2.0|8180|594|6590|429|6190|419|5915|397|95.6|2.1|5285|417|85.4|3.6|815|202|13.2|3.1|275|135|4.4|2.1|405|130|405|130|100.0|10.0|285|127|70.4|18.7|120|81|29.6|18.5|0|32|0.0|10.0|1590|342|1435|361|90.3|5.3|1080|317|67.9|11.1|375|168|23.6|9.1|155|72|9.7|5.4|11.8|4.4|11.8|4.4|11.9|4.5|0.0|42.1
9500000US0641400|Wasco Union Elementary School District, CA|0641400|2019-2023|205|3880|501|2965|460|76.4|5.7|2965|460|76.4|5.7|2805|428|72.3|5.6|155|100|4.0|2.5|0|25|0.0|1.1|920|243|23.7|5.7|2965|460|5.2|3.1|1850|262|1035|281|55.9|12.0|1035|281|55.9|12.0|945|256|51.1|11.5|2730|437|2095|434|76.7|7.3|550|163|20.1|6.1|0|25|0.0|1.5|15|23|0.5|0.8|0|25|0.0|1.5|75|115|2.7|4.2|23.1|3.0|2805|428|420|161|15.0|5.8|435|268|15.5|9.3|165|94|5.9|3.3|1160|399|41.4|12.0|625|261|22.3|9.0|2805|428|1225|427|43.7|12.1|135|93|4.8|3.5|195|109|7.0|4.0|160|116|5.7|4.1|85|65|3.0|2.2|175|105|6.2|3.7|0|25|0.0|1.5|60|52|2.1|1.9|80|84|2.9|3.0|360|150|12.8|5.2|175|241|6.2|8.6|75|70|2.7|2.5|85|75|3.0|2.7|2805|428|2390|421|85.2|4.9|235|102|8.4|3.7|180|88|6.4|3.2|0|25|0.0|1.5|38664|4964|47202|7590|31983|2648|3880|501|3305|539|85.2|6.9|1860|462|47.9|10.0|1510|467|38.9|10.9|575|265|14.8|6.9|3880|501|2965|460|2805|428|2350|444|83.8|7.8|1585|410|56.5|10.8|820|293|29.2|10.1|460|220|16.4|7.8|155|100|155|100|100.0|23.7|65|61|41.9|33.5|95|84|61.3|34.3|0|25|0.0|23.7|920|243|800|223|87.0|13.8|210|119|22.8|11.7|595|215|64.7|18.6|120|136|13.0|13.7|14.6|5.4|14.6|5.4|14.6|5.4|-|**
9600000US0641430|Wasco Union High School District, CA|0641430|2019-2023|205|1900|335|1665|309|87.6|4.6|1665|309|87.6|4.6|1525|286|80.3|5.9|140|87|7.4|4.3|0|29|0.0|2.2|235|93|12.4|4.5|1665|309|8.4|4.8|920|196|720|176|78.3|7.7|720|176|78.3|7.7|640|172|69.6|9.8|1510|284|1120|282|74.2|9.7|390|152|25.8|9.7|0|29|0.0|2.8|0|29|0.0|2.8|0|29|0.0|2.8|0|29|0.0|2.8|19.7|2.7|1525|286|305|118|20.0|6.3|65|46|4.3|3.0|125|84|8.2|4.9|575|168|37.7|10.2|455|178|29.8|9.9|1525|286|665|160|43.6|9.7|25|20|1.6|1.3|100|70|6.6|4.7|155|118|10.2|7.0|115|80|7.5|5.0|160|106|10.5|6.2|0|29|0.0|2.7|4|29|0.3|0.1|35|38|2.3|2.4|190|96|12.5|5.3|20|26|1.3|1.7|35|44|2.3|2.9|20|19|1.3|1.3|1525|286|1295|247|84.9|5.9|135|75|8.9|4.5|95|55|6.2|3.3|0|29|0.0|2.7|41028|7111|49113|8711|38690|11721|1900|335|1610|318|84.7|6.1|975|238|51.3|8.0|690|185|36.3|7.6|290|120|15.3|6.0|1900|335|1665|309|1525|286|1250|274|82.0|7.4|840|224|55.1|9.8|460|163|30.2|9.3|275|119|18.0|7.6|140|87|140|87|100.0|25.7|65|65|46.4|34.9|75|66|53.6|35.3|0|29|0.0|25.7|235|93|220|91|93.6|7.7|70|43|29.8|14.9|150|78|63.8|17.4|15|16|6.4|7.2|15.5|6.9|15.5|6.9|15.5|6.9|-|**
9500000US0641460|Washington Colony Elementary School District, CA|0641460|2019-2023|205|380|143|285|120|75.0|13.7|285|120|75.0|13.7|285|120|75.0|13.7|0|14|0.0|10.6|0|14|0.0|10.6|95|62|25.0|13.8|285|120|0.0|13.8|215|87|150|75|69.8|18.5|150|75|69.8|18.5|150|75|69.8|18.5|285|120|175|93|61.4|21.0|25|29|8.8|9.8|0|14|0.0|13.8|4|6|1.4|2.2|10|14|3.5|4.7|70|69|24.6|20.3|27.4|8.6|285|120|70|53|24.6|16.0|50|51|17.5|15.8|65|54|22.8|15.8|60|48|21.1|14.4|40|37|14.0|12.4|285|120|25|33|8.8|10.9|15|23|5.3|7.7|35|36|12.3|11.8|0|14|0.0|13.8|40|45|14.0|13.1|30|36|10.5|10.8|0|14|0.0|13.8|15|14|5.3|6.2|4|11|1.4|3.8|55|45|19.3|15.4|4|8|1.4|3.1|55|55|19.3|16.5|0|14|0.0|13.8|285|120|185|95|64.9|20.9|35|33|12.3|11.6|65|68|22.8|20.4|0|14|0.0|13.8|48500|14817|63618|22556|41250|28290|380|143|360|131|94.7|7.6|240|111|63.2|21.9|150|89|39.5|16.4|20|33|5.3|8.1|380|143|285|120|285|120|265|113|93.0|10.7|195|106|68.4|23.5|95|67|33.3|18.9|20|33|7.0|11.0|0|14|0|14|-|**|0|14|-|**|0|14|-|**|0|14|-|**|95|62|95|62|100.0|34.2|40|33|42.1|38.1|55|54|57.9|36.8|0|14|0.0|34.2|19.7|20.2|19.7|20.2|19.7|20.2|-|**
9600000US0606018|Washington Unified School District (9-12), CA|0606018|2019-2023|205|660|196|565|185|85.6|7.2|565|185|85.6|7.2|525|175|79.5|8.4|45|31|6.8|4.5|0|19|0.0|6.2|95|50|14.4|7.3|565|185|8.0|5.3|330|100|245|90|74.2|12.0|245|90|74.2|12.0|235|85|71.2|12.4|520|174|335|129|64.4|14.6|110|78|21.2|12.4|0|19|0.0|7.8|4|6|0.8|1.3|0|19|0.0|7.8|70|68|13.5|12.1|23.1|5.4|525|175|90|55|17.1|9.4|130|72|24.8|10.7|105|84|20.0|13.9|155|79|29.5|10.9|40|29|7.6|5.2|525|175|75|65|14.3|11.9|85|57|16.2|8.8|40|32|7.6|6.2|0|19|0.0|7.8|20|22|3.8|4.2|15|17|2.9|3.3|0|19|0.0|7.8|4|14|0.8|2.7|4|16|0.8|3.2|115|66|21.9|8.9|15|28|2.9|5.6|35|34|6.7|6.0|115|90|21.9|15.2|525|175|260|101|49.5|16.9|165|103|31.4|16.8|100|95|19.0|14.6|0|19|0.0|7.8|55489|28485|78022|5484|38929|16198|660|196|620|186|93.9|5.2|330|135|50.0|13.4|330|113|50.0|11.4|40|38|6.1|5.4|650|196|565|185|525|175|490|166|93.3|6.5|300|130|57.1|15.3|225|90|42.9|12.5|35|36|6.7|6.6|45|31|45|31|100.0|50.6|4|2|8.9|9.6|40|33|88.9|30.7|0|19|0.0|50.6|85|43|80|38|94.1|18.7|25|23|29.4|24.0|55|32|64.7|24.7|4|17|4.7|18.2|18.9|12.0|18.9|12.0|19.2|12.3|0.0|100.0
9700000US0601415|Washington Unified School District (Fresno County), CA|0601415|2019-2023|205|1385|368|970|251|70.0|7.5|970|251|70.0|7.5|850|232|61.4|8.1|120|84|8.7|5.9|0|19|0.0|3.0|420|168|30.3|7.5|970|251|12.4|8.2|780|206|435|128|55.8|13.5|435|128|55.8|13.5|345|120|44.2|14.0|840|233|590|206|70.2|12.2|170|90|20.2|10.8|0|19|0.0|4.9|0|19|0.0|4.9|55|57|6.5|6.6|30|33|3.6|4.0|22.9|4.0|850|232|155|77|18.2|8.6|115|90|13.5|9.5|20|18|2.4|2.3|350|173|41.2|16.8|205|103|24.1|10.2|850|232|325|155|38.2|15.7|60|60|7.1|6.8|130|81|15.3|9.1|15|24|1.8|2.9|90|72|10.6|7.9|20|22|2.4|2.6|0|19|0.0|4.9|10|15|1.2|1.9|35|31|4.1|3.6|65|39|7.6|4.2|70|88|8.2|9.7|0|19|0.0|4.9|25|28|2.9|3.6|850|232|770|219|90.6|5.7|45|35|5.3|4.1|30|34|3.5|3.8|0|19|0.0|4.9|26989|3838|32431|9268|31346|12676|1385|368|1115|254|80.5|15.5|495|200|35.7|13.4|715|189|51.6|14.1|270|256|19.5|15.5|1385|368|970|251|850|232|680|191|80.0|13.5|345|164|40.6|14.5|390|125|45.9|14.8|170|130|20.0|13.5|120|84|120|84|100.0|29.0|75|72|62.5|31.1|75|55|62.5|38.6|0|19|0.0|29.0|420|168|315|99|75.0|27.2|75|64|17.9|16.3|250|86|59.5|23.6|100|140|23.8|26.8|41.2|16.1|41.2|16.1|41.2|16.1|-|**
9700000US0641580|Washington Unified School District (Yolo County), CA|0641580|2019-2023|205|8480|747|7145|677|84.3|3.0|7145|677|84.3|3.0|6905|669|81.4|2.8|240|104|2.8|1.3|0|32|0.0|0.5|1335|282|15.7|3.0|7145|677|3.4|1.4|4810|432|3685|432|76.6|5.3|3685|432|76.6|5.3|3510|439|73.0|5.2|6670|625|4625|508|69.3|4.5|780|205|11.7|3.0|0|32|0.0|0.6|15|28|0.2|0.4|200|139|3.0|2.1|1045|300|15.7|4.1|27.2|3.1|6905|669|3260|513|47.2|5.5|1185|322|17.2|4.3|935|255|13.5|3.7|990|270|14.3|3.5|535|178|7.7|2.5|6905|669|100|84|1.4|1.2|725|230|10.5|3.0|290|136|4.2|2.0|100|85|1.4|1.2|450|151|6.5|2.2|450|151|6.5|2.2|205|108|3.0|1.6|330|147|4.8|2.1|940|290|13.6|3.9|1610|350|23.3|4.7|550|266|8.0|3.5|225|129|3.3|1.8|930|233|13.5|3.2|6905|669|4495|591|65.1|4.9|1895|345|27.4|4.4|515|234|7.5|3.4|0|32|0.0|0.6|57704|9245|87956|15066|64932|10395|8480|747|8155|731|96.2|2.1|5790|659|68.3|5.3|2755|503|32.5|5.3|330|180|3.9|2.1|8465|742|7135|676|6895|667|6585|642|95.5|2.3|5160|590|74.8|5.0|1710|391|24.8|5.3|305|163|4.4|2.3|240|104|240|104|100.0|16.2|85|67|35.4|25.7|195|103|81.3|17.1|0|32|0.0|16.2|1330|281|1310|280|98.5|3.1|545|179|41.0|11.6|830|243|62.4|10.8|25|39|1.9|2.9|12.9|4.0|12.9|4.0|12.9|4.0|0.0|87.6
9500000US0641610|Washington Union Elementary School District, CA|0641610|2019-2023|205|685|261|600|253|87.6|9.9|600|253|87.6|9.9|600|253|87.6|9.9|0|19|0.0|6.0|0|19|0.0|6.0|90|62|13.1|9.2|600|253|0.0|6.8|285|103|235|95|82.5|11.9|235|95|82.5|11.9|235|95|82.5|11.9|600|253|345|149|57.5|20.8|15|24|2.5|4.3|0|19|0.0|6.8|10|24|1.7|4.4|0|19|0.0|6.8|230|197|38.3|23.7|23.9|3.0|600|253|460|210|76.7|17.9|55|64|9.2|10.5|80|77|13.3|11.0|0|19|0.0|6.8|0|19|0.0|6.8|600|253|0|19|0.0|6.8|0|19|0.0|6.8|15|22|2.5|3.6|15|28|2.5|4.7|0|19|0.0|6.8|0|19|0.0|6.8|0|19|0.0|6.8|175|182|29.2|24.8|95|105|15.8|16.0|105|89|17.5|16.1|10|24|1.7|4.4|0|19|0.0|6.8|180|131|30.0|22.0|600|253|365|237|60.8|24.5|220|139|36.7|22.9|15|25|2.5|4.3|0|19|0.0|6.8|133021|107982|177594|153156|94327|43722|685|261|680|261|99.3|3.0|680|261|99.3|3.0|10|16|1.5|2.3|10|17|1.5|2.4|680|262|595|252|595|252|595|252|100.0|6.9|595|252|100.0|6.9|0|19|0.0|6.9|0|19|0.0|6.9|0|19|0|19|-|**|0|19|-|**|0|19|-|**|0|19|-|**|85|61|75|66|88.2|22.4|75|66|88.2|22.4|4|17|4.7|19.7|10|17|11.8|20.8|0.0|6.0|0.0|6.0|0.0|6.1|0.0|100.0
9700000US0600063|Waterford Unified School District, CA|0600063|2019-2023|205|1635|291|1385|294|84.7|7.0|1385|294|84.7|7.0|1350|289|82.6|6.9|35|43|2.1|2.6|0|21|0.0|2.6|250|110|15.3|6.9|1385|294|2.5|3.0|915|186|700|191|76.5|11.6|700|191|76.5|11.6|680|181|74.3|11.1|1305|282|1105|238|84.7|7.8|150|109|11.5|7.2|0|21|0.0|3.2|0|21|0.0|3.2|0|21|0.0|3.2|50|45|3.8|3.4|29.8|7.6|1350|289|330|135|24.4|9.1|90|68|6.7|4.4|230|129|17.0|7.9|350|185|25.9|12.4|350|157|25.9|11.1|1350|289|70|89|5.2|6.3|130|83|9.6|6.1|260|143|19.3|10.0|130|91|9.6|6.7|165|118|12.2|7.7|60|52|4.4|3.7|0|21|0.0|3.1|75|63|5.6|4.7|80|55|5.9|3.7|210|94|15.6|5.8|65|69|4.8|5.2|75|83|5.6|6.0|30|43|2.2|3.1|1350|289|1070|245|79.3|7.6|210|104|15.6|6.4|75|58|5.6|4.3|0|21|0.0|3.1|46136|18623|61757|3276|42763|24521|1635|291|1600|290|97.9|2.4|1000|292|61.2|12.7|630|227|38.5|12.8|35|40|2.1|2.4|1630|290|1385|294|1350|289|1335|288|98.9|2.1|905|292|67.0|11.7|435|159|32.2|11.6|15|30|1.1|2.2|35|43|35|43|100.0|57.3|10|19|28.6|60.0|25|38|71.4|69.8|0|21|0.0|57.3|240|107|225|102|93.8|8.3|80|45|33.3|20.0|160|102|66.7|21.6|15|22|6.3|8.8|20.2|11.5|20.2|11.5|19.9|11.4|100.0|100.0
9500000US0641790|Waugh Elementary School District, CA|0641790|2019-2023|205|710|202|615|184|86.6|6.7|605|183|85.2|7.3|605|183|85.2|7.3|0|19|0.0|5.8|10|16|1.4|2.3|95|55|13.4|6.8|605|183|0.0|6.8|355|100|270|93|76.1|13.3|270|93|76.1|13.3|270|93|76.1|13.3|610|181|355|100|58.2|13.0|0|19|0.0|6.7|0|19|0.0|6.7|10|15|1.6|2.5|4|11|0.7|1.8|240|131|39.3|13.3|38.1|5.9|605|183|360|132|59.5|12.0|55|47|9.1|6.6|90|47|14.9|6.9|50|48|8.3|7.6|55|38|9.1|6.2|605|183|0|19|0.0|6.8|40|47|6.6|7.2|30|37|5.0|5.5|15|26|2.5|4.2|45|45|7.4|7.4|25|26|4.1|4.2|20|32|3.3|5.1|50|51|8.3|8.2|145|79|24.0|12.7|155|88|25.6|10.1|0|19|0.0|6.8|45|33|7.4|5.0|30|32|5.0|5.2|605|183|495|164|81.8|8.8|80|56|13.2|8.4|30|30|5.0|5.0|0|19|0.0|6.8|105500|11063|121765|20321|77171|38670|700|200|700|200|100.0|5.9|655|193|93.6|5.8|70|47|10.0|6.3|0|19|0.0|5.9|700|200|605|183|605|183|605|183|100.0|6.8|570|178|94.2|5.6|60|45|9.9|7.2|0|19|0.0|6.8|0|19|0|19|-|**|0|19|-|**|0|19|-|**|0|19|-|**|95|55|95|55|100.0|34.2|85|51|89.5|17.1|10|15|10.5|15.2|0|19|0.0|34.2|0.6|2.2|0.6|2.2|0.6|2.2|-|**
9500000US0641820|Waukena Joint Union Elementary School District, CA|0641820|2019-2023|205|185|100|110|64|59.5|11.3|110|64|59.5|11.3|110|64|59.5|11.3|0|14|0.0|20.4|0|14|0.0|20.4|70|45|37.8|12.5|110|64|0.0|31.0|100|55|35|24|35.0|18.5|35|24|35.0|18.5|35|24|35.0|18.5|110|64|60|40|54.5|29.6|15|22|13.6|19.3|0|14|0.0|31.0|25|43|22.7|31.5|0|14|0.0|31.0|10|13|9.1|12.1|11.1|6.7|110|64|10|12|9.1|11.3|4|10|3.6|9.1|20|20|18.2|15.5|30|25|27.3|20.4|45|48|40.9|31.7|110|64|35|27|31.8|21.5|0|14|0.0|31.0|10|15|9.1|12.9|4|1|3.6|2.7|15|19|13.6|16.8|35|44|31.8|30.3|0|14|0.0|31.0|0|14|0.0|31.0|4|14|3.6|2.3|10|13|9.1|11.6|0|14|0.0|31.0|4|2|3.6|4.2|0|14|0.0|31.0|110|64|100|60|90.9|14.8|4|14|3.6|2.3|10|13|9.1|11.3|0|14|0.0|31.0|49875|17472|58438|25427|59464|19187|185|100|170|98|91.9|10.7|80|51|43.2|20.4|90|68|48.6|20.0|15|20|8.1|11.3|185|100|110|64|110|64|110|64|100.0|31.0|70|50|63.6|27.9|40|38|36.4|29.0|4|14|3.6|2.3|0|14|0|14|-|**|0|14|-|**|0|14|-|**|0|14|-|**|70|45|60|41|85.7|23.4|10|13|14.3|19.8|55|41|78.6|31.4|10|17|14.3|21.6|10.8|14.1|10.8|14.1|10.8|14.1|-|**
9500000US0641880|Weaver Union Elementary School District, CA|0641880|2019-2023|205|2235|330|1775|312|79.4|6.3|1770|314|79.2|6.5|1590|294|71.1|7.1|180|91|8.1|3.9|4|9|0.2|0.4|465|148|20.8|6.3|1770|314|10.2|4.9|1285|218|930|182|72.4|9.1|930|182|72.4|9.1|780|175|60.7|9.4|1435|275|1220|252|85.0|6.8|95|74|6.6|4.7|15|26|1.0|1.8|35|38|2.4|2.6|30|33|2.1|2.2|40|38|2.8|2.9|29.5|7.3|1590|294|325|139|20.4|7.6|335|112|21.1|7.2|300|113|18.9|6.4|330|139|20.8|6.8|295|117|18.6|6.9|1590|294|85|58|5.3|3.5|65|55|4.1|3.2|240|106|15.1|5.8|95|67|6.0|4.2|120|82|7.5|5.2|80|56|5.0|3.6|0|21|0.0|2.6|50|52|3.1|3.1|170|79|10.7|4.9|415|168|26.1|9.1|120|81|7.5|5.1|100|76|6.3|4.7|45|37|2.8|2.2|1590|294|1180|261|74.2|9.3|325|143|20.4|7.8|80|63|5.0|4.1|0|21|0.0|2.6|43794|7542|48500|6309|54286|24138|2230|332|2065|327|92.6|3.7|1105|262|49.6|9.6|1075|278|48.2|9.6|170|84|7.6|3.7|2230|332|1770|314|1590|294|1515|281|95.3|3.0|940|239|59.1|10.7|665|206|41.8|10.8|75|51|4.7|3.1|180|91|155|86|86.1|19.0|65|56|36.1|24.2|90|60|50.0|25.5|25|34|13.9|19.3|465|148|395|151|84.9|11.0|105|57|22.6|11.4|320|142|68.8|14.4|70|51|15.1|11.1|29.3|7.7|29.3|7.7|29.3|7.7|-|**
9700000US0632550|West Contra Costa Unified School District, CA|0632550|2019-2023|205|36375|1494|29905|1425|82.2|1.8|29890|1425|82.2|1.8|28525|1426|78.4|1.9|1360|304|3.7|0.8|20|32|0.1|0.1|6470|687|17.8|1.8|29890|1425|4.6|1.0|20065|903|14800|924|73.8|2.8|14800|924|73.8|2.8|13995|929|69.7|3.0|27635|1429|17565|1200|63.6|2.6|4070|626|14.7|2.2|1635|327|5.9|1.1|315|144|1.1|0.5|655|245|2.4|0.9|3395|426|12.3|1.5|33.5|1.2|28525|1426|10655|852|37.4|2.4|5820|738|20.4|2.1|4470|519|15.7|1.7|4115|607|14.4|1.9|3460|430|12.1|1.6|28525|1426|135|86|0.5|0.3|3820|602|13.4|1.9|1925|357|6.7|1.2|535|206|1.9|0.7|1880|376|6.6|1.3|2700|495|9.5|1.8|450|184|1.6|0.6|1235|261|4.3|0.9|3685|579|12.9|1.9|6960|743|24.4|2.2|2465|446|8.6|1.5|1575|377|5.5|1.3|1160|334|4.1|1.1|28525|1426|20465|1281|71.7|2.4|5180|609|18.2|1.9|2670|415|9.4|1.4|215|183|0.8|0.6|58131|3578|73805|4762|63750|5990|36355|1496|32785|1383|90.2|1.9|24170|1201|66.5|2.3|10470|998|28.8|2.4|3575|745|9.8|1.9|36040|1502|29745|1431|28380|1428|25825|1224|91.0|2.1|20730|1141|73.0|2.7|6475|737|22.8|2.4|2555|647|9.0|2.1|1360|304|1265|289|93.0|5.0|680|218|50.0|12.5|635|241|46.7|13.2|95|73|7.0|5.1|6300|668|5375|600|85.3|4.4|2555|420|40.6|5.6|3100|469|49.2|5.5|920|304|14.6|4.4|8.9|1.7|8.9|1.7|8.8|1.7|22.2|22.7
9700000US0642000|West Covina Unified School District, CA|0642000|2019-2023|205|7320|761|6270|772|85.7|3.1|6255|773|85.5|3.2|5845|707|79.8|3.6|410|178|5.6|2.2|15|27|0.2|0.4|1050|210|14.3|3.1|6255|773|6.6|2.6|3885|410|3080|399|79.3|4.4|3080|399|79.3|4.4|2925|395|75.3|4.8|5685|682|4435|608|78.0|5.4|655|235|11.5|4.1|45|39|0.8|0.7|15|27|0.3|0.5|70|54|1.2|1.0|465|206|8.2|3.3|33.4|2.3|5845|707|2500|421|42.8|5.2|785|211|13.4|3.2|1040|258|17.8|4.1|700|246|12.0|3.7|820|239|14.0|3.8|5845|707|35|36|0.6|0.6|465|226|8.0|3.5|555|184|9.5|2.8|140|82|2.4|1.4|510|185|8.7|3.0|665|230|11.4|3.7|145|85|2.5|1.5|270|143|4.6|2.3|405|130|6.9|2.2|1660|301|28.4|4.3|410|212|7.0|3.3|275|118|4.7|2.1|310|126|5.3|2.1|5845|707|4210|592|72.0|4.6|1400|288|24.0|4.1|230|102|3.9|1.7|0|32|0.0|0.7|60248|4681|80151|12214|52714|5185|7305|760|6640|678|90.9|4.4|5425|704|74.3|5.0|1470|289|20.1|4.3|665|345|9.1|4.4|7225|764|6205|775|5795|711|5245|630|90.5|5.3|4530|645|78.2|5.7|895|226|15.4|4.1|550|331|9.5|5.3|410|178|380|171|92.7|9.6|265|156|64.6|19.5|135|74|32.9|18.6|35|41|8.5|9.7|1020|207|940|195|92.2|5.4|585|177|57.4|11.9|385|126|37.7|10.8|85|58|8.3|5.3|7.4|2.7|7.4|2.7|7.5|2.8|0.0|37.9
9600000US0602670|West Sonoma County Union High School District, CA|0602670|2019-2023|205|2200|487|1930|455|87.7|5.1|1930|455|87.7|5.1|1905|457|86.6|5.3|25|31|1.1|1.5|0|29|0.0|1.9|270|116|12.3|5.0|1930|455|1.3|1.7|1215|333|995|323|81.9|9.2|995|323|81.9|9.2|965|326|79.4|9.6|1905|457|1400|390|73.5|8.6|150|106|7.9|5.3|25|33|1.3|1.9|40|31|2.1|1.6|25|28|1.3|1.4|270|139|14.2|6.7|26.7|3.7|1905|457|1090|355|57.2|10.3|185|97|9.7|4.6|355|159|18.6|7.6|180|97|9.4|4.8|95|63|5.0|3.4|1905|457|105|81|5.5|4.2|125|64|6.6|3.4|360|261|18.9|11.2|0|29|0.0|2.2|145|115|7.6|6.1|20|26|1.0|1.3|105|64|5.5|3.4|75|63|3.9|3.2|185|79|9.7|4.2|540|193|28.3|7.5|85|54|4.5|2.8|115|74|6.0|3.7|50|45|2.6|2.4|1905|457|1365|385|71.7|8.7|240|115|12.6|5.7|265|143|13.9|7.0|35|39|1.8|2.0|78894|12373|121375|51958|71591|17474|2200|487|2130|464|96.8|2.5|1990|458|90.5|4.9|170|98|7.7|4.5|70|60|3.2|2.5|2160|489|1915|458|1885|462|1820|440|96.6|2.8|1795|437|95.2|3.4|30|34|1.6|1.8|65|58|3.4|2.8|25|31|25|31|100.0|67.8|25|31|100.0|67.8|0|29|0.0|67.8|0|29|0.0|67.8|250|114|240|114|96.0|7.1|160|89|64.0|24.5|100|76|40.0|24.6|4|10|1.6|4.0|3.0|3.0|3.0|3.0|3.0|3.0|0.0|53.6
9700000US0642140|Western Placer Unified School District, CA|0642140|2019-2023|205|9630|693|8230|617|85.5|2.5|8205|615|85.2|2.5|7945|603|82.5|2.5|260|106|2.7|1.1|25|43|0.3|0.4|1400|268|14.5|2.5|8205|615|3.2|1.3|4995|373|3845|362|77.0|4.5|3845|362|77.0|4.5|3615|354|72.4|4.6|7715|611|5705|534|73.9|3.6|695|204|9.0|2.5|0|32|0.0|0.5|65|74|0.8|1.0|110|59|1.4|0.8|1140|224|14.8|2.7|29.3|2.0|7945|603|3710|416|46.7|4.3|1435|277|18.1|3.2|1620|259|20.4|2.8|705|213|8.9|2.5|475|137|6.0|1.7|7945|603|0|32|0.0|0.5|720|227|9.1|2.8|450|146|5.7|1.8|285|131|3.6|1.6|750|222|9.4|2.7|465|136|5.9|1.6|135|94|1.7|1.2|695|197|8.7|2.4|845|211|10.6|2.7|1935|330|24.4|3.5|525|190|6.6|2.4|285|139|3.6|1.7|855|190|10.8|2.4|7945|603|5780|558|72.8|4.3|1885|335|23.7|3.9|280|115|3.5|1.4|0|32|0.0|0.5|76567|4028|102457|9986|72950|9096|9605|692|9465|707|98.5|1.2|8380|704|87.2|3.4|1585|377|16.5|3.7|145|113|1.5|1.2|9600|692|8205|615|7945|603|7835|616|98.6|1.3|7170|588|90.2|2.7|1080|286|13.6|3.4|110|103|1.4|1.3|260|106|260|106|100.0|15.0|175|92|67.3|27.5|85|81|32.7|27.3|0|32|0.0|15.0|1395|266|1360|263|97.5|2.4|1035|230|74.2|10.2|415|174|29.7|10.9|35|34|2.5|2.3|7.1|3.1|7.1|3.1|7.1|3.1|0.0|100.0
9500000US0642150|Westminster School District, CA|0642150|2019-2023|205|7590|825|6020|628|79.3|3.2|6020|628|79.3|3.2|5730|578|75.5|4.8|290|227|3.8|2.8|0|32|0.0|0.6|1570|331|20.7|3.1|6020|628|4.8|3.6|4005|420|2620|326|65.4|6.6|2620|326|65.4|6.6|2510|313|62.7|6.4|5445|558|4005|487|73.6|4.4|1000|249|18.4|4.2|15|19|0.3|0.3|15|22|0.3|0.4|50|52|0.9|1.0|365|142|6.7|2.5|28.0|1.6|5730|578|1840|329|32.1|5.2|1350|262|23.6|3.7|765|195|13.4|3.1|700|234|12.2|3.8|1075|284|18.8|4.6|5730|578|10|19|0.2|0.3|555|190|9.7|3.2|1015|288|17.7|4.7|185|118|3.2|2.0|515|168|9.0|2.7|180|100|3.1|1.7|215|193|3.8|3.3|155|94|2.7|1.7|400|143|7.0|2.2|1200|199|20.9|3.5|560|180|9.8|2.9|460|151|8.0|2.4|275|131|4.8|2.2|5730|578|4500|535|78.5|4.3|855|240|14.9|3.9|375|126|6.5|2.2|0|32|0.0|0.7|40881|6035|66840|10624|40288|4671|7590|825|6445|659|84.9|4.7|4245|601|55.9|5.9|2485|451|32.7|5.8|1145|421|15.1|4.7|7575|823|6005|626|5710|575|5110|542|89.5|3.8|3560|480|62.3|5.7|1800|385|31.5|6.3|600|228|10.5|3.8|290|227|280|224|96.6|11.1|195|226|67.2|37.4|85|56|29.3|33.5|15|27|5.2|10.2|1570|331|1040|212|66.2|13.4|480|164|30.6|10.7|600|169|38.2|10.7|530|281|33.8|13.3|15.2|5.7|15.2|5.7|15.2|5.8|0.0|87.6
9500000US0642120|Westside Union Elementary School District, CA|0642120|2019-2023|205|7675|1015|6005|783|78.2|4.0|5960|774|77.7|4.0|5775|786|75.2|4.0|185|92|2.4|1.3|40|51|0.5|0.7|1670|415|21.8|4.0|5960|774|3.1|1.6|3845|569|2520|435|65.5|7.5|2520|435|65.5|7.5|2400|440|62.4|7.6|5570|747|4215|674|75.7|5.1|730|221|13.1|3.7|30|40|0.5|0.7|15|27|0.3|0.5|105|94|1.9|1.6|480|146|8.6|2.7|37.0|3.8|5775|786|2935|492|50.8|5.2|755|304|13.1|4.6|845|295|14.6|4.9|725|156|12.6|3.1|520|228|9.0|3.4|5775|786|0|32|0.0|0.7|585|181|10.1|3.5|595|205|10.3|3.3|110|86|1.9|1.5|285|106|4.9|1.9|455|227|7.9|3.4|180|97|3.1|1.7|330|171|5.7|3.1|720|398|12.5|6.5|1635|421|28.3|5.3|160|124|2.8|2.1|130|68|2.3|1.1|590|195|10.2|3.4|5775|786|3845|602|66.6|5.6|1485|300|25.7|4.6|315|130|5.5|2.4|135|201|2.3|3.3|67204|14996|94228|7795|60332|11074|7630|1008|7355|995|96.4|1.5|6290|958|82.4|4.3|1470|412|19.3|5.4|280|118|3.7|1.5|7540|945|5940|773|5755|786|5580|775|97.0|1.5|4950|753|86.0|3.4|875|244|15.2|4.5|170|86|3.0|1.5|185|92|170|90|91.9|12.1|135|77|73.0|26.9|45|57|24.3|26.6|15|22|8.1|12.0|1600|359|1505|345|94.1|3.3|1115|323|69.7|10.0|525|196|32.8|10.8|90|53|5.6|3.2|7.8|2.8|7.8|2.8|7.9|2.8|0.0|34.2
9500000US0642330|Wheatland Elementary School District, CA|0642330|2019-2023|205|1085|224|850|203|78.3|7.6|685|192|63.1|9.9|630|187|58.1|9.8|55|53|5.1|4.9|160|60|14.7|5.0|235|89|21.7|7.6|685|192|8.0|7.4|600|145|410|153|68.3|14.6|355|146|59.2|14.4|300|138|50.0|14.5|795|196|610|175|76.7|10.3|110|86|13.8|10.3|0|19|0.0|5.2|0|19|0.0|5.2|20|31|2.5|3.7|50|40|6.3|5.0|25.8|6.0|630|187|270|141|42.9|17.4|155|120|24.6|16.1|60|46|9.5|6.9|65|50|10.3|7.2|80|47|12.7|8.5|630|187|0|19|0.0|6.5|95|75|15.1|10.1|65|41|10.3|7.5|4|21|0.6|3.2|50|54|7.9|7.5|45|51|7.1|7.8|0|19|0.0|6.5|20|26|3.2|4.1|115|90|18.3|12.8|150|113|23.8|15.8|0|19|0.0|6.5|10|19|1.6|3.0|75|53|11.9|8.7|630|187|390|141|61.9|14.8|145|81|23.0|11.3|100|90|15.9|12.9|0|19|0.0|6.5|54583|8051|80625|22652|36607|31430|920|206|865|200|94.0|7.8|545|180|59.2|15.5|395|148|42.9|13.0|55|75|6.0|7.8|920|206|685|192|630|187|585|177|92.9|11.1|360|148|57.1|19.7|245|139|38.9|17.4|50|73|7.9|11.1|55|53|55|53|100.0|45.7|4|20|7.3|39.5|50|52|90.9|37.5|0|19|0.0|45.7|235|89|225|87|95.7|5.8|175|84|74.5|21.2|100|54|42.6|18.0|10|15|4.3|6.1|5.1|4.8|5.1|4.8|5.1|4.8|-|**
9600000US0642350|Wheatland Union High School District, CA|0642350|2019-2023|205|1015|294|845|246|83.3|8.9|845|246|83.3|8.9|840|245|82.8|8.7|4|20|0.4|1.9|0|21|0.0|4.1|170|110|16.7|9.0|845|246|0.5|2.3|550|174|395|147|71.8|16.2|395|147|71.8|16.2|390|144|70.9|16.0|840|245|655|214|78.0|8.6|120|69|14.3|7.7|0|21|0.0|4.9|0|21|0.0|4.9|20|31|2.4|3.5|45|51|5.4|6.0|38.1|8.4|840|245|315|148|37.5|13.9|220|134|26.2|13.9|90|74|10.7|7.7|85|65|10.1|7.0|130|76|15.5|8.7|840|245|35|59|4.2|6.7|45|54|5.4|6.1|65|58|7.7|6.7|4|21|0.5|2.5|20|24|2.4|2.9|50|46|6.0|5.5|0|21|0.0|4.9|35|39|4.2|4.5|105|78|12.5|8.8|265|150|31.5|14.5|20|31|2.4|3.8|50|76|6.0|8.7|140|110|16.7|12.1|840|245|495|189|58.9|17.0|240|147|28.6|14.3|100|73|11.9|7.6|0|21|0.0|4.9|59194|6284|71563|18190|32243|16424|1015|294|1010|291|99.5|1.6|745|273|73.4|13.9|325|167|32.0|14.5|10|15|1.0|1.5|1015|294|845|246|840|245|840|245|100.0|4.9|595|217|70.8|15.3|305|159|36.3|15.3|0|21|0.0|4.9|4|20|4|20|100.0|100.0|4|20|100.0|100.0|0|21|0.0|100.0|0|21|0.0|100.0|170|110|165|108|97.1|9.5|145|106|85.3|22.2|20|33|11.8|20.0|10|15|5.9|8.9|0.0|4.1|0.0|4.1|0.0|4.1|-|**
9500000US0642450|Whittier City Elementary School District, CA|0642450|2019-2023|205|6570|660|5225|548|79.5|2.8|5210|548|79.3|2.9|5060|533|77.0|3.0|150|108|2.3|1.6|20|32|0.3|0.5|1345|229|20.5|2.8|5210|548|2.9|2.0|3490|345|2360|277|67.6|4.7|2360|277|67.6|4.7|2335|277|66.9|4.8|5055|536|3720|436|73.6|4.8|605|186|12.0|3.6|105|126|2.1|2.4|10|14|0.2|0.3|65|47|1.3|0.9|555|189|11.0|3.5|37.2|2.7|5060|533|1670|318|33.0|5.3|725|249|14.3|4.8|1245|259|24.6|4.7|470|172|9.3|3.1|950|258|18.8|4.6|5060|533|15|26|0.3|0.5|360|129|7.1|2.5|530|218|10.5|4.0|165|92|3.3|1.8|460|146|9.1|3.0|435|155|8.6|3.1|120|62|2.4|1.2|355|145|7.0|2.7|365|141|7.2|2.7|1185|241|23.4|4.1|395|138|7.8|2.6|390|161|7.7|2.9|280|167|5.5|3.1|5060|533|3940|455|77.9|5.6|985|295|19.5|5.1|130|101|2.6|2.0|0|32|0.0|0.8|49043|4193|62821|8547|48267|3251|6555|658|6015|633|91.8|2.8|4520|608|69.0|5.6|1645|389|25.1|5.7|535|189|8.2|2.8|6555|658|5210|548|5060|533|4740|524|93.7|2.6|3825|525|75.6|5.4|1005|262|19.9|5.2|320|134|6.3|2.6|150|108|110|94|73.3|28.3|55|54|36.7|33.2|85|90|56.7|36.1|40|46|26.7|28.2|1345|229|1170|217|87.0|6.4|640|167|47.6|10.4|555|174|41.3|9.6|175|91|13.0|6.4|7.8|2.6|7.8|2.6|7.8|2.6|-|**
9600000US0642480|Whittier Union High School District, CA|0642480|2019-2023|205|13230|864|11040|775|83.4|2.3|10995|765|83.1|2.2|10750|751|81.3|2.4|245|119|1.9|0.9|45|71|0.3|0.5|2190|338|16.6|2.3|10995|765|2.2|1.1|7040|456|5330|441|75.7|3.6|5330|441|75.7|3.6|5160|441|73.3|3.8|10425|727|8020|627|76.9|3.7|1170|317|11.2|2.7|55|46|0.5|0.5|125|94|1.2|0.9|110|84|1.1|0.8|945|215|9.1|2.0|33.8|2.5|10750|751|4060|518|37.8|4.0|1560|339|14.5|2.9|2280|403|21.2|3.2|1085|268|10.1|2.4|1760|294|16.4|2.7|10750|751|235|163|2.2|1.5|915|228|8.5|2.1|1295|262|12.0|2.2|420|148|3.9|1.4|955|222|8.9|2.0|915|266|8.5|2.3|220|129|2.0|1.2|545|168|5.1|1.5|1165|260|10.8|2.3|2525|349|23.5|3.0|290|103|2.7|0.9|575|222|5.3|1.9|690|203|6.4|1.8|10750|751|7850|644|73.0|3.4|2120|411|19.7|3.5|780|229|7.3|2.1|0|32|0.0|0.4|53208|2857|66104|6510|54856|4044|13185|858|11610|789|88.1|3.1|9315|707|70.6|4.4|2835|528|21.5|3.6|1570|442|11.9|3.1|12940|858|10920|764|10675|752|9400|654|88.1|3.6|7985|663|74.8|4.8|1810|380|17.0|3.4|1275|423|11.9|3.6|245|119|245|119|100.0|15.9|205|109|83.7|15.0|40|41|16.3|15.3|0|32|0.0|15.9|2015|298|1720|265|85.4|5.5|1015|179|50.4|7.6|765|204|38.0|7.5|295|124|14.6|5.5|6.4|2.1|6.4|2.1|6.5|2.1|0.0|15.9
9600000US0642510|William S. Hart Union High School District, CA|0642510|2019-2023|205|28650|1539|23660|1281|82.6|2.0|23640|1283|82.5|2.1|23025|1292|80.4|2.2|615|188|2.1|0.7|20|32|0.1|0.1|4990|696|17.4|2.0|23640|1283|2.6|0.8|14770|882|10620|761|71.9|3.5|10620|761|71.9|3.5|10295|756|69.7|3.6|22240|1289|16120|1084|72.5|2.4|2140|405|9.6|1.7|305|116|1.4|0.5|55|45|0.2|0.2|200|89|0.9|0.4|3420|452|15.4|1.8|35.8|1.6|23025|1292|11780|817|51.2|2.5|3595|624|15.6|2.4|4040|528|17.5|2.1|1745|376|7.6|1.6|1870|354|8.1|1.5|23025|1292|25|26|0.1|0.1|1760|323|7.6|1.3|2210|355|9.6|1.5|430|181|1.9|0.8|1680|353|7.3|1.5|1170|315|5.1|1.3|1260|220|5.5|1.0|1570|303|6.8|1.2|3170|483|13.8|2.0|5605|504|24.3|1.9|1640|429|7.1|1.8|840|246|3.6|1.0|1660|408|7.2|1.7|23025|1292|16470|1000|71.5|2.3|4550|627|19.8|2.3|1995|381|8.7|1.6|4|11|0.0|0.1|73784|6474|108538|6948|78175|8264|28630|1541|26555|1350|92.8|1.7|23360|1320|81.6|2.8|4420|757|15.4|2.5|2075|525|7.2|1.7|28550|1549|23580|1290|22965|1299|21420|1237|93.3|1.8|19155|1213|83.4|3.0|3105|603|13.5|2.5|1545|434|6.7|1.8|615|188|555|171|90.2|8.4|390|122|63.4|12.8|220|113|35.8|14.1|55|56|8.9|8.3|4970|694|4500|648|90.5|3.6|3745|543|75.4|5.4|1050|280|21.1|4.7|470|189|9.5|3.6|6.5|1.8|6.5|1.8|6.5|1.8|12.5|21.1
9700000US0642540|Williams Unified School District, CA|0642540|2019-2023|205|1340|278|1195|270|89.2|6.5|1195|270|89.2|6.5|1135|285|84.7|10.2|65|79|4.9|5.9|0|19|0.0|3.1|140|89|10.4|6.5|1195|270|5.4|6.8|605|120|460|122|76.0|14.1|460|122|76.0|14.1|450|127|74.4|14.3|1080|297|980|305|90.7|7.4|80|71|7.4|7.0|15|23|1.4|2.1|4|9|0.4|0.8|0|19|0.0|3.9|0|19|0.0|3.9|31.1|7.1|1135|285|75|63|6.6|5.9|215|115|18.9|8.3|315|150|27.8|9.9|170|102|15.0|8.5|355|159|31.3|12.4|1135|285|85|67|7.5|5.9|55|57|4.8|4.9|125|80|11.0|6.8|100|99|8.8|8.6|90|75|7.9|6.6|255|151|22.5|11.4|15|31|1.3|2.6|15|25|1.3|2.1|0|19|0.0|3.7|85|59|7.5|5.6|120|104|10.6|8.6|25|41|2.2|3.7|160|113|14.1|9.1|1135|285|710|250|62.6|19.1|245|125|21.6|10.4|175|161|15.4|12.6|0|19|0.0|3.7|52181|11017|70446|24382|43814|16582|1340|278|1085|274|81.0|9.4|750|275|56.0|14.7|405|192|30.2|14.4|250|129|18.7|9.4|1295|268|1155|252|1090|269|885|267|81.2|9.8|680|256|62.4|14.4|275|126|25.2|12.5|205|105|18.8|9.8|65|79|65|79|100.0|42.1|0|19|0.0|42.1|65|79|100.0|42.1|0|19|0.0|42.1|140|89|95|71|67.9|29.5|30|36|21.4|23.0|65|61|46.4|32.1|50|51|35.7|29.0|6.0|7.5|6.0|7.5|6.2|7.7|0.0|50.6
9700000US0642560|Willits Unified School District, CA|0642560|2019-2023|205|1750|437|1535|356|87.7|8.3|1535|356|87.7|8.3|1435|341|82.0|9.8|100|124|5.7|7.0|0|21|0.0|2.4|220|174|12.6|8.5|1535|356|6.5|7.9|1115|263|945|233|84.8|13.0|945|233|84.8|13.0|855|214|76.7|15.4|1430|341|1000|330|69.9|10.5|215|133|15.0|8.8|25|37|1.7|2.6|45|50|3.1|3.6|0|21|0.0|2.9|150|107|10.5|8.2|20.6|4.9|1435|341|325|150|22.6|9.2|435|193|30.3|11.6|310|142|21.6|10.2|230|185|16.0|11.3|130|102|9.1|6.7|1435|341|40|52|2.8|3.7|155|141|10.8|8.5|105|106|7.3|7.2|10|17|0.7|1.1|115|103|8.0|7.4|40|38|2.8|2.6|0|21|0.0|2.9|0|21|0.0|2.9|105|101|7.3|6.7|575|196|40.1|12.5|140|119|9.8|7.6|30|52|2.1|3.6|120|96|8.4|6.4|1435|341|985|289|68.6|10.3|380|160|26.5|10.7|70|79|4.9|5.2|0|21|0.0|2.9|48281|23260|56207|8319|52174|9944|1750|437|1670|388|95.4|5.0|855|340|48.9|12.6|875|288|50.0|15.6|85|97|4.9|5.1|1750|437|1535|356|1435|341|1420|341|99.0|1.7|710|268|49.5|13.9|775|270|54.0|14.4|15|24|1.0|1.7|100|124|100|124|100.0|33.1|15|26|15.0|36.9|85|123|85.0|37.1|0|21|0.0|33.1|220|174|150|117|68.2|32.9|135|110|61.4|28.8|15|24|6.8|12.2|70|94|31.8|32.6|10.9|8.8|10.9|8.8|10.9|8.8|-|**
9700000US0642710|Willows Unified School District, CA|0642710|2019-2023|205|1065|255|845|252|79.3|9.6|815|244|76.5|9.6|790|245|74.2|10.4|25|30|2.3|2.8|30|38|2.8|3.6|220|101|20.7|9.7|815|244|3.1|3.8|690|188|515|183|74.6|13.4|515|183|74.6|13.4|500|185|72.5|14.0|800|248|690|235|86.3|9.1|50|49|6.3|5.9|0|19|0.0|5.2|0|19|0.0|5.2|0|19|0.0|5.2|55|52|6.9|6.5|16.7|4.6|790|245|215|117|27.2|14.1|245|174|31.0|16.1|195|95|24.7|11.8|65|48|8.2|5.7|65|52|8.2|6.3|790|245|55|40|7.0|4.8|10|22|1.3|2.7|45|40|5.7|4.9|0|19|0.0|5.2|90|69|11.4|8.7|45|50|5.7|6.3|0|19|0.0|5.2|45|23|5.7|3.9|0|19|0.0|5.2|190|113|24.1|12.5|10|29|1.3|3.9|150|158|19.0|17.5|145|103|18.4|11.9|790|245|350|128|44.3|16.3|275|163|34.8|17.5|160|158|20.3|17.2|0|19|0.0|5.2|44146|22186|90938|9904|34155|20669|1040|248|900|257|86.5|8.2|645|205|62.0|13.3|330|171|31.7|14.0|140|80|13.5|8.2|1040|248|815|244|790|245|725|248|91.8|6.8|495|181|62.7|16.3|270|170|34.2|16.4|65|51|8.2|6.8|25|30|20|27|80.0|66.5|4|5|16.0|26.0|15|25|60.0|60.0|4|18|16.0|62.7|220|101|155|96|70.5|20.0|145|94|65.9|22.7|45|56|20.5|22.4|65|40|29.5|18.9|11.7|7.5|11.7|7.5|11.7|7.5|-|**
9500000US0642810|Wilsona Elementary School District, CA|0642810|2019-2023|205|1665|392|1105|296|66.4|8.3|1105|296|66.4|8.3|1040|291|62.5|8.6|65|53|3.9|3.2|0|21|0.0|2.5|560|192|33.6|8.3|1105|296|5.9|4.8|940|237|440|188|46.8|14.7|440|188|46.8|14.7|415|190|44.1|15.2|1040|291|895|288|86.1|8.3|60|45|5.8|4.3|0|21|0.0|4.0|15|23|1.4|2.2|0|21|0.0|4.0|75|63|7.2|6.3|44.0|11.5|1040|291|255|121|24.5|10.7|175|105|16.8|9.1|200|153|19.2|11.3|275|119|26.4|10.6|135|100|13.0|9.1|1040|291|10|22|1.0|2.1|295|129|28.4|10.5|25|29|2.4|2.9|60|56|5.8|5.4|35|32|3.4|3.0|120|101|11.5|9.4|4|7|0.4|0.6|30|42|2.9|3.9|85|80|8.2|7.3|290|198|27.9|14.5|25|40|2.4|3.8|50|42|4.8|4.3|10|20|1.0|2.0|1040|291|840|264|80.8|9.5|65|61|6.3|5.9|140|96|13.5|8.5|0|21|0.0|4.0|44539|9091|69063|21938|35851|3027|1665|392|1580|386|94.9|5.2|1050|374|63.1|14.7|540|251|32.4|14.4|85|88|5.1|5.2|1650|390|1105|296|1040|291|985|288|94.7|5.2|720|283|69.2|12.8|260|118|25.0|11.8|55|52|5.3|5.1|65|53|65|53|100.0|42.1|30|47|46.2|53.8|35|60|53.8|53.8|0|21|0.0|42.1|545|187|520|185|95.4|7.3|300|148|55.0|19.9|230|128|42.2|19.0|25|40|4.6|7.5|14.4|10.0|14.4|10.0|14.5|10.1|0.0|87.6
9700000US0600034|Windsor Unified School District, CA|0600034|2019-2023|205|4415|488|3925|429|88.9|3.7|3925|429|88.9|3.7|3855|427|87.3|3.8|75|73|1.7|1.7|0|25|0.0|1.0|485|184|11.0|3.7|3925|429|1.9|1.9|2260|255|1855|259|82.1|7.0|1855|259|82.1|7.0|1855|259|82.1|7.0|3825|421|2985|410|78.0|6.7|480|212|12.5|5.2|10|14|0.3|0.4|0|25|0.0|1.1|10|17|0.3|0.5|345|138|9.0|3.6|23.2|2.7|3855|427|1800|278|46.7|6.2|530|200|13.7|4.6|810|185|21.0|4.4|360|156|9.3|3.8|355|139|9.2|3.4|3855|427|20|20|0.5|0.5|535|212|13.9|5.0|340|120|8.8|3.0|160|96|4.2|2.5|425|120|11.0|3.2|125|86|3.2|2.2|135|137|3.5|3.6|60|50|1.6|1.3|510|200|13.2|5.1|985|252|25.6|6.0|260|153|6.7|3.7|90|77|2.3|2.0|200|111|5.2|2.9|3855|427|2890|356|75.0|5.7|635|203|16.5|4.7|325|126|8.4|3.0|0|25|0.0|1.1|78135|13891|93974|15879|87292|18221|4415|488|4090|452|92.6|4.7|3655|465|82.8|6.9|520|235|11.8|5.1|325|219|7.4|4.7|4400|487|3925|429|3855|427|3550|389|92.1|5.0|3320|421|86.1|6.1|305|132|7.9|3.6|300|204|7.8|5.0|75|73|75|73|100.0|39.2|40|56|53.3|53.3|35|55|46.7|53.3|0|25|0.0|39.2|470|179|450|179|95.7|6.8|295|131|62.8|22.1|160|134|34.0|22.0|20|32|4.3|7.1|1.7|1.4|1.7|1.4|1.7|1.4|0.0|87.6
9700000US0642930|Winters Joint Unified School District, CA|0642930|2019-2023|205|1345|310|1205|316|89.6|6.1|1205|316|89.6|6.1|1185|312|88.1|6.6|20|36|1.5|2.6|0|19|0.0|3.1|140|76|10.4|6.1|1205|316|1.7|3.0|605|148|475|150|78.5|12.3|475|150|78.5|12.3|455|145|75.2|13.3|1185|312|800|223|67.5|12.6|80|83|6.8|6.7|0|19|0.0|3.5|0|19|0.0|3.5|135|153|11.4|11.9|165|129|13.9|10.6|29.9|6.4|1185|312|355|133|30.0|10.1|100|75|8.4|5.7|250|152|21.1|12.0|180|107|15.2|9.1|300|239|25.3|17.8|1185|312|80|53|6.8|4.0|140|104|11.8|9.4|110|137|9.3|11.4|35|38|3.0|3.4|165|157|13.9|12.0|90|95|7.6|7.4|10|18|0.8|1.5|50|36|4.2|3.4|155|133|13.1|10.9|210|97|17.7|7.9|35|38|3.0|3.2|25|31|2.1|2.8|85|83|7.2|6.4|1185|312|935|275|78.9|10.0|240|135|20.3|10.4|10|15|0.8|1.2|0|19|0.0|3.5|73268|4741|100447|27972|52277|11797|1345|310|1305|315|97.0|3.3|1160|317|86.2|7.7|150|82|11.2|6.4|40|43|3.0|3.2|1345|310|1205|316|1185|312|1175|315|99.2|1.5|1120|319|94.5|4.5|60|46|5.1|4.3|4|15|0.3|1.3|20|36|20|36|100.0|75.8|0|19|0.0|75.8|20|36|100.0|75.8|0|19|0.0|75.8|140|76|110|67|78.6|24.3|40|60|28.6|36.2|70|53|50.0|35.8|30|39|21.4|23.3|7.4|5.9|7.4|5.9|7.4|5.9|-|**
9500000US0642960|Winton School District, CA|0642960|2019-2023|205|1560|378|1225|301|78.5|6.8|1225|301|78.5|6.8|1060|254|67.9|7.3|165|121|10.6|7.1|0|21|0.0|2.7|330|144|21.2|7.0|1225|301|13.5|8.6|805|216|490|156|60.9|12.6|490|156|60.9|12.6|395|153|49.1|13.9|1060|254|805|220|75.9|10.7|155|95|14.6|8.1|0|21|0.0|3.9|0|21|0.0|3.9|95|82|9.0|7.5|10|17|0.9|1.6|31.2|5.7|1060|254|125|91|11.8|8.0|200|97|18.9|7.8|85|62|8.0|5.5|380|173|35.8|13.7|275|124|25.9|11.2|1060|254|120|84|11.3|7.2|235|117|22.2|10.8|230|141|21.7|11.6|55|46|5.2|4.5|65|58|6.1|5.4|125|104|11.8|9.5|0|21|0.0|3.9|40|39|3.8|3.6|25|32|2.4|3.0|90|73|8.5|6.3|45|43|4.2|4.1|4|1|0.4|0.2|35|42|3.3|4.0|1060|254|945|233|89.2|7.4|110|79|10.4|7.0|10|15|0.9|1.4|0|21|0.0|3.9|41534|10031|52188|8191|26753|5987|1560|378|1335|370|85.6|11.8|660|215|42.3|12.1|790|297|50.6|12.8|220|189|14.1|11.6|1560|378|1225|301|1060|254|935|263|88.2|10.2|520|178|49.1|13.9|530|206|50.0|13.6|125|108|11.8|10.3|165|121|85|79|51.5|38.9|20|34|12.1|20.0|65|60|39.4|31.2|80|87|48.5|39.4|330|144|315|140|95.5|8.4|120|85|36.4|19.7|200|109|60.6|21.0|15|28|4.5|8.9|9.3|7.0|9.3|7.0|9.3|7.0|-|**
9700000US0601428|Wiseburn Unified School District, CA|0601428|2019-2023|205|2405|452|2060|423|85.7|4.7|2060|423|85.7|4.7|2035|423|84.6|4.9|25|30|1.0|1.3|0|21|0.0|1.7|345|121|14.3|4.7|2060|423|1.2|1.5|1225|233|920|215|75.1|8.1|920|215|75.1|8.1|910|217|74.3|8.5|1970|405|1405|371|71.3|8.2|200|103|10.2|4.8|0|21|0.0|2.1|10|15|0.5|0.8|20|22|1.0|1.2|340|125|17.3|6.6|27.2|3.5|2035|423|1420|353|69.8|8.7|90|73|4.4|3.6|245|99|12.0|4.6|60|47|2.9|2.2|220|139|10.8|6.2|2035|423|20|43|1.0|2.1|65|47|3.2|2.3|285|146|14.0|6.7|10|16|0.5|0.8|165|73|8.1|3.7|145|130|7.1|5.6|255|226|12.5|10.2|45|47|2.2|2.4|230|112|11.3|5.8|495|178|24.3|7.3|85|59|4.2|3.0|100|84|4.9|4.0|140|99|6.9|4.7|2035|423|1535|333|75.4|8.5|460|217|22.6|8.5|40|42|2.0|2.1|0|21|0.0|2.1|99349|9468|123029|34073|101985|12269|2405|452|2270|434|94.4|4.3|2120|413|88.1|6.7|215|143|8.9|5.6|135|107|5.6|4.3|2405|452|2060|423|2035|423|1945|410|95.6|4.4|1860|397|91.4|5.4|130|88|6.4|4.2|90|94|4.4|4.5|25|30|25|30|100.0|67.8|25|30|100.0|67.8|15|29|60.0|60.0|0|21|0.0|67.8|345|121|300|111|87.0|10.7|230|105|66.7|22.4|70|72|20.3|18.8|45|40|13.0|10.8|6.0|4.5|6.0|4.5|6.0|4.5|-|**
9600000US0606026|Woodlake Unified School District (9-12), CA|0606026|2019-2023|205|180|80|140|61|77.8|16.3|140|61|77.8|16.3|140|61|77.8|16.3|0|14|0.0|20.8|0|14|0.0|20.8|40|38|22.2|16.7|140|61|0.0|25.7|95|40|55|33|57.9|31.8|55|33|57.9|31.8|55|33|57.9|31.8|140|61|100|45|71.4|16.9|20|24|14.3|14.8|0|14|0.0|25.7|0|14|0.0|25.7|0|14|0.0|25.7|20|30|14.3|20.5|34.3|10.0|140|61|80|52|57.1|24.7|10|15|7.1|10.4|4|14|2.9|8.8|45|41|32.1|27.3|0|14|0.0|25.7|140|61|10|13|7.1|9.3|35|39|25.0|26.3|0|14|0.0|25.7|0|14|0.0|25.7|0|14|0.0|25.7|4|10|2.9|6.4|0|14|0.0|25.7|0|14|0.0|25.7|0|14|0.0|25.7|60|44|42.9|26.1|0|14|0.0|25.7|4|8|2.9|5.7|30|23|21.4|13.1|140|61|95|45|67.9|18.8|50|32|35.7|16.5|0|14|0.0|25.7|0|14|0.0|25.7|71635|3002|72422|64873|73917|8122|180|80|165|75|91.7|11.9|150|72|83.3|17.0|15|21|8.3|11.9|15|23|8.3|12.2|180|80|140|61|140|61|135|60|96.4|9.0|130|59|92.9|14.8|10|13|7.1|9.8|4|10|2.9|7.2|0|14|0|14|-|**|0|14|-|**|0|14|-|**|0|14|-|**|40|38|30|35|75.0|41.2|20|34|50.0|50.0|10|13|25.0|40.5|10|14|25.0|37.7|16.7|16.7|16.7|16.7|16.7|16.7|-|**
9700000US0601418|Woodlake Unified School District, CA|0601418|2019-2023|205|1745|316|1355|244|77.7|7.1|1355|244|77.7|7.1|1290|244|73.9|7.3|65|49|3.7|2.8|0|21|0.0|2.4|390|153|22.3|6.9|1355|244|4.8|3.6|900|161|635|129|70.6|10.2|635|129|70.6|10.2|605|124|67.2|10.0|1250|236|875|214|70.0|8.9|255|115|20.4|8.5|10|14|0.8|1.1|4|10|0.3|0.8|0|21|0.0|3.3|110|68|8.8|5.5|29.9|3.7|1290|244|250|112|19.4|8.9|265|110|20.5|7.8|190|94|14.7|6.9|350|152|27.1|9.5|235|116|18.2|7.7|1290|244|325|150|25.2|9.9|80|57|6.2|4.1|130|96|10.1|6.9|120|98|9.3|7.5|65|51|5.0|4.1|15|30|1.2|2.3|20|36|1.6|2.7|10|14|0.8|1.1|90|88|7.0|6.6|265|101|20.5|7.4|110|81|8.5|6.3|25|34|1.9|2.6|30|36|2.3|2.8|1290|244|935|247|72.5|10.6|255|112|19.8|8.7|105|82|8.1|6.2|0|21|0.0|3.2|30573|3427|40982|16786|36767|6389|1745|316|1320|347|75.6|12.1|530|176|30.4|9.4|860|279|49.3|11.2|425|212|24.4|12.2|1735|318|1355|244|1290|244|930|262|72.1|14.9|415|149|32.2|10.8|570|209|44.2|13.1|360|201|27.9|14.8|65|49|45|40|69.2|43.1|0|21|0.0|42.1|45|40|69.2|43.1|20|32|30.8|44.0|375|152|330|145|88.0|12.1|100|57|26.7|16.7|230|140|61.3|20.2|45|50|12.0|12.0|22.3|11.1|22.3|11.1|22.5|11.1|0.0|87.6
9700000US0643080|Woodland Joint Unified School District, CA|0643080|2019-2023|205|9900|854|8590|801|86.8|3.3|8565|803|86.5|3.3|8440|777|85.3|3.2|120|116|1.2|1.1|25|29|0.3|0.3|1310|349|13.2|3.3|8565|803|1.4|1.3|5355|457|4310|472|80.5|4.9|4310|472|80.5|4.9|4225|444|78.9|4.7|8275|765|6275|721|75.8|4.7|805|255|9.7|2.9|105|62|1.3|0.8|55|104|0.7|1.2|75|59|0.9|0.7|960|323|11.6|3.8|23.4|2.3|8440|777|3800|548|45.0|5.5|1160|303|13.7|3.3|1055|255|12.5|2.9|1325|427|15.7|4.6|1100|317|13.0|3.6|8440|777|390|196|4.6|2.3|935|318|11.1|3.4|685|237|8.1|2.7|115|74|1.4|0.9|665|269|7.9|3.2|445|233|5.3|2.6|50|45|0.6|0.5|285|135|3.4|1.6|840|250|10.0|2.9|2565|422|30.4|4.3|640|231|7.6|2.7|310|162|3.7|1.8|510|167|6.0|1.9|8440|777|5720|724|67.8|4.6|2145|353|25.4|3.9|575|219|6.8|2.6|0|32|0.0|0.5|53306|4210|73772|11641|51911|7239|9870|857|9175|851|93.0|2.8|7545|822|76.4|4.4|2115|450|21.4|4.3|695|283|7.0|2.8|9870|857|8565|803|8440|777|7980|737|94.5|2.8|6785|710|80.4|4.2|1515|348|18.0|3.9|465|244|5.5|2.8|120|116|120|116|100.0|29.0|45|42|37.5|42.5|95|112|79.2|32.6|0|32|0.0|29.0|1310|349|1075|310|82.1|9.8|715|271|54.6|12.0|505|184|38.5|11.5|230|144|17.6|9.7|6.1|2.1|6.1|2.1|6.1|2.1|-|**
9500000US0643140|Woodside Elementary School District, CA|0643140|2019-2023|205|345|101|245|69|71.0|9.3|245|69|71.0|9.3|245|69|71.0|9.3|0|14|0.0|11.6|0|14|0.0|11.6|100|52|29.0|9.7|245|69|0.0|15.9|165|50|105|42|63.6|16.0|105|42|63.6|16.0|105|42|63.6|16.0|245|69|155|57|63.3|14.0|4|12|1.6|5.1|4|6|1.6|2.2|15|20|6.1|8.0|10|14|4.1|5.6|60|36|24.5|13.2|25.3|7.9|245|69|215|72|87.8|10.5|15|17|6.1|7.2|10|17|4.1|6.8|4|4|1.6|1.7|4|12|1.6|4.9|245|69|4|15|1.6|6.1|15|19|6.1|7.7|25|21|10.2|8.5|0|14|0.0|15.9|10|13|4.1|5.0|15|18|6.1|7.4|35|27|14.3|9.2|15|21|6.1|8.5|40|26|16.3|10.0|60|38|24.5|12.5|4|11|1.6|4.3|4|10|1.6|4.1|10|16|4.1|6.9|245|69|215|64|87.8|8.4|30|22|12.2|8.2|0|14|0.0|15.9|0|14|0.0|15.9|193813|67248|250,000+|***|194375|119678|345|101|345|101|100.0|11.6|335|99|97.1|3.6|20|18|5.8|5.4|0|14|0.0|11.6|335|104|240|69|240|69|240|69|100.0|16.2|240|69|100.0|16.2|4|6|1.7|2.5|0|14|0.0|16.2|0|14|0|14|-|**|0|14|-|**|0|14|-|**|0|14|-|**|95|50|95|50|100.0|34.2|90|48|94.7|10.2|4|4|4.2|4.5|0|14|0.0|34.2|4.3|5.9|4.3|5.9|4.5|6.2|0.0|87.6
9500000US0643170|Woodville Elementary School District, CA|0643170|2019-2023|205|270|95|185|78|68.5|14.1|185|78|68.5|14.1|165|74|61.1|14.3|15|17|5.6|6.3|0|14|0.0|14.5|85|43|31.5|13.4|185|78|8.1|9.5|120|48|55|35|45.8|24.9|55|35|45.8|24.9|50|35|41.7|25.8|155|77|145|73|93.5|9.4|10|15|6.5|9.4|0|14|0.0|23.7|0|14|0.0|23.7|0|14|0.0|23.7|0|14|0.0|23.7|19.2|3.3|165|74|0|14|0.0|22.5|10|13|6.1|7.8|40|41|24.2|20.4|95|55|57.6|24.0|25|23|15.2|13.0|165|74|95|55|57.6|24.0|4|14|2.4|1.2|10|13|6.1|8.0|0|14|0.0|22.5|35|40|21.2|20.5|0|14|0.0|22.5|0|14|0.0|22.5|0|14|0.0|22.5|15|20|9.1|11.2|10|13|6.1|7.8|0|14|0.0|22.5|0|14|0.0|22.5|0|14|0.0|22.5|165|74|145|67|87.9|12.0|10|15|6.1|9.4|10|15|6.1|8.7|0|14|0.0|22.5|34000|14633|42750|16251|35536|18955|270|95|225|84|83.3|11.3|20|25|7.4|8.8|205|82|75.9|15.6|40|32|14.8|10.8|270|95|185|78|165|74|145|69|87.9|12.9|15|23|9.1|13.7|130|67|78.8|18.1|20|23|12.1|13.1|15|17|15|17|100.0|87.6|0|14|0.0|87.6|15|17|100.0|87.6|0|14|0.0|87.6|85|43|65|41|76.5|24.9|4|4|4.7|4.5|60|40|70.6|25.1|20|23|23.5|25.8|22.2|17.3|22.2|17.3|22.2|17.3|-|**
9500000US0643200|Wright Elementary School District, CA|0643200|2019-2023|205|1705|498|1400|407|82.1|8.4|1400|407|82.1|8.4|1385|408|81.2|8.4|10|24|0.6|1.4|0|21|0.0|2.5|305|180|17.9|8.4|1400|407|0.7|1.7|910|292|605|197|66.5|13.8|605|197|66.5|13.8|590|199|64.8|13.9|1365|401|995|312|72.9|11.2|180|139|13.2|8.4|0|21|0.0|3.1|0|21|0.0|3.1|10|23|0.7|1.8|175|134|12.8|9.3|16.1|3.9|1385|408|270|149|19.5|12.1|220|136|15.9|9.0|460|203|33.2|10.6|120|119|8.7|7.6|315|192|22.7|11.4|1385|408|20|37|1.4|2.6|15|26|1.1|1.9|150|143|10.8|9.2|45|54|3.2|3.8|280|187|20.2|12.1|135|107|9.7|7.3|0|21|0.0|3.0|25|36|1.8|2.6|135|111|9.7|7.7|355|240|25.6|16.0|60|74|4.3|5.2|115|127|8.3|8.4|50|55|3.6|4.0|1385|408|1200|386|86.6|9.2|95|79|6.9|5.9|90|90|6.5|6.2|0|21|0.0|3.0|50902|4054|56926|8174|51931|6226|1705|498|1605|506|94.1|6.4|1255|397|73.6|15.0|350|291|20.5|14.2|100|104|5.9|6.4|1705|498|1400|407|1385|408|1325|415|95.7|4.8|1155|366|83.4|11.3|170|161|12.3|10.4|60|59|4.3|4.6|10|24|0|21|0.0|100.0|0|21|0.0|100.0|0|21|0.0|100.0|10|24|100.0|100.0|305|180|280|176|91.8|14.7|100|96|32.8|28.1|180|148|59.0|29.7|25|44|8.2|14.6|20.2|11.8|20.2|11.8|20.2|11.8|-|**
9600000US0606001|Yosemite Unified School District (9-12), CA|0606001|2019-2023|205|615|212|540|198|87.8|12.1|540|198|87.8|12.1|455|174|74.0|15.8|80|92|13.0|13.7|0|21|0.0|6.7|75|78|12.2|11.8|540|198|14.8|15.3|370|146|320|137|86.5|12.5|320|137|86.5|12.5|240|109|64.9|21.1|455|174|230|99|50.5|16.0|55|54|12.1|11.7|0|21|0.0|8.9|0|21|0.0|8.9|35|37|7.7|7.0|135|108|29.7|17.7|27.7|12.9|455|174|260|125|57.1|16.1|60|57|13.2|11.2|35|37|7.7|7.3|100|64|22.0|11.8|0|21|0.0|8.9|455|174|15|24|3.3|5.1|85|63|18.7|12.3|20|28|4.4|6.2|0|21|0.0|8.9|55|45|12.1|8.1|15|28|3.3|6.4|0|21|0.0|8.9|4|9|0.9|2.1|35|33|7.7|6.9|210|109|46.2|12.8|20|24|4.4|5.2|0|21|0.0|8.9|0|21|0.0|8.9|455|174|300|113|65.9|18.0|130|108|28.6|17.5|30|37|6.6|7.5|0|21|0.0|8.9|62364|34043|79050|25316|113750|63235|615|212|615|212|100.0|6.7|430|162|69.9|17.3|215|148|35.0|18.4|0|21|0.0|6.7|585|206|540|198|455|174|455|174|100.0|8.9|380|150|83.5|13.8|105|89|23.1|16.3|0|21|0.0|8.9|80|92|80|92|100.0|37.9|25|29|31.3|56.3|55|88|68.8|55.4|0|21|0.0|37.9|45|57|45|57|100.0|50.6|25|35|55.6|55.6|25|48|55.6|55.6|0|21|0.0|50.6|5.7|8.1|5.7|8.1|6.0|8.5|0.0|61.9
9700000US0600160|Yosemite Unified School District, CA|0600160|2019-2023|205|1340|405|1150|394|85.8|9.0|1100|384|82.1|9.0|1050|376|78.4|9.3|55|49|4.1|3.6|45|55|3.4|4.0|190|114|14.2|9.0|1100|384|5.0|4.4|800|270|655|266|81.9|14.2|655|266|81.9|14.2|625|262|78.1|15.0|1060|379|885|367|83.5|12.3|65|55|6.1|5.9|0|21|0.0|3.9|0|21|0.0|3.9|0|21|0.0|3.9|110|109|10.4|10.2|49.9|9.4|1050|376|295|121|28.1|11.7|290|179|27.6|14.7|215|186|20.5|13.7|65|46|6.2|5.0|185|135|17.6|10.1|1050|376|0|21|0.0|4.0|85|55|8.1|6.1|20|32|1.9|3.1|0|21|0.0|4.0|50|57|4.8|5.2|30|36|2.9|3.8|10|14|1.0|1.4|235|191|22.4|13.6|155|99|14.8|9.5|130|84|12.4|8.4|50|58|4.8|5.2|150|135|14.3|11.5|135|101|12.9|7.2|1050|376|605|253|57.6|11.4|225|111|21.4|8.0|220|145|21.0|11.9|0|21|0.0|4.0|56750|15069|72371|52312|50469|21216|1290|397|1080|362|83.7|13.7|855|338|66.3|14.6|260|134|20.2|10.9|210|185|16.3|13.7|1290|397|1100|384|1050|376|885|342|84.3|15.4|770|330|73.3|16.7|130|100|12.4|9.7|165|172|15.7|15.4|55|49|55|49|100.0|45.7|0|21|0.0|45.7|55|49|100.0|45.7|0|21|0.0|45.7|190|114|145|86|76.3|32.2|85|63|44.7|28.4|75|68|39.5|30.1|45|76|23.7|32.3|4.9|5.3|4.9|5.3|4.9|5.3|-|**
9500000US0643380|Yreka Union Elementary School District, CA|0643380|2019-2023|205|960|248|865|229|90.1|6.0|865|229|90.1|6.0|765|231|79.7|9.3|100|80|10.4|8.3|0|19|0.0|4.3|90|63|9.4|5.9|865|229|11.6|9.1|650|165|580|151|89.2|7.5|580|151|89.2|7.5|485|151|74.6|12.7|725|236|610|218|84.1|8.4|75|52|10.3|7.2|0|19|0.0|5.7|15|20|2.1|2.9|0|19|0.0|5.7|25|35|3.4|4.7|10.2|2.7|765|231|335|129|43.8|12.2|220|108|28.8|12.3|125|84|16.3|9.5|60|64|7.8|8.0|30|29|3.9|3.6|765|231|30|46|3.9|5.6|100|69|13.1|8.2|10|17|1.3|2.1|0|19|0.0|5.4|95|79|12.4|9.2|20|25|2.6|3.3|35|49|4.6|6.1|25|22|3.3|2.8|0|19|0.0|5.4|285|106|37.3|12.5|35|31|4.6|4.4|15|24|2.0|3.0|120|87|15.7|10.0|765|231|370|156|48.4|12.8|365|137|47.7|12.4|30|33|3.9|4.3|0|19|0.0|5.4|46929|14449|72438|27569|48529|15834|960|248|950|248|99.0|1.5|620|224|64.6|12.4|415|148|43.2|12.6|4|15|0.4|1.5|960|248|865|229|765|231|760|230|99.3|1.3|590|216|77.1|12.0|235|110|30.7|12.4|4|8|0.5|1.1|100|80|100|81|100.0|33.1|0|19|0.0|33.1|100|81|100.0|33.1|4|4|4.0|5.7|90|63|90|63|100.0|35.4|25|29|27.8|29.4|80|61|88.9|21.6|0|19|0.0|35.4|18.8|9.7|18.8|9.7|18.8|9.7|-|**
9600000US0643410|Yreka Union High School District, CA|0643410|2019-2023|205|1035|298|900|275|87.0|6.5|900|275|87.0|6.5|825|264|79.7|8.5|75|72|7.2|6.7|0|21|0.0|4.0|135|73|13.0|6.3|900|275|8.3|7.7|610|172|515|159|84.4|10.0|515|159|84.4|10.0|455|148|74.6|13.1|750|255|660|246|88.0|7.5|50|41|6.7|5.6|0|21|0.0|5.5|10|19|1.3|2.6|20|28|2.7|3.7|4|12|0.5|1.8|17.3|2.9|825|264|270|105|32.7|11.1|175|90|21.2|10.8|180|112|21.8|9.6|120|98|14.5|9.3|80|49|9.7|6.2|825|264|30|23|3.6|2.8|100|90|12.1|8.9|85|58|10.3|7.0|20|37|2.4|4.4|35|30|4.2|3.4|45|36|5.5|4.5|0|21|0.0|5.0|35|27|4.2|3.3|15|12|1.8|1.6|365|149|44.2|10.1|20|23|2.4|2.7|4|21|0.5|0.2|75|49|9.1|5.3|825|264|450|148|54.5|9.8|235|110|28.5|10.2|140|89|17.0|7.7|0|21|0.0|5.0|51696|25160|101563|29385|40125|18233|1035|298|995|292|96.1|3.3|730|269|70.5|10.8|340|123|32.9|11.4|40|35|3.9|3.3|1035|298|900|275|825|264|780|255|94.5|3.8|660|239|80.0|9.9|185|103|22.4|11.3|40|35|4.8|4.1|75|72|75|72|100.0|39.2|20|25|26.7|38.0|60|70|80.0|43.3|0|21|0.0|39.2|135|73|135|73|100.0|26.5|50|56|37.0|30.3|95|49|70.4|29.6|0|21|0.0|26.5|15.9|9.4|15.9|9.4|15.9|9.4|-|**
9700000US0643470|Yuba City Unified School District, CA|0643470|2019-2023|205|11575|829|8940|727|77.2|3.0|8885|718|76.8|3.0|8365|719|72.3|3.4|520|210|4.5|1.8|55|52|0.5|0.4|2635|393|22.8|3.0|8885|718|5.9|2.3|6145|508|4100|404|66.7|4.6|4075|399|66.3|4.6|3800|421|61.8|5.2|8160|709|5855|596|71.8|4.6|1705|382|20.9|4.0|0|32|0.0|0.5|70|69|0.9|0.8|95|95|1.2|1.2|435|167|5.3|2.0|28.5|2.7|8365|719|2805|476|33.5|4.5|1480|311|17.7|3.2|1115|255|13.3|2.9|1805|382|21.6|4.3|1155|269|13.8|3.1|8365|719|775|300|9.3|3.4|925|268|11.1|3.2|480|164|5.7|2.0|155|92|1.9|1.1|960|264|11.5|3.1|570|156|6.8|1.9|100|129|1.2|1.5|185|114|2.2|1.4|720|225|8.6|2.6|1870|365|22.4|3.7|645|213|7.7|2.4|490|227|5.9|2.5|490|176|5.9|2.1|8365|719|6130|639|73.3|4.8|1530|340|18.3|3.8|705|242|8.4|2.6|0|32|0.0|0.5|42397|4772|58533|8243|50758|6665|11520|816|10730|832|93.1|2.6|6715|721|58.3|4.3|4650|588|40.4|4.2|790|301|6.9|2.6|11420|796|8785|702|8265|703|7710|713|93.3|2.3|5515|593|66.7|4.3|2600|460|31.5|4.6|555|190|6.7|2.3|520|210|515|208|99.0|4.0|170|127|32.7|17.4|340|150|65.4|17.8|4|19|0.8|3.6|2635|393|2405|383|91.3|6.0|940|242|35.7|8.2|1635|356|62.0|8.8|225|164|8.5|6.0|19.1|4.5|19.1|4.5|19.2|4.5|0.0|35.4
9700000US0643560|Yucaipa-Calimesa Joint Unified School District, CA|0643560|2019-2023|205|8205|965|6740|811|82.1|3.5|6700|793|81.7|3.3|6590|796|80.3|3.2|110|71|1.3|0.9|40|68|0.5|0.8|1460|348|17.8|3.5|6700|793|1.6|1.1|4350|571|3100|489|71.3|7.0|3055|469|70.2|6.6|2945|460|67.7|6.3|6485|794|5025|722|77.5|5.1|770|316|11.9|4.6|0|32|0.0|0.7|20|33|0.3|0.5|50|53|0.8|0.8|620|191|9.6|3.1|33.7|3.0|6590|796|2680|487|40.7|5.8|995|310|15.1|4.6|1105|342|16.8|4.2|995|347|15.1|4.5|815|303|12.4|4.7|6590|796|15|26|0.2|0.4|805|288|12.2|3.9|355|191|5.4|2.8|115|78|1.7|1.2|365|155|5.5|2.4|780|280|11.8|3.8|4|12|0.1|0.2|485|188|7.4|2.6|735|254|11.2|3.8|1790|418|27.2|5.6|125|91|1.9|1.4|310|168|4.7|2.6|700|264|10.6|3.8|6590|796|4325|605|65.6|5.9|1790|421|27.2|5.1|480|204|7.3|2.9|0|32|0.0|0.6|60069|7894|75223|12423|55337|8391|8160|956|7355|885|90.1|4.0|5725|740|70.2|5.2|1970|534|24.1|5.8|805|350|9.9|4.0|8110|965|6700|793|6590|796|6000|762|91.0|4.2|4885|675|74.1|6.0|1315|429|20.0|5.8|590|289|9.0|4.2|110|71|110|71|100.0|31.0|70|63|63.6|31.8|40|40|36.4|33.1|0|32|0.0|31.0|1410|356|1195|293|84.8|8.8|750|237|53.2|10.3|560|233|39.7|14.7|215|147|15.2|8.8|5.5|2.3|5.5|2.3|5.3|2.4|40.0|60.0
