GeoId|Geography|LEAID|Year|Iteration|DP02_59est|DP02_59moe|DP02_60est|DP02_60moe|DP02_60pct|DP02_60pctmoe|DP02_61est|DP02_61moe|DP02_61pct|DP02_61pctmoe|DP02_62est|DP02_62moe|DP02_62pct|DP02_62pctmoe|DP02_63est|DP02_63moe|DP02_63pct|DP02_63pctmoe|DP02_64est|DP02_64moe|DP02_64pct|DP02_64pctmoe|DP02_65est|DP02_65moe|DP02_65pct|DP02_65pctmoe|DP02_66est|DP02_66moe|DP02_66pct|DP02_66pctmoe|DP02_67est|DP02_67moe|DP02_67pct|DP02_67pctmoe|DP02_68est|DP02_68moe|DP02_68pct|DP02_68pctmoe
9700000US0601620|ABC Unified School District, CA|0601620|2019-2023|001|74014|1297|5730|779|7.7|1.0|4527|661|6.1|0.9|14238|910|19.2|1.2|12707|745|17.2|1.0|6191|512|8.4|0.7|20180|1093|27.3|1.4|10441|738|14.1|1.0|63757|1321|86.1|1.3|30621|1275|41.4|1.6
9600000US0601650|Acalanes Union High School District, CA|0601650|2019-2023|001|86690|1752|766|238|0.9|0.3|801|215|0.9|0.2|5725|596|6.6|0.6|9482|832|10.9|0.9|4445|490|5.1|0.6|33524|1176|38.7|1.2|31947|1279|36.9|1.4|85123|1731|98.2|0.4|65471|1391|75.5|1.2
9500000US0601680|Ackerman Elementary School District, CA|0601680|2019-2023|001|2689|432|22|26|0.8|1.0|199|204|7.4|7.4|682|279|25.4|10.2|730|241|27.1|7.3|332|94|12.3|3.8|485|164|18.0|4.9|239|161|8.9|5.3|2468|452|91.8|7.9|724|307|26.9|9.4
9700000US0600001|Acton-Agua Dulce Unified School District, CA|0600001|2019-2023|001|8846|656|342|161|3.9|1.8|375|139|4.2|1.6|2697|537|30.5|5.0|2163|394|24.5|4.4|861|232|9.7|2.5|1546|274|17.5|3.2|862|290|9.7|3.1|8129|665|91.9|2.7|2408|399|27.2|4.2
9500000US0601710|Adelanto Elementary School District, CA|0601710|2019-2023|001|38621|1271|3884|550|10.1|1.4|6271|706|16.2|1.8|11291|987|29.2|2.1|9688|849|25.1|2.0|2919|548|7.6|1.4|3092|621|8.0|1.6|1476|308|3.8|0.8|28466|1351|73.7|2.2|4568|741|11.8|1.9
9700000US0601770|Alameda City Unified School District, CA|0601770|2019-2023|001|55807|888|2051|388|3.7|0.7|1619|272|2.9|0.5|6041|620|10.8|1.1|8828|608|15.8|1.1|3605|448|6.5|0.8|19464|1119|34.9|1.9|14199|850|25.4|1.6|52137|948|93.4|0.8|33663|981|60.3|1.6
9700000US0601860|Albany City Unified School District, CA|0601860|2019-2023|001|13717|353|222|86|1.6|0.6|138|56|1.0|0.4|1187|295|8.7|2.1|1156|197|8.4|1.4|541|114|3.9|0.8|4692|301|34.2|2.2|5781|378|42.1|2.7|13357|367|97.4|0.8|10473|377|76.4|2.5
9500000US0601890|Alexander Valley Union School District, CA|0601890|2019-2023|001|744|190|125|86|16.8|10.7|64|50|8.6|6.4|95|47|12.8|5.9|101|40|13.6|5.3|36|22|4.8|3.1|213|103|28.6|10.1|110|45|14.8|4.7|555|164|74.6|12.5|323|136|43.4|12.7
9600000US0606037|Alhambra Unified School District (9-12), CA|0606037|2019-2023|001|36405|1365|8553|1019|23.5|2.4|3916|451|10.8|1.1|9882|704|27.1|1.8|3849|483|10.6|1.3|2215|313|6.1|0.9|6779|668|18.6|1.8|1211|265|3.3|0.7|23936|984|65.7|2.2|7990|765|21.9|2.1
9700000US0600153|Alhambra Unified School District, CA|0600153|2019-2023|001|87658|1358|9131|797|10.4|0.9|5952|607|6.8|0.7|18838|1096|21.5|1.2|13212|852|15.1|1.0|6374|551|7.3|0.6|22734|1273|25.9|1.4|11417|764|13.0|0.9|72575|1372|82.8|1.0|34151|1573|39.0|1.7
9500000US0601950|Alisal Union Elementary School District, CA|0601950|2019-2023|001|33206|1388|10985|813|33.1|2.3|5501|552|16.6|1.7|7794|878|23.5|2.4|3424|461|10.3|1.4|1996|360|6.0|1.1|2552|680|7.7|1.9|954|235|2.9|0.7|16720|1268|50.4|2.6|3506|770|10.6|2.1
9500000US0601980|Allensworth Elementary School District, CA|0601980|2019-2023|001|258|69|90|39|34.9|13.5|21|16|8.1|5.9|87|45|33.7|12.3|23|14|8.9|5.5|15|23|5.8|8.6|14|12|5.4|4.6|8|12|3.1|4.7|147|58|57.0|14.0|22|16|8.5|6.1
9700000US0602010|Alpaugh Unified School District, CA|0602010|2019-2023|001|499|119|118|49|23.6|8.4|129|53|25.9|8.6|199|66|39.9|8.3|49|31|9.8|6.0|4|9|0.8|1.7|0|14|0.0|8.2|0|14|0.0|8.2|252|79|50.5|9.7|0|14|0.0|8.2
9700000US0602070|Alpine County Unified School District, CA|0602070|2019-2023|001|1178|175|20|31|1.7|2.4|24|18|2.0|1.6|218|80|18.5|6.1|291|88|24.7|6.6|129|68|11.0|5.2|264|102|22.4|7.3|232|111|19.7|9.3|1134|171|96.3|2.9|496|135|42.1|9.7
9500000US0602100|Alpine Union Elementary School District, CA|0602100|2019-2023|001|13633|889|190|163|1.4|1.2|459|158|3.4|1.2|3094|457|22.7|3.2|4324|571|31.7|3.6|1418|302|10.4|2.1|2788|596|20.5|3.8|1360|292|10.0|2.2|12984|901|95.2|1.6|4148|610|30.4|3.7
9500000US0602160|Alta Loma Elementary School District, CA|0602160|2019-2023|001|37631|1544|1269|298|3.4|0.8|1470|329|3.9|0.9|8133|906|21.6|2.1|8595|726|22.8|1.6|4565|525|12.1|1.3|8539|863|22.7|2.1|5060|510|13.4|1.4|34892|1556|92.7|1.2|13599|927|36.1|2.1
9500000US0602220|Alta Vista Elementary School District, CA|0602220|2019-2023|001|1454|334|447|168|30.7|7.5|170|66|11.7|4.6|476|160|32.7|7.8|221|90|15.2|5.7|60|44|4.1|2.8|71|47|4.9|3.1|9|11|0.6|0.7|837|215|57.6|7.9|80|48|5.5|3.1
9500000US0602250|Alta-Dutch Flat Union Elementary School District, CA|0602250|2019-2023|001|1357|231|7|11|0.5|0.8|29|18|2.1|1.3|269|62|19.8|4.4|449|103|33.1|5.1|119|36|8.8|2.7|326|89|24.0|5.0|158|73|11.6|4.0|1321|228|97.3|1.8|484|140|35.7|6.4
9500000US0602310|Alum Rock Union Elementary School District, CA|0602310|2019-2023|001|74296|2018|14396|945|19.4|1.1|6985|827|9.4|1.0|19144|1137|25.8|1.4|11721|755|15.8|1.0|5052|507|6.8|0.7|11754|765|15.8|0.9|5244|638|7.1|0.8|52915|1630|71.2|1.4|16998|979|22.9|1.2
9500000US0602360|Alview-Dairyland Union Elementary School District, CA|0602360|2019-2023|001|1013|180|213|100|21.0|8.3|101|58|10.0|5.1|258|67|25.5|6.2|243|84|24.0|7.8|65|36|6.4|3.3|107|38|10.6|3.4|26|20|2.6|1.9|699|126|69.0|8.4|133|45|13.1|3.9
9500000US0602370|Alvina Elementary School District, CA|0602370|2019-2023|001|398|144|122|70|30.7|11.9|29|21|7.3|4.7|97|55|24.4|9.8|80|55|20.1|11.1|22|14|5.5|3.4|44|32|11.1|8.0|4|5|1.0|1.2|247|97|62.1|12.9|48|34|12.1|8.5
9700000US0602430|Alvord Unified School District, CA|0602430|2019-2023|001|73232|2016|8924|813|12.2|1.1|6333|721|8.6|1.0|23190|1422|31.7|1.6|14858|988|20.3|1.3|5033|621|6.9|0.8|10067|748|13.7|1.0|4827|565|6.6|0.8|57975|1952|79.2|1.4|14894|1022|20.3|1.3
9700000US0602450|Amador County Unified School District, CA|0602450|2019-2023|001|32504|152|778|192|2.4|0.6|2158|366|6.6|1.1|8604|513|26.5|1.6|9638|822|29.7|2.5|4031|533|12.4|1.6|5027|492|15.5|1.5|2268|366|7.0|1.1|29568|453|91.0|1.3|7295|635|22.4|2.0
9500000US0602610|Anaheim Elementary School District, CA|0602610|2019-2023|001|133522|2241|21489|1424|16.1|1.0|15290|1213|11.5|0.9|29876|1714|22.4|1.2|25294|1197|18.9|0.9|9355|979|7.0|0.7|23402|1272|17.5|0.9|8816|926|6.6|0.7|96743|2289|72.5|1.2|32218|1590|24.1|1.2
9600000US0602630|Anaheim Union High School District, CA|0602630|2019-2023|001|266616|2814|33842|1753|12.7|0.6|26841|1656|10.1|0.6|60044|2498|22.5|0.9|52628|2020|19.7|0.7|18738|1120|7.0|0.4|52224|1789|19.6|0.7|22299|1314|8.4|0.5|205933|2941|77.2|0.8|74523|2264|28.0|0.9
9600000US0602700|Anderson Union High School District, CA|0602700|2019-2023|001|30181|1357|1250|367|4.1|1.2|2111|409|7.0|1.4|8698|965|28.8|2.7|9325|894|30.9|2.4|3251|393|10.8|1.3|3901|455|12.9|1.5|1645|298|5.5|1.0|26820|1438|88.9|1.8|5546|513|18.4|1.7
9700000US0602730|Anderson Valley Unified School District, CA|0602730|2019-2023|001|1596|316|148|104|9.3|6.0|80|62|5.0|3.8|297|121|18.6|5.9|326|115|20.4|5.6|132|58|8.3|3.3|319|100|20.0|6.6|294|117|18.4|6.3|1368|281|85.7|6.5|613|155|38.4|8.4
9500000US0602760|Antelope Elementary School District, CA|0602760|2019-2023|001|4872|702|374|231|7.7|4.6|383|198|7.9|3.7|1776|448|36.5|6.7|1068|316|21.9|6.5|436|174|8.9|3.4|519|150|10.7|2.9|316|193|6.5|3.9|4115|621|84.5|5.7|835|255|17.1|4.9
9600000US0602820|Antelope Valley Union Joint High School District, CA|0602820|2019-2023|001|251557|3347|25193|1398|10.0|0.5|26357|1426|10.5|0.6|75564|2799|30.0|1.0|58196|2071|23.1|0.8|20693|1329|8.2|0.5|30079|1659|12.0|0.6|15475|1239|6.2|0.5|200007|3195|79.5|0.7|45554|2282|18.1|0.9
9700000US0602850|Antioch Unified School District, CA|0602850|2019-2023|001|81705|1575|6283|996|7.7|1.2|5902|946|7.2|1.1|23132|1487|28.3|1.7|20099|1233|24.6|1.5|7658|760|9.4|0.9|13569|1093|16.6|1.3|5062|724|6.2|0.9|69520|1693|85.1|1.5|18631|1437|22.8|1.7
9700000US0600017|Apple Valley Unified School District, CA|0600017|2019-2023|001|52772|1393|2513|387|4.8|0.7|4148|530|7.9|1.0|15342|1042|29.1|1.9|14664|1043|27.8|1.8|5923|810|11.2|1.5|5883|692|11.1|1.2|4299|555|8.1|1.1|46111|1451|87.4|1.1|10182|912|19.3|1.6
9700000US0602970|Arcadia Unified School District, CA|0602970|2019-2023|001|40458|941|1572|340|3.9|0.8|1267|286|3.1|0.7|5962|718|14.7|1.8|5076|637|12.5|1.6|3038|427|7.5|1.0|14241|961|35.2|2.1|9302|644|23.0|1.7|37619|902|93.0|1.1|23543|965|58.2|2.0
9500000US0603000|Arcata Elementary School District, CA|0603000|2019-2023|001|8043|792|135|76|1.7|0.9|324|144|4.0|1.8|1038|264|12.9|2.9|1888|432|23.5|4.1|854|245|10.6|3.1|2634|454|32.7|4.5|1170|275|14.5|3.5|7584|780|94.3|2.0|3804|498|47.3|4.9
9500000US0603060|Arcohe Union Elementary School District, CA|0603060|2019-2023|001|3245|535|128|80|3.9|2.5|184|107|5.7|3.1|880|243|27.1|5.6|1077|298|33.2|7.1|192|82|5.9|2.8|561|214|17.3|5.8|223|104|6.9|3.2|2933|498|90.4|3.5|784|240|24.2|6.2
9500000US0603090|Arena Union Elementary School District, CA|0603090|2019-2023|001|2976|390|101|65|3.4|2.1|167|125|5.6|4.1|561|248|18.9|7.5|656|177|22.0|5.5|356|158|12.0|5.0|659|168|22.1|5.6|476|198|16.0|6.4|2708|376|91.0|5.0|1135|245|38.1|7.6
9500000US0603180|Armona Union Elementary School District, CA|0603180|2019-2023|001|4271|737|637|277|14.9|5.4|597|293|14.0|6.5|1194|332|28.0|6.3|1090|399|25.5|8.3|352|150|8.2|3.5|292|166|6.8|3.8|109|86|2.6|2.0|3037|561|71.1|7.4|401|190|9.4|4.4
9700000US0691136|Aromas-San Juan Unified School District, CA|0691136|2019-2023|001|6671|764|317|136|4.8|2.0|453|202|6.8|2.9|1147|330|17.2|4.5|1720|315|25.8|3.9|847|309|12.7|4.2|1382|291|20.7|3.6|805|197|12.1|3.0|5901|732|88.5|3.9|2187|361|32.8|4.5
9500000US0603270|Arvin Union School District, CA|0603270|2019-2023|001|9789|466|3938|419|40.2|3.9|1426|255|14.6|2.7|2400|322|24.5|3.1|1113|278|11.4|2.5|490|139|5.0|1.4|319|123|3.3|1.2|103|52|1.1|0.5|4425|481|45.2|3.9|422|131|4.3|1.3
9700000US0603300|Atascadero Unified School District, CA|0603300|2019-2023|001|26302|1000|671|214|2.6|0.8|1042|313|4.0|1.2|5619|739|21.4|2.6|7394|745|28.1|2.6|3086|456|11.7|1.7|5868|608|22.3|2.1|2622|354|10.0|1.3|24589|1054|93.5|1.4|8490|682|32.3|2.3
9500000US0603420|Atwater Elementary School District, CA|0603420|2019-2023|001|23467|824|3891|627|16.6|2.6|2662|428|11.3|1.8|6754|690|28.8|2.7|5385|658|22.9|2.7|1778|352|7.6|1.5|2382|445|10.2|1.9|615|164|2.6|0.7|16914|900|72.1|2.9|2997|448|12.8|1.9
9500000US0603480|Auburn Union Elementary School District, CA|0603480|2019-2023|001|25928|987|901|309|3.5|1.2|1001|283|3.9|1.1|5513|763|21.3|2.6|6742|667|26.0|2.4|3305|417|12.7|1.4|5210|443|20.1|1.8|3256|382|12.6|1.5|24026|1060|92.7|1.6|8466|596|32.7|2.4
9700000US0603600|Azusa Unified School District, CA|0603600|2019-2023|001|44800|1183|5774|612|12.9|1.3|3748|437|8.4|1.0|11685|784|26.1|1.7|8830|732|19.7|1.5|3830|472|8.5|1.0|7141|666|15.9|1.4|3792|591|8.5|1.3|35278|1260|78.7|1.8|10933|922|24.4|1.9
9700000US0603610|Baker Valley Unified School District, CA|0603610|2019-2023|001|311|132|29|25|9.3|9.0|45|44|14.5|14.1|169|121|54.3|22.6|47|35|15.1|12.4|14|16|4.5|5.2|3|5|1.0|1.6|4|9|1.3|2.9|237|127|76.2|17.2|7|10|2.3|3.3
9500000US0603630|Bakersfield City School District, CA|0603630|2019-2023|001|116558|3052|18926|1425|16.2|1.0|15128|1157|13.0|1.0|34176|1953|29.3|1.4|25464|1341|21.8|1.1|7495|666|6.4|0.6|10135|943|8.7|0.8|5234|603|4.5|0.5|82504|2522|70.8|1.3|15369|1024|13.2|0.9
9700000US0603690|Baldwin Park Unified School District, CA|0603690|2019-2023|001|47056|942|10040|699|21.3|1.4|4903|570|10.4|1.2|14317|848|30.4|1.8|8505|701|18.1|1.4|2505|337|5.3|0.7|5415|520|11.5|1.1|1371|249|2.9|0.5|32113|980|68.2|1.7|6786|578|14.4|1.2
9500000US0603720|Ballard Elementary School District, CA|0603720|2019-2023|001|1050|221|11|15|1.0|1.4|4|6|0.4|0.5|88|38|8.4|2.8|206|74|19.6|5.6|117|58|11.1|5.0|353|104|33.6|7.4|271|89|25.8|6.7|1035|216|98.6|1.5|624|149|59.4|7.9
9500000US0603750|Ballico-Cressey Elementary School District, CA|0603750|2019-2023|001|1323|259|210|91|15.9|6.1|74|41|5.6|2.9|333|116|25.2|6.5|273|89|20.6|5.5|116|52|8.8|3.6|240|80|18.1|5.2|77|40|5.8|2.8|1039|222|78.5|6.7|317|94|24.0|5.7
9500000US0603780|Bangor Union Elementary School District, CA|0603780|2019-2023|001|703|176|17|21|2.4|2.8|29|19|4.1|2.7|261|99|37.1|8.8|169|59|24.0|6.5|78|42|11.1|5.1|117|52|16.6|6.8|32|23|4.6|3.3|657|165|93.5|3.7|149|62|21.2|8.3
9700000US0603840|Banning Unified School District, CA|0603840|2019-2023|001|25169|805|2081|374|8.3|1.5|2351|290|9.3|1.1|7619|715|30.3|2.7|6670|630|26.5|2.4|2423|464|9.6|1.8|2580|407|10.3|1.6|1445|300|5.7|1.2|20737|869|82.4|1.9|4025|491|16.0|1.9
9500000US0603870|Banta Elementary School District, CA|0603870|2019-2023|001|6682|569|400|193|6.0|2.9|677|226|10.1|3.2|2165|525|32.4|7.4|1058|255|15.8|3.7|615|282|9.2|4.1|1178|312|17.6|4.4|589|233|8.8|3.3|5605|566|83.9|3.9|1767|422|26.4|5.7
9700000US0604020|Barstow Unified School District, CA|0604020|2019-2023|001|22005|1359|945|256|4.3|1.2|2538|435|11.5|1.8|7181|709|32.6|2.5|6716|685|30.5|2.7|2220|467|10.1|1.8|1583|348|7.2|1.6|822|264|3.7|1.2|18522|1204|84.2|1.9|2405|409|10.9|1.9
9500000US0604080|Bass Lake Joint Union Elementary School District, CA|0604080|2019-2023|001|7113|637|256|110|3.6|1.5|358|191|5.0|2.6|1748|322|24.6|4.2|2150|384|30.2|4.4|600|167|8.4|2.4|1222|280|17.2|3.6|779|254|11.0|3.3|6499|595|91.4|2.8|2001|375|28.1|4.4
9700000US0604110|Bassett Unified School District, CA|0604110|2019-2023|001|17072|1122|3098|441|18.1|2.2|2135|442|12.5|2.4|4908|622|28.7|3.2|3198|473|18.7|2.4|1062|229|6.2|1.4|1869|325|10.9|1.8|802|233|4.7|1.4|11839|853|69.3|2.8|2671|425|15.6|2.4
9500000US0604200|Bayshore Elementary School District, CA|0604200|2019-2023|001|4418|695|352|159|8.0|2.8|280|164|6.3|3.4|1215|239|27.5|4.9|987|284|22.3|4.2|312|103|7.1|2.6|929|215|21.0|4.3|343|129|7.8|2.7|3786|548|85.7|4.8|1272|263|28.8|4.8
9700000US0604230|Bear Valley Unified School District, CA|0604230|2019-2023|001|13308|871|436|203|3.3|1.5|693|241|5.2|1.7|3263|423|24.5|2.9|3519|475|26.4|3.4|1266|295|9.5|2.1|2808|444|21.1|2.7|1323|269|9.9|1.9|12179|814|91.5|2.3|4131|520|31.0|3.0
9500000US0604260|Beardsley Elementary School District, CA|0604260|2019-2023|001|12842|1129|1202|462|9.4|3.3|1752|359|13.6|2.6|4381|738|34.1|4.5|3049|377|23.7|2.7|892|233|6.9|1.9|1061|305|8.3|2.2|505|193|3.9|1.5|9888|923|77.0|3.7|1566|373|12.2|2.7
9700000US0604290|Beaumont Unified School District, CA|0604290|2019-2023|001|45257|1201|2403|466|5.3|1.0|3107|538|6.9|1.2|11172|870|24.7|1.9|11970|977|26.4|2.1|4481|629|9.9|1.4|7403|818|16.4|1.7|4721|649|10.4|1.4|39747|1199|87.8|1.6|12124|1031|26.8|2.2
9500000US0604350|Bella Vista Elementary School District, CA|0604350|2019-2023|001|2701|404|18|27|0.7|1.0|194|92|7.2|3.1|553|174|20.5|5.4|947|215|35.1|6.7|372|130|13.8|4.4|433|164|16.0|6.0|184|120|6.8|4.2|2489|365|92.2|3.1|617|210|22.8|7.1
9500000US0604500|Belleview Elementary School District, CA|0604500|2019-2023|001|1467|240|4|7|0.3|0.5|42|22|2.9|1.4|387|115|26.4|6.1|506|118|34.5|5.8|225|91|15.3|5.5|169|57|11.5|3.7|134|52|9.1|3.1|1421|230|96.9|1.4|303|81|20.7|4.8
9500000US0604380|Bellevue Union School District, CA|0604380|2019-2023|001|16354|1340|2834|509|17.3|2.8|1426|307|8.7|1.7|3092|500|18.9|3.0|3998|842|24.4|4.3|1191|311|7.3|1.8|2837|497|17.3|2.8|976|247|6.0|1.5|12094|1123|74.0|3.3|3813|557|23.3|3.1
9700000US0604440|Bellflower Unified School District, CA|0604440|2019-2023|001|56151|1310|5715|756|10.2|1.3|4767|546|8.5|0.9|13834|971|24.6|1.6|12949|1036|23.1|1.7|5483|553|9.8|1.0|9193|707|16.4|1.2|4210|485|7.5|0.8|45669|1388|81.3|1.5|13403|848|23.9|1.4
9500000US0604530|Belmont-Redwood Shores Elementary School District, CA|0604530|2019-2023|001|31174|775|658|216|2.1|0.7|411|156|1.3|0.5|2220|370|7.1|1.2|3455|436|11.1|1.3|1935|376|6.2|1.2|11235|866|36.0|2.5|11260|768|36.1|2.4|30105|812|96.6|0.9|22495|882|72.2|2.2
9500000US0604560|Belridge Elementary School District, CA|0604560|2019-2023|001|64|27|16|13|25.0|14.5|8|10|12.5|15.1|18|13|28.1|12.5|13|10|20.3|13.8|0|14|0.0|42.4|9|9|14.1|13.4|0|14|0.0|42.4|40|19|62.5|16.7|9|9|14.1|13.4
9700000US0604620|Benicia Unified School District, CA|0604620|2019-2023|001|19704|483|314|157|1.6|0.8|569|204|2.9|1.0|3130|487|15.9|2.4|4418|387|22.4|1.9|2294|361|11.6|1.8|6086|442|30.9|2.1|2893|395|14.7|2.0|18821|518|95.5|1.3|8979|542|45.6|2.6
9500000US0604650|Bennett Valley Union Elementary School District, CA|0604650|2019-2023|001|8181|806|343|319|4.2|3.8|190|104|2.3|1.3|1242|325|15.2|3.4|1343|346|16.4|3.8|756|198|9.2|2.4|2534|513|31.0|5.7|1773|292|21.7|3.5|7648|786|93.5|4.2|4307|535|52.6|5.4
9700000US0604740|Berkeley Unified School District, CA|0604740|2019-2023|001|76405|1316|1678|428|2.2|0.6|1339|271|1.8|0.3|5057|632|6.6|0.8|7937|613|10.4|0.8|3050|458|4.0|0.6|25529|1102|33.4|1.4|31815|1376|41.6|1.6|73388|1362|96.1|0.7|57344|1402|75.1|1.3
9500000US0604800|Berryessa Union Elementary School District, CA|0604800|2019-2023|001|60064|1923|4451|594|7.4|1.0|3042|506|5.1|0.8|8328|690|13.9|1.1|7901|663|13.2|0.9|4826|562|8.0|0.9|18777|1241|31.3|1.8|12739|869|21.2|1.4|52571|1777|87.5|1.2|31516|1456|52.5|1.9
9700000US0604830|Beverly Hills Unified School District, CA|0604830|2019-2023|001|24679|805|360|193|1.5|0.8|445|200|1.8|0.8|2505|453|10.2|1.8|3009|464|12.2|1.9|1207|288|4.9|1.1|8564|732|34.7|2.6|8589|668|34.8|2.8|23874|851|96.7|1.2|17153|852|69.5|2.9
9500000US0604860|Big Creek Elementary School District, CA|0604860|2019-2023|001|177|67|0|14|0.0|21.1|3|7|1.7|3.9|22|14|12.4|8.6|47|27|26.6|13.9|22|18|12.4|8.7|67|36|37.9|12.5|16|16|9.0|8.2|174|67|98.3|3.9|83|46|46.9|15.6
9500000US0604890|Big Lagoon Union Elementary School District, CA|0604890|2019-2023|001|300|106|7|10|2.3|2.9|14|23|4.7|7.0|73|60|24.3|14.6|24|18|8.0|5.7|12|9|4.0|3.2|87|44|29.0|12.5|83|36|27.7|11.9|279|94|93.0|7.0|170|60|56.7|16.8
9700000US0691137|Big Oak Flat-Groveland Unified School District, CA|0691137|2019-2023|001|4588|472|104|90|2.3|1.9|183|88|4.0|1.9|927|204|20.2|3.9|1617|337|35.2|6.1|570|155|12.4|3.1|775|201|16.9|4.1|412|111|9.0|2.4|4301|452|93.7|2.5|1187|248|25.9|5.0
9700000US0604950|Big Pine Unified School District, CA|0604950|2019-2023|001|1163|170|67|46|5.8|3.9|58|63|5.0|5.4|341|88|29.3|6.2|368|98|31.6|6.9|112|47|9.6|4.0|83|38|7.1|3.2|134|74|11.5|5.9|1038|172|89.3|6.6|217|85|18.7|6.8
9500000US0604980|Big Springs Union Elementary School District, CA|0604980|2019-2023|001|1703|263|38|40|2.2|2.4|163|117|9.6|6.2|396|123|23.3|5.8|507|128|29.8|7.0|161|58|9.5|3.7|273|87|16.0|4.8|165|78|9.7|4.2|1502|220|88.2|6.4|438|121|25.7|6.0
9700000US0600031|Big Sur Unified School District, CA|0600031|2019-2023|001|303|127|0|14|0.0|13.1|16|21|5.3|6.2|89|87|29.4|22.9|105|64|34.7|19.7|19|15|6.3|4.2|45|26|14.9|7.3|29|17|9.6|5.1|287|118|94.7|6.2|74|36|24.4|9.7
9700000US0605010|Big Valley Joint Unified School District, CA|0605010|2019-2023|001|1061|270|66|55|6.2|5.1|81|66|7.6|5.8|293|118|27.6|8.6|281|109|26.5|9.4|111|67|10.5|5.3|128|65|12.1|4.7|101|78|9.5|6.5|914|254|86.1|7.3|229|121|21.6|8.7
9700000US0605040|Biggs Unified School District, CA|0605040|2019-2023|001|2324|268|148|93|6.4|4.0|102|72|4.4|3.1|825|189|35.5|7.0|483|129|20.8|5.0|199|93|8.6|3.9|349|111|15.0|4.4|218|121|9.4|5.0|2074|272|89.2|4.1|567|163|24.4|6.1
9600000US0606021|Bishop Unified School District (9-12), CA|0606021|2019-2023|001|1243|228|8|10|0.6|0.8|79|80|6.4|5.5|247|83|19.9|5.7|314|87|25.3|5.5|88|40|7.1|3.1|314|107|25.3|7.5|193|71|15.5|5.5|1156|185|93.0|5.4|507|127|40.8|8.5
9700000US0601409|Bishop Unified School District, CA|0601409|2019-2023|001|8959|344|218|131|2.4|1.4|388|122|4.3|1.4|2173|317|24.3|3.4|2147|272|24.0|3.1|708|205|7.9|2.2|2132|333|23.8|3.5|1193|248|13.3|2.8|8353|352|93.2|1.7|3325|358|37.1|3.7
9500000US0605190|Bitterwater-Tully Union Elementary School District, CA|0605190|2019-2023|001|114|52|0|14|0.0|30.2|1|2|0.9|2.1|24|12|21.1|13.9|38|25|33.3|17.6|11|12|9.6|10.6|21|18|18.4|12.2|19|23|16.7|16.7|113|52|99.1|2.1|40|39|35.1|26.3
9500000US0605220|Black Butte Union Elementary School District, CA|0605220|2019-2023|001|3809|509|25|31|0.7|0.8|295|134|7.7|3.4|1078|185|28.3|4.7|1438|314|37.8|5.4|269|100|7.1|2.7|432|209|11.3|4.8|272|138|7.1|3.5|3489|499|91.6|3.5|704|257|18.5|5.7
9700000US0605240|Black Oak Mine Unified School District, CA|0605240|2019-2023|001|11089|861|215|125|1.9|1.1|246|127|2.2|1.2|3234|584|29.2|4.1|3146|551|28.4|3.9|1409|303|12.7|2.9|1861|372|16.8|3.4|978|305|8.8|2.7|10628|885|95.8|1.8|2839|457|25.6|4.1
9500000US0605250|Blake Elementary School District, CA|0605250|2019-2023|001|97|44|10|11|10.3|10.5|0|14|0.0|33.8|51|25|52.6|11.5|27|18|27.8|12.5|1|3|1.0|3.5|6|9|6.2|8.4|2|3|2.1|3.0|87|42|89.7|10.5|8|10|8.2|8.9
9500000US0605280|Blochman Union Elementary School District, CA|0605280|2019-2023|001|475|94|15|18|3.2|3.7|16|15|3.4|3.2|178|43|37.5|6.6|95|44|20.0|7.8|45|24|9.5|4.4|67|29|14.1|5.9|59|31|12.4|5.6|444|91|93.5|4.9|126|46|26.5|8.1
9500000US0605400|Blue Lake Union Elementary School District, CA|0605400|2019-2023|001|1660|250|4|6|0.2|0.4|60|52|3.6|3.0|347|109|20.9|5.5|395|88|23.8|4.5|152|56|9.2|3.5|528|145|31.8|6.6|174|65|10.5|3.9|1596|237|96.1|3.0|702|166|42.3|7.2
9500000US0605490|Bogus Elementary School District, CA|0605490|2019-2023|001|292|61|7|6|2.4|1.9|18|11|6.2|3.8|82|30|28.1|9.2|77|29|26.4|8.2|59|30|20.2|8.3|30|17|10.3|5.5|19|12|6.5|3.9|267|61|91.4|4.6|49|19|16.8|5.6
9500000US0605520|Bolinas-Stinson Union Elementary School District, CA|0605520|2019-2023|001|1463|295|8|12|0.5|0.8|13|17|0.9|1.2|316|130|21.6|6.9|163|93|11.1|6.2|93|56|6.4|3.5|449|143|30.7|8.3|421|140|28.8|7.7|1442|294|98.6|1.5|870|215|59.5|9.8
9700000US0605610|Bonita Unified School District, CA|0605610|2019-2023|001|45161|1045|1470|278|3.3|0.6|1554|295|3.4|0.6|9290|728|20.6|1.6|10617|1019|23.5|2.2|4115|559|9.1|1.2|10695|840|23.7|1.7|7420|986|16.4|2.2|42137|1022|93.3|0.9|18115|1274|40.1|2.6
9500000US0605640|Bonny Doon Union Elementary School District, CA|0605640|2019-2023|001|2436|402|19|15|0.8|0.6|34|23|1.4|1.0|445|270|18.3|10.2|536|166|22.0|5.8|146|55|6.0|2.3|522|112|21.4|4.3|734|236|30.1|8.4|2383|398|97.8|1.2|1256|266|51.6|8.3
9700000US0601426|Bonsall Unified School District, CA|0601426|2019-2023|001|11800|845|423|189|3.6|1.6|414|143|3.5|1.2|1713|325|14.5|2.6|2499|388|21.2|2.9|998|224|8.5|1.9|3272|568|27.7|4.1|2481|374|21.0|2.9|10963|828|92.9|2.1|5753|682|48.8|4.2
9700000US0605700|Borrego Springs Unified School District, CA|0605700|2019-2023|001|2695|579|229|186|8.5|6.8|32|41|1.2|1.6|854|306|31.7|10.0|557|257|20.7|7.1|246|132|9.1|4.5|607|264|22.5|8.5|170|96|6.3|3.7|2434|569|90.3|6.7|777|265|28.8|8.4
9500000US0605730|Bradley Union Elementary School District, CA|0605730|2019-2023|001|549|220|0|14|0.0|7.4|42|30|7.7|6.2|168|69|30.6|10.8|51|27|9.3|6.5|56|45|10.2|8.6|214|180|39.0|20.7|18|11|3.3|2.3|507|220|92.3|6.2|232|181|42.3|20.0
9500000US0605790|Brawley Elementary School District, CA|0605790|2019-2023|001|16122|739|2434|570|15.1|3.3|1646|388|10.2|2.3|4221|527|26.2|3.2|4182|474|25.9|2.9|1420|299|8.8|1.8|1720|423|10.7|2.6|499|178|3.1|1.1|12042|727|74.7|4.1|2219|455|13.8|2.8
9600000US0605820|Brawley Union High School District, CA|0605820|2019-2023|001|17624|774|2659|578|15.1|3.1|1982|435|11.2|2.3|4596|524|26.1|3.0|4422|489|25.1|2.7|1573|306|8.9|1.7|1859|432|10.5|2.4|533|173|3.0|1.0|12983|714|73.7|3.9|2392|460|13.6|2.6
9700000US0605880|Brea-Olinda Unified School District, CA|0605880|2019-2023|001|29986|1017|1109|309|3.7|1.0|1002|267|3.3|0.9|4267|702|14.2|2.2|6323|579|21.1|1.9|2164|322|7.2|1.1|9292|754|31.0|2.2|5829|647|19.4|2.2|27875|1020|93.0|1.2|15121|946|50.4|2.7
9500000US0605910|Brentwood Union Elementary School District, CA|0605910|2019-2023|001|45093|1111|1400|380|3.1|0.8|2042|437|4.5|1.0|8581|859|19.0|1.9|11041|815|24.5|1.8|4262|569|9.5|1.2|12015|1082|26.6|2.2|5752|707|12.8|1.6|41651|1148|92.4|1.2|17767|1211|39.4|2.4
9600000US0605940|Bret Harte Union High School District, CA|0605940|2019-2023|001|14546|755|268|173|1.8|1.2|612|207|4.2|1.4|3372|434|23.2|2.8|4110|411|28.3|2.5|1750|284|12.0|2.0|2806|491|19.3|3.0|1628|292|11.2|1.9|13666|766|94.0|1.8|4434|571|30.5|3.2
9500000US0606000|Bridgeville Elementary School District, CA|0606000|2019-2023|001|409|134|2|5|0.5|1.1|93|96|22.7|18.5|44|29|10.8|7.2|147|80|35.9|15.9|43|26|10.5|7.1|65|29|15.9|7.9|15|18|3.7|4.5|314|89|76.8|18.4|80|43|19.6|11.3
9500000US0606030|Briggs Elementary School District, CA|0606030|2019-2023|001|2250|492|289|120|12.8|4.8|206|83|9.2|3.8|592|258|26.3|8.2|438|147|19.5|6.3|269|89|12.0|3.8|225|112|10.0|4.8|231|154|10.3|5.4|1755|440|78.0|6.2|456|191|20.3|6.0
9500000US0606060|Brisbane Elementary School District, CA|0606060|2019-2023|001|6839|581|462|195|6.8|2.7|319|156|4.7|2.3|926|329|13.5|4.8|1086|250|15.9|3.7|500|184|7.3|2.6|2149|426|31.4|5.1|1397|290|20.4|4.1|6058|564|88.6|4.3|3546|526|51.8|6.0
9500000US0606090|Brittan Elementary School District, CA|0606090|2019-2023|001|2372|311|6|16|0.3|0.7|123|73|5.2|3.1|766|183|32.3|7.1|669|208|28.2|8.1|137|61|5.8|2.6|376|186|15.9|7.2|295|163|12.4|6.6|2243|304|94.6|3.1|671|262|28.3|9.8
9500000US0606100|Browns Elementary School District, CA|0606100|2019-2023|001|625|123|27|18|4.3|2.6|93|54|14.9|7.3|129|44|20.6|5.0|159|50|25.4|6.1|84|25|13.4|4.1|92|28|14.7|4.6|41|20|6.6|3.0|505|97|80.8|7.1|133|33|21.3|5.2
9500000US0606270|Buckeye Union Elementary School District, CA|0606270|2019-2023|001|30028|1324|258|127|0.9|0.4|745|197|2.5|0.7|4166|592|13.9|1.8|6185|694|20.6|2.1|2984|385|9.9|1.3|9999|790|33.3|2.1|5691|568|19.0|1.8|29025|1321|96.7|0.8|15690|988|52.3|2.3
9500000US0606330|Buellton Union Elementary School District, CA|0606330|2019-2023|001|4403|367|227|122|5.2|2.8|46|52|1.0|1.2|531|220|12.1|5.1|1172|278|26.6|5.7|588|259|13.4|5.5|1110|233|25.2|4.6|729|247|16.6|5.6|4130|388|93.8|3.2|1839|288|41.8|5.8
9500000US0606360|Buena Park Elementary School District, CA|0606360|2019-2023|001|33908|1635|2710|517|8.0|1.4|1965|358|5.8|1.1|7752|955|22.9|2.6|7027|844|20.7|2.2|2867|481|8.5|1.3|8110|784|23.9|1.8|3477|486|10.3|1.4|29233|1557|86.2|1.7|11587|908|34.2|2.1
9500000US0606420|Buena Vista Elementary School District, CA|0606420|2019-2023|001|255|76|22|16|8.6|5.0|27|18|10.6|6.4|69|30|27.1|11.0|36|17|14.1|5.2|8|8|3.1|3.1|88|49|34.5|14.0|5|6|2.0|2.5|206|65|80.8|9.9|93|48|36.5|13.1
9700000US0606450|Burbank Unified School District, CA|0606450|2019-2023|001|77510|1446|3218|499|4.2|0.7|2725|400|3.5|0.5|11542|967|14.9|1.3|16125|1027|20.8|1.3|8219|1027|10.6|1.3|24000|1446|31.0|1.8|11681|1034|15.1|1.3|71567|1553|92.3|0.8|35681|1599|46.0|1.8
9500000US0606480|Burlingame Elementary School District, CA|0606480|2019-2023|001|23037|597|794|336|3.4|1.5|335|137|1.5|0.6|2234|383|9.7|1.7|3434|595|14.9|2.5|1310|288|5.7|1.2|7578|613|32.9|2.7|7352|686|31.9|3.0|21908|651|95.1|1.5|14930|776|64.8|3.4
9500000US0606510|Burnt Ranch Elementary School District, CA|0606510|2019-2023|001|459|155|0|14|0.0|8.8|18|23|3.9|5.2|128|63|27.9|13.1|165|97|35.9|14.0|50|46|10.9|9.3|76|54|16.6|10.0|22|19|4.8|4.2|441|154|96.1|5.2|98|58|21.4|10.3
9500000US0606540|Burrel Union Elementary School District, CA|0606540|2019-2023|001|317|122|140|83|44.2|17.8|57|31|18.0|9.2|60|46|18.9|13.3|39|31|12.3|8.1|2|7|0.6|2.1|18|21|5.7|6.3|1|2|0.3|0.8|120|65|37.9|15.2|19|21|6.0|6.4
9500000US0606570|Burton Elementary School District, CA|0606570|2019-2023|001|9831|963|1229|373|12.5|3.4|952|288|9.7|2.7|2280|477|23.2|4.6|2560|517|26.0|4.8|745|297|7.6|2.7|1290|266|13.1|2.6|775|218|7.9|2.2|7650|806|77.8|4.6|2065|386|21.0|3.7
9700000US0606580|Butte Valley Unified School District, CA|0606580|2019-2023|001|1279|160|245|92|19.2|6.5|151|67|11.8|5.0|385|101|30.1|6.2|264|72|20.6|6.0|100|35|7.8|2.7|95|44|7.4|3.4|39|31|3.0|2.3|883|133|69.0|7.1|134|54|10.5|4.0
9500000US0606690|Butteville Union Elementary School District, CA|0606690|2019-2023|001|1461|186|16|16|1.1|1.1|66|47|4.5|3.0|237|75|16.2|4.8|405|103|27.7|6.2|225|82|15.4|5.0|341|88|23.3|6.3|171|87|11.7|5.5|1379|168|94.4|3.2|512|121|35.0|7.6
9500000US0606720|Buttonwillow Union Elementary School District, CA|0606720|2019-2023|001|971|208|374|132|38.5|8.0|116|53|11.9|5.4|249|81|25.6|6.7|109|50|11.2|5.3|52|38|5.4|3.8|64|34|6.6|3.1|7|10|0.7|1.0|481|104|49.5|6.9|71|35|7.3|3.3
9500000US0606750|Byron Union Elementary School District, CA|0606750|2019-2023|001|11189|777|199|116|1.8|1.0|687|308|6.1|2.7|2452|657|21.9|5.2|3058|491|27.3|4.0|1425|300|12.7|2.7|2301|335|20.6|3.0|1067|302|9.5|2.7|10303|807|92.1|2.9|3368|474|30.1|4.1
9700000US0606780|Cabrillo Unified School District, CA|0606780|2019-2023|001|17877|956|899|277|5.0|1.5|761|384|4.3|2.1|2176|434|12.2|2.2|2856|520|16.0|2.7|1570|359|8.8|2.0|4939|627|27.6|3.0|4676|519|26.2|3.2|16217|915|90.7|2.4|9615|747|53.8|3.9
9500000US0606810|Cajon Valley Union Elementary School District, CA|0606810|2019-2023|001|114131|2144|8708|861|7.6|0.7|6763|772|5.9|0.7|30024|1600|26.3|1.3|26732|1302|23.4|1.0|11417|1078|10.0|0.9|19643|1165|17.2|1.0|10844|893|9.5|0.8|98660|2222|86.4|0.9|30487|1663|26.7|1.4
9700000US0606870|Calaveras Unified School District, CA|0606870|2019-2023|001|21148|774|161|83|0.8|0.4|1334|346|6.3|1.6|8015|844|37.9|3.8|6066|628|28.7|2.8|2087|432|9.9|2.0|2436|440|11.5|2.0|1049|364|5.0|1.7|19653|793|92.9|1.6|3485|589|16.5|2.7
9700000US0606900|Calexico Unified School District, CA|0606900|2019-2023|001|24022|753|5037|617|21.0|2.5|3346|519|13.9|2.2|4711|678|19.6|2.7|4039|675|16.8|2.7|1774|481|7.4|2.0|3895|635|16.2|2.6|1220|295|5.1|1.2|15639|953|65.1|3.2|5115|673|21.3|2.7
9500000US0606960|Caliente Union Elementary School District, CA|0606960|2019-2023|001|599|127|13|17|2.2|2.7|15|12|2.5|2.0|131|55|21.9|8.0|151|59|25.2|8.0|88|61|14.7|9.9|171|78|28.5|10.8|30|21|5.0|3.3|571|124|95.3|3.8|201|82|33.6|10.7
9700000US0606990|Calipatria Unified School District, CA|0606990|2019-2023|001|6542|522|749|250|11.4|3.7|1776|317|27.1|4.5|1927|316|29.5|4.3|1630|375|24.9|5.3|215|82|3.3|1.3|167|91|2.6|1.4|78|82|1.2|1.2|4017|498|61.4|5.6|245|106|3.7|1.6
9700000US0607020|Calistoga Joint Unified School District, CA|0607020|2019-2023|001|5356|344|571|250|10.7|4.8|570|294|10.6|5.5|796|274|14.9|5.1|1088|353|20.3|6.0|436|157|8.1|2.8|1140|234|21.3|4.3|755|236|14.1|4.4|4215|593|78.7|9.1|1895|359|35.4|6.6
9500000US0607140|Cambrian Elementary School District, CA|0607140|2019-2023|001|22642|1354|565|223|2.5|1.0|561|230|2.5|1.0|3169|633|14.0|2.5|3280|467|14.5|2.0|1748|382|7.7|1.6|6863|674|30.3|3.0|6456|789|28.5|2.7|21516|1326|95.0|1.3|13319|1070|58.8|3.5
9500000US0607170|Camino Union Elementary School District, CA|0607170|2019-2023|001|4381|727|145|160|3.3|3.5|138|81|3.1|1.9|1266|438|28.9|7.7|934|246|21.3|5.2|539|181|12.3|4.0|982|307|22.4|5.4|377|124|8.6|2.9|4098|707|93.5|3.7|1359|325|31.0|5.4
9500000US0607200|Campbell Union Elementary School District, CA|0607200|2019-2023|001|72237|2494|3654|668|5.1|0.9|2876|553|4.0|0.8|10258|1046|14.2|1.3|10950|822|15.2|1.1|5197|580|7.2|0.8|22387|1477|31.0|1.6|16915|1196|23.4|1.5|65707|2408|91.0|1.2|39302|2142|54.4|2.1
9600000US0607230|Campbell Union High School District, CA|0607230|2019-2023|001|164485|2798|6348|946|3.9|0.6|5209|635|3.2|0.4|21697|1461|13.2|0.8|24290|1380|14.8|0.8|11932|992|7.3|0.6|51565|1671|31.3|0.9|43444|1656|26.4|0.9|152928|2759|93.0|0.7|95009|2413|57.8|1.2
9500000US0607260|Camptonville Elementary School District, CA|0607260|2019-2023|001|498|133|16|26|3.2|5.0|39|30|7.8|5.8|195|69|39.2|9.1|104|47|20.9|7.3|53|36|10.6|6.5|57|36|11.4|7.0|34|29|6.8|5.0|443|125|89.0|7.8|91|48|18.3|8.2
9500000US0607350|Canyon Elementary School District, CA|0607350|2019-2023|001|175|129|15|18|8.6|11.4|0|14|0.0|21.4|24|33|13.7|12.0|15|18|8.6|13.2|1|2|0.6|1.2|76|62|43.4|12.5|44|35|25.1|7.7|160|124|91.4|11.4|120|92|68.6|9.9
9500000US0607410|Capay Joint Union Elementary School District, CA|0607410|2019-2023|001|1135|296|31|36|2.7|2.8|36|24|3.2|1.9|405|158|35.7|10.7|261|82|23.0|6.0|81|35|7.1|3.4|152|75|13.4|5.9|169|132|14.9|9.9|1068|270|94.1|3.3|321|155|28.3|9.9
9700000US0607440|Capistrano Unified School District, CA|0607440|2019-2023|001|254767|2527|7192|883|2.8|0.3|5168|651|2.0|0.3|32352|1906|12.7|0.7|47313|2064|18.6|0.8|21242|1405|8.3|0.5|85610|2484|33.6|0.9|55890|2084|21.9|0.8|242407|2628|95.1|0.4|141500|2889|55.5|1.1
9500000US0607470|Cardiff Elementary School District, CA|0607470|2019-2023|001|8889|697|666|644|7.5|6.9|84|55|0.9|0.6|510|185|5.7|2.0|1074|305|12.1|3.6|500|173|5.6|1.9|3356|477|37.8|5.2|2699|408|30.4|5.1|8139|578|91.6|7.0|6055|492|68.1|6.0
9700000US0607500|Carlsbad Unified School District, CA|0607500|2019-2023|001|55478|1545|1409|459|2.5|0.8|893|244|1.6|0.4|6059|823|10.9|1.5|10635|991|19.2|1.7|4202|599|7.6|1.0|19607|1232|35.3|2.0|12673|1003|22.8|1.8|53176|1478|95.9|1.0|32280|1407|58.2|2.2
9700000US0607530|Carmel Unified School District, CA|0607530|2019-2023|001|17904|1000|376|244|2.1|1.3|460|203|2.6|1.1|1531|366|8.6|1.9|2709|466|15.1|2.5|1579|345|8.8|1.8|6171|638|34.5|3.1|5078|553|28.4|3.2|17068|862|95.3|1.6|11249|728|62.8|3.6
9700000US0607560|Carpinteria Unified School District, CA|0607560|2019-2023|001|13494|710|1037|277|7.7|1.9|624|239|4.6|1.8|1745|345|12.9|2.3|2955|500|21.9|3.6|638|179|4.7|1.3|3743|482|27.7|3.4|2752|366|20.4|2.7|11833|649|87.7|2.1|6495|599|48.1|4.2
9600000US0699002|Caruthers Unified School District (9-12), CA|0699002|2019-2023|001|1712|292|416|111|24.3|5.2|322|155|18.8|7.5|415|112|24.2|5.7|276|95|16.1|4.7|82|36|4.8|2.1|155|45|9.1|3.0|46|31|2.7|1.7|974|173|56.9|7.1|201|60|11.7|3.5
9700000US0600067|Caruthers Unified School District, CA|0600067|2019-2023|001|2758|591|541|148|19.6|5.6|205|121|7.4|3.6|778|355|28.2|8.3|626|190|22.7|5.2|160|73|5.8|3.1|308|134|11.2|5.2|140|79|5.1|2.8|2012|489|73.0|5.6|448|156|16.2|6.0
9500000US0607680|Cascade Union Elementary School District, CA|0607680|2019-2023|001|11734|813|525|198|4.5|1.6|1005|278|8.6|2.2|3824|518|32.6|3.6|3644|415|31.1|3.4|1039|257|8.9|2.0|1277|277|10.9|2.4|420|152|3.6|1.2|10204|704|87.0|2.7|1697|308|14.5|2.5
9500000US0607740|Castaic Union School District, CA|0607740|2019-2023|001|18953|773|1016|267|5.4|1.3|1964|255|10.4|1.4|3955|481|20.9|2.3|4117|441|21.7|2.2|1685|233|8.9|1.2|4515|513|23.8|2.5|1701|290|9.0|1.5|15973|733|84.3|1.5|6216|630|32.8|3.0
9500000US0607770|Castle Rock Union Elementary School District, CA|0607770|2019-2023|001|261|108|3|5|1.1|1.8|5|8|1.9|3.2|82|60|31.4|16.8|69|35|26.4|8.4|42|26|16.1|9.3|37|35|14.2|9.9|23|20|8.8|6.7|253|109|96.9|3.8|60|48|23.0|13.1
9700000US0607800|Castro Valley Unified School District, CA|0607800|2019-2023|001|38476|1543|2044|528|5.3|1.4|1289|300|3.4|0.8|5905|669|15.3|1.6|6984|804|18.2|2.0|4195|581|10.9|1.4|10726|884|27.9|2.0|7333|729|19.1|1.7|35143|1589|91.3|1.7|18059|1195|46.9|2.4
9500000US0607840|Cayucos Elementary School District, CA|0607840|2019-2023|001|2696|487|10|18|0.4|0.7|104|67|3.9|2.4|388|150|14.4|5.3|728|210|27.0|6.7|254|116|9.4|4.1|766|287|28.4|8.4|446|150|16.5|4.8|2582|473|95.8|2.4|1212|331|45.0|7.6
9700000US0607900|Center Joint Unified School District, CA|0607900|2019-2023|001|19826|1614|915|541|4.6|2.5|1748|766|8.8|3.6|5304|849|26.8|3.4|5115|564|25.8|3.3|2376|332|12.0|1.9|3406|634|17.2|2.9|962|267|4.9|1.4|17163|1126|86.6|4.3|4368|702|22.0|3.3
9600000US0607920|Centinela Valley Union High School District, CA|0607920|2019-2023|001|95208|1990|15314|1169|16.1|1.1|11011|1017|11.6|1.1|24295|1485|25.5|1.4|19261|1128|20.2|1.2|5994|587|6.3|0.6|13850|971|14.5|1.0|5483|554|5.8|0.6|68883|1939|72.4|1.5|19333|1094|20.3|1.0
9500000US0607950|Central Elementary School District, CA|0607950|2019-2023|001|30685|1717|1327|339|4.3|1.1|1124|299|3.7|0.9|7368|776|24.0|2.5|7785|1034|25.4|2.9|3696|629|12.0|1.9|5910|821|19.3|2.2|3475|502|11.3|1.6|28234|1721|92.0|1.6|9385|995|30.6|2.6
9700000US0607970|Central Unified School District, CA|0607970|2019-2023|001|51120|1755|4494|611|8.8|1.2|5134|822|10.0|1.6|12416|1111|24.3|1.9|12469|1179|24.4|2.0|4998|700|9.8|1.3|7828|758|15.3|1.5|3781|569|7.4|1.1|41492|1815|81.2|2.0|11609|939|22.7|1.9
9500000US0607980|Central Union Elementary School District, CA|0607980|2019-2023|001|4813|676|257|131|5.3|2.5|516|177|10.7|3.6|1377|353|28.6|5.4|1534|347|31.9|5.9|567|204|11.8|3.9|392|135|8.1|2.7|170|106|3.5|2.2|4040|606|83.9|4.2|562|172|11.7|3.5
9600000US0608010|Central Union High School District, CA|0608010|2019-2023|001|35949|1206|4621|651|12.9|1.8|4392|563|12.2|1.6|9462|883|26.3|2.3|8303|724|23.1|1.9|2986|498|8.3|1.4|4187|643|11.6|1.7|1998|401|5.6|1.1|26936|1409|74.9|2.5|6185|865|17.2|2.2
9500000US0608070|Centralia Elementary School District, CA|0608070|2019-2023|001|38058|1924|3260|544|8.6|1.4|2874|520|7.6|1.3|8368|786|22.0|1.8|8072|1058|21.2|2.1|2814|416|7.4|1.0|9268|873|24.4|2.1|3402|454|8.9|1.2|31924|1854|83.9|1.8|12670|968|33.3|2.4
9700000US0608130|Ceres Unified School District, CA|0608130|2019-2023|001|35645|1471|6509|664|18.3|1.8|3043|497|8.5|1.4|12285|1233|34.5|2.7|7309|589|20.5|1.6|2068|330|5.8|0.9|3186|441|8.9|1.2|1245|319|3.5|0.9|26093|1492|73.2|2.4|4431|535|12.4|1.5
9600000US0608160|Chaffey Joint Union High School District, CA|0608160|2019-2023|001|281343|3020|22612|1325|8.0|0.5|21761|1315|7.7|0.4|66794|2170|23.7|0.8|62497|1897|22.2|0.6|27124|1579|9.6|0.6|52416|2072|18.6|0.7|28139|1498|10.0|0.5|236970|2823|84.2|0.6|80555|2390|28.6|0.8
9700000US0608190|Charter Oak Unified School District, CA|0608190|2019-2023|001|27654|1330|1254|314|4.5|1.1|1434|294|5.2|1.1|6738|663|24.4|2.2|6264|690|22.7|2.2|2744|365|9.9|1.3|6324|685|22.9|2.0|2896|512|10.5|1.8|24966|1340|90.3|1.5|9220|869|33.3|2.4
9500000US0608250|Chatom Union Elementary School District, CA|0608250|2019-2023|001|2563|626|314|182|12.3|6.9|399|131|15.6|5.3|730|281|28.5|8.6|532|221|20.8|6.8|82|70|3.2|2.7|324|164|12.6|4.6|182|136|7.1|4.7|1850|564|72.2|8.6|506|270|19.7|7.9
9700000US0600116|Chawanakee Unified School District, CA|0600116|2019-2023|001|4244|583|125|94|2.9|2.1|331|172|7.8|3.6|804|190|18.9|4.5|1216|288|28.7|5.3|658|237|15.5|5.1|733|245|17.3|5.5|377|132|8.9|2.9|3788|493|89.3|4.2|1110|312|26.2|6.7
9500000US0608340|Chicago Park Elementary School District, CA|0608340|2019-2023|001|775|176|5|8|0.6|1.0|17|16|2.2|2.0|128|60|16.5|6.7|234|88|30.2|8.6|123|55|15.9|5.6|197|71|25.4|7.1|71|38|9.2|4.8|753|171|97.2|2.2|268|82|34.6|8.1
9700000US0608370|Chico Unified School District, CA|0608370|2019-2023|001|73412|1166|1984|402|2.7|0.5|2999|575|4.1|0.8|11723|812|16.0|1.0|17732|1096|24.2|1.4|7983|779|10.9|1.0|19602|989|26.7|1.5|11389|873|15.5|1.1|68429|1156|93.2|0.9|30991|1071|42.2|1.5
9700000US0608460|Chino Valley Unified School District, CA|0608460|2019-2023|001|130875|1881|7687|749|5.9|0.6|8196|796|6.3|0.6|27387|1707|20.9|1.2|28869|1738|22.1|1.2|11813|934|9.0|0.7|31593|1649|24.1|1.3|15330|991|11.7|0.8|114992|2071|87.9|0.8|46923|1961|35.9|1.5
9500000US0608520|Chowchilla Elementary School District, CA|0608520|2019-2023|001|14900|760|1197|289|8.0|1.8|2214|349|14.9|2.4|3771|465|25.3|2.8|4065|537|27.3|3.1|1238|257|8.3|1.7|1898|321|12.7|2.2|517|163|3.5|1.1|11489|763|77.1|3.0|2415|370|16.2|2.5
9600000US0608550|Chowchilla Union High School District, CA|0608550|2019-2023|001|15913|763|1410|286|8.9|1.7|2315|360|14.5|2.3|4029|475|25.3|2.7|4308|541|27.1|3.0|1303|267|8.2|1.6|2005|324|12.6|2.1|543|166|3.4|1.0|12188|757|76.6|2.8|2548|378|16.0|2.4
9500000US0608580|Chualar Union Elementary School District, CA|0608580|2019-2023|001|1045|253|337|110|32.2|7.4|147|72|14.1|6.0|196|83|18.8|6.5|166|77|15.9|5.9|89|40|8.5|3.5|85|52|8.1|4.7|25|26|2.4|2.3|561|167|53.7|8.4|110|70|10.5|6.1
9500000US0608610|Chula Vista Elementary School District, CA|0608610|2019-2023|001|212786|2690|14091|1110|6.6|0.5|16240|1167|7.6|0.5|45184|2262|21.2|1.0|48236|1742|22.7|0.8|21139|1279|9.9|0.6|46031|1938|21.6|0.9|21865|1499|10.3|0.7|182455|2778|85.7|0.8|67896|2569|31.9|1.1
9500000US0608640|Cienega Union Elementary School District, CA|0608640|2019-2023|001|116|45|0|14|0.0|29.8|2|4|1.7|3.4|25|24|21.6|18.4|28|17|24.1|15.0|10|11|8.6|9.6|19|14|16.4|10.7|32|28|27.6|19.4|114|45|98.3|3.4|51|33|44.0|19.8
9500000US0608700|Cinnabar Elementary School District, CA|0608700|2019-2023|001|1664|246|121|88|7.3|5.1|61|70|3.7|4.0|420|134|25.2|6.6|258|77|15.5|4.2|136|68|8.2|4.4|337|98|20.3|5.3|331|106|19.9|5.4|1482|221|89.1|5.2|668|159|40.1|7.4
9700000US0608760|Claremont Unified School District, CA|0608760|2019-2023|001|29073|882|959|260|3.3|0.9|759|182|2.6|0.6|4081|550|14.0|1.9|5199|625|17.9|2.0|1941|341|6.7|1.2|7887|777|27.1|2.5|8247|612|28.4|2.1|27355|856|94.1|1.0|16134|808|55.5|2.5
9500000US0608850|Clay Joint Elementary School District, CA|0608850|2019-2023|001|195|72|12|17|6.2|7.3|19|21|9.7|9.4|33|20|16.9|9.5|67|28|34.4|10.8|37|24|19.0|9.0|12|10|6.2|4.8|15|12|7.7|5.4|164|58|84.1|11.1|27|16|13.8|6.6
9500000US0608880|Clear Creek Elementary School District, CA|0608880|2019-2023|001|1341|189|27|37|2.0|2.7|49|31|3.7|2.2|300|76|22.4|5.0|325|87|24.2|5.2|158|60|11.8|4.1|293|72|21.8|4.2|189|55|14.1|3.6|1265|183|94.3|3.6|482|102|35.9|5.6
9700000US0608970|Cloverdale Unified School District, CA|0608970|2019-2023|001|8523|448|709|278|8.3|3.2|644|228|7.6|2.7|1392|278|16.3|3.2|2218|456|26.0|5.2|838|225|9.8|2.6|1719|333|20.2|3.8|1003|276|11.8|3.1|7170|470|84.1|3.3|2722|435|31.9|4.7
9700000US0609030|Clovis Unified School District, CA|0609030|2019-2023|001|154252|2539|4718|752|3.1|0.5|6142|705|4.0|0.5|28087|1627|18.2|1.0|35476|1755|23.0|1.1|16294|1148|10.6|0.7|39912|1765|25.9|1.1|23623|1238|15.3|0.7|143392|2396|93.0|0.7|63535|2104|41.2|1.2
9700000US0609070|Coachella Valley Unified School District, CA|0609070|2019-2023|001|55681|1832|16130|1623|29.0|2.4|6488|651|11.7|1.2|16557|1293|29.7|2.1|7021|717|12.6|1.4|2615|402|4.7|0.7|4496|500|8.1|0.9|2374|415|4.3|0.7|33063|1387|59.4|2.3|6870|642|12.3|1.1
9700000US0609120|Coalinga-Huron Unified School District, CA|0609120|2019-2023|001|15807|580|3517|527|22.2|3.0|2502|353|15.8|2.3|3909|467|24.7|2.8|3104|379|19.6|2.5|1158|296|7.3|1.9|1027|259|6.5|1.6|590|222|3.7|1.4|9788|610|61.9|3.3|1617|314|10.2|1.9
9600000US0699009|Coast Unified School District (9-12), CA|0699009|2019-2023|001|2696|487|10|18|0.4|0.7|104|67|3.9|2.4|388|150|14.4|5.3|728|210|27.0|6.7|254|116|9.4|4.1|766|287|28.4|8.4|446|150|16.5|4.8|2582|473|95.8|2.4|1212|331|45.0|7.6
9700000US0600049|Coast Unified School District, CA|0600049|2019-2023|001|5456|462|341|207|6.3|3.7|138|103|2.5|1.8|897|321|16.4|5.3|1217|228|22.3|4.2|613|125|11.2|2.2|1339|202|24.5|3.6|911|180|16.7|3.2|4977|434|91.2|4.1|2250|272|41.2|4.7
9500000US0609240|Coffee Creek Elementary School District, CA|0609240|2019-2023|001|226|105|3|4|1.3|2.1|9|14|4.0|5.1|98|57|43.4|13.9|61|32|27.0|12.8|1|3|0.4|1.4|33|38|14.6|13.0|21|24|9.3|9.3|214|101|94.7|5.6|54|46|23.9|13.2
9500000US0609270|Cold Spring Elementary School District, CA|0609270|2019-2023|001|1773|318|15|26|0.8|1.5|1|5|0.1|0.3|81|39|4.6|2.3|228|82|12.9|4.6|113|70|6.4|3.7|696|196|39.3|7.7|639|191|36.0|8.1|1757|320|99.1|1.5|1335|290|75.3|6.2
9500000US0609300|Colfax Elementary School District, CA|0609300|2019-2023|001|4111|478|159|134|3.9|3.2|305|146|7.4|3.4|1269|297|30.9|5.7|950|163|23.1|3.6|698|188|17.0|4.4|400|118|9.7|2.9|330|209|8.0|4.9|3647|432|88.7|4.5|730|240|17.8|5.6
9500000US0609330|College Elementary School District, CA|0609330|2019-2023|001|4892|583|231|134|4.7|2.7|204|154|4.2|3.0|778|226|15.9|4.0|1291|333|26.4|6.7|598|215|12.2|3.9|1186|327|24.2|6.1|604|191|12.3|3.8|4457|542|91.1|4.4|1790|394|36.6|7.1
9700000US0609390|Colton Joint Unified School District, CA|0609390|2019-2023|001|75954|1910|9100|870|12.0|1.1|8796|1004|11.6|1.3|23662|1299|31.2|1.5|15734|1190|20.7|1.4|5303|578|7.0|0.8|8779|839|11.6|1.1|4580|569|6.0|0.7|58058|1929|76.4|1.5|13359|1016|17.6|1.3
9500000US0609450|Columbia Elementary School District, CA|0609450|2019-2023|001|6556|544|135|67|2.1|1.0|179|86|2.7|1.3|1140|214|17.4|3.1|2074|388|31.6|4.8|990|248|15.1|3.6|1390|248|21.2|3.7|648|162|9.9|2.3|6242|531|95.2|1.8|2038|310|31.1|4.4
9500000US0609480|Columbia Union Elementary School District, CA|0609480|2019-2023|001|4590|543|50|55|1.1|1.2|197|103|4.3|2.3|1225|303|26.7|4.8|1730|292|37.7|4.7|558|220|12.2|4.8|556|167|12.1|3.6|274|118|6.0|2.5|4343|543|94.6|2.7|830|212|18.1|4.4
9500000US0609510|Columbine Elementary School District, CA|0609510|2019-2023|001|126|51|54|35|42.9|17.9|18|14|14.3|11.0|18|15|14.3|11.6|11|14|8.7|11.4|3|4|2.4|3.2|14|12|11.1|7.6|8|11|6.3|9.0|54|28|42.9|16.7|22|17|17.5|11.6
9700000US0609570|Colusa Unified School District, CA|0609570|2019-2023|001|5046|291|536|184|10.6|3.5|427|165|8.5|3.2|1644|276|32.6|5.0|1123|194|22.3|3.8|567|174|11.2|3.4|493|133|9.8|2.7|256|151|5.1|2.9|4083|331|80.9|4.9|749|190|14.8|3.7
9700000US0609620|Compton Unified School District, CA|0609620|2019-2023|001|96743|2093|21511|1214|22.2|1.1|11838|846|12.2|0.8|25991|1309|26.9|1.2|18200|981|18.8|1.0|6535|806|6.8|0.8|8907|804|9.2|0.8|3761|512|3.9|0.5|63394|1754|65.5|1.4|12668|1015|13.1|1.0
9700000US0609640|Conejo Valley Unified School District, CA|0609640|2019-2023|001|94734|1172|2379|435|2.5|0.5|2604|500|2.7|0.5|13413|1045|14.2|1.1|17972|994|19.0|1.0|9897|981|10.4|1.0|28021|1228|29.6|1.2|20448|1046|21.6|1.1|89751|1392|94.7|0.7|48469|1448|51.2|1.4
9700000US0609690|Corcoran Joint Unified School District, CA|0609690|2019-2023|001|16145|573|2620|397|16.2|2.4|3913|395|24.2|2.3|5010|445|31.0|2.6|3351|305|20.8|1.8|666|188|4.1|1.1|406|176|2.5|1.1|179|79|1.1|0.5|9612|598|59.5|3.0|585|183|3.6|1.1
9500000US0609780|Corning Union Elementary School District, CA|0609780|2019-2023|001|8653|603|1012|314|11.7|3.5|830|211|9.6|2.4|2698|579|31.2|6.0|2221|410|25.7|4.4|846|249|9.8|2.9|712|237|8.2|2.7|334|209|3.9|2.4|6811|627|78.7|4.5|1046|358|12.1|4.1
9600000US0609810|Corning Union High School District, CA|0609810|2019-2023|001|10744|727|1171|313|10.9|2.9|930|209|8.7|1.9|3334|620|31.0|5.0|2725|404|25.4|3.4|1032|256|9.6|2.4|1006|259|9.4|2.4|546|237|5.1|2.2|8643|725|80.4|3.6|1552|384|14.4|3.5
9700000US0609850|Corona-Norco Unified School District, CA|0609850|2019-2023|001|188184|2399|12795|1052|6.8|0.6|11726|1171|6.2|0.6|45310|1868|24.1|0.9|41490|1690|22.0|0.9|16383|1083|8.7|0.6|41369|1580|22.0|0.8|19111|1200|10.2|0.6|163663|2502|87.0|0.7|60480|2093|32.1|1.0
9700000US0609870|Coronado Unified School District, CA|0609870|2019-2023|001|13330|842|93|55|0.7|0.4|207|146|1.6|1.1|1211|368|9.1|2.5|2242|346|16.8|2.8|912|249|6.8|1.8|4448|469|33.4|3.1|4217|504|31.6|3.1|13030|828|97.7|1.3|8665|695|65.0|3.3
9700000US0609940|Cotati-Rohnert Park Unified School District, CA|0609940|2019-2023|001|36731|930|1626|436|4.4|1.2|1627|390|4.4|1.1|8178|791|22.3|2.1|9780|709|26.6|1.8|3838|495|10.4|1.3|7770|722|21.2|1.8|3912|552|10.7|1.5|33478|989|91.1|1.3|11682|969|31.8|2.4
9500000US0609990|Cottonwood Union Elementary School District, CA|0609990|2019-2023|001|6324|900|287|178|4.5|2.6|484|196|7.7|3.2|1423|525|22.5|7.0|2219|624|35.1|7.4|741|215|11.7|3.4|823|266|13.0|4.8|347|150|5.5|2.5|5553|824|87.8|3.4|1170|273|18.5|5.2
9700000US0610050|Covina-Valley Unified School District, CA|0610050|2019-2023|001|54919|1784|4540|609|8.3|1.1|3916|496|7.1|0.9|14223|1230|25.9|1.8|12676|805|23.1|1.4|4839|488|8.8|0.8|10257|834|18.7|1.4|4468|427|8.1|0.7|46463|1724|84.6|1.3|14725|938|26.8|1.6
9500000US0616300|Cucamonga Elementary School District, CA|0616300|2019-2023|001|22208|1475|947|289|4.3|1.3|1599|349|7.2|1.6|4845|597|21.8|2.5|4920|715|22.2|2.9|2250|452|10.1|2.0|5510|854|24.8|3.0|2137|392|9.6|1.6|19662|1467|88.5|2.1|7647|947|34.4|2.9
9500000US0610230|Cuddeback Union Elementary School District, CA|0610230|2019-2023|001|887|258|4|5|0.5|0.6|45|28|5.1|3.4|228|120|25.7|11.9|285|122|32.1|9.4|106|42|12.0|5.1|180|112|20.3|9.4|39|29|4.4|3.2|838|255|94.5|3.5|219|118|24.7|9.4
9700000US0610260|Culver City Unified School District, CA|0610260|2019-2023|001|30234|562|880|286|2.9|1.0|951|342|3.1|1.1|2845|449|9.4|1.5|4192|653|13.9|2.1|1741|425|5.8|1.4|10275|793|34.0|2.5|9350|890|30.9|2.9|28403|746|93.9|1.4|19625|910|64.9|2.8
9500000US0610290|Cupertino Union Elementary School District, CA|0610290|2019-2023|001|97430|1869|1589|357|1.6|0.4|1475|430|1.5|0.4|5761|665|5.9|0.7|6696|693|6.9|0.7|4768|466|4.9|0.5|31564|1389|32.4|1.2|45577|1333|46.8|1.4|94366|1773|96.9|0.5|77141|1624|79.2|1.1
9500000US0610320|Curtis Creek Elementary School District, CA|0610320|2019-2023|001|7434|676|92|59|1.2|0.8|458|205|6.2|2.6|1962|442|26.4|5.3|2405|435|32.4|5.4|657|207|8.8|2.7|1323|354|17.8|4.7|537|203|7.2|2.5|6884|626|92.6|2.7|1860|407|25.0|5.0
9700000US0610350|Cutler-Orosi Joint Unified School District, CA|0610350|2019-2023|001|10385|1147|3854|753|37.1|5.4|1081|269|10.4|2.5|2035|410|19.6|3.5|1603|438|15.4|4.0|913|353|8.8|3.4|766|271|7.4|2.3|133|91|1.3|0.9|5450|824|52.5|5.9|899|291|8.7|2.4
9500000US0610380|Cutten Elementary School District, CA|0610380|2019-2023|001|4017|924|66|53|1.6|1.2|115|126|2.9|3.0|1322|660|32.9|11.7|908|335|22.6|7.6|396|157|9.9|3.6|662|189|16.5|5.7|548|241|13.6|5.3|3836|872|95.5|3.2|1210|275|30.1|6.8
9700000US0600009|Cuyama Joint Unified School District, CA|0600009|2019-2023|001|713|174|89|60|12.5|8.7|21|23|2.9|3.2|172|60|24.1|8.1|203|103|28.5|11.0|35|30|4.9|3.9|167|92|23.4|9.7|26|21|3.6|3.2|603|177|84.6|9.0|193|90|27.1|9.2
9500000US0610440|Cypress Elementary School District, CA|0610440|2019-2023|001|32253|1052|1659|419|5.1|1.3|1240|272|3.8|0.8|5196|629|16.1|1.8|6191|646|19.2|2.0|2642|330|8.2|1.0|9267|720|28.7|2.1|6058|573|18.8|1.6|29354|1022|91.0|1.5|15325|944|47.5|2.5
9700000US0610620|Davis Joint Unified School District, CA|0610620|2019-2023|001|39616|774|712|228|1.8|0.6|738|188|1.9|0.5|2891|417|7.3|1.0|4278|448|10.8|1.1|1650|263|4.2|0.7|12404|731|31.3|1.8|16943|702|42.8|1.6|38166|765|96.3|0.7|29347|857|74.1|1.7
9700000US0610680|Death Valley Unified School District, CA|0610680|2019-2023|001|892|211|15|19|1.7|2.1|23|45|2.6|5.2|287|76|32.2|9.2|137|88|15.4|10.8|45|35|5.0|3.8|219|117|24.6|9.5|166|160|18.6|17.1|854|217|95.7|5.8|385|235|43.2|21.6
9500000US0610710|Dehesa Elementary School District, CA|0610710|2019-2023|001|1778|349|52|52|2.9|2.8|187|86|10.5|4.7|379|131|21.3|5.4|540|169|30.4|6.1|190|77|10.7|3.6|317|91|17.8|5.0|113|49|6.4|2.9|1539|323|86.6|5.4|430|107|24.2|6.2
9500000US0610740|Del Mar Union Elementary School District, CA|0610740|2019-2023|001|35072|1501|276|205|0.8|0.6|337|208|1.0|0.6|1728|361|4.9|1.0|2763|445|7.9|1.3|1399|345|4.0|1.0|13291|817|37.9|2.4|15278|1429|43.6|2.9|34459|1520|98.3|0.8|28569|1537|81.5|2.2
9700000US0610770|Del Norte County Unified School District, CA|0610770|2019-2023|001|19853|209|838|249|4.2|1.3|2032|333|10.2|1.7|5078|470|25.6|2.3|5740|616|28.9|3.0|2001|364|10.1|1.8|2540|432|12.8|2.2|1624|357|8.2|1.8|16983|509|85.5|2.3|4164|557|21.0|2.8
9600000US0610860|Delano Joint Union High School District, CA|0610860|2019-2023|001|40696|1240|10977|1082|27.0|2.3|5205|520|12.8|1.3|12725|985|31.3|2.1|6557|559|16.1|1.4|2246|473|5.5|1.2|2354|380|5.8|1.0|632|193|1.6|0.5|24514|1050|60.2|2.3|2986|449|7.3|1.1
9500000US0610890|Delano Union Elementary School District, CA|0610890|2019-2023|001|33601|1132|8067|943|24.0|2.4|4527|524|13.5|1.6|10871|970|32.4|2.5|5448|537|16.2|1.7|1981|458|5.9|1.4|2141|374|6.4|1.2|566|184|1.7|0.5|21007|986|62.5|2.5|2707|429|8.1|1.3
9700000US0600039|Delhi Unified School District, CA|0600039|2019-2023|001|7398|719|1670|373|22.6|4.3|991|332|13.4|4.3|2106|421|28.5|4.9|1060|224|14.3|3.2|540|208|7.3|2.8|820|252|11.1|3.1|211|110|2.9|1.4|4737|544|64.0|4.8|1031|288|13.9|3.4
9500000US0610980|Delphic Elementary School District, CA|0610980|2019-2023|001|114|51|8|9|7.0|8.3|6|9|5.3|6.7|23|16|20.2|11.2|47|29|41.2|15.7|18|14|15.8|9.8|5|6|4.4|5.1|7|9|6.1|7.2|100|47|87.7|9.6|12|12|10.5|9.6
9700000US0611040|Denair Unified School District, CA|0611040|2019-2023|001|5374|621|239|121|4.4|2.2|522|207|9.7|3.3|1352|394|25.2|6.1|1393|291|25.9|5.4|616|228|11.5|4.1|885|304|16.5|5.4|367|155|6.8|3.0|4613|507|85.8|3.7|1252|332|23.3|6.0
9700000US0611100|Desert Center Unified School District, CA|0611100|2019-2023|001|147|95|2|6|1.4|4.1|0|14|0.0|24.7|88|85|59.9|30.4|23|19|15.6|14.1|12|14|8.2|9.5|14|14|9.5|10.1|8|11|5.4|8.7|145|94|98.6|4.1|22|19|15.0|14.2
9700000US0611110|Desert Sands Unified School District, CA|0611110|2019-2023|001|138487|2372|10137|1018|7.3|0.7|11098|991|8.0|0.7|31451|1646|22.7|1.1|30943|1468|22.3|1.0|11043|871|8.0|0.6|26738|1337|19.3|0.9|17077|768|12.3|0.5|117252|2381|84.7|0.9|43815|1419|31.6|0.9
9500000US0611130|Di Giorgio Elementary School District, CA|0611130|2019-2023|001|396|127|140|67|35.4|10.9|68|43|17.2|8.0|102|49|25.8|10.8|63|31|15.9|7.6|13|11|3.3|2.7|4|7|1.0|1.8|6|10|1.5|2.3|188|68|47.5|13.3|10|14|2.5|3.2
9600000US0606016|Dinuba Unified School District (9-12), CA|0606016|2019-2023|001|2265|275|654|165|28.9|5.6|244|91|10.8|3.6|556|125|24.5|5.1|399|109|17.6|4.4|162|54|7.2|2.5|178|64|7.9|2.7|72|60|3.2|2.6|1367|178|60.4|5.9|250|99|11.0|4.2
9700000US0600065|Dinuba Unified School District, CA|0600065|2019-2023|001|15808|835|2923|457|18.5|2.7|1388|304|8.8|2.0|4148|557|26.2|3.5|3751|603|23.7|3.2|1412|389|8.9|2.4|1366|388|8.6|2.4|820|298|5.2|1.9|11497|826|72.7|3.1|2186|439|13.8|2.7
9500000US0611220|Dixie Elementary School District, CA|0611220|2019-2023|001|17158|955|512|229|3.0|1.3|707|261|4.1|1.5|1838|369|10.7|2.1|2730|496|15.9|2.8|1279|297|7.5|1.8|6145|696|35.8|3.1|3947|477|23.0|2.6|15939|934|92.9|2.3|10092|882|58.8|3.6
9700000US0611280|Dixon Unified School District, CA|0611280|2019-2023|001|15082|629|1446|359|9.6|2.3|772|264|5.1|1.7|4023|520|26.7|3.4|3968|585|26.3|3.6|1203|367|8.0|2.4|2215|406|14.7|2.6|1455|321|9.6|2.1|12864|685|85.3|3.2|3670|547|24.3|3.5
9700000US0600033|Dos Palos-Oro Loma Joint Unified School District, CA|0600033|2019-2023|001|6839|470|1414|398|20.7|5.9|758|346|11.1|4.8|2382|420|34.8|6.0|1131|276|16.5|3.9|431|197|6.3|2.8|580|226|8.5|3.2|143|79|2.1|1.2|4667|536|68.2|6.6|723|243|10.6|3.5
9500000US0611430|Douglas City Elementary School District, CA|0611430|2019-2023|001|771|316|9|15|1.2|2.0|19|26|2.5|3.3|392|265|50.8|16.6|136|65|17.6|8.9|52|45|6.7|5.6|63|42|8.2|6.3|100|73|13.0|9.0|743|311|96.4|3.7|163|78|21.1|10.6
9700000US0611460|Downey Unified School District, CA|0611460|2019-2023|001|84076|1419|9815|807|11.7|0.9|6702|726|8.0|0.8|21453|1146|25.5|1.3|18094|1076|21.5|1.3|7133|658|8.5|0.8|14468|1018|17.2|1.2|6411|685|7.6|0.8|67559|1355|80.4|1.1|20879|1302|24.8|1.5
9500000US0611490|Dry Creek Joint Elementary School District, CA|0611490|2019-2023|001|38592|1548|933|269|2.4|0.7|1128|298|2.9|0.7|8725|902|22.6|2.2|9072|825|23.5|2.0|4507|554|11.7|1.4|9726|972|25.2|2.2|4501|477|11.7|1.2|36531|1437|94.7|0.9|14227|1129|36.9|2.5
9700000US0611520|Duarte Unified School District, CA|0611520|2019-2023|001|20918|657|1987|339|9.5|1.6|1467|255|7.0|1.2|5220|593|25.0|2.8|4130|447|19.7|2.1|1463|262|7.0|1.2|4486|563|21.4|2.6|2165|323|10.3|1.6|17464|647|83.5|1.7|6651|634|31.8|2.9
9700000US0600019|Dublin Unified School District, CA|0600019|2019-2023|001|48815|782|1185|229|2.4|0.5|1014|313|2.1|0.6|4755|744|9.7|1.5|5191|589|10.6|1.2|2723|417|5.6|0.9|18503|1122|37.9|2.0|15444|770|31.6|1.7|46616|840|95.5|0.8|33947|995|69.5|1.7
9500000US0611550|Ducor Union Elementary School District, CA|0611550|2019-2023|001|613|197|160|81|26.1|10.3|42|37|6.9|5.3|157|78|25.6|8.6|79|39|12.9|5.3|87|55|14.2|8.1|80|46|13.1|6.0|8|9|1.3|1.6|411|141|67.0|9.3|88|44|14.4|5.8
9500000US0611610|Dunham Elementary School District, CA|0611610|2019-2023|001|568|108|3|5|0.5|0.9|24|18|4.2|2.8|108|35|19.0|6.1|151|46|26.6|6.3|51|25|9.0|3.9|153|52|26.9|7.0|78|31|13.7|4.8|541|99|95.2|2.9|231|63|40.7|7.1
9500000US0611670|Dunsmuir Elementary School District, CA|0611670|2019-2023|001|1469|173|42|38|2.9|2.6|104|55|7.1|3.7|391|81|26.6|4.7|353|68|24.0|4.8|239|71|16.3|4.1|262|92|17.8|5.3|78|29|5.3|1.9|1323|172|90.1|4.1|340|98|23.1|5.3
9600000US0611700|Dunsmuir Joint Union High School District, CA|0611700|2019-2023|001|1730|199|45|38|2.6|2.2|109|57|6.3|3.3|473|101|27.3|4.8|422|84|24.4|4.5|281|78|16.2|4.0|299|105|17.3|5.1|101|34|5.8|1.9|1576|207|91.1|3.7|400|114|23.1|5.3
9700000US0611730|Durham Unified School District, CA|0611730|2019-2023|001|4400|791|70|93|1.6|2.2|237|145|5.4|3.0|867|280|19.7|5.7|1017|337|23.1|6.7|435|199|9.9|3.9|1087|371|24.7|7.0|687|303|15.6|6.2|4093|770|93.0|3.6|1774|557|40.3|10.0
9500000US0611760|Earlimart Elementary School District, CA|0611760|2019-2023|001|5266|661|2244|435|42.6|7.2|509|205|9.7|3.7|1301|341|24.7|5.3|858|243|16.3|3.7|195|115|3.7|2.2|116|78|2.2|1.5|43|54|0.8|1.0|2513|508|47.7|6.6|159|99|3.0|1.8
9600000US0611780|East Nicolaus Joint Union High School District, CA|0611780|2019-2023|001|1656|173|82|42|5.0|2.4|145|58|8.8|3.1|404|78|24.4|3.6|464|75|28.0|3.6|199|47|12.0|2.8|244|43|14.7|2.5|118|34|7.1|1.9|1429|145|86.3|3.4|362|50|21.9|2.6
9600000US0611820|East Side Union High School District, CA|0611820|2019-2023|001|373297|3538|45437|1900|12.2|0.5|26325|1317|7.1|0.3|70106|2144|18.8|0.5|60286|1758|16.1|0.5|27904|1307|7.5|0.3|88273|2532|23.6|0.6|54966|1890|14.7|0.5|301535|3221|80.8|0.5|143239|2673|38.4|0.6
9500000US0611850|East Whittier City Elementary School District, CA|0611850|2019-2023|001|49111|1910|2246|292|4.6|0.6|3230|537|6.6|1.0|14058|1101|28.6|1.8|11176|700|22.8|1.3|4830|474|9.8|0.9|8675|742|17.7|1.4|4896|427|10.0|0.8|43635|1657|88.8|1.1|13571|957|27.6|1.7
9700000US0611870|Eastern Sierra Unified School District, CA|0611870|2019-2023|001|2678|377|218|160|8.1|6.3|163|114|6.1|3.8|572|190|21.4|7.3|673|247|25.1|7.5|79|61|2.9|2.2|635|260|23.7|9.4|338|148|12.6|5.1|2297|381|85.8|6.0|973|315|36.3|10.7
9500000US0611910|Eastside Union Elementary School District, CA|0611910|2019-2023|001|15248|963|1814|530|11.9|3.0|1784|411|11.7|2.6|4432|387|29.1|3.0|3223|559|21.1|3.4|1315|396|8.6|2.4|1781|317|11.7|2.0|899|264|5.9|1.8|11650|703|76.4|3.9|2680|401|17.6|2.7
9500000US0611940|Edison Elementary School District, CA|0611940|2019-2023|001|3439|619|677|258|19.7|6.3|404|163|11.7|4.4|1034|370|30.1|9.6|452|192|13.1|5.5|306|194|8.9|5.1|356|155|10.4|4.7|210|173|6.1|4.6|2358|488|68.6|7.9|566|211|16.5|5.4
9500000US0612030|El Centro Elementary School District, CA|0612030|2019-2023|001|23838|1087|3630|579|15.2|2.2|3085|503|12.9|2.1|6507|772|27.3|3.1|5247|564|22.0|2.5|1996|416|8.4|1.6|2219|478|9.3|1.8|1154|329|4.8|1.3|17123|1075|71.8|3.1|3373|631|14.1|2.4
9600000US0612070|El Dorado Union High School District, CA|0612070|2019-2023|001|107946|995|1667|449|1.5|0.4|3187|505|3.0|0.5|21584|1253|20.0|1.2|26285|1062|24.4|1.0|11931|905|11.1|0.8|28486|1302|26.4|1.2|14806|774|13.7|0.7|103092|1099|95.5|0.5|43292|1450|40.1|1.3
9500000US0612090|El Monte City School District, CA|0612090|2019-2023|001|56391|1527|11068|736|19.6|1.2|6119|602|10.9|1.0|16374|1348|29.0|2.2|9276|881|16.4|1.4|2833|344|5.0|0.6|8027|695|14.2|1.2|2694|372|4.8|0.7|39204|1393|69.5|1.6|10721|851|19.0|1.5
9600000US0612120|El Monte Union High School District, CA|0612120|2019-2023|001|115272|2064|25938|1423|22.5|1.2|13458|875|11.7|0.7|31104|1544|27.0|1.3|18242|973|15.8|0.8|6013|506|5.2|0.4|15361|950|13.3|0.8|5156|547|4.5|0.4|75876|1935|65.8|1.2|20517|1137|17.8|0.9
9500000US0612150|El Nido Elementary School District, CA|0612150|2019-2023|001|971|158|241|73|24.8|6.6|181|47|18.6|4.3|252|79|26.0|5.7|227|67|23.4|6.1|10|10|1.0|1.1|51|35|5.3|3.4|9|13|0.9|1.3|549|123|56.5|6.8|60|38|6.2|3.6
9700000US0612180|El Rancho Unified School District, CA|0612180|2019-2023|001|39841|1162|6551|698|16.4|1.7|4008|477|10.1|1.2|12122|924|30.4|2.0|7984|726|20.0|1.7|2685|391|6.7|1.0|4962|595|12.5|1.4|1529|256|3.8|0.7|29282|1232|73.5|2.1|6491|600|16.3|1.4
9700000US0612210|El Segundo Unified School District, CA|0612210|2019-2023|001|12576|370|85|54|0.7|0.4|110|93|0.9|0.7|1177|298|9.4|2.4|2298|401|18.3|3.2|1040|218|8.3|1.7|4888|429|38.9|3.1|2978|346|23.7|2.5|12381|382|98.4|0.8|7866|597|62.5|4.0
9700000US0600026|El Tejon Unified School District, CA|0600026|2019-2023|001|5760|948|256|156|4.4|2.7|275|107|4.8|1.9|1571|461|27.3|5.3|1356|345|23.5|5.8|480|193|8.3|3.3|1098|320|19.1|5.8|724|378|12.6|5.3|5229|915|90.8|3.4|1822|528|31.6|7.0
9700000US0612330|Elk Grove Unified School District, CA|0612330|2019-2023|001|239997|3134|19421|1267|8.1|0.5|13269|1040|5.5|0.4|50887|2242|21.2|0.9|57389|1986|23.9|0.8|23256|1376|9.7|0.6|52325|2049|21.8|0.8|23450|1346|9.8|0.5|207307|2910|86.4|0.7|75775|2240|31.6|0.8
9500000US0612360|Elk Hills Elementary School District, CA|0612360|2019-2023|001|163|55|24|16|14.7|9.6|31|19|19.0|10.9|53|27|32.5|12.4|28|16|17.2|7.9|10|13|6.1|7.5|10|12|6.1|7.0|7|9|4.3|5.2|108|48|66.3|15.0|17|15|10.4|8.0
9500000US0612600|Elverta Joint Elementary School District, CA|0612600|2019-2023|001|2077|426|77|58|3.7|2.8|126|87|6.1|3.8|827|254|39.8|7.5|583|184|28.1|6.0|230|90|11.1|4.7|163|53|7.8|2.6|71|43|3.4|2.0|1874|383|90.2|4.4|234|69|11.3|3.3
9700000US0612630|Emery Unified School District, CA|0612630|2019-2023|001|10817|404|143|92|1.3|0.8|100|69|0.9|0.6|612|200|5.7|1.8|1361|349|12.6|3.1|502|225|4.6|2.0|4346|427|40.2|4.0|3753|499|34.7|4.3|10574|423|97.8|1.1|8099|517|74.9|4.2
9500000US0612690|Empire Union Elementary School District, CA|0612690|2019-2023|001|19945|1384|1651|453|8.3|2.2|1638|452|8.2|2.1|6743|722|33.8|3.1|5131|658|25.7|2.9|1582|376|7.9|1.7|2377|409|11.9|2.0|823|237|4.1|1.2|16656|1181|83.5|2.8|3200|484|16.0|2.3
9500000US0612750|Encinitas Union Elementary School District, CA|0612750|2019-2023|001|53284|1753|1025|414|1.9|0.8|871|304|1.6|0.6|4311|494|8.1|0.9|7537|746|14.1|1.3|3668|570|6.9|1.0|20943|1164|39.3|1.9|14929|876|28.0|1.5|51388|1638|96.4|1.0|35872|1350|67.3|1.8
9500000US0612810|Enterprise Elementary School District, CA|0612810|2019-2023|001|22204|801|568|183|2.6|0.8|897|239|4.0|1.1|6104|640|27.5|2.6|6600|613|29.7|2.6|2578|348|11.6|1.5|3832|494|17.3|2.3|1625|318|7.3|1.4|20739|755|93.4|1.1|5457|538|24.6|2.4
9700000US0612840|Escalon Unified School District, CA|0612840|2019-2023|001|11720|636|985|266|8.4|2.2|1293|287|11.0|2.4|3202|528|27.3|4.3|3294|557|28.1|4.5|1106|323|9.4|2.6|1392|337|11.9|2.9|448|145|3.8|1.3|9442|609|80.6|2.9|1840|386|15.7|3.3
9500000US0612880|Escondido Union Elementary School District, CA|0612880|2019-2023|001|116723|1619|14327|1273|12.3|1.0|7034|802|6.0|0.7|25960|1431|22.2|1.2|25299|1480|21.7|1.3|9370|867|8.0|0.7|22372|1325|19.2|1.1|12361|924|10.6|0.8|95362|1794|81.7|1.4|34733|1654|29.8|1.3
9600000US0612910|Escondido Union High School District, CA|0612910|2019-2023|001|119033|1658|14412|1277|12.1|1.0|7094|799|6.0|0.7|26290|1471|22.1|1.2|25710|1512|21.6|1.3|9535|880|8.0|0.7|23162|1333|19.5|1.1|12830|925|10.8|0.8|97527|1826|81.9|1.3|35992|1663|30.2|1.3
9700000US0612930|Esparto Unified School District, CA|0612930|2019-2023|001|4530|476|387|203|8.5|4.3|234|129|5.2|2.7|1104|242|24.4|5.2|1355|344|29.9|6.6|341|135|7.5|2.9|689|189|15.2|3.7|420|154|9.3|3.5|3909|401|86.3|4.0|1109|252|24.5|5.3
9500000US0612960|Etiwanda Elementary School District, CA|0612960|2019-2023|001|61848|2106|1842|411|3.0|0.6|3066|528|5.0|0.8|11565|1025|18.7|1.7|13469|858|21.8|1.2|6309|835|10.2|1.3|15094|1410|24.4|1.9|10503|871|17.0|1.4|56940|1966|92.1|1.2|25597|1705|41.4|2.2
9600000US0699006|Eureka City Unified School District (7-12), CA|0699006|2019-2023|001|11375|1055|309|168|2.7|1.5|596|178|5.2|1.6|3051|759|26.8|5.5|2721|468|23.9|3.7|1265|310|11.1|2.3|2135|365|18.8|3.1|1298|326|11.4|2.8|10470|1073|92.0|2.3|3433|432|30.2|3.6
9600000US0699007|Eureka City Unified School District (9-12), CA|0699007|2019-2023|001|190|48|0|14|0.0|19.9|10|10|5.3|4.9|22|16|11.6|7.2|67|36|35.3|14.0|26|14|13.7|7.3|29|18|15.3|9.2|36|15|18.9|8.7|180|46|94.7|4.9|65|23|34.2|12.6
9700000US0600052|Eureka City Unified School District, CA|0600052|2019-2023|001|24485|937|964|337|3.9|1.3|1433|378|5.9|1.5|5561|722|22.7|3.0|6152|720|25.1|2.8|2512|415|10.3|1.6|5405|676|22.1|2.6|2458|485|10.0|1.9|22088|895|90.2|2.2|7863|731|32.1|2.7
9500000US0613080|Eureka Union Elementary School District, CA|0613080|2019-2023|001|19219|965|206|104|1.1|0.5|415|157|2.2|0.8|2740|431|14.3|2.1|3640|494|18.9|2.3|1624|319|8.4|1.6|6031|633|31.4|2.7|4563|494|23.7|2.7|18598|940|96.8|1.0|10594|678|55.1|2.8
9500000US0613140|Evergreen Elementary School District, CA|0613140|2019-2023|001|68520|2461|6227|960|9.1|1.3|4470|597|6.5|0.8|9720|804|14.2|1.1|10291|728|15.0|1.0|5381|456|7.9|0.7|19333|1419|28.2|1.5|13098|846|19.1|1.2|57823|2202|84.4|1.4|32431|1811|47.3|1.7
9500000US0613170|Evergreen Union Elementary School District, CA|0613170|2019-2023|001|7439|918|244|114|3.3|1.5|379|142|5.1|2.0|1760|385|23.7|4.9|2086|430|28.0|5.4|1032|411|13.9|4.7|1469|402|19.7|4.9|469|241|6.3|2.9|6816|907|91.6|2.5|1938|510|26.1|5.6
9600000US0606028|Exeter Unified School District (9-12), CA|0606028|2019-2023|001|1780|324|101|51|5.7|2.6|151|85|8.5|4.1|532|163|29.9|6.5|426|122|23.9|6.1|132|58|7.4|2.7|261|74|14.7|3.9|177|74|9.9|4.3|1528|265|85.8|4.4|438|120|24.6|6.7
9700000US0601423|Exeter Unified School District, CA|0601423|2019-2023|001|8417|643|706|236|8.4|2.8|512|239|6.1|2.8|2373|416|28.2|4.3|2487|348|29.5|3.9|776|209|9.2|2.5|1195|342|14.2|3.7|368|107|4.4|1.2|7199|630|85.5|3.4|1563|369|18.6|3.9
9500000US0613290|Fairfax Elementary School District, CA|0613290|2019-2023|001|8050|816|1831|494|22.7|5.9|1211|335|15.0|4.1|2980|707|37.0|7.0|1126|308|14.0|3.4|432|156|5.4|1.9|355|143|4.4|1.9|115|79|1.4|1.0|5008|792|62.2|6.4|470|142|5.8|2.0
9700000US0613360|Fairfield-Suisun Unified School District, CA|0613360|2019-2023|001|95433|1682|6705|672|7.0|0.7|5411|692|5.7|0.7|25507|1223|26.7|1.2|23730|1268|24.9|1.3|10053|909|10.5|0.9|16400|958|17.2|0.9|7627|610|8.0|0.6|83317|1763|87.3|1.0|24027|1046|25.2|1.0
9700000US0613470|Fall River Joint Unified School District, CA|0613470|2019-2023|001|5475|612|59|50|1.1|0.9|327|103|6.0|1.8|1800|429|32.9|5.5|1691|294|30.9|4.7|710|173|13.0|3.2|700|198|12.8|3.4|188|106|3.4|1.9|5089|591|92.9|2.0|888|231|16.2|4.0
9500000US0613500|Fallbrook Union Elementary School District, CA|0613500|2019-2023|001|33408|1784|2775|530|8.3|1.5|1219|329|3.6|0.9|7963|1004|23.8|2.4|7971|878|23.9|2.2|2888|499|8.6|1.4|6493|665|19.4|1.9|4099|526|12.3|1.6|29414|1663|88.0|1.6|10592|873|31.7|2.6
9600000US0613530|Fallbrook Union High School District, CA|0613530|2019-2023|001|35028|1850|2959|531|8.4|1.5|1300|335|3.7|0.9|8285|1018|23.7|2.3|8425|912|24.1|2.1|3017|497|8.6|1.4|6788|678|19.4|1.8|4254|523|12.1|1.6|30769|1746|87.8|1.6|11042|869|31.5|2.5
9700000US0600035|Farmersville Unified School District, CA|0600035|2019-2023|001|6255|382|2014|357|32.2|5.1|604|220|9.7|3.5|1929|403|30.8|6.6|896|263|14.3|4.1|535|208|8.6|3.1|206|101|3.3|1.6|71|56|1.1|0.9|3637|459|58.1|6.7|277|121|4.4|1.9
9700000US0600037|Ferndale Unified School District, CA|0600037|2019-2023|001|2442|284|19|20|0.8|0.8|188|91|7.7|3.6|604|196|24.7|6.9|773|163|31.7|6.1|261|88|10.7|3.5|422|146|17.3|5.6|175|61|7.2|2.6|2235|276|91.5|3.7|597|166|24.4|6.4
9500000US0613740|Fieldbrook Elementary School District, CA|0613740|2019-2023|001|650|120|8|11|1.2|1.7|23|19|3.5|2.9|89|30|13.7|4.6|163|57|25.1|6.4|44|22|6.8|3.4|213|73|32.8|8.2|110|33|16.9|5.1|619|115|95.2|3.3|323|77|49.7|7.2
9700000US0613800|Fillmore Unified School District, CA|0613800|2019-2023|001|14069|725|1869|413|13.3|2.8|1292|290|9.2|2.1|3913|777|27.8|5.1|2812|484|20.0|3.6|1975|442|14.0|3.1|1628|354|11.6|2.4|580|182|4.1|1.3|10908|734|77.5|3.3|2208|369|15.7|2.4
9700000US0613840|Firebaugh-Las Deltas Unified School District, CA|0613840|2019-2023|001|5218|506|1883|367|36.1|5.8|1156|323|22.2|5.9|1177|284|22.6|4.8|589|221|11.3|4.3|206|127|3.9|2.3|163|84|3.1|1.6|44|61|0.8|1.2|2179|396|41.8|6.5|207|109|4.0|2.1
9500000US0613860|Flournoy Union Elementary School District, CA|0613860|2019-2023|001|362|97|5|7|1.4|1.8|29|18|8.0|5.0|141|60|39.0|11.6|108|47|29.8|9.3|35|28|9.7|8.0|43|31|11.9|7.9|1|3|0.3|1.0|328|94|90.6|5.3|44|32|12.2|8.0
9700000US0613890|Folsom-Cordova Unified School District, CA|0613890|2019-2023|001|97180|1304|3040|550|3.1|0.6|4776|544|4.9|0.6|16873|990|17.4|1.0|20293|1124|20.9|1.0|9683|865|10.0|0.9|25623|1145|26.4|1.2|16892|971|17.4|1.0|89364|1406|92.0|0.8|42515|1368|43.7|1.4
9700000US0613920|Fontana Unified School District, CA|0613920|2019-2023|001|115816|2396|15357|1046|13.3|0.9|13405|1069|11.6|0.9|36682|1920|31.7|1.5|24335|1443|21.0|1.2|7511|804|6.5|0.7|13807|1178|11.9|1.0|4719|725|4.1|0.6|87054|2522|75.2|1.4|18526|1419|16.0|1.2
9500000US0613980|Foresthill Union Elementary School District, CA|0613980|2019-2023|001|4817|568|111|88|2.3|1.8|232|132|4.8|2.8|1209|337|25.1|6.4|1720|377|35.7|6.7|543|243|11.3|4.8|546|181|11.3|3.8|456|200|9.5|3.8|4474|571|92.9|3.8|1002|258|20.8|4.9
9500000US0614010|Forestville Union Elementary School District, CA|0614010|2019-2023|001|5424|606|96|55|1.8|1.0|123|63|2.3|1.2|920|224|17.0|3.8|1309|298|24.1|4.4|562|191|10.4|3.2|1337|243|24.6|3.9|1077|254|19.9|4.2|5205|599|96.0|1.6|2414|351|44.5|4.8
9500000US0614040|Forks of Salmon Elementary School District, CA|0614040|2019-2023|001|91|37|2|3|2.2|3.9|5|6|5.5|6.3|31|19|34.1|17.5|18|12|19.8|11.9|2|3|2.2|3.1|24|16|26.4|12.4|9|9|9.9|11.1|84|35|92.3|7.9|33|18|36.3|13.4
9700000US0614070|Fort Bragg Unified School District, CA|0614070|2019-2023|001|11572|760|843|208|7.3|1.9|707|253|6.1|2.1|2892|640|25.0|4.6|3173|461|27.4|4.2|860|204|7.4|1.7|2068|304|17.9|2.7|1029|239|8.9|2.0|10022|717|86.6|2.5|3097|359|26.8|3.1
9500000US0614130|Fort Ross Elementary School District, CA|0614130|2019-2023|001|599|97|2|3|0.3|0.5|36|58|6.0|9.6|84|56|14.0|8.5|123|63|20.5|10.0|32|15|5.3|2.6|175|77|29.2|12.4|147|55|24.5|7.3|561|109|93.7|9.6|322|103|53.8|14.7
9700000US0600011|Fort Sage Unified School District, CA|0600011|2019-2023|001|2991|334|204|86|6.8|3.0|595|120|19.9|4.2|835|159|27.9|6.0|663|234|22.2|6.2|356|119|11.9|3.8|205|120|6.9|3.8|133|86|4.4|2.6|2192|335|73.3|4.5|338|169|11.3|5.1
9500000US0601420|Fortuna Elementary School District, CA|0601420|2019-2023|001|9683|598|445|212|4.6|2.2|740|191|7.6|2.0|2702|409|27.9|3.7|2662|414|27.5|3.8|786|204|8.1|1.9|1598|295|16.5|2.8|750|226|7.7|2.4|8498|627|87.8|2.7|2348|367|24.2|3.6
9600000US0614190|Fortuna Union High School District, CA|0614190|2019-2023|001|15648|861|563|219|3.6|1.4|1060|234|6.8|1.5|4609|517|29.5|2.9|4460|523|28.5|2.9|1488|283|9.5|1.6|2408|352|15.4|2.0|1060|265|6.8|1.7|14025|846|89.6|2.0|3468|428|22.2|2.5
9500000US0614220|Fountain Valley Elementary School District, CA|0614220|2019-2023|001|39911|1231|1749|260|4.4|0.7|1459|283|3.7|0.7|6826|687|17.1|1.6|7840|696|19.6|1.7|3576|496|9.0|1.2|12718|752|31.9|1.7|5743|559|14.4|1.3|36703|1179|92.0|0.8|18461|954|46.3|1.9
9700000US0614250|Fowler Unified School District, CA|0614250|2019-2023|001|6902|716|1087|309|15.7|4.2|664|212|9.6|3.1|1572|328|22.8|4.8|1439|375|20.8|4.1|558|182|8.1|2.8|1143|321|16.6|3.7|439|150|6.4|2.3|5151|672|74.6|5.3|1582|359|22.9|4.2
9500000US0614340|Franklin Elementary School District, CA|0614340|2019-2023|001|1975|373|58|56|2.9|2.9|175|104|8.9|5.1|412|141|20.9|6.3|549|192|27.8|8.3|246|129|12.5|5.7|385|146|19.5|6.1|150|87|7.6|4.3|1742|358|88.2|6.3|535|159|27.1|6.3
9500000US0614370|Franklin-McKinley Elementary School District, CA|0614370|2019-2023|001|61820|1965|10590|844|17.1|1.2|6126|614|9.9|0.9|13871|1081|22.4|1.5|11154|902|18.0|1.4|3999|489|6.5|0.8|10492|766|17.0|1.2|5588|578|9.0|0.9|45104|1628|73.0|1.5|16080|818|26.0|1.3
9700000US0614400|Fremont Unified School District, CA|0614400|2019-2023|001|164362|1342|5513|691|3.4|0.4|5993|829|3.6|0.5|22862|1403|13.9|0.8|18389|1200|11.2|0.7|8490|764|5.2|0.5|53444|1737|32.5|1.0|49671|1651|30.2|1.0|152856|1683|93.0|0.7|103115|2080|62.7|1.2
9600000US0614430|Fremont Union High School District, CA|0614430|2019-2023|001|168895|2434|3942|444|2.3|0.3|3368|501|2.0|0.3|13085|1084|7.7|0.6|14362|1072|8.5|0.6|8440|627|5.0|0.4|52330|1762|31.0|0.9|73368|1924|43.4|1.0|161585|2434|95.7|0.4|125698|2317|74.4|0.9
9500000US0614490|French Gulch-Whiskeytown Elementary School District, CA|0614490|2019-2023|001|196|68|6|7|3.1|3.5|21|15|10.7|7.6|60|37|30.6|13.6|63|32|32.1|12.2|15|13|7.7|5.9|25|17|12.8|7.7|6|9|3.1|4.5|169|64|86.2|8.7|31|22|15.8|10.5
9500000US0614520|Freshwater Elementary School District, CA|0614520|2019-2023|001|1954|290|0|14|0.0|2.1|60|36|3.1|1.7|366|103|18.7|4.7|509|131|26.0|5.8|244|114|12.5|4.9|480|131|24.6|5.4|295|93|15.1|4.8|1894|276|96.9|1.7|775|165|39.7|7.0
9700000US0614550|Fresno Unified School District, CA|0614550|2019-2023|001|244537|3101|29144|1579|11.9|0.6|28209|1274|11.5|0.5|59911|2403|24.5|0.9|56930|2249|23.3|0.8|21593|1360|8.8|0.6|33129|1554|13.5|0.6|15621|1042|6.4|0.4|187184|3269|76.5|0.8|48750|1936|19.9|0.8
9500000US0614700|Fruitvale Elementary School District, CA|0614700|2019-2023|001|14933|960|533|217|3.6|1.4|547|156|3.7|1.0|3300|576|22.1|3.1|4289|509|28.7|3.3|1399|302|9.4|1.9|3004|433|20.1|2.8|1861|317|12.5|2.0|13853|945|92.8|1.6|4865|548|32.6|3.3
9500000US0614730|Fullerton Elementary School District, CA|0614730|2019-2023|001|83850|1595|5426|636|6.5|0.7|4572|615|5.5|0.7|13430|1072|16.0|1.3|17300|1076|20.6|1.3|6703|686|8.0|0.8|22949|1582|27.4|1.7|13470|939|16.1|1.0|73852|1697|88.1|1.0|36419|1620|43.4|1.6
9600000US0614760|Fullerton Joint Union High School District, CA|0614760|2019-2023|001|178539|2818|12611|1054|7.1|0.6|9567|815|5.4|0.5|34774|1864|19.5|1.0|38201|1590|21.4|0.8|15474|1003|8.7|0.6|43717|2111|24.5|1.1|24195|1331|13.6|0.7|156361|2712|87.6|0.7|67912|2234|38.0|1.1
9500000US0614790|Galt Joint Union Elementary School District, CA|0614790|2019-2023|001|21109|850|1755|378|8.3|1.7|1732|438|8.2|1.9|6421|662|30.4|2.9|4497|476|21.3|2.3|1975|477|9.4|2.3|3564|588|16.9|2.8|1165|315|5.5|1.5|17622|725|83.5|2.8|4729|658|22.4|3.1
9600000US0614820|Galt Joint Union High School District, CA|0614820|2019-2023|001|27404|999|2206|431|8.0|1.5|2151|446|7.8|1.5|8080|743|29.5|2.6|6437|633|23.5|2.1|2406|502|8.8|1.9|4611|661|16.8|2.3|1513|349|5.5|1.3|23047|860|84.1|2.2|6124|728|22.3|2.6
9700000US0614880|Garden Grove Unified School District, CA|0614880|2019-2023|001|189788|2863|26596|1236|14.0|0.6|19751|1394|10.4|0.7|46541|1747|24.5|0.8|34400|1516|18.1|0.7|14522|850|7.7|0.4|35759|1689|18.8|0.8|12219|825|6.4|0.4|143441|2789|75.6|0.9|47978|1779|25.3|0.9
9500000US0614910|Garfield Elementary School District, CA|0614910|2019-2023|001|294|70|0|14|0.0|13.4|6|6|2.0|1.9|38|16|12.9|4.8|63|40|21.4|10.4|18|14|6.1|4.7|88|30|29.9|9.7|81|28|27.6|7.4|288|69|98.0|1.9|169|44|57.5|11.4
9500000US0614940|Garvey Elementary School District, CA|0614940|2019-2023|001|36405|1365|8553|1019|23.5|2.4|3916|451|10.8|1.1|9882|704|27.1|1.8|3849|483|10.6|1.3|2215|313|6.1|0.9|6779|668|18.6|1.8|1211|265|3.3|0.7|23936|984|65.7|2.2|7990|765|21.9|2.1
9700000US0614950|Gateway Unified School District, CA|0614950|2019-2023|001|20618|1013|362|115|1.8|0.6|1474|377|7.1|1.8|5691|560|27.6|2.4|6553|727|31.8|2.9|2582|303|12.5|1.5|3030|356|14.7|1.6|926|221|4.5|1.1|18782|979|91.1|1.8|3956|421|19.2|1.9
9500000US0614970|Gazelle Union Elementary School District, CA|0614970|2019-2023|001|217|73|3|5|1.4|2.1|5|9|2.3|4.0|61|31|28.1|9.7|54|30|24.9|10.5|20|13|9.2|6.2|36|19|16.6|7.3|38|23|17.5|8.3|209|72|96.3|4.2|74|35|34.1|11.8
9500000US0615000|General Shafter Elementary School District, CA|0615000|2019-2023|001|595|121|140|61|23.5|10.0|56|32|9.4|5.2|141|65|23.7|8.2|173|71|29.1|10.9|41|27|6.9|4.3|40|26|6.7|4.0|4|5|0.7|0.8|399|114|67.1|11.1|44|27|7.4|4.2
9500000US0615090|Gerber Union Elementary School District, CA|0615090|2019-2023|001|2566|405|394|239|15.4|8.7|204|123|8.0|4.5|697|232|27.2|8.0|597|218|23.3|7.2|218|123|8.5|4.6|344|127|13.4|5.2|112|81|4.4|3.1|1968|358|76.7|8.7|456|146|17.8|6.0
9700000US0615150|Geyserville Unified School District, CA|0615150|2019-2023|001|1388|251|151|72|10.9|4.5|88|63|6.3|4.3|287|112|20.7|6.5|251|101|18.1|6.2|100|39|7.2|2.7|338|93|24.4|6.0|173|68|12.5|5.4|1149|209|82.8|6.4|511|108|36.8|7.6
9700000US0615180|Gilroy Unified School District, CA|0615180|2019-2023|001|43787|1164|4083|562|9.3|1.3|3110|397|7.1|0.9|9554|849|21.8|1.9|10684|801|24.4|1.6|4144|524|9.5|1.2|8103|671|18.5|1.5|4109|501|9.4|1.1|36594|1140|83.6|1.5|12212|816|27.9|1.9
9700000US0615240|Glendale Unified School District, CA|0615240|2019-2023|001|158855|2077|10276|974|6.5|0.6|6168|651|3.9|0.4|32057|1599|20.2|0.9|22386|1171|14.1|0.7|13859|1001|8.7|0.6|46434|1798|29.2|1.1|27675|1441|17.4|0.9|142411|2282|89.6|0.7|74109|2143|46.7|1.2
9700000US0615270|Glendora Unified School District, CA|0615270|2019-2023|001|26530|1024|568|137|2.1|0.5|819|176|3.1|0.7|5011|548|18.9|1.9|5997|604|22.6|2.1|2794|329|10.5|1.1|6528|679|24.6|2.3|4813|439|18.1|1.6|25143|1026|94.8|1.0|11341|826|42.7|2.6
9500000US0615390|Gold Oak Union Elementary School District, CA|0615390|2019-2023|001|4726|519|10|16|0.2|0.3|95|60|2.0|1.3|956|229|20.2|4.4|1407|323|29.8|5.4|802|231|17.0|4.6|1046|260|22.1|5.2|410|158|8.7|3.2|4621|514|97.8|1.4|1456|324|30.8|6.3
9500000US0615450|Gold Trail Union Elementary School District, CA|0615450|2019-2023|001|4952|686|51|50|1.0|1.0|109|71|2.2|1.5|1450|424|29.3|6.0|1115|183|22.5|4.3|346|142|7.0|2.7|1335|306|27.0|4.1|546|177|11.0|3.8|4792|689|96.8|2.1|1881|357|38.0|5.2
9500000US0615480|Golden Feather Union Elementary School District, CA|0615480|2019-2023|001|1652|369|11|13|0.7|0.8|141|114|8.5|5.6|473|212|28.6|8.7|462|141|28.0|8.6|108|62|6.5|3.4|335|105|20.3|6.9|122|71|7.4|4.2|1500|296|90.8|5.6|457|127|27.7|8.1
9700000US0691134|Golden Plains Unified School District, CA|0691134|2019-2023|001|3267|423|1209|195|37.0|6.6|371|144|11.4|3.9|885|249|27.1|6.1|601|182|18.4|4.5|102|67|3.1|2.0|96|76|2.9|2.3|3|6|0.1|0.2|1687|357|51.6|6.2|99|77|3.0|2.3
9700000US0600068|Golden Valley Unified School District, CA|0600068|2019-2023|001|8341|721|315|131|3.8|1.6|603|233|7.2|2.6|1585|308|19.0|3.5|1879|340|22.5|3.8|580|162|7.0|1.8|2327|455|27.9|4.6|1052|230|12.6|2.6|7423|646|89.0|2.8|3379|531|40.5|5.1
9500000US0615510|Goleta Union Elementary School District, CA|0615510|2019-2023|001|41280|1100|1889|471|4.6|1.1|1557|473|3.8|1.1|5657|514|13.7|1.1|7723|702|18.7|1.6|3410|478|8.3|1.2|11693|751|28.3|1.7|9351|721|22.7|1.7|37834|1155|91.7|1.5|21044|929|51.0|1.9
9600000US0606053|Gonzales Unified School District (9-12), CA|0606053|2019-2023|001|1275|255|368|112|28.9|6.6|159|71|12.5|5.0|274|92|21.5|5.9|207|78|16.2|5.1|107|43|8.4|3.0|120|58|9.4|4.3|40|28|3.1|2.0|748|175|58.7|7.3|160|78|12.5|5.6
9700000US0600046|Gonzales Unified School District, CA|0600046|2019-2023|001|5064|388|1355|307|26.8|5.7|628|209|12.4|4.3|1447|355|28.6|6.5|1075|283|21.2|5.4|117|62|2.3|1.2|213|114|4.2|2.1|229|137|4.5|2.6|3081|457|60.8|7.0|442|196|8.7|3.6
9500000US0615600|Gorman Elementary School District, CA|0615600|2019-2023|001|28|19|0|14|0.0|64.1|10|12|35.7|33.3|6|8|21.4|28.4|1|4|3.6|13.6|0|14|0.0|64.1|3|4|10.7|13.4|8|11|28.6|32.2|18|16|64.3|33.3|11|12|39.3|30.1
9500000US0615690|Grant Elementary School District, CA|0615690|2019-2023|001|1773|254|7|12|0.4|0.7|11|11|0.6|0.6|266|82|15.0|4.1|511|117|28.8|5.1|263|74|14.8|3.9|349|104|19.7|4.7|366|103|20.6|4.8|1755|255|99.0|0.9|715|163|40.3|6.2
9500000US0615780|Grass Valley Elementary School District, CA|0615780|2019-2023|001|21718|1140|297|158|1.4|0.7|933|303|4.3|1.4|5768|1001|26.6|3.9|5417|595|24.9|2.8|2038|383|9.4|1.8|4345|658|20.0|3.0|2920|539|13.4|2.4|20488|1109|94.3|1.4|7265|871|33.5|3.8
9500000US0615810|Gratton Elementary School District, CA|0615810|2019-2023|001|477|122|12|10|2.5|2.1|18|14|3.8|3.0|135|53|28.3|8.2|126|49|26.4|6.8|53|33|11.1|5.9|100|39|21.0|6.1|33|20|6.9|4.2|447|120|93.7|3.7|133|44|27.9|6.6
9500000US0615840|Gravenstein Union Elementary School District, CA|0615840|2019-2023|001|4054|380|198|130|4.9|3.2|199|91|4.9|2.2|713|182|17.6|4.0|1029|187|25.4|4.3|364|176|9.0|4.0|765|174|18.9|4.4|786|186|19.4|4.2|3657|386|90.2|4.4|1551|278|38.3|6.5
9500000US0615870|Graves Elementary School District, CA|0615870|2019-2023|001|136|157|29|31|21.3|24.1|17|23|12.5|6.2|48|74|35.3|18.0|36|56|26.5|13.8|2|4|1.5|5.3|3|6|2.2|5.1|1|2|0.7|1.6|90|129|66.2|23.2|4|6|2.9|5.5
9500000US0615990|Green Point Elementary School District, CA|0615990|2019-2023|001|182|72|1|3|0.5|1.7|11|16|6.0|8.4|31|19|17.0|9.5|60|34|33.0|11.3|43|34|23.6|13.9|24|18|13.2|7.8|12|11|6.6|5.6|170|70|93.4|8.5|36|23|19.8|9.4
9500000US0616080|Greenfield Union Elementary School District, CA|0616080|2019-2023|001|11236|671|4301|535|38.3|3.9|1243|300|11.1|2.8|3007|467|26.8|3.6|1262|259|11.2|2.3|446|176|4.0|1.5|850|274|7.6|2.4|127|76|1.1|0.7|5692|586|50.7|4.1|977|285|8.7|2.5
9500000US0616050|Greenfield Union School District, CA|0616050|2019-2023|001|30462|1648|6076|762|19.9|2.3|4337|690|14.2|2.0|9371|884|30.8|2.6|5429|790|17.8|2.5|2178|463|7.1|1.5|2506|481|8.2|1.5|565|182|1.9|0.6|20049|1275|65.8|2.8|3071|532|10.1|1.6
9500000US0616110|Grenada Elementary School District, CA|0616110|2019-2023|001|655|165|3|6|0.5|0.8|27|25|4.1|3.4|165|73|25.2|7.3|249|91|38.0|9.7|62|30|9.5|4.2|104|36|15.9|6.2|45|34|6.9|4.9|625|157|95.4|3.6|149|48|22.7|7.6
9600000US0699001|Gridley Unified School District (9-12), CA|0699001|2019-2023|001|887|190|111|63|12.5|6.3|43|29|4.8|2.9|196|84|22.1|8.0|282|101|31.8|8.8|80|36|9.0|3.7|124|53|14.0|5.5|51|24|5.7|2.6|733|164|82.6|6.8|175|65|19.7|6.7
9700000US0600051|Gridley Unified School District, CA|0600051|2019-2023|001|6327|454|556|220|8.8|3.4|443|177|7.0|2.8|1728|343|27.3|4.6|1507|307|23.8|4.2|907|333|14.3|5.6|841|223|13.3|3.2|345|118|5.5|1.8|5328|485|84.2|4.6|1186|251|18.7|3.4
9600000US0616230|Grossmont Union High School District, CA|0616230|2019-2023|001|334648|3567|16171|1179|4.8|0.4|17112|1029|5.1|0.3|80271|2357|24.0|0.7|87574|2288|26.2|0.6|34257|1682|10.2|0.5|65464|2106|19.6|0.6|33799|1454|10.1|0.4|301365|3828|90.1|0.5|99263|2728|29.7|0.7
9500000US0616260|Guadalupe Union Elementary School District, CA|0616260|2019-2023|001|4605|298|1379|273|29.9|6.1|575|237|12.5|5.0|935|295|20.3|5.9|818|251|17.8|5.5|367|107|8.0|2.2|341|123|7.4|2.6|190|83|4.1|1.7|2651|345|57.6|6.0|531|166|11.5|3.5
9500000US0616320|Guerneville Elementary School District, CA|0616320|2019-2023|001|4284|420|44|35|1.0|0.8|136|61|3.2|1.5|738|321|17.2|6.4|1227|210|28.6|5.0|351|98|8.2|2.3|1142|204|26.7|4.7|646|213|15.1|4.7|4104|429|95.8|1.6|1788|262|41.7|5.4
9700000US0616323|Gustine Unified School District, CA|0616323|2019-2023|001|6209|595|976|428|15.7|6.7|709|350|11.4|5.6|2003|497|32.3|6.3|1609|355|25.9|5.5|331|186|5.3|3.1|468|184|7.5|3.0|113|80|1.8|1.3|4524|620|72.9|6.9|581|195|9.4|3.2
9700000US0616325|Hacienda La Puente Unified School District, CA|0616325|2019-2023|001|81563|2063|10102|905|12.4|1.1|7519|777|9.2|0.9|21586|1057|26.5|1.3|15817|987|19.4|1.1|5977|596|7.3|0.7|14431|984|17.7|1.1|6131|617|7.5|0.7|63942|1823|78.4|1.2|20562|1205|25.2|1.2
9600000US0606025|Hamilton Unified School District (9-12), CA|0606025|2019-2023|001|562|164|6|6|1.1|1.0|31|22|5.5|3.5|264|137|47.0|14.5|134|48|23.8|9.1|30|17|5.3|3.4|58|29|10.3|5.4|39|22|6.9|4.1|525|153|93.4|3.5|97|39|17.3|7.7
9700000US0601339|Hamilton Unified School District, CA|0601339|2019-2023|001|1606|263|390|157|24.3|9.2|96|85|6.0|5.0|457|158|28.5|8.7|382|146|23.8|7.6|116|65|7.2|4.0|122|81|7.6|5.1|43|57|2.7|3.5|1120|235|69.7|9.2|165|94|10.3|5.8
9500000US0616470|Hanford Elementary School District, CA|0616470|2019-2023|001|27977|1020|3211|545|11.5|1.9|2811|525|10.0|1.8|7737|846|27.7|2.9|6962|749|24.9|2.6|3502|536|12.5|1.9|2716|405|9.7|1.4|1038|230|3.7|0.8|21955|1116|78.5|2.7|3754|472|13.4|1.6
9600000US0616500|Hanford Joint Union High School District, CA|0616500|2019-2023|001|45424|1044|5069|695|11.2|1.5|4132|687|9.1|1.5|12495|1005|27.5|2.0|11057|857|24.3|1.9|5156|649|11.4|1.4|5283|589|11.6|1.3|2232|387|4.9|0.8|36223|1244|79.7|2.1|7515|704|16.5|1.5
9500000US0616530|Happy Camp Union Elementary School District, CA|0616530|2019-2023|001|598|144|22|14|3.7|2.4|56|36|9.4|5.9|204|68|34.1|8.8|145|64|24.2|7.8|45|26|7.5|4.7|65|43|10.9|6.7|61|45|10.2|6.9|520|135|87.0|6.3|126|67|21.1|9.4
9500000US0616560|Happy Valley Elementary School District, CA|0616560|2019-2023|001|1088|174|17|16|1.6|1.4|3|5|0.3|0.5|123|44|11.3|4.0|173|58|15.9|4.8|112|42|10.3|3.5|373|108|34.3|6.9|287|88|26.4|6.8|1068|172|98.2|1.4|660|144|60.7|7.1
9500000US0616570|Happy Valley Union Elementary School District, CA|0616570|2019-2023|001|5359|927|328|267|6.1|4.9|381|173|7.1|3.4|1592|680|29.7|8.8|1536|355|28.7|5.6|507|199|9.5|3.7|795|299|14.8|6.4|220|162|4.1|3.0|4650|913|86.8|6.5|1015|274|18.9|6.1
9500000US0616620|Harmony Union School District, CA|0616620|2019-2023|001|3854|673|52|51|1.3|1.3|58|42|1.5|1.1|506|232|13.1|5.8|940|318|24.4|7.0|211|107|5.5|2.6|1277|456|33.1|9.2|810|227|21.0|5.8|3744|664|97.1|1.6|2087|496|54.2|8.2
9500000US0616650|Hart-Ransom Union Elementary School District, CA|0616650|2019-2023|001|2320|384|138|78|5.9|3.3|270|239|11.6|8.9|580|171|25.0|6.7|369|98|15.9|4.5|267|122|11.5|5.4|504|161|21.7|6.8|192|103|8.3|4.2|1912|243|82.4|9.0|696|191|30.0|7.6
9500000US0616680|Hawthorne Elementary School District, CA|0616680|2019-2023|001|47305|1144|5951|703|12.6|1.5|5256|699|11.1|1.5|12284|951|26.0|1.8|10902|876|23.0|1.9|3146|429|6.7|0.9|6921|754|14.6|1.5|2845|452|6.0|0.9|36098|1347|76.3|1.9|9766|872|20.6|1.7
9700000US0616740|Hayward Unified School District, CA|0616740|2019-2023|001|129318|1934|12945|918|10.0|0.7|9365|738|7.2|0.6|31292|1480|24.2|1.1|24058|1380|18.6|1.1|9699|906|7.5|0.7|29186|1656|22.6|1.3|12773|992|9.9|0.7|107008|1941|82.7|0.8|41959|1998|32.4|1.4
9600000US0606038|Healdsburg Unified School District (7-12), CA|0606038|2019-2023|001|1469|252|140|87|9.5|5.8|76|51|5.2|3.3|281|122|19.1|6.9|239|74|16.3|4.7|84|37|5.7|2.5|388|113|26.4|6.3|261|58|17.8|3.7|1253|228|85.3|6.7|649|150|44.2|8.1
9700000US0600044|Healdsburg Unified School District, CA|0600044|2019-2023|001|10808|526|728|269|6.7|2.5|530|238|4.9|2.1|1641|286|15.2|2.5|2033|379|18.8|3.4|1078|276|10.0|2.6|3042|447|28.1|3.8|1756|271|16.2|2.4|9550|556|88.4|3.6|4798|526|44.4|4.3
9500000US0616830|Heber Elementary School District, CA|0616830|2019-2023|001|4551|689|427|173|9.4|3.9|583|239|12.8|4.9|1176|357|25.8|6.1|1096|307|24.1|5.3|203|113|4.5|2.5|914|311|20.1|6.3|152|104|3.3|2.3|3541|627|77.8|5.5|1066|336|23.4|6.9
9500000US0616860|Helendale Elementary School District, CA|0616860|2019-2023|001|4754|539|132|138|2.8|2.9|295|171|6.2|3.7|1024|358|21.5|7.3|1819|481|38.3|8.7|421|229|8.9|4.5|601|205|12.6|4.7|462|257|9.7|5.3|4327|538|91.0|4.3|1063|309|22.4|6.7
9700000US0616920|Hemet Unified School District, CA|0616920|2019-2023|001|104716|2341|8509|924|8.1|0.8|11202|1249|10.7|1.1|31323|1353|29.9|1.3|27926|1660|26.7|1.5|8744|931|8.4|0.8|10819|907|10.3|0.9|6193|788|5.9|0.8|85005|2151|81.2|1.5|17012|1113|16.2|1.1
9500000US0617040|Hermosa Beach City Elementary School District, CA|0617040|2019-2023|001|14565|421|63|50|0.4|0.3|161|96|1.1|0.7|910|215|6.2|1.4|1810|327|12.4|2.2|479|147|3.3|1.0|6553|495|45.0|3.0|4589|425|31.5|2.9|14341|423|98.5|0.8|11142|499|76.5|2.8
9700000US0600014|Hesperia Unified School District, CA|0600014|2019-2023|001|66720|1547|6321|821|9.5|1.2|8426|870|12.6|1.2|22345|1427|33.5|1.8|15682|1118|23.5|1.6|5626|821|8.4|1.3|5482|701|8.2|1.0|2838|432|4.3|0.6|51973|1687|77.9|1.8|8320|835|12.5|1.2
9500000US0617160|Hickman Community Charter School District, CA|0617160|2019-2023|001|866|184|86|65|9.9|7.0|56|27|6.5|3.0|337|111|38.9|8.5|188|69|21.7|6.5|53|29|6.1|3.4|113|44|13.0|4.8|33|22|3.8|2.4|724|161|83.6|6.5|146|51|16.9|5.4
9500000US0617190|Hillsborough City Elementary School District, CA|0617190|2019-2023|001|7518|320|75|50|1.0|0.7|13|21|0.2|0.3|330|157|4.4|2.0|618|183|8.2|2.4|261|103|3.5|1.3|2728|352|36.3|4.3|3493|323|46.5|4.2|7430|317|98.8|0.7|6221|346|82.7|3.5
9700000US0617220|Hilmar Unified School District, CA|0617220|2019-2023|001|6791|819|1086|325|16.0|4.6|568|182|8.4|2.7|2219|349|32.7|4.1|1644|389|24.2|5.1|594|323|8.7|4.0|482|201|7.1|2.9|198|115|2.9|1.7|5137|791|75.6|5.7|680|235|10.0|3.4
9500000US0617340|Hollister School District, CA|0617340|2019-2023|001|32807|755|3533|544|10.8|1.6|2455|426|7.5|1.3|9195|686|28.0|2.0|7685|558|23.4|1.6|3578|456|10.9|1.4|4735|567|14.4|1.7|1626|318|5.0|1.0|26819|872|81.7|1.8|6361|735|19.4|2.2
9700000US0617430|Holtville Unified School District, CA|0617430|2019-2023|001|4930|473|701|304|14.2|5.7|691|301|14.0|6.0|1283|283|26.0|5.8|1182|256|24.0|4.5|347|149|7.0|3.0|542|168|11.0|3.2|184|100|3.7|2.0|3538|459|71.8|7.4|726|216|14.7|4.1
9500000US0617490|Hope Elementary School District (Santa Barbara County), CA|0617490|2019-2023|001|12019|874|623|250|5.2|2.2|296|129|2.5|1.0|1300|291|10.8|2.4|2390|382|19.9|2.8|1093|294|9.1|2.3|3553|634|29.6|4.4|2764|434|23.0|3.4|11100|907|92.4|2.1|6317|730|52.6|4.3
9500000US0617520|Hope Elementary School District (Tulare County), CA|0617520|2019-2023|001|520|172|93|93|17.9|15.3|74|73|14.2|11.0|153|65|29.4|10.1|92|35|17.7|7.8|36|29|6.9|5.4|58|41|11.2|7.0|14|18|2.7|3.2|353|102|67.9|14.7|72|48|13.8|7.8
9500000US0617580|Horicon Elementary School District, CA|0617580|2019-2023|001|1339|220|0|14|0.0|3.1|18|21|1.3|1.6|169|83|12.6|5.9|156|53|11.7|3.8|57|45|4.3|3.3|333|97|24.9|6.2|606|159|45.3|8.5|1321|220|98.7|1.6|939|188|70.1|6.8
9500000US0617620|Hornbrook Elementary School District, CA|0617620|2019-2023|001|629|142|21|48|3.3|6.9|49|27|7.8|4.0|161|65|25.6|8.1|254|89|40.4|10.3|69|32|11.0|5.5|60|28|9.5|4.4|15|9|2.4|1.5|559|117|88.9|7.8|75|30|11.9|4.9
9500000US0617640|Hot Springs Elementary School District, CA|0617640|2019-2023|001|205|81|4|7|2.0|3.7|19|25|9.3|11.9|47|38|22.9|14.5|55|31|26.8|12.3|40|27|19.5|10.7|5|4|2.4|2.5|35|30|17.1|13.2|182|76|88.8|12.1|40|30|19.5|13.3
9500000US0617760|Howell Mountain Elementary School District, CA|0617760|2019-2023|001|1814|305|65|59|3.6|3.2|67|51|3.7|2.9|205|89|11.3|4.3|236|78|13.0|4.7|206|136|11.4|6.7|516|159|28.4|6.7|519|164|28.6|7.8|1682|305|92.7|3.8|1035|226|57.1|7.3
9500000US0617850|Hueneme Elementary School District, CA|0617850|2019-2023|001|35222|1444|8529|1111|24.2|2.9|2913|487|8.3|1.3|8668|843|24.6|2.3|6855|983|19.5|2.4|2359|415|6.7|1.2|4263|469|12.1|1.4|1635|323|4.6|0.9|23780|1416|67.5|3.1|5898|563|16.7|1.7
9500000US0617880|Hughes-Elizabeth Lakes Union Elementary School District, CA|0617880|2019-2023|001|2651|423|112|112|4.2|4.1|86|64|3.2|2.3|770|251|29.0|7.3|817|181|30.8|6.3|246|99|9.3|3.5|477|143|18.0|5.0|143|76|5.4|2.9|2453|373|92.5|4.0|620|172|23.4|6.2
9600000US0699012|Hughson Unified School District (9-12), CA|0699012|2019-2023|001|1714|276|122|69|7.1|3.7|93|36|5.4|2.0|565|148|33.0|6.0|429|113|25.0|4.9|164|52|9.6|3.0|266|66|15.5|3.5|75|29|4.4|1.6|1499|245|87.5|3.9|341|73|19.9|3.7
9700000US0600060|Hughson Unified School District, CA|0600060|2019-2023|001|7242|521|493|242|6.8|3.3|496|225|6.8|3.1|2257|540|31.2|6.4|1798|399|24.8|5.5|726|236|10.0|3.3|1094|288|15.1|3.8|378|128|5.2|1.7|6253|559|86.3|4.4|1472|323|20.3|4.3
9500000US0618030|Huntington Beach City Elementary School District, CA|0618030|2019-2023|001|61588|1667|1055|244|1.7|0.4|1474|351|2.4|0.6|8893|1088|14.4|1.7|12039|982|19.5|1.6|5557|599|9.0|1.0|20323|1318|33.0|1.8|12247|952|19.9|1.5|59059|1680|95.9|0.7|32570|1673|52.9|2.2
9600000US0618060|Huntington Beach Union High School District, CA|0618060|2019-2023|001|231228|2438|12538|898|5.4|0.4|12002|964|5.2|0.4|42237|1855|18.3|0.8|46766|1852|20.2|0.7|20618|1608|8.9|0.7|62766|2136|27.1|0.9|34301|1351|14.8|0.6|206688|2448|89.4|0.5|97067|2425|42.0|1.0
9500000US0618120|Hydesville Elementary School District, CA|0618120|2019-2023|001|926|244|3|6|0.3|0.6|21|15|2.3|1.8|302|101|32.6|8.1|267|157|28.8|11.7|138|69|14.9|7.3|164|67|17.7|7.1|31|27|3.3|2.9|902|247|97.4|2.0|195|80|21.1|8.3
9500000US0618160|Igo, Ono, Platina Union Elementary School District, CA|0618160|2019-2023|001|855|244|61|46|7.1|5.1|38|32|4.4|3.6|276|143|32.3|12.0|282|125|33.0|10.1|52|32|6.1|3.8|95|53|11.1|6.4|51|29|6.0|3.0|756|228|88.4|6.3|146|66|17.1|7.5
9700000US0618210|Imperial Unified School District, CA|0618210|2019-2023|001|15786|1036|886|321|5.6|1.9|2668|494|16.9|3.1|4138|700|26.2|4.2|4233|635|26.8|3.9|1278|414|8.1|2.5|1737|364|11.0|2.2|846|403|5.4|2.5|12232|1001|77.5|3.9|2583|549|16.4|3.2
9500000US0618240|Indian Diggings Elementary School District, CA|0618240|2019-2023|001|56|25|0|14|0.0|45.3|1|3|1.8|5.7|14|10|25.0|16.4|27|18|48.2|21.0|9|7|16.1|11.0|2|6|3.6|10.0|3|5|5.4|8.5|55|24|98.2|5.7|5|8|8.9|14.7
9500000US0618270|Indian Springs Elementary School District, CA|0618270|2019-2023|001|117|62|0|14|0.0|29.6|10|12|8.5|7.2|33|26|28.2|16.4|34|25|29.1|16.6|23|16|19.7|13.5|14|14|12.0|8.8|3|4|2.6|3.9|107|53|91.5|7.2|17|14|14.5|8.5
9700000US0618390|Inglewood Unified School District, CA|0618390|2019-2023|001|77249|1363|9248|887|12.0|1.1|6609|758|8.6|1.0|16306|1072|21.1|1.4|18632|1381|24.1|1.7|5390|650|7.0|0.8|13663|976|17.7|1.3|7401|853|9.6|1.1|61392|1385|79.5|1.4|21064|1247|27.3|1.6
9700000US0684500|Irvine Unified School District, CA|0684500|2019-2023|001|175927|2650|3357|724|1.9|0.4|2774|546|1.6|0.3|12516|1153|7.1|0.6|21685|1528|12.3|0.8|11732|1184|6.7|0.7|68172|2312|38.8|1.2|55691|2070|31.7|1.1|169796|2790|96.5|0.5|123863|2703|70.4|1.2
9500000US0618510|Island Union Elementary School District, CA|0618510|2019-2023|001|824|214|96|49|11.7|5.0|64|46|7.8|4.9|182|74|22.1|6.7|223|99|27.1|9.4|94|53|11.4|5.6|117|69|14.2|7.5|48|29|5.8|3.9|664|178|80.6|6.5|165|77|20.0|8.7
9500000US0618660|Jacoby Creek Elementary School District, CA|0618660|2019-2023|001|2297|324|57|81|2.5|3.4|53|39|2.3|1.6|243|75|10.6|3.1|492|152|21.4|5.5|129|74|5.6|3.1|558|128|24.3|5.2|765|171|33.3|6.3|2187|296|95.2|3.5|1323|199|57.6|6.3
9500000US0618690|Jamestown Elementary School District, CA|0618690|2019-2023|001|6306|571|206|108|3.3|1.7|652|230|10.3|3.5|1865|309|29.6|4.2|2194|427|34.8|6.1|725|240|11.5|3.5|401|176|6.4|2.8|263|124|4.2|2.0|5448|552|86.4|3.7|664|224|10.5|3.5
9500000US0618730|Jamul-Dulzura Union Elementary School District, CA|0618730|2019-2023|001|6939|1225|258|187|3.7|2.3|326|209|4.7|2.5|1959|662|28.2|6.2|1659|355|23.9|4.5|493|168|7.1|2.6|1378|396|19.9|5.9|866|222|12.5|3.4|6355|955|91.6|4.4|2244|451|32.3|7.0
9500000US0618780|Janesville Union Elementary School District, CA|0618780|2019-2023|001|2296|329|217|234|9.5|9.6|49|49|2.1|2.1|635|185|27.7|7.9|837|218|36.5|8.9|222|104|9.7|4.5|255|111|11.1|5.1|81|55|3.5|2.4|2030|261|88.4|9.6|336|122|14.6|5.7
9500000US0618810|Jefferson Elementary School District (San Benito County), CA|0618810|2019-2023|001|202|92|0|14|0.0|18.9|0|14|0.0|18.9|68|27|33.7|14.9|10|11|5.0|5.8|2|3|1.0|1.3|67|47|33.2|12.2|55|39|27.2|10.9|202|92|100.0|18.9|122|81|60.4|17.8
9500000US0618840|Jefferson Elementary School District (San Joaquin County), CA|0618840|2019-2023|001|11562|980|636|188|5.5|1.6|431|134|3.7|1.1|2293|409|19.8|3.6|2498|501|21.6|3.7|1450|344|12.5|2.8|3108|557|26.9|3.6|1146|289|9.9|2.5|10495|935|90.8|1.9|4254|604|36.8|3.7
9500000US0618870|Jefferson Elementary School District (San Mateo County), CA|0618870|2019-2023|001|65279|1675|4783|695|7.3|1.1|3367|524|5.2|0.8|14587|1202|22.3|1.8|13376|999|20.5|1.5|4839|554|7.4|0.8|18619|1324|28.5|1.8|5708|662|8.7|0.9|57129|1762|87.5|1.3|24327|1504|37.3|1.8
9600000US0618930|Jefferson Union High School District, CA|0618930|2019-2023|001|104542|1682|6128|720|5.9|0.7|4714|603|4.5|0.6|21250|1373|20.3|1.3|21357|1254|20.4|1.2|8479|914|8.1|0.9|30093|1439|28.8|1.3|12521|943|12.0|0.9|93700|1737|89.6|0.9|42614|1705|40.8|1.4
9700000US0618990|John Swett Unified School District, CA|0618990|2019-2023|001|10458|737|489|163|4.7|1.5|690|298|6.6|2.7|2070|356|19.8|3.4|2845|418|27.2|3.7|928|239|8.9|2.3|2495|390|23.9|3.3|941|299|9.0|2.6|9279|689|88.7|3.5|3436|539|32.9|4.2
9500000US0619050|Johnstonville Elementary School District, CA|0619050|2019-2023|001|845|201|16|20|1.9|2.4|33|28|3.9|3.2|283|92|33.5|9.1|239|78|28.3|7.1|131|52|15.5|4.9|116|82|13.7|7.7|27|20|3.2|2.3|796|195|94.2|3.9|143|86|16.9|7.9
9500000US0619140|Julian Union Elementary School District, CA|0619140|2019-2023|001|2620|506|59|54|2.3|2.1|163|95|6.2|3.6|605|248|23.1|8.1|560|157|21.4|6.4|289|135|11.0|5.2|519|237|19.8|8.5|425|315|16.2|10.3|2398|493|91.5|4.2|944|439|36.0|13.2
9600000US0619110|Julian Union High School District, CA|0619110|2019-2023|001|2995|518|106|65|3.5|2.2|184|100|6.1|3.3|680|248|22.7|7.1|632|161|21.1|5.7|335|135|11.2|4.4|602|245|20.1|7.7|456|313|15.2|9.1|2705|502|90.3|3.9|1058|440|35.3|11.7
9500000US0619170|Junction City Elementary School District, CA|0619170|2019-2023|001|1030|358|7|12|0.7|1.2|21|21|2.0|2.0|549|251|53.3|11.1|190|92|18.4|6.0|55|35|5.3|3.4|155|104|15.0|8.6|53|54|5.1|5.9|1002|354|97.3|2.4|208|104|20.2|9.5
9500000US0619200|Junction Elementary School District (Shasta County), CA|0619200|2019-2023|001|3069|358|34|43|1.1|1.4|115|79|3.7|2.5|451|138|14.7|4.6|813|206|26.5|6.1|394|158|12.8|4.6|908|232|29.6|6.3|354|107|11.5|3.7|2920|337|95.1|2.7|1262|234|41.1|6.1
9500000US0619230|Junction Elementary School District (Siskiyou County), CA|0619230|2019-2023|001|163|49|0|14|0.0|22.7|2|4|1.2|2.4|20|21|12.3|11.9|93|88|57.1|51.7|8|8|4.9|5.3|40|78|24.5|53.0|0|14|0.0|22.7|161|48|98.8|2.4|40|78|24.5|53.0
9700000US0619260|Jurupa Unified School District, CA|0619260|2019-2023|001|68314|1724|10159|930|14.9|1.3|8191|824|12.0|1.2|21402|1211|31.3|1.4|13091|984|19.2|1.4|4860|660|7.1|1.0|7230|812|10.6|1.1|3381|549|4.9|0.8|49964|1624|73.1|1.4|10611|1012|15.5|1.4
9500000US0632340|Kashia Elementary School District, CA|0632340|2019-2023|001|3|8|0|14|0.0|100.0|1|4|33.3|63.3|0|14|0.0|100.0|2|4|66.7|66.7|0|14|0.0|100.0|0|14|0.0|100.0|0|14|0.0|100.0|2|4|66.7|66.7|0|14|0.0|100.0
9700000US0619320|Kelseyville Unified School District, CA|0619320|2019-2023|001|10102|876|750|333|7.4|3.1|762|262|7.5|2.5|2729|529|27.0|4.2|2873|496|28.4|4.2|1179|273|11.7|2.8|1236|300|12.2|3.1|573|159|5.7|1.7|8590|755|85.0|3.7|1809|353|17.9|3.7
9500000US0619380|Kentfield Elementary School District, CA|0619380|2019-2023|001|9127|590|160|149|1.8|1.6|41|43|0.4|0.5|661|198|7.2|2.2|1151|265|12.6|2.7|476|126|5.2|1.4|3435|362|37.6|3.2|3203|356|35.1|3.1|8926|564|97.8|1.7|6638|535|72.7|3.5
9500000US0619410|Kenwood Elementary School District, CA|0619410|2019-2023|001|3433|595|5|11|0.1|0.3|15|16|0.4|0.5|220|103|6.4|3.2|668|208|19.5|4.1|296|114|8.6|3.5|1301|364|37.9|6.5|928|219|27.0|5.3|3413|596|99.4|0.6|2229|459|64.9|5.1
9500000US0619440|Keppel Union Elementary School District, CA|0619440|2019-2023|001|12167|1153|1880|415|15.5|3.2|1241|351|10.2|2.6|4018|665|33.0|4.0|2772|520|22.8|3.7|921|219|7.6|1.9|990|281|8.1|2.2|345|143|2.8|1.2|9046|966|74.3|3.7|1335|318|11.0|2.5
9700000US0619490|Kerman Unified School District, CA|0619490|2019-2023|001|12515|763|3286|635|26.3|4.7|1618|382|12.9|2.9|2775|616|22.2|4.4|2158|398|17.2|3.3|864|362|6.9|2.8|1299|377|10.4|3.1|515|178|4.1|1.5|7611|734|60.8|4.7|1814|439|14.5|3.7
9600000US0619540|Kern High School District, CA|0619540|2019-2023|001|400667|2748|50479|2029|12.6|0.5|39644|2146|9.9|0.5|109087|3153|27.2|0.8|92492|2757|23.1|0.7|31032|1610|7.7|0.4|51330|2061|12.8|0.5|26603|1335|6.6|0.3|310544|2903|77.5|0.6|77933|2586|19.5|0.7
9500000US0619590|Kernville Union Elementary School District, CA|0619590|2019-2023|001|8346|762|262|161|3.1|1.9|566|183|6.8|2.1|3201|488|38.4|4.7|2429|489|29.1|5.2|587|208|7.0|2.4|1024|292|12.3|3.3|277|161|3.3|1.9|7518|742|90.1|2.6|1301|366|15.6|4.1
9500000US0619620|Keyes Union Elementary School District, CA|0619620|2019-2023|001|3819|768|919|406|24.1|9.1|406|212|10.6|4.7|1282|348|33.6|7.7|677|271|17.7|6.2|156|102|4.1|2.7|336|166|8.8|3.7|43|36|1.1|0.9|2494|559|65.3|9.7|379|169|9.9|3.8
9500000US0619680|King City Union Elementary School District, CA|0619680|2019-2023|001|9537|734|2859|615|30.0|5.6|1232|292|12.9|3.5|2293|370|24.0|3.4|951|209|10.0|2.3|720|205|7.5|2.0|1023|326|10.7|3.2|459|173|4.8|1.7|5446|691|57.1|5.1|1482|383|15.5|3.5
9700000US0619700|Kings Canyon Joint Unified School District, CA|0619700|2019-2023|001|28738|1075|6394|722|22.2|2.5|2899|551|10.1|1.9|5609|732|19.5|2.3|5927|685|20.6|2.3|2841|442|9.9|1.5|3160|524|11.0|1.8|1908|373|6.6|1.3|19445|1157|67.7|2.7|5068|677|17.6|2.3
9500000US0619740|Kings River Union Elementary School District, CA|0619740|2019-2023|001|1486|248|294|119|19.8|6.4|118|64|7.9|4.2|407|118|27.4|6.7|279|80|18.8|4.7|122|65|8.2|4.1|183|67|12.3|4.4|83|41|5.6|2.7|1074|187|72.3|7.3|266|87|17.9|5.6
9500000US0619770|Kings River-Hardwick Union Elementary School District, CA|0619770|2019-2023|001|1990|382|270|137|13.6|6.4|99|43|5.0|2.1|627|240|31.5|9.1|412|146|20.7|6.8|126|61|6.3|2.9|309|110|15.5|4.7|147|86|7.4|4.2|1621|346|81.5|6.6|456|149|22.9|6.4
9500000US0619800|Kingsburg Elementary Charter School District, CA|0619800|2019-2023|001|10330|833|648|297|6.3|2.8|876|320|8.5|3.2|2773|476|26.8|4.2|2503|413|24.2|3.9|1283|448|12.4|4.0|1507|360|14.6|3.2|740|278|7.2|2.6|8806|822|85.2|3.2|2247|543|21.8|4.9
9600000US0619830|Kingsburg Joint Union High School District, CA|0619830|2019-2023|001|11624|815|834|307|7.2|2.5|956|321|8.2|2.8|3104|466|26.7|3.6|2780|409|23.9|3.5|1435|450|12.3|3.5|1675|350|14.4|2.8|840|269|7.2|2.3|9834|797|84.6|2.9|2515|525|21.6|4.2
9500000US0619860|Kirkwood Elementary School District, CA|0619860|2019-2023|001|333|104|26|31|7.8|8.0|9|9|2.7|2.7|62|36|18.6|8.7|82|30|24.6|9.3|32|28|9.6|7.7|90|56|27.0|13.9|32|31|9.6|8.1|298|90|89.5|8.2|122|68|36.6|15.4
9500000US0619890|Kit Carson Union Elementary School District, CA|0619890|2019-2023|001|1813|477|371|278|20.5|12.5|126|70|6.9|4.1|714|297|39.4|10.9|274|96|15.1|5.5|161|67|8.9|3.8|146|76|8.1|4.3|21|20|1.2|1.1|1316|359|72.6|12.2|167|79|9.2|4.5
9500000US0619920|Klamath River Union Elementary School District, CA|0619920|2019-2023|001|383|90|3|4|0.8|0.9|22|24|5.7|5.7|115|37|30.0|8.5|138|56|36.0|10.5|24|27|6.3|6.7|52|25|13.6|6.2|29|19|7.6|4.7|358|81|93.5|5.7|81|36|21.1|8.8
9700000US0619950|Klamath-Trinity Joint Unified School District, CA|0619950|2019-2023|001|3168|434|93|98|2.9|3.0|178|100|5.6|3.1|1013|273|32.0|6.2|899|211|28.4|5.3|231|94|7.3|3.1|488|153|15.4|4.9|266|166|8.4|5.2|2897|414|91.4|4.1|754|213|23.8|6.6
9500000US0619980|Kneeland Elementary School District, CA|0619980|2019-2023|001|190|48|0|14|0.0|19.9|10|10|5.3|4.9|22|16|11.6|7.2|67|36|35.3|14.0|26|14|13.7|7.3|29|18|15.3|9.2|36|15|18.9|8.7|180|46|94.7|4.9|65|23|34.2|12.6
9500000US0620010|Knights Ferry Elementary School District, CA|0620010|2019-2023|001|390|99|36|26|9.2|6.0|48|38|12.3|9.4|79|40|20.3|9.6|42|21|10.8|5.3|52|30|13.3|6.4|69|37|17.7|7.8|64|41|16.4|8.6|306|87|78.5|9.9|133|57|34.1|10.2
9500000US0620040|Knightsen Elementary School District, CA|0620040|2019-2023|001|2905|465|35|47|1.2|1.6|123|72|4.2|2.4|661|220|22.8|6.4|656|195|22.6|6.8|350|178|12.0|5.4|676|241|23.3|8.1|404|246|13.9|7.8|2747|447|94.6|2.8|1080|329|37.2|9.6
9700000US0620070|Konocti Unified School District, CA|0620070|2019-2023|001|16793|752|939|268|5.6|1.6|1811|302|10.8|1.8|5060|583|30.1|3.1|4584|482|27.3|2.7|2129|411|12.7|2.4|1698|319|10.1|1.7|572|167|3.4|1.0|14043|819|83.6|2.3|2270|378|13.5|2.0
9700000US0620130|La Cañada Unified School District, CA|0620130|2019-2023|001|11569|538|152|84|1.3|0.7|109|61|0.9|0.5|711|200|6.1|1.7|1033|218|8.9|1.7|608|155|5.3|1.3|4210|414|36.4|3.2|4746|420|41.0|3.6|11308|525|97.7|1.1|8956|496|77.4|3.4
9500000US0620190|La Habra City Elementary School District, CA|0620190|2019-2023|001|36077|1271|3335|456|9.2|1.2|2098|422|5.8|1.2|8629|689|23.9|1.8|8171|643|22.6|1.8|2953|449|8.2|1.3|7183|816|19.9|2.0|3708|441|10.3|1.1|30644|1245|84.9|1.7|10891|1039|30.2|2.3
9700000US0620220|La Honda-Pescadero Unified School District, CA|0620220|2019-2023|001|2944|545|372|232|12.6|7.2|91|77|3.1|2.6|325|159|11.0|4.7|355|131|12.1|4.5|150|189|5.1|6.5|567|190|19.3|5.5|1084|363|36.8|9.8|2481|493|84.3|7.9|1651|429|56.1|9.6
9500000US0620250|La Mesa-Spring Valley School District, CA|0620250|2019-2023|001|98572|2402|3823|574|3.9|0.6|4454|583|4.5|0.6|19442|1316|19.7|1.1|25878|1172|26.3|1.1|10680|830|10.8|0.8|22428|1134|22.8|1.0|11867|1051|12.0|1.0|90295|2325|91.6|0.8|34295|1552|34.8|1.3
9500000US0620310|Lafayette Elementary School District, CA|0620310|2019-2023|001|19368|685|89|61|0.5|0.3|97|61|0.5|0.3|924|226|4.8|1.2|1932|373|10.0|1.9|1178|308|6.1|1.5|7621|671|39.3|3.1|7527|643|38.9|3.4|19182|682|99.0|0.4|15148|616|78.2|2.5
9700000US0620370|Laguna Beach Unified School District, CA|0620370|2019-2023|001|21168|578|272|189|1.3|0.9|229|116|1.1|0.5|1770|383|8.4|1.8|3429|444|16.2|2.0|1207|276|5.7|1.3|8143|582|38.5|2.6|6118|589|28.9|2.7|20667|594|97.6|1.0|14261|581|67.4|2.4
9500000US0620430|Laguna Joint Elementary School District, CA|0620430|2019-2023|001|279|79|14|10|5.0|4.0|9|10|3.2|3.4|56|26|20.1|8.7|47|25|16.8|7.1|52|40|18.6|12.2|62|22|22.2|7.1|39|19|14.0|6.3|256|75|91.8|4.5|101|34|36.2|9.8
9500000US0620490|Lagunita Elementary School District, CA|0620490|2019-2023|001|102|52|5|6|4.9|5.8|2|5|2.0|4.1|24|29|23.5|22.2|26|22|25.5|17.8|9|11|8.8|9.8|29|20|28.4|14.6|7|11|6.9|9.4|95|50|93.1|6.7|36|23|35.3|15.3
9500000US0620520|Lagunitas Elementary School District, CA|0620520|2019-2023|001|3138|499|87|78|2.8|2.3|47|57|1.5|1.7|238|113|7.6|3.9|510|194|16.3|5.7|262|129|8.3|3.9|873|235|27.8|6.4|1121|314|35.7|7.2|3004|458|95.7|3.7|1994|409|63.5|7.2
9500000US0620610|Lake Elementary School District, CA|0620610|2019-2023|001|464|156|26|19|5.6|3.8|39|30|8.4|5.8|186|117|40.1|15.7|97|52|20.9|10.4|35|31|7.5|6.9|58|28|12.5|6.3|23|31|5.0|6.5|399|140|86.0|6.6|81|50|17.5|10.7
9700000US0600027|Lake Elsinore Unified School District, CA|0600027|2019-2023|001|88289|1952|7125|672|8.1|0.7|6844|812|7.8|0.9|25082|1505|28.4|1.5|22420|1414|25.4|1.5|8063|758|9.1|0.9|12863|993|14.6|1.1|5892|658|6.7|0.8|74320|1826|84.2|1.2|18755|1200|21.2|1.3
9700000US0620640|Lake Tahoe Unified School District, CA|0620640|2019-2023|001|22193|709|838|204|3.8|0.9|1045|284|4.7|1.3|4471|534|20.1|2.4|5172|479|23.3|1.9|1965|280|8.9|1.2|5972|549|26.9|2.2|2730|350|12.3|1.6|20310|708|91.5|1.5|8702|587|39.2|2.3
9700000US0620670|Lakeport Unified School District, CA|0620670|2019-2023|001|8166|698|176|110|2.2|1.4|415|158|5.1|1.9|2649|491|32.4|4.7|2201|378|27.0|3.8|729|201|8.9|2.5|1043|276|12.8|3.2|953|250|11.7|3.1|7575|687|92.8|2.5|1996|344|24.4|4.0
9500000US0620700|Lakeside Joint Elementary School District, CA|0620700|2019-2023|001|1673|393|3|9|0.2|0.5|3|5|0.2|0.3|110|47|6.6|2.9|318|200|19.0|8.5|69|41|4.1|2.5|659|209|39.4|6.4|511|106|30.5|8.6|1667|391|99.6|0.6|1170|229|69.9|7.6
9500000US0620760|Lakeside Union Elementary School District (Kings County), CA|0620760|2019-2023|001|1409|318|197|85|14.0|5.4|148|90|10.5|5.8|458|139|32.5|7.2|364|171|25.8|8.9|130|54|9.2|3.7|82|49|5.8|3.4|30|21|2.1|1.5|1064|270|75.5|7.6|112|57|7.9|3.9
9500000US0620790|Lakeside Union Elementary School District (San Diego County), CA|0620790|2019-2023|001|29923|1265|709|165|2.4|0.6|1658|332|5.5|1.1|8616|821|28.8|2.7|8297|777|27.7|2.1|3297|523|11.0|1.7|5045|644|16.9|2.0|2301|501|7.7|1.6|27556|1226|92.1|1.2|7346|790|24.5|2.4
9500000US0620730|Lakeside Union School District, CA|0620730|2019-2023|001|7051|820|571|231|8.1|3.5|509|245|7.2|3.6|1863|603|26.4|6.7|1828|496|25.9|6.1|639|223|9.1|3.2|1197|303|17.0|4.6|444|194|6.3|2.6|5971|861|84.7|4.4|1641|370|23.3|5.3
9600000US0606020|Lammersville Joint Unified School District (9-12), CA|0606020|2019-2023|001|273|124|16|20|5.9|6.8|8|12|2.9|3.9|92|48|33.7|8.3|65|32|23.8|9.9|37|29|13.6|7.3|39|28|14.3|5.7|16|18|5.9|5.8|249|116|91.2|7.6|55|38|20.1|8.3
9700000US0601410|Lammersville Joint Unified School District, CA|0601410|2019-2023|001|14652|1611|634|286|4.3|2.0|529|319|3.6|2.0|2382|1037|16.3|6.1|2835|849|19.3|5.7|967|292|6.6|2.1|4196|695|28.6|4.5|3109|607|21.2|3.9|13489|1469|92.1|2.4|7305|974|49.9|5.9
9500000US0620850|Lamont Elementary School District, CA|0620850|2019-2023|001|7906|901|3639|587|46.0|5.0|1021|327|12.9|4.2|1636|406|20.7|4.1|1030|299|13.0|3.5|267|122|3.4|1.5|249|153|3.1|1.9|64|49|0.8|0.6|3246|590|41.1|5.3|313|164|4.0|2.0
9500000US0620880|Lancaster Elementary School District, CA|0620880|2019-2023|001|79845|1766|6414|781|8.0|1.0|7620|804|9.5|1.0|24390|1693|30.5|1.9|19235|1041|24.1|1.2|7055|840|8.8|1.1|9592|815|12.0|1.0|5539|644|6.9|0.8|65811|1782|82.4|1.3|15131|1050|19.0|1.3
9500000US0620910|Larkspur Elementary School District, CA|0620910|2019-2023|001|10508|481|176|116|1.7|1.1|68|83|0.6|0.8|770|192|7.3|1.8|1200|304|11.4|2.7|500|172|4.8|1.6|3993|552|38.0|4.9|3801|444|36.2|4.4|10264|462|97.7|1.3|7794|447|74.2|3.7
9500000US0622380|Las Lomitas Elementary School District, CA|0622380|2019-2023|001|7618|849|166|218|2.2|2.7|239|292|3.1|3.6|349|152|4.6|1.7|414|118|5.4|1.6|264|113|3.5|1.5|2147|247|28.2|4.0|4039|422|53.0|5.4|7213|522|94.7|6.3|6186|459|81.2|6.9
9700000US0621000|Las Virgenes Unified School District, CA|0621000|2019-2023|001|44771|1147|608|289|1.4|0.6|664|223|1.5|0.5|3958|488|8.8|1.0|6937|665|15.5|1.5|2320|347|5.2|0.8|17077|835|38.1|1.7|13207|892|29.5|1.8|43499|1111|97.2|0.9|30284|1151|67.6|2.0
9600000US0621060|Lassen Union High School District, CA|0621060|2019-2023|001|18542|443|1226|289|6.6|1.6|2616|277|14.1|1.5|5723|419|30.9|2.2|4825|417|26.0|1.9|1790|247|9.7|1.3|1851|251|10.0|1.4|511|122|2.8|0.7|14700|563|79.3|2.0|2362|294|12.7|1.6
9500000US0621090|Lassen View Union Elementary School District, CA|0621090|2019-2023|001|2063|342|53|44|2.6|2.0|137|77|6.6|3.5|705|185|34.2|6.8|614|162|29.8|6.3|170|73|8.2|3.2|260|126|12.6|5.5|124|87|6.0|4.2|1873|318|90.8|4.7|384|139|18.6|6.1
9700000US0621150|Laton Joint Unified School District, CA|0621150|2019-2023|001|2111|391|330|160|15.6|6.7|284|153|13.5|6.9|531|144|25.2|5.8|558|208|26.4|7.2|185|91|8.8|4.3|141|70|6.7|3.4|82|59|3.9|2.8|1497|316|70.9|8.3|223|90|10.6|4.4
9500000US0621180|Latrobe Elementary School District, CA|0621180|2019-2023|001|3426|484|50|74|1.5|2.2|124|95|3.6|2.7|616|254|18.0|6.4|930|269|27.1|6.8|301|92|8.8|2.3|902|235|26.3|6.6|503|168|14.7|4.6|3252|480|94.9|3.5|1405|292|41.0|7.7
9500000US0621210|Lawndale Elementary School District, CA|0621210|2019-2023|001|30738|882|4347|570|14.1|1.8|3108|486|10.1|1.6|7860|689|25.6|2.3|5871|526|19.1|1.6|2135|312|6.9|1.0|5130|527|16.7|1.6|2287|370|7.4|1.2|23283|911|75.7|2.2|7417|713|24.1|2.2
9700000US0642580|Laytonville Unified School District, CA|0642580|2019-2023|001|1458|403|37|54|2.5|3.6|275|275|18.9|16.8|470|202|32.2|12.6|510|197|35.0|12.6|38|56|2.6|3.7|59|67|4.0|4.6|69|52|4.7|3.8|1146|313|78.6|15.8|128|79|8.8|5.5
9500000US0621240|Le Grand Union Elementary School District, CA|0621240|2019-2023|001|1253|149|420|109|33.5|7.1|102|45|8.1|3.4|275|73|21.9|5.3|229|62|18.3|4.9|80|34|6.4|2.6|124|52|9.9|3.9|23|16|1.8|1.2|731|122|58.3|7.8|147|54|11.7|3.9
9600000US0621270|Le Grand Union High School District, CA|0621270|2019-2023|001|4521|629|1645|308|36.4|5.4|436|185|9.6|3.5|865|208|19.1|4.6|859|329|19.0|6.6|323|94|7.1|1.9|260|89|5.8|2.0|133|121|2.9|2.4|2440|415|54.0|5.5|393|150|8.7|2.6
9700000US0609665|Leggett Valley Unified School District, CA|0609665|2019-2023|001|411|146|8|13|1.9|3.3|33|35|8.0|7.5|147|77|35.8|12.7|136|59|33.1|9.6|9|10|2.2|2.5|36|34|8.8|7.9|42|41|10.2|8.6|370|134|90.0|9.1|78|61|19.0|12.7
9500000US0621330|Lemon Grove Elementary School District, CA|0621330|2019-2023|001|25185|776|1217|312|4.8|1.2|1277|243|5.1|0.9|6808|691|27.0|2.7|7901|733|31.4|2.7|2341|417|9.3|1.6|3496|468|13.9|1.8|2145|359|8.5|1.4|22691|781|90.1|1.4|5641|556|22.4|2.1
9500000US0621360|Lemoore Union Elementary School District, CA|0621360|2019-2023|001|18328|698|1930|417|10.5|2.2|1261|281|6.9|1.6|5291|735|28.9|3.8|3845|468|21.0|2.5|2091|398|11.4|2.2|2440|364|13.3|1.9|1470|417|8.0|2.2|15137|753|82.6|2.6|3910|511|21.3|2.6
9600000US0621400|Lemoore Union High School District, CA|0621400|2019-2023|001|23965|751|2283|450|9.5|1.8|1841|351|7.7|1.5|6850|757|28.6|3.1|5602|579|23.4|2.4|2752|464|11.5|1.9|2949|387|12.3|1.6|1688|435|7.0|1.8|19841|765|82.8|2.2|4637|543|19.3|2.1
9500000US0621420|Lennox Elementary School District, CA|0621420|2019-2023|001|17165|1257|5016|682|29.2|3.0|2647|480|15.4|2.6|4151|660|24.2|3.1|2488|376|14.5|2.1|713|247|4.2|1.5|1799|387|10.5|2.1|351|126|2.0|0.8|9502|858|55.4|3.4|2150|399|12.5|2.2
9500000US0621480|Lewiston Elementary School District, CA|0621480|2019-2023|001|1760|457|24|26|1.4|1.4|146|109|8.3|5.5|707|285|40.2|12.5|566|272|32.2|13.0|117|71|6.6|4.0|126|116|7.2|5.9|74|46|4.2|2.6|1590|411|90.3|5.1|200|127|11.4|6.2
9500000US0621540|Liberty Elementary School District (Sonoma County), CA|0621540|2019-2023|001|1342|210|37|34|2.8|2.4|26|23|1.9|1.7|312|83|23.2|4.9|325|75|24.2|3.8|92|39|6.9|2.8|354|92|26.4|4.8|196|52|14.6|3.5|1279|206|95.3|2.5|550|114|41.0|5.4
9500000US0621570|Liberty Elementary School District (Tulare County), CA|0621570|2019-2023|001|1898|475|160|97|8.4|4.8|58|47|3.1|2.5|566|186|29.8|6.4|521|196|27.4|7.6|375|227|19.8|9.9|160|77|8.4|3.7|58|37|3.1|1.9|1680|452|88.5|5.3|218|90|11.5|4.3
9600000US0621600|Liberty Union High School District, CA|0621600|2019-2023|001|87156|1766|2858|609|3.3|0.7|5032|775|5.8|0.9|19312|1362|22.2|1.5|22010|1333|25.3|1.5|9099|986|10.4|1.1|19999|1341|22.9|1.4|8846|838|10.1|0.9|79266|1914|90.9|1.0|28845|1603|33.1|1.7
9500000US0621660|Lincoln Elementary School District, CA|0621660|2019-2023|001|140|60|9|13|6.4|9.0|1|2|0.7|1.6|51|51|36.4|24.8|19|12|13.6|9.4|22|23|15.7|16.1|25|14|17.9|10.4|13|10|9.3|7.5|130|58|92.9|9.0|38|20|27.1|14.6
9700000US0621690|Lincoln Unified School District, CA|0621690|2019-2023|001|32284|1655|2109|417|6.5|1.3|2064|485|6.4|1.5|7465|678|23.1|1.8|7698|830|23.8|2.0|2977|468|9.2|1.4|6239|905|19.3|2.4|3732|439|11.6|1.4|28111|1625|87.1|1.9|9971|1012|30.9|2.6
9700000US0621810|Linden Unified School District, CA|0621810|2019-2023|001|8329|766|1121|261|13.5|3.0|502|159|6.0|2.0|2036|397|24.4|4.3|1993|527|23.9|5.2|941|340|11.3|3.9|1177|299|14.1|3.9|559|173|6.7|2.0|6706|731|80.5|3.4|1736|298|20.8|3.8
9700000US0621870|Lindsay Unified School District, CA|0621870|2019-2023|001|10186|693|2804|552|27.5|4.5|993|361|9.7|3.5|3091|445|30.3|4.7|1894|400|18.6|3.7|690|267|6.8|2.6|436|211|4.3|2.1|278|120|2.7|1.2|6389|570|62.7|5.2|714|251|7.0|2.4
9500000US0621900|Linns Valley-Poso Flat Union School District, CA|0621900|2019-2023|001|348|148|0|14|0.0|11.5|19|21|5.5|5.9|160|91|46.0|12.7|33|22|9.5|6.6|47|47|13.5|13.3|73|55|21.0|9.2|16|13|4.6|3.6|329|146|94.5|5.9|89|60|25.6|9.4
9500000US0621930|Little Lake City Elementary School District, CA|0621930|2019-2023|001|24971|1289|2916|437|11.7|1.7|1722|379|6.9|1.5|7167|684|28.7|2.5|5407|608|21.7|1.9|2158|330|8.6|1.2|3907|413|15.6|1.5|1694|369|6.8|1.4|20333|1229|81.4|2.0|5601|611|22.4|2.1
9500000US0621960|Little Shasta Elementary School District, CA|0621960|2019-2023|001|261|55|14|15|5.4|5.4|9|6|3.4|2.5|78|27|29.9|7.8|53|27|20.3|8.3|35|18|13.4|5.8|52|18|19.9|6.7|20|14|7.7|4.8|238|55|91.2|5.9|72|22|27.6|7.7
9500000US0621990|Live Oak Elementary School District, CA|0621990|2019-2023|001|17139|1023|802|203|4.7|1.2|843|250|4.9|1.5|2683|431|15.7|2.5|3453|378|20.1|2.5|1560|360|9.1|2.1|4789|637|27.9|2.6|3009|510|17.6|2.5|15494|1039|90.4|1.9|7798|1002|45.5|4.0
9700000US0622050|Live Oak Unified School District, CA|0622050|2019-2023|001|7143|424|1127|324|15.8|4.3|808|316|11.3|4.4|1822|418|25.5|5.5|1673|286|23.4|4.2|711|230|10.0|3.2|747|241|10.5|3.2|255|165|3.6|2.3|5208|515|72.9|5.9|1002|288|14.0|3.7
9700000US0622110|Livermore Valley Joint Unified School District, CA|0622110|2019-2023|001|63248|1186|2092|616|3.3|1.0|1577|409|2.5|0.6|9239|834|14.6|1.3|12666|842|20.0|1.3|5534|484|8.7|0.8|19419|1025|30.7|1.6|12721|1107|20.1|1.7|59579|1270|94.2|1.1|32140|1222|50.8|1.7
9500000US0622170|Livingston Union School District, CA|0622170|2019-2023|001|10607|519|3395|402|32.0|3.7|1237|318|11.7|2.9|2769|553|26.1|5.0|1481|348|14.0|3.2|557|234|5.3|2.2|916|286|8.6|2.6|252|129|2.4|1.2|5975|571|56.3|4.6|1168|320|11.0|2.9
9700000US0622230|Lodi Unified School District, CA|0622230|2019-2023|001|120438|2326|12262|1204|10.2|1.0|8056|678|6.7|0.5|31871|1622|26.5|1.2|27004|1393|22.4|1.0|12027|1004|10.0|0.8|19377|1195|16.1|0.9|9841|913|8.2|0.8|100120|2236|83.1|1.1|29218|1515|24.3|1.2
9500000US0622320|Loleta Union Elementary School District, CA|0622320|2019-2023|001|879|215|2|3|0.2|0.4|34|25|3.9|2.4|261|110|29.7|8.9|245|93|27.9|9.4|85|45|9.7|4.8|171|94|19.5|8.8|81|54|9.2|5.6|843|203|95.9|2.3|252|109|28.7|9.4
9500000US0622350|Loma Prieta Joint Union Elementary School District, CA|0622350|2019-2023|001|3427|505|6|9|0.2|0.3|20|23|0.6|0.7|247|147|7.2|3.9|423|116|12.3|3.4|231|107|6.7|2.9|1391|324|40.6|6.6|1109|252|32.4|6.4|3401|511|99.2|0.8|2500|428|73.0|6.6
9700000US0622410|Lompoc Unified School District, CA|0622410|2019-2023|001|37810|1111|4515|518|11.9|1.3|4023|459|10.6|1.2|9272|729|24.5|1.7|9153|638|24.2|1.7|3893|465|10.3|1.2|4675|496|12.4|1.3|2279|373|6.0|1.0|29272|1024|77.4|1.6|6954|589|18.4|1.5
9700000US0622440|Lone Pine Unified School District, CA|0622440|2019-2023|001|1386|249|45|60|3.2|4.2|86|54|6.2|4.1|585|168|42.2|8.5|429|152|31.0|8.7|75|49|5.4|3.5|116|61|8.4|4.4|50|28|3.6|2.1|1255|251|90.5|6.0|166|67|12.0|4.8
9700000US0622500|Long Beach Unified School District, CA|0622500|2019-2023|001|357457|2900|37638|1823|10.5|0.5|24789|1281|6.9|0.4|64895|2217|18.2|0.6|79553|2631|22.3|0.7|25775|1256|7.2|0.4|80341|2174|22.5|0.6|44466|1720|12.4|0.5|295030|3224|82.5|0.6|124807|2709|34.9|0.7
9500000US0622560|Loomis Union Elementary School District, CA|0622560|2019-2023|001|18229|1146|117|105|0.6|0.6|443|202|2.4|1.1|3033|608|16.6|3.1|3562|536|19.5|2.9|2082|388|11.4|2.0|5282|692|29.0|3.4|3710|618|20.4|3.0|17669|1144|96.9|1.3|8992|916|49.3|3.8
9700000US0622590|Los Alamitos Unified School District, CA|0622590|2019-2023|001|38164|860|710|177|1.9|0.5|986|299|2.6|0.8|5800|660|15.2|1.7|7442|596|19.5|1.5|3565|465|9.3|1.2|11659|661|30.5|1.6|8002|711|21.0|1.8|36468|934|95.6|0.9|19661|936|51.5|2.1
9500000US0622650|Los Altos Elementary School District, CA|0622650|2019-2023|001|32640|810|284|126|0.9|0.4|245|114|0.8|0.3|1288|287|3.9|0.9|2190|320|6.7|0.9|819|167|2.5|0.5|10083|619|30.9|1.9|17731|844|54.3|2.2|32111|788|98.4|0.5|27814|772|85.2|1.7
9700000US0622710|Los Angeles Unified School District, CA|0622710|2019-2023|001|3236405|5649|440564|6461|13.6|0.2|280453|4847|8.7|0.1|620545|6477|19.2|0.2|544970|5164|16.8|0.2|203385|3392|6.3|0.1|748467|5894|23.1|0.2|398021|5546|12.3|0.2|2515388|7897|77.7|0.2|1146488|7514|35.4|0.2
9700000US0622740|Los Banos Unified School District, CA|0622740|2019-2023|001|28855|1002|5160|634|17.9|2.1|3225|490|11.2|1.8|9566|909|33.2|2.8|5630|755|19.5|2.5|1457|317|5.0|1.1|2704|496|9.4|1.7|1113|321|3.9|1.1|20470|1115|70.9|2.6|3817|561|13.2|1.9
9500000US0622830|Los Gatos Union Elementary School District, CA|0622830|2019-2023|001|21100|956|182|137|0.9|0.6|169|88|0.8|0.4|1295|381|6.1|1.7|2147|350|10.2|1.6|1089|269|5.2|1.3|7592|611|36.0|2.4|8626|727|40.9|3.0|20749|949|98.3|0.8|16218|901|76.9|2.6
9600000US0622800|Los Gatos-Saratoga Joint Union School District, CA|0622800|2019-2023|001|41018|1287|297|150|0.7|0.4|354|139|0.9|0.3|2175|433|5.3|1.0|3767|525|9.2|1.3|1930|363|4.7|0.9|14559|992|35.5|2.1|17936|1160|43.7|2.4|40367|1285|98.4|0.5|32495|1296|79.2|1.7
9700000US0622860|Los Molinos Unified School District, CA|0622860|2019-2023|001|2290|362|169|92|7.4|4.1|240|175|10.5|6.9|695|181|30.3|6.4|719|205|31.4|8.0|163|61|7.1|2.7|123|54|5.4|2.1|181|130|7.9|5.7|1881|307|82.1|7.6|304|144|13.3|6.0
9500000US0622890|Los Nietos Elementary School District, CA|0622890|2019-2023|001|11425|1152|1665|601|14.6|4.9|1536|446|13.4|3.4|3399|552|29.8|4.1|2508|530|22.0|4.2|725|301|6.3|2.6|1195|274|10.5|2.2|397|157|3.5|1.4|8224|916|72.0|5.4|1592|314|13.9|2.6
9500000US0622920|Los Olivos Elementary School District, CA|0622920|2019-2023|001|990|181|0|14|0.0|4.2|49|51|4.9|5.2|144|107|14.5|10.9|174|96|17.6|9.9|88|45|8.9|4.5|368|141|37.2|10.7|167|78|16.9|6.5|941|183|95.1|5.2|535|181|54.0|12.1
9500000US0622950|Lost Hills Union Elementary School District, CA|0622950|2019-2023|001|1066|187|518|117|48.6|7.9|194|88|18.2|7.4|195|64|18.3|5.1|118|52|11.1|4.6|7|10|0.7|0.9|18|17|1.7|1.6|16|18|1.5|1.7|354|104|33.2|7.7|34|25|3.2|2.2
9500000US0623010|Lowell Joint Elementary School District, CA|0623010|2019-2023|001|24704|1322|1140|356|4.6|1.4|932|257|3.8|1.1|4963|1018|20.1|3.6|5703|604|23.1|2.3|2951|460|11.9|1.7|5475|613|22.2|2.6|3540|431|14.3|1.7|22632|1371|91.6|1.8|9015|776|36.5|3.2
9500000US0623040|Lucerne Elementary School District, CA|0623040|2019-2023|001|2442|449|29|30|1.2|1.2|193|142|7.9|5.7|1014|332|41.5|9.8|848|275|34.7|9.9|177|127|7.2|5.1|44|36|1.8|1.5|137|114|5.6|4.6|2220|449|90.9|5.8|181|123|7.4|4.9
9700000US0600015|Lucerne Valley Unified School District, CA|0600015|2019-2023|001|4776|594|410|176|8.6|3.8|681|277|14.3|5.1|1384|440|29.0|7.3|1185|281|24.8|5.4|349|144|7.3|3.1|519|185|10.9|4.0|248|129|5.2|2.7|3685|534|77.2|6.0|767|218|16.1|4.8
9700000US0623080|Lucia Mar Unified School District, CA|0623080|2019-2023|001|58740|1498|2887|458|4.9|0.8|2999|499|5.1|0.9|11538|1018|19.6|1.6|13961|1079|23.8|1.6|5847|690|10.0|1.2|13338|861|22.7|1.4|8170|777|13.9|1.3|52854|1586|90.0|1.2|21508|1154|36.6|1.7
9500000US0623130|Luther Burbank Elementary School District, CA|0623130|2019-2023|001|2742|487|446|201|16.3|6.3|196|105|7.1|3.7|460|183|16.8|5.8|293|127|10.7|4.2|152|73|5.5|2.6|889|230|32.4|7.2|306|141|11.2|4.6|2100|421|76.6|8.1|1195|290|43.6|8.1
9700000US0623160|Lynwood Unified School District, CA|0623160|2019-2023|001|40981|1247|10219|812|24.9|1.9|6820|642|16.6|1.6|10789|798|26.3|1.9|6950|887|17.0|1.9|1740|322|4.2|0.8|3326|459|8.1|1.1|1137|240|2.8|0.6|23942|1133|58.4|1.8|4463|484|10.9|1.1
9700000US0623340|Madera Unified School District, CA|0623340|2019-2023|001|56015|1084|13105|1050|23.4|1.9|7546|721|13.5|1.3|13641|981|24.4|1.7|11699|1011|20.9|1.7|4068|603|7.3|1.1|4040|595|7.2|1.1|1916|429|3.4|0.8|35364|1374|63.1|1.9|5956|787|10.6|1.4
9500000US0623430|Magnolia Elementary School District, CA|0623430|2019-2023|001|41694|1908|5266|570|12.6|1.2|5086|666|12.2|1.5|11146|999|26.7|1.9|9095|863|21.8|1.8|2410|338|5.8|0.7|6749|658|16.2|1.5|1942|372|4.7|0.9|31342|1676|75.2|1.8|8691|801|20.8|1.8
9500000US0623460|Magnolia Union Elementary School District, CA|0623460|2019-2023|001|112|58|42|44|37.5|25.7|13|13|11.6|8.8|7|6|6.3|7.3|5|4|4.5|4.7|14|15|12.5|11.7|26|19|23.2|20.8|5|7|4.5|5.9|57|26|50.9|27.6|31|22|27.7|23.5
9700000US0623530|Mammoth Unified School District, CA|0623530|2019-2023|001|6445|535|210|160|3.3|2.5|408|291|6.3|4.5|1043|335|16.2|5.1|2060|439|32.0|6.2|721|290|11.2|4.4|981|376|15.2|6.0|1022|317|15.9|4.5|5827|565|90.4|4.3|2003|483|31.1|7.1
9500000US0623550|Manchester Union Elementary School District, CA|0623550|2019-2023|001|625|230|54|92|8.6|12.4|46|45|7.4|6.6|161|89|25.8|9.4|172|78|27.5|10.7|68|39|10.9|6.3|57|37|9.1|6.0|67|44|10.7|6.8|525|163|84.0|12.3|124|55|19.8|8.3
9700000US0600025|Manhattan Beach Unified School District, CA|0600025|2019-2023|001|24020|585|119|90|0.5|0.4|161|79|0.7|0.3|1112|274|4.6|1.1|2602|353|10.8|1.5|1056|246|4.4|1.0|10016|748|41.7|2.8|8954|721|37.3|3.0|23740|606|98.8|0.5|18970|654|79.0|1.9
9700000US0623610|Manteca Unified School District, CA|0623610|2019-2023|001|94384|2212|8376|862|8.9|0.9|7531|746|8.0|0.8|27942|1494|29.6|1.4|23102|1428|24.5|1.4|8574|789|9.1|0.8|13513|1010|14.3|1.0|5346|627|5.7|0.6|78477|2321|83.1|1.1|18859|1305|20.0|1.2
9500000US0623700|Manzanita Elementary School District, CA|0623700|2019-2023|001|887|190|111|63|12.5|6.3|43|29|4.8|2.9|196|84|22.1|8.0|282|101|31.8|8.8|80|36|9.0|3.7|124|53|14.0|5.5|51|24|5.7|2.6|733|164|82.6|6.8|175|65|19.7|6.7
9500000US0623730|Maple Creek Elementary School District, CA|0623730|2019-2023|001|42|32|0|14|0.0|52.3|0|14|0.0|52.3|13|16|31.0|29.7|17|18|40.5|23.6|0|14|0.0|52.3|10|10|23.8|23.0|2|7|4.8|17.6|42|32|100.0|52.3|12|11|28.6|25.2
9500000US0623760|Maple Elementary School District, CA|0623760|2019-2023|001|449|214|71|53|15.8|7.0|101|111|22.5|15.9|93|61|20.7|6.5|63|37|14.0|10.7|41|28|9.1|7.4|65|32|14.5|8.8|15|11|3.3|2.6|277|90|61.7|19.9|80|37|17.8|10.2
9500000US0623800|Marcum-Illinois Union Elementary School District, CA|0623800|2019-2023|001|570|94|25|22|4.4|3.8|15|11|2.6|1.9|164|59|28.8|7.6|174|45|30.5|6.4|55|27|9.6|4.3|87|23|15.3|4.6|50|22|8.8|3.7|530|92|93.0|4.4|137|33|24.0|6.3
9700000US0623820|Maricopa Unified School District, CA|0623820|2019-2023|001|1301|180|162|102|12.5|7.2|133|51|10.2|3.8|500|101|38.4|5.8|293|93|22.5|6.7|50|27|3.8|2.0|126|58|9.7|4.2|37|29|2.8|2.3|1006|149|77.3|7.0|163|64|12.5|4.9
9700000US0623940|Mariposa County Unified School District, CA|0623940|2019-2023|001|13265|167|375|188|2.8|1.4|872|242|6.6|1.8|2821|420|21.3|3.2|3807|447|28.7|3.4|1317|275|9.9|2.1|2527|398|19.1|2.9|1546|319|11.7|2.4|12018|382|90.6|2.4|4073|525|30.7|3.8
9500000US0623970|Mark Twain Union Elementary School District, CA|0623970|2019-2023|001|7664|608|246|173|3.2|2.2|277|181|3.6|2.3|1984|311|25.9|3.8|2282|344|29.8|3.8|1064|251|13.9|3.3|1254|321|16.4|3.9|557|188|7.3|2.4|7141|533|93.2|3.2|1811|359|23.6|4.2
9500000US0624000|Mark West Union Elementary School District, CA|0624000|2019-2023|001|9462|842|295|161|3.1|1.6|482|203|5.1|2.0|2371|518|25.1|4.6|2333|381|24.7|3.1|1019|273|10.8|3.2|1934|331|20.4|3.4|1028|223|10.9|2.2|8685|749|91.8|2.7|2962|413|31.3|3.9
9700000US0624030|Martinez Unified School District, CA|0624030|2019-2023|001|21601|983|385|126|1.8|0.6|890|210|4.1|1.0|4009|515|18.6|2.1|4943|518|22.9|2.3|2283|337|10.6|1.5|6136|504|28.4|2.1|2955|439|13.7|1.8|20326|1027|94.1|1.2|9091|690|42.1|2.5
9700000US0624090|Marysville Joint Unified School District, CA|0624090|2019-2023|001|42763|710|3165|544|7.4|1.3|4088|522|9.6|1.2|12069|851|28.2|1.9|12286|849|28.7|1.9|4381|486|10.2|1.1|4394|617|10.3|1.5|2380|519|5.6|1.2|35510|877|83.0|1.6|6774|716|15.8|1.7
9700000US0600038|Mattole Unified School District, CA|0600038|2019-2023|001|387|131|1|4|0.3|1.1|15|15|3.9|3.8|75|37|19.4|7.0|165|64|42.6|12.0|50|54|12.9|11.6|45|35|11.6|8.2|36|23|9.3|5.9|371|128|95.9|4.0|81|42|20.9|9.4
9700000US0624150|Maxwell Unified School District, CA|0624150|2019-2023|001|1095|231|230|135|21.0|9.9|86|50|7.9|4.4|373|132|34.1|9.5|138|40|12.6|3.6|47|27|4.3|2.6|176|75|16.1|6.4|45|33|4.1|2.9|779|173|71.1|10.6|221|85|20.2|7.1
9500000US0624180|McCabe Union Elementary School District, CA|0624180|2019-2023|001|4517|603|184|92|4.1|2.2|405|167|9.0|3.5|1027|274|22.7|5.6|1145|306|25.3|5.8|461|206|10.2|3.8|770|252|17.0|5.3|525|161|11.6|3.2|3928|587|87.0|4.3|1295|315|28.7|6.2
9500000US0624210|McCloud Union Elementary School District, CA|0624210|2019-2023|001|833|124|28|23|3.4|2.8|57|32|6.8|3.8|243|78|29.2|7.5|215|67|25.8|7.0|92|36|11.0|4.0|164|56|19.7|5.6|34|25|4.1|3.0|748|128|89.8|5.2|198|57|23.8|6.0
9700000US0624230|McFarland Unified School District, CA|0624230|2019-2023|001|8213|767|2480|441|30.2|4.3|925|230|11.3|3.0|2681|636|32.6|5.9|1309|322|15.9|4.0|474|190|5.8|2.5|279|131|3.4|1.6|65|57|0.8|0.7|4808|628|58.5|4.8|344|139|4.2|1.7
9500000US0624300|McKinleyville Union Elementary School District, CA|0624300|2019-2023|001|11623|762|7|12|0.1|0.1|666|334|5.7|2.7|2372|425|20.4|3.2|3235|385|27.8|3.1|1037|263|8.9|2.2|2748|421|23.6|3.7|1558|266|13.4|2.2|10950|623|94.2|2.7|4306|499|37.0|4.2
9500000US0624330|McKittrick Elementary School District, CA|0624330|2019-2023|001|86|40|2|3|2.3|3.7|18|14|20.9|11.7|21|20|24.4|19.5|36|27|41.9|24.3|3|4|3.5|5.0|3|6|3.5|8.0|3|6|3.5|8.0|66|31|76.7|12.3|6|12|7.0|15.8
9500000US0624360|McSwain Union Elementary School District, CA|0624360|2019-2023|001|3953|415|239|113|6.0|2.9|231|101|5.8|2.5|1178|310|29.8|6.3|652|174|16.5|4.0|263|114|6.7|2.8|747|269|18.9|6.6|643|218|16.3|5.7|3483|406|88.1|3.6|1390|257|35.2|6.5
9500000US0624390|Meadows Union Elementary School District, CA|0624390|2019-2023|001|1195|208|212|95|17.7|6.0|165|68|13.8|5.7|247|72|20.7|5.9|274|77|22.9|6.6|78|38|6.5|3.3|161|99|13.5|6.6|58|40|4.9|3.3|818|153|68.5|7.1|219|107|18.3|6.8
9700000US0624480|Mendocino Unified School District, CA|0624480|2019-2023|001|4786|534|47|43|1.0|0.9|193|91|4.0|1.9|851|292|17.8|5.5|1122|288|23.4|5.4|310|116|6.5|2.5|1253|328|26.2|5.8|1010|241|21.1|4.8|4546|535|95.0|2.2|2263|418|47.3|6.8
9700000US0600022|Mendota Unified School District, CA|0600022|2019-2023|001|7969|446|3188|486|40.0|6.0|1470|312|18.4|3.7|2014|399|25.3|4.7|724|191|9.1|2.4|220|109|2.8|1.3|294|124|3.7|1.5|59|43|0.7|0.5|3311|514|41.5|5.9|353|131|4.4|1.6
9500000US0624540|Menifee Union School District, CA|0624540|2019-2023|001|75326|2494|3506|587|4.7|0.8|4184|696|5.6|0.9|18442|1215|24.5|1.5|22047|1595|29.3|1.8|8563|979|11.4|1.2|12195|1202|16.2|1.4|6389|839|8.5|1.1|67636|2540|89.8|1.2|18584|1467|24.7|1.7
9500000US0624570|Menlo Park City Elementary School District, CA|0624570|2019-2023|001|17359|746|149|100|0.9|0.6|127|79|0.7|0.5|614|180|3.5|1.0|1043|236|6.0|1.3|511|164|2.9|0.9|5331|482|30.7|2.7|9584|722|55.2|3.0|17083|747|98.4|0.7|14915|712|85.9|1.6
9500000US0624600|Merced City Elementary School District, CA|0624600|2019-2023|001|54568|1418|6537|733|12.0|1.3|5816|910|10.7|1.6|14008|1022|25.7|1.8|12200|965|22.4|1.7|5408|718|9.9|1.3|6859|737|12.6|1.3|3740|508|6.9|0.9|42215|1410|77.4|2.0|10599|870|19.4|1.6
9500000US0624630|Merced River Union Elementary School District, CA|0624630|2019-2023|001|372|111|83|59|22.3|12.0|92|51|24.7|10.5|97|40|26.1|9.1|51|23|13.7|5.8|5|9|1.3|2.2|32|21|8.6|5.5|12|12|3.2|3.0|197|65|53.0|14.6|44|24|11.8|6.4
9600000US0624660|Merced Union High School District, CA|0624660|2019-2023|001|111058|1427|17793|1042|16.0|0.9|12008|1171|10.8|1.0|30081|1400|27.1|1.2|23923|1258|21.5|1.1|9157|832|8.2|0.7|12430|1043|11.2|0.9|5666|573|5.1|0.5|81257|1764|73.2|1.3|18096|1093|16.3|1.0
9500000US0624690|Meridian Elementary School District, CA|0624690|2019-2023|001|448|120|52|46|11.6|9.6|76|67|17.0|13.0|94|51|21.0|8.3|99|46|22.1|9.8|39|20|8.7|4.4|73|39|16.3|8.8|15|10|3.3|2.3|320|84|71.4|11.7|88|42|19.6|9.4
9500000US0624720|Mesa Union Elementary School District, CA|0624720|2019-2023|001|3178|595|211|120|6.6|3.6|106|65|3.3|1.8|447|145|14.1|4.0|680|215|21.4|5.3|311|128|9.8|3.3|825|243|26.0|5.8|598|175|18.8|4.7|2861|550|90.0|4.1|1423|318|44.8|6.1
9700000US0624750|Middletown Unified School District, CA|0624750|2019-2023|001|7325|805|178|117|2.4|1.5|508|226|6.9|3.0|1558|371|21.3|4.9|2272|503|31.0|5.6|1036|309|14.1|3.8|1271|455|17.4|5.6|502|194|6.9|2.8|6639|769|90.6|3.2|1773|464|24.2|5.7
9500000US0624780|Midway Elementary School District, CA|0624780|2019-2023|001|273|59|44|37|16.1|12.1|20|14|7.3|5.1|105|36|38.5|11.5|76|24|27.8|6.9|18|14|6.6|4.5|8|7|2.9|2.6|2|3|0.7|1.0|209|51|76.6|12.2|10|8|3.7|3.0
9500000US0624870|Mill Valley Elementary School District, CA|0624870|2019-2023|001|23213|825|137|88|0.6|0.4|136|79|0.6|0.3|1402|328|6.0|1.4|2659|437|11.5|1.8|951|222|4.1|1.0|8611|674|37.1|2.5|9317|772|40.1|3.1|22940|846|98.8|0.5|17928|874|77.2|2.4
9500000US0624900|Millbrae Elementary School District, CA|0624900|2019-2023|001|19109|666|1253|417|6.6|2.1|528|159|2.8|0.8|3479|474|18.2|2.5|3216|463|16.8|2.3|1537|243|8.0|1.3|5321|511|27.8|2.8|3775|373|19.8|1.9|17328|514|90.7|2.3|9096|571|47.6|3.1
9500000US0624930|Millville Elementary School District, CA|0624930|2019-2023|001|1319|227|0|14|0.0|3.2|13|12|1.0|0.9|345|90|26.2|6.6|500|172|37.9|9.0|146|50|11.1|3.6|207|63|15.7|4.6|108|55|8.2|3.9|1306|227|99.0|0.9|315|96|23.9|6.6
9700000US0624500|Milpitas Unified School District, CA|0624500|2019-2023|001|55692|877|3356|462|6.0|0.8|2574|334|4.6|0.6|7623|780|13.7|1.4|5938|617|10.7|1.1|4016|519|7.2|0.9|17950|1056|32.2|1.8|14235|1074|25.6|1.9|49762|954|89.4|1.0|32185|1339|57.8|2.2
9500000US0625110|Mission Union Elementary School District, CA|0625110|2019-2023|001|230|53|31|22|13.5|9.0|12|13|5.2|5.4|78|34|33.9|12.4|41|25|17.8|10.5|18|16|7.8|6.9|35|21|15.2|8.2|15|12|6.5|5.2|187|46|81.3|8.1|50|29|21.7|11.5
9500000US0625130|Modesto City Elementary School District, CA|0625130|2019-2023|001|73561|1698|10275|992|14.0|1.3|8070|734|11.0|1.0|22889|1493|31.1|1.7|15905|955|21.6|1.3|5110|650|6.9|0.9|8080|902|11.0|1.2|3232|529|4.4|0.7|55216|1878|75.1|1.5|11312|1038|15.4|1.3
9600000US0625150|Modesto City High School District, CA|0625150|2019-2023|001|182729|2044|16873|1159|9.2|0.6|16001|1267|8.8|0.7|53837|1973|29.5|1.0|44951|1594|24.6|0.8|14785|1030|8.1|0.5|25226|1670|13.8|0.9|11056|785|6.1|0.4|149855|2521|82.0|0.9|36282|1806|19.9|1.0
9700000US0625190|Modoc Joint Unified School District, CA|0625190|2019-2023|001|4131|306|285|244|6.9|6.0|307|114|7.4|2.8|1213|371|29.4|8.4|989|191|23.9|4.3|390|138|9.4|3.2|628|203|15.2|4.6|319|235|7.7|5.8|3539|429|85.7|7.1|947|336|22.9|8.1
9700000US0625230|Mojave Unified School District, CA|0625230|2019-2023|001|13246|625|1091|341|8.2|2.6|1933|396|14.6|2.8|4713|524|35.6|3.6|3236|470|24.4|3.2|991|237|7.5|1.8|855|278|6.5|2.1|427|181|3.2|1.4|10222|611|77.2|3.0|1282|301|9.7|2.3
9500000US0625290|Monroe Elementary School District, CA|0625290|2019-2023|001|395|143|86|46|21.8|9.0|48|34|12.2|7.2|127|65|32.2|12.1|74|47|18.7|8.6|17|12|4.3|2.9|32|20|8.1|3.9|11|11|2.8|2.2|261|105|66.1|10.8|43|26|10.9|4.5
9700000US0625320|Monrovia Unified School District, CA|0625320|2019-2023|001|31862|989|1716|387|5.4|1.3|1503|299|4.7|0.9|6002|642|18.8|1.9|6409|581|20.1|1.7|2412|362|7.6|1.2|8348|681|26.2|2.0|5472|609|17.2|1.7|28643|1100|89.9|1.4|13820|846|43.4|2.1
9500000US0625350|Monson-Sultana Joint Union Elementary School District, CA|0625350|2019-2023|001|1386|211|378|126|27.3|7.5|157|73|11.3|4.9|291|100|21.0|6.8|254|103|18.3|6.5|124|48|8.9|3.7|110|52|7.9|3.4|72|60|5.2|4.2|851|150|61.4|6.8|182|92|13.1|6.1
9500000US0625380|Montague Elementary School District, CA|0625380|2019-2023|001|1351|193|32|33|2.4|2.4|72|45|5.3|3.2|400|89|29.6|5.5|542|137|40.1|7.3|139|43|10.3|3.2|140|58|10.4|4.3|26|19|1.9|1.4|1247|178|92.3|3.9|166|63|12.3|4.7
9500000US0625410|Monte Rio Union Elementary School District, CA|0625410|2019-2023|001|1211|276|7|10|0.6|0.9|33|31|2.7|2.4|319|127|26.3|7.2|245|103|20.2|8.3|175|79|14.5|6.0|325|129|26.8|7.3|107|60|8.8|5.0|1171|266|96.7|2.6|432|135|35.7|7.0
9700000US0625470|Montebello Unified School District, CA|0625470|2019-2023|001|108279|2149|22286|1302|20.6|1.1|13676|1100|12.6|1.0|28735|1311|26.5|1.1|18006|1103|16.6|1.0|6971|734|6.4|0.7|13553|1085|12.5|1.0|5052|531|4.7|0.5|72317|1953|66.8|1.2|18605|1205|17.2|1.1
9500000US0625500|Montecito Union Elementary School District, CA|0625500|2019-2023|001|4695|460|9|14|0.2|0.3|76|70|1.6|1.5|247|123|5.3|2.6|700|166|14.9|3.4|114|57|2.4|1.3|1871|250|39.9|4.9|1678|339|35.7|5.1|4610|452|98.2|1.5|3549|426|75.6|4.1
9700000US0625530|Monterey Peninsula Unified School District, CA|0625530|2019-2023|001|63703|1113|3842|479|6.0|0.8|3235|456|5.1|0.7|10992|747|17.3|1.1|12248|948|19.2|1.4|6287|580|9.9|0.9|14637|937|23.0|1.4|12462|713|19.6|1.1|56626|1273|88.9|1.0|27099|1115|42.5|1.7
9500000US0625650|Montgomery Elementary School District, CA|0625650|2019-2023|001|846|175|14|13|1.7|1.5|42|40|5.0|4.5|226|84|26.7|8.1|223|85|26.4|8.8|65|46|7.7|5.3|137|42|16.2|4.5|139|60|16.4|5.7|790|166|93.4|4.7|276|83|32.6|7.3
9700000US0625690|Moorpark Unified School District, CA|0625690|2019-2023|001|25452|737|1356|317|5.3|1.2|1009|247|4.0|1.0|4009|469|15.8|1.7|4995|496|19.6|1.9|2778|475|10.9|1.8|7521|522|29.5|2.0|3784|538|14.9|2.2|23087|754|90.7|1.5|11305|655|44.4|2.6
9500000US0625740|Moraga Elementary School District, CA|0625740|2019-2023|001|10586|469|35|30|0.3|0.3|58|52|0.5|0.5|507|211|4.8|2.0|870|169|8.2|1.5|590|144|5.6|1.3|4420|404|41.8|3.4|4106|421|38.8|3.6|10493|490|99.1|0.6|8526|523|80.5|3.5
9500000US0625770|Moreland School District, CA|0625770|2019-2023|001|34715|1586|1180|367|3.4|1.1|920|394|2.7|1.1|4173|538|12.0|1.5|5049|748|14.5|1.9|2585|467|7.4|1.3|10641|907|30.7|2.3|10167|871|29.3|2.1|32615|1585|94.0|1.5|20808|1300|59.9|2.7
9700000US0625800|Moreno Valley Unified School District, CA|0625800|2019-2023|001|113569|1936|11479|925|10.1|0.8|11712|716|10.3|0.6|35024|1927|30.8|1.6|26419|1466|23.3|1.3|9905|980|8.7|0.9|13295|1185|11.7|1.0|5735|649|5.0|0.6|90378|1959|79.6|1.0|19030|1313|16.8|1.1
9700000US0625830|Morgan Hill Unified School District, CA|0625830|2019-2023|001|45357|1197|2801|459|6.2|1.0|1498|344|3.3|0.7|8123|834|17.9|1.7|9813|830|21.6|1.7|3571|459|7.9|1.0|12517|850|27.6|1.8|7034|591|15.5|1.2|41058|1295|90.5|1.2|19551|1066|43.1|2.1
9700000US0625860|Morongo Unified School District, CA|0625860|2019-2023|001|44841|1304|1304|284|2.9|0.6|2926|455|6.5|1.0|11856|851|26.4|1.9|14983|1052|33.4|1.9|3843|432|8.6|0.9|6694|838|14.9|1.8|3235|391|7.2|0.9|40611|1265|90.6|1.2|9929|1013|22.1|2.2
9500000US0625980|Mother Lode Union Elementary School District, CA|0625980|2019-2023|001|12518|1022|208|111|1.7|0.9|346|135|2.8|1.1|3595|622|28.7|4.3|3700|540|29.6|3.0|1431|400|11.4|2.9|2306|352|18.4|2.8|932|222|7.4|1.8|11964|1034|95.6|1.4|3238|408|25.9|3.3
9500000US0626340|Mount Baldy Joint Elementary School District, CA|0626340|2019-2023|001|253|105|0|14|0.0|15.4|10|11|4.0|4.2|10|13|4.0|5.5|61|41|24.1|11.9|17|26|6.7|9.8|74|55|29.2|17.3|81|43|32.0|11.1|243|102|96.0|4.2|155|76|61.3|15.0
9700000US0626370|Mount Diablo Unified School District, CA|0626370|2019-2023|001|187217|2330|9200|960|4.9|0.5|8565|923|4.6|0.5|32435|1758|17.3|0.9|36812|1778|19.7|0.9|16790|1072|9.0|0.6|54655|1886|29.2|0.9|28760|1154|15.4|0.6|169452|2520|90.5|0.6|83415|2172|44.6|1.1
9500000US0626400|Mount Pleasant Elementary School District, CA|0626400|2019-2023|001|15083|1206|2714|597|18.0|3.3|1451|356|9.6|2.2|3452|533|22.9|3.2|2478|431|16.4|2.5|1130|270|7.5|1.7|2877|427|19.1|2.8|981|270|6.5|1.7|10918|877|72.4|3.6|3858|512|25.6|3.2
9500000US0626040|Mount Shasta Union Elementary School District, CA|0626040|2019-2023|001|6018|427|103|89|1.7|1.5|82|78|1.4|1.3|1053|259|17.5|4.0|1857|363|30.9|5.7|893|243|14.8|3.9|1456|272|24.2|4.1|574|178|9.5|2.9|5833|423|96.9|1.8|2030|308|33.7|4.6
9500000US0626070|Mountain Elementary School District, CA|0626070|2019-2023|001|1308|235|5|7|0.4|0.5|17|23|1.3|1.7|168|69|12.8|4.5|284|92|21.7|5.3|141|45|10.8|2.8|365|98|27.9|5.7|328|80|25.1|5.0|1286|234|98.3|2.0|693|145|53.0|7.3
9700000US0626100|Mountain Empire Unified School District, CA|0626100|2019-2023|001|8938|1135|378|235|4.2|2.6|732|221|8.2|2.6|2554|577|28.6|5.5|2529|422|28.3|4.6|780|243|8.7|2.6|1407|751|15.7|7.1|558|193|6.2|2.3|7828|1135|87.6|3.5|1965|790|22.0|7.2
9500000US0626130|Mountain House Elementary School District, CA|0626130|2019-2023|001|273|124|16|20|5.9|6.8|8|12|2.9|3.9|92|48|33.7|8.3|65|32|23.8|9.9|37|29|13.6|7.3|39|28|14.3|5.7|16|18|5.9|5.8|249|116|91.2|7.6|55|38|20.1|8.3
9500000US0627040|Mountain Union Elementary School District, CA|0627040|2019-2023|001|1211|245|33|28|2.7|2.2|63|35|5.2|2.8|356|114|29.4|6.5|374|97|30.9|6.1|189|84|15.6|6.4|102|45|8.4|3.2|94|57|7.8|4.2|1115|230|92.1|3.3|196|79|16.2|5.2
9700000US0600018|Mountain Valley Unified School District, CA|0600018|2019-2023|001|3153|794|146|195|4.6|6.5|146|133|4.6|4.1|1897|611|60.2|10.6|402|207|12.7|4.7|71|62|2.3|2.0|300|193|9.5|6.5|191|151|6.1|4.9|2861|781|90.7|8.3|491|258|15.6|8.6
9500000US0626190|Mountain View Elementary School District (Los Angeles County), CA|0626190|2019-2023|001|34469|1517|9220|887|26.7|2.2|5087|545|14.8|1.5|8981|778|26.1|2.0|5513|538|16.0|1.5|1604|260|4.7|0.7|3232|410|9.4|1.0|832|146|2.4|0.4|20162|1068|58.5|1.9|4064|453|11.8|1.1
9500000US0626220|Mountain View Elementary School District (San Bernardino County), CA|0626220|2019-2023|001|20863|1231|884|239|4.2|1.2|1027|307|4.9|1.4|4517|584|21.7|2.7|5468|636|26.2|2.8|1884|460|9.0|2.1|4985|796|23.9|3.1|2098|362|10.1|1.8|18952|1231|90.8|1.8|7083|816|34.0|2.9
9500000US0626280|Mountain View Whisman Elementary School District, CA|0626280|2019-2023|001|51640|1194|1842|653|3.6|1.3|1046|226|2.0|0.4|4475|592|8.7|1.1|4673|587|9.0|1.1|2089|431|4.0|0.8|15424|1058|29.9|1.7|22091|1030|42.8|1.9|48752|1570|94.4|1.2|37515|1460|72.6|2.0
9600000US0626310|Mountain View-Los Altos Union School District, CA|0626310|2019-2023|001|84280|1409|2126|645|2.5|0.8|1291|266|1.5|0.3|5763|675|6.8|0.8|6863|624|8.1|0.7|2908|448|3.5|0.5|25507|1200|30.3|1.2|39822|1364|47.2|1.5|80863|1711|95.9|0.7|65329|1700|77.5|1.4
9500000US0626430|Mulberry Elementary School District, CA|0626430|2019-2023|001|159|147|11|13|6.9|7.4|83|129|52.2|44.3|22|16|13.8|16.6|26|20|16.4|18.2|14|16|8.8|13.1|3|7|1.9|5.0|0|14|0.0|23.2|65|39|40.9|42.1|3|7|1.9|5.0
9500000US0626460|Mupu Elementary School District, CA|0626460|2019-2023|001|440|117|22|18|5.0|3.9|31|18|7.0|3.7|99|48|22.5|7.4|132|48|30.0|8.3|48|26|10.9|5.6|69|29|15.7|6.8|39|35|8.9|7.0|387|105|88.0|5.2|108|44|24.5|8.6
9700000US0626490|Muroc Joint Unified School District, CA|0626490|2019-2023|001|3812|518|152|100|4.0|2.6|251|82|6.6|2.1|891|227|23.4|5.2|1219|273|32.0|6.1|250|85|6.6|2.5|745|335|19.5|7.3|304|105|8.0|2.7|3409|504|89.4|3.8|1049|360|27.5|7.4
9700000US0600029|Murrieta Valley Unified School District, CA|0600029|2019-2023|001|74216|1851|2219|584|3.0|0.8|2604|549|3.5|0.7|15320|1151|20.6|1.5|21196|1621|28.6|1.9|7926|862|10.7|1.2|16271|1209|21.9|1.5|8680|838|11.7|1.1|69393|2056|93.5|1.1|24951|1462|33.6|1.8
9700000US0626640|Napa Valley Unified School District, CA|0626640|2019-2023|001|83648|553|8081|668|9.7|0.8|4831|485|5.8|0.6|15299|849|18.3|1.0|17235|868|20.6|1.0|7086|562|8.5|0.7|19968|920|23.9|1.1|11148|666|13.3|0.8|70736|917|84.6|0.9|31116|1045|37.2|1.2
9500000US0626670|National Elementary School District, CA|0626670|2019-2023|001|38053|1176|5204|642|13.7|1.6|3992|537|10.5|1.3|10540|808|27.7|2.1|8899|784|23.4|1.9|3237|437|8.5|1.1|4713|602|12.4|1.5|1468|274|3.9|0.7|28857|1081|75.8|1.9|6181|612|16.2|1.5
9700000US0600036|Natomas Unified School District, CA|0600036|2019-2023|001|59417|2281|2318|484|3.9|0.8|1929|411|3.2|0.7|11510|1076|19.4|1.6|12246|1118|20.6|1.6|5025|571|8.5|0.9|16970|1138|28.6|1.8|9419|898|15.9|1.4|55170|2160|92.9|1.0|26389|1379|44.4|1.9
9700000US0626760|Needles Unified School District, CA|0626760|2019-2023|001|5208|312|148|89|2.8|1.7|867|248|16.6|4.4|1714|216|32.9|4.3|1584|303|30.4|5.3|389|138|7.5|2.7|363|114|7.0|2.2|143|86|2.7|1.7|4193|297|80.5|4.8|506|154|9.7|3.0
9500000US0626820|Nevada City Elementary School District, CA|0626820|2019-2023|001|12403|1005|187|127|1.5|1.0|321|140|2.6|1.1|2023|447|16.3|3.3|3068|521|24.7|3.9|971|329|7.8|2.7|3554|526|28.7|3.5|2279|435|18.4|3.1|11895|936|95.9|1.6|5833|690|47.0|3.7
9600000US0699014|Nevada Joint Union High School District (9-12), CA|0699014|2019-2023|001|498|133|16|26|3.2|5.0|39|30|7.8|5.8|195|69|39.2|9.1|104|47|20.9|7.3|53|36|10.6|6.5|57|36|11.4|7.0|34|29|6.8|5.0|443|125|89.0|7.8|91|48|18.3|8.2
9600000US0626880|Nevada Joint Union High School District, CA|0626880|2019-2023|001|66472|432|881|255|1.3|0.4|2340|343|3.5|0.5|14969|1228|22.5|1.8|17465|1034|26.3|1.6|7097|642|10.7|1.0|14918|1075|22.4|1.6|8802|915|13.2|1.4|63251|555|95.2|0.6|23720|1280|35.7|1.9
9700000US0626910|New Haven Unified School District, CA|0626910|2019-2023|001|54731|1111|4114|507|7.5|0.9|3019|614|5.5|1.1|10350|768|18.9|1.3|9063|765|16.6|1.4|3869|539|7.1|1.0|15041|905|27.5|1.5|9275|680|16.9|1.3|47598|1098|87.0|1.4|24316|1097|44.4|2.0
9500000US0626970|New Hope Elementary School District, CA|0626970|2019-2023|001|755|188|96|73|12.7|8.7|132|70|17.5|7.9|199|71|26.4|8.8|167|57|22.1|7.6|36|26|4.8|3.3|114|107|15.1|11.4|11|10|1.5|1.4|527|148|69.8|10.8|125|108|16.6|11.4
9500000US0627030|New Jerusalem Elementary School District, CA|0627030|2019-2023|001|1810|261|207|98|11.4|4.8|175|69|9.7|3.8|730|144|40.3|6.0|323|140|17.8|7.0|109|46|6.0|2.6|187|72|10.3|3.6|79|39|4.4|2.1|1428|221|78.9|5.4|266|90|14.7|4.5
9700000US0627060|Newark Unified School District, CA|0627060|2019-2023|001|34920|750|1697|325|4.9|0.9|1969|380|5.6|1.1|6897|735|19.8|2.1|5227|659|15.0|1.8|2676|419|7.7|1.2|8615|795|24.7|2.1|7839|580|22.4|1.7|31254|918|89.5|1.5|16454|930|47.1|2.4
9500000US0627120|Newcastle Elementary School District, CA|0627120|2019-2023|001|2210|460|18|22|0.8|1.0|177|136|8.0|5.3|476|205|21.5|6.3|499|184|22.6|5.8|285|94|12.9|3.9|460|125|20.8|6.5|295|98|13.3|4.9|2015|389|91.2|5.1|755|175|34.2|9.4
9500000US0627180|Newhall Elementary School District, CA|0627180|2019-2023|001|48711|1422|2179|327|4.5|0.7|2058|378|4.2|0.8|8039|819|16.5|1.6|10674|806|21.9|1.6|4821|535|9.9|1.1|13757|926|28.2|1.6|7183|705|14.7|1.4|44474|1391|91.3|1.0|20940|1267|43.0|2.2
9700000US0627200|Newman-Crows Landing Unified School District, CA|0627200|2019-2023|001|10306|642|1637|612|15.9|5.6|954|401|9.3|3.9|3584|557|34.8|5.1|2330|374|22.6|3.7|576|287|5.6|2.8|813|270|7.9|2.6|412|151|4.0|1.4|7715|658|74.9|5.5|1225|301|11.9|2.8
9700000US0627240|Newport-Mesa Unified School District, CA|0627240|2019-2023|001|143872|1562|5541|664|3.9|0.5|5618|779|3.9|0.5|18136|1317|12.6|0.9|25870|1437|18.0|0.9|9438|922|6.6|0.6|51093|1638|35.5|1.1|28176|1343|19.6|0.9|132713|1746|92.2|0.7|79269|1882|55.1|1.3
9500000US0627300|Nicasio Elementary School District, CA|0627300|2019-2023|001|589|156|0|14|0.0|7.0|8|8|1.4|1.3|82|49|13.9|6.2|131|59|22.2|6.5|24|13|4.1|2.0|172|56|29.2|6.6|172|52|29.2|7.7|581|153|98.6|1.3|344|91|58.4|10.4
9500000US0627450|Norris Elementary School District, CA|0627450|2019-2023|001|19765|1264|696|278|3.5|1.4|574|192|2.9|1.0|4191|663|21.2|2.7|5235|762|26.5|3.4|1968|488|10.0|2.4|4415|627|22.3|3.0|2686|428|13.6|2.3|18495|1219|93.6|1.7|7101|736|35.9|3.7
9500000US0627480|North County Joint Union Elementary School District, CA|0627480|2019-2023|001|2613|364|218|130|8.3|4.8|203|111|7.8|4.1|746|220|28.5|6.8|624|150|23.9|5.1|185|72|7.1|2.5|507|138|19.4|4.5|130|65|5.0|2.6|2192|348|83.9|6.3|637|153|24.4|5.3
9500000US0627510|North Cow Creek Elementary School District, CA|0627510|2019-2023|001|1151|183|4|4|0.3|0.4|91|68|7.9|5.3|258|83|22.4|6.1|229|69|19.9|4.8|112|30|9.7|2.9|332|88|28.8|6.7|125|47|10.9|4.1|1056|154|91.7|5.3|457|106|39.7|8.1
9700000US0627590|North Monterey County Unified School District, CA|0627590|2019-2023|001|17746|1125|3629|752|20.4|4.2|1483|342|8.4|1.9|4610|827|26.0|3.8|2959|397|16.7|2.0|1610|307|9.1|1.7|2317|398|13.1|2.1|1138|247|6.4|1.4|12634|1195|71.2|4.3|3455|470|19.5|2.5
9600000US0603030|Northern Humboldt Union High School District, CA|0603030|2019-2023|001|30636|999|318|115|1.0|0.4|1386|417|4.5|1.3|5215|606|17.0|1.7|7873|635|25.7|1.9|2823|434|9.2|1.4|8077|610|26.4|1.9|4944|442|16.1|1.6|28932|975|94.4|1.4|13021|679|42.5|2.3
9700000US0627690|Norwalk-La Mirada Unified School District, CA|0627690|2019-2023|001|80970|1505|8931|824|11.0|0.9|6283|691|7.8|0.8|19967|1008|24.7|1.4|16693|1038|20.6|1.2|6347|570|7.8|0.7|15939|995|19.7|1.1|6810|813|8.4|1.0|65756|1404|81.2|1.2|22749|1248|28.1|1.3
9700000US0627720|Novato Unified School District, CA|0627720|2019-2023|001|44179|844|2495|661|5.6|1.5|1409|369|3.2|0.8|6575|714|14.9|1.6|8646|757|19.6|1.7|3511|512|7.9|1.1|13331|738|30.2|1.6|8212|780|18.6|1.7|40275|1089|91.2|1.7|21543|1048|48.8|2.2
9500000US0627750|Nuestro Elementary School District, CA|0627750|2019-2023|001|246|68|5|7|2.0|2.9|16|17|6.5|6.5|52|25|21.1|8.5|85|33|34.6|9.2|42|23|17.1|7.7|28|18|11.4|7.8|18|15|7.3|5.4|225|63|91.5|6.8|46|25|18.7|9.9
9500000US0627780|Nuview Union Elementary School District, CA|0627780|2019-2023|001|6624|679|941|346|14.2|4.8|673|239|10.2|3.2|2196|388|33.2|5.1|1302|256|19.7|4.0|565|161|8.5|2.5|589|180|8.9|2.6|358|178|5.4|2.4|5010|534|75.6|5.5|947|258|14.3|3.3
9500000US0627810|Oak Grove Elementary School District, CA|0627810|2019-2023|001|77876|1947|6014|752|7.7|0.9|3789|598|4.9|0.7|13878|1023|17.8|1.2|15323|1056|19.7|1.3|6741|654|8.7|0.8|20511|1328|26.3|1.6|11620|854|14.9|1.1|68073|1828|87.4|1.1|32131|1386|41.3|1.6
9500000US0627840|Oak Grove Union Elementary School District, CA|0627840|2019-2023|001|3611|489|174|198|4.8|5.3|83|83|2.3|2.3|512|236|14.2|6.0|769|271|21.3|6.7|383|128|10.6|3.6|1028|308|28.5|7.4|662|192|18.3|6.3|3354|424|92.9|5.4|1690|344|46.8|9.4
9700000US0627850|Oak Park Unified School District, CA|0627850|2019-2023|001|9194|620|50|44|0.5|0.5|74|69|0.8|0.7|705|215|7.7|2.2|1672|332|18.2|3.5|883|471|9.6|4.8|3076|430|33.5|4.6|2734|358|29.7|4.1|9070|616|98.7|0.9|5810|464|63.2|5.3
9500000US0627870|Oak Run Elementary School District, CA|0627870|2019-2023|001|596|186|58|66|9.7|9.3|48|33|8.1|5.9|204|112|34.2|10.7|129|42|21.6|8.3|51|29|8.6|4.8|85|48|14.3|8.2|21|14|3.5|2.3|490|145|82.2|9.1|106|54|17.8|9.1
9500000US0627900|Oak Valley Union Elementary School District, CA|0627900|2019-2023|001|868|214|158|53|18.2|6.3|141|57|16.2|5.6|248|66|28.6|5.5|135|57|15.6|5.0|86|44|9.9|4.6|31|26|3.6|2.9|69|84|7.9|8.1|569|180|65.6|8.0|100|87|11.5|8.0
9500000US0627930|Oak View Union Elementary School District, CA|0627930|2019-2023|001|2295|419|227|111|9.9|5.0|103|68|4.5|2.6|580|162|25.3|5.1|696|208|30.3|6.0|203|72|8.8|3.0|372|136|16.2|5.4|114|76|5.0|3.2|1965|384|85.6|5.0|486|148|21.2|5.7
9600000US0699013|Oakdale Joint Unified School District (9-12), CA|0699013|2019-2023|001|2009|370|152|78|7.6|3.4|102|48|5.1|2.4|476|131|23.7|4.5|537|141|26.7|4.7|167|59|8.3|2.9|343|97|17.1|4.0|232|103|11.5|4.3|1755|333|87.4|4.3|575|164|28.6|6.0
9700000US0600062|Oakdale Joint Unified School District, CA|0600062|2019-2023|001|20792|891|1160|301|5.6|1.4|1825|420|8.8|1.9|5260|662|25.3|3.2|5693|662|27.4|3.0|2000|412|9.6|2.0|3110|539|15.0|2.5|1744|343|8.4|1.6|17807|839|85.6|2.4|4854|694|23.3|3.1
9700000US0628050|Oakland Unified School District, CA|0628050|2019-2023|001|321883|1962|28629|1573|8.9|0.5|20586|1320|6.4|0.4|52105|2114|16.2|0.6|49168|1835|15.3|0.6|17530|1272|5.4|0.4|85214|2438|26.5|0.7|68651|2206|21.3|0.7|272668|3057|84.7|0.7|153865|2821|47.8|0.8
9500000US0628080|Oakley Union Elementary School District, CA|0628080|2019-2023|001|27969|1184|1224|426|4.4|1.5|2180|501|7.8|1.8|7618|795|27.2|2.6|7255|825|25.9|2.6|3062|640|10.9|2.3|5007|640|17.9|2.3|1623|446|5.8|1.6|24565|1228|87.8|2.2|6630|745|23.7|2.6
9500000US0628140|Ocean View Elementary School District (Orange County), CA|0628140|2019-2023|001|71726|1648|3079|470|4.3|0.6|2706|471|3.8|0.6|12518|1054|17.5|1.4|15872|1146|22.1|1.5|6904|869|9.6|1.2|18899|1110|26.3|1.6|11748|939|16.4|1.3|65941|1496|91.9|0.9|30647|1221|42.7|1.7
9500000US0628170|Ocean View Elementary School District (Ventura County), CA|0628170|2019-2023|001|10881|857|2693|511|24.7|3.8|927|211|8.5|1.9|2906|467|26.7|3.6|1915|301|17.6|2.6|847|185|7.8|1.7|1099|211|10.1|1.9|494|209|4.5|1.8|7261|670|66.7|4.3|1593|329|14.6|2.9
9700000US0628250|Oceanside Unified School District, CA|0628250|2019-2023|001|91103|2471|8295|977|9.1|1.0|4996|686|5.5|0.7|17720|1022|19.5|1.1|22601|1401|24.8|1.2|7706|856|8.5|0.9|19851|1243|21.8|1.1|9934|771|10.9|0.9|77812|2383|85.4|1.2|29785|1275|32.7|1.2
9700000US0628270|Ojai Unified School District, CA|0628270|2019-2023|001|17303|1010|709|433|4.1|2.5|983|310|5.7|1.8|3373|668|19.5|3.5|3234|483|18.7|2.7|1904|543|11.0|3.2|3902|518|22.6|2.6|3198|528|18.5|2.8|15611|1120|90.2|3.3|7100|825|41.0|3.9
9500000US0628320|Old Adobe Union Elementary School District, CA|0628320|2019-2023|001|19759|1160|833|284|4.2|1.3|812|289|4.1|1.4|3988|543|20.2|2.4|5182|612|26.2|2.8|2001|312|10.1|1.5|4748|575|24.0|2.6|2195|303|11.1|1.6|18114|1006|91.7|2.2|6943|657|35.1|3.1
9500000US0628470|Ontario-Montclair School District, CA|0628470|2019-2023|001|107855|1737|16343|1025|15.2|0.9|13465|1019|12.5|0.9|30356|1343|28.1|1.2|22199|1089|20.6|1.0|8403|766|7.8|0.7|12304|830|11.4|0.8|4785|589|4.4|0.5|78047|1648|72.4|1.2|17089|1002|15.8|0.9
9500000US0628530|Orange Center Elementary School District, CA|0628530|2019-2023|001|891|217|202|86|22.7|8.3|157|101|17.6|9.4|154|59|17.3|6.3|229|103|25.7|9.1|46|37|5.2|4.1|73|37|8.2|3.8|30|27|3.4|2.9|532|138|59.7|9.1|103|48|11.6|5.0
9700000US0628650|Orange Unified School District, CA|0628650|2019-2023|001|157116|2628|9799|829|6.2|0.5|7618|809|4.8|0.5|27161|1550|17.3|0.9|32505|1877|20.7|1.1|13330|991|8.5|0.6|41272|1670|26.3|1.0|25431|1171|16.2|0.7|139699|2462|88.9|0.7|66703|2098|42.5|1.3
9500000US0628680|Orchard Elementary School District, CA|0628680|2019-2023|001|15638|908|1045|280|6.7|1.7|462|139|3.0|0.9|1713|313|11.0|1.9|1418|362|9.1|2.2|775|247|5.0|1.6|4529|514|29.0|3.1|5696|780|36.4|4.3|14131|849|90.4|2.0|10225|828|65.4|3.7
9500000US0628710|Orcutt Union Elementary School District, CA|0628710|2019-2023|001|24730|1137|669|214|2.7|0.9|1552|472|6.3|1.8|4528|525|18.3|1.8|6931|644|28.0|2.3|3193|447|12.9|1.6|4893|466|19.8|2.0|2964|358|12.0|1.5|22509|1002|91.0|1.9|7857|525|31.8|2.4
9500000US0628830|Orick Elementary School District, CA|0628830|2019-2023|001|269|97|0|14|0.0|14.6|22|16|8.2|6.2|129|78|48.0|16.5|68|28|25.3|10.0|12|12|4.5|4.1|19|16|7.1|5.2|19|15|7.1|5.6|247|96|91.8|6.2|38|27|14.1|9.0
9500000US0628860|Orinda Union Elementary School District, CA|0628860|2019-2023|001|13712|452|188|105|1.4|0.8|67|55|0.5|0.4|536|219|3.9|1.6|794|179|5.8|1.3|429|140|3.1|1.0|5384|524|39.3|3.3|6314|398|46.0|3.1|13457|435|98.1|0.8|11698|485|85.3|2.7
9600000US0699005|Orland Joint Unified School District (9-12), CA|0699005|2019-2023|001|768|180|70|48|9.1|5.8|57|37|7.4|4.3|276|119|35.9|10.5|166|61|21.6|6.8|55|33|7.2|4.3|101|34|13.2|4.8|43|33|5.6|4.0|641|154|83.5|6.4|144|56|18.8|7.2
9700000US0600045|Orland Joint Unified School District, CA|0600045|2019-2023|001|8900|448|1030|287|11.6|3.1|703|218|7.9|2.5|2879|458|32.3|4.8|1972|275|22.2|3.0|942|246|10.6|2.7|1060|251|11.9|2.9|314|127|3.5|1.4|7167|455|80.5|3.4|1374|282|15.4|3.1
9500000US0628950|Oro Grande Elementary School District, CA|0628950|2019-2023|001|616|143|76|30|12.3|4.5|89|41|14.4|5.6|223|77|36.2|8.9|109|45|17.7|6.2|37|25|6.0|3.5|43|25|7.0|3.7|39|23|6.3|3.6|451|121|73.2|8.2|82|35|13.3|4.9
9500000US0629100|Oroville City Elementary School District, CA|0629100|2019-2023|001|19478|945|814|292|4.2|1.5|1652|355|8.5|1.8|5803|637|29.8|2.6|5662|560|29.1|2.7|2093|430|10.7|2.1|2347|477|12.0|2.4|1107|237|5.7|1.2|17012|960|87.3|2.1|3454|549|17.7|2.7
9600000US0629130|Oroville Union High School District, CA|0629130|2019-2023|001|36168|1066|1903|343|5.3|1.0|3707|448|10.2|1.1|11161|775|30.9|1.8|10415|677|28.8|1.8|3505|449|9.7|1.2|3889|559|10.8|1.5|1588|280|4.4|0.8|30558|1018|84.5|1.4|5477|622|15.1|1.7
9500000US0629160|Outside Creek Elementary School District, CA|0629160|2019-2023|001|388|123|60|38|15.5|8.3|19|17|4.9|4.2|116|49|29.9|10.6|125|65|32.2|11.0|10|13|2.6|3.0|35|21|9.0|5.2|23|19|5.9|4.8|309|104|79.6|8.6|58|30|14.9|6.6
9700000US0629190|Owens Valley Unified School District, CA|0629190|2019-2023|001|616|124|8|10|1.3|1.7|14|23|2.3|3.8|224|78|36.4|9.5|172|56|27.9|7.9|58|28|9.4|4.6|75|29|12.2|4.2|65|44|10.6|6.3|594|127|96.4|4.7|140|62|22.7|8.3
9500000US0629220|Oxnard Elementary School District, CA|0629220|2019-2023|001|79475|2025|15921|1312|20.0|1.5|7648|856|9.6|1.0|20064|1296|25.2|1.4|13812|691|17.4|0.9|5699|485|7.2|0.6|11110|876|14.0|1.1|5221|532|6.6|0.7|55906|1712|70.3|1.6|16331|1032|20.5|1.3
9600000US0629270|Oxnard Union High School District, CA|0629270|2019-2023|001|214030|1797|33167|1723|15.5|0.8|15563|1097|7.3|0.5|48432|1822|22.6|0.8|41387|1478|19.3|0.7|17956|941|8.4|0.4|36979|1395|17.3|0.6|20546|1249|9.6|0.6|165300|2492|77.2|0.9|57525|1796|26.9|0.8
9500000US0629280|Pacheco Union Elementary School District, CA|0629280|2019-2023|001|6764|701|110|77|1.6|1.1|241|129|3.6|1.8|1859|471|27.5|5.8|1926|375|28.5|5.1|964|281|14.3|3.7|1006|180|14.9|2.8|658|219|9.7|3.4|6413|640|94.8|2.0|1664|287|24.6|4.6
9500000US0629340|Pacific Elementary School District, CA|0629340|2019-2023|001|534|189|39|42|7.3|7.5|25|36|4.7|6.6|79|47|14.8|8.0|131|130|24.5|19.7|41|28|7.7|5.3|149|100|27.9|16.3|70|34|13.1|7.2|470|174|88.0|9.3|219|105|41.0|16.7
9700000US0629370|Pacific Grove Unified School District, CA|0629370|2019-2023|001|13712|339|135|114|1.0|0.8|281|121|2.0|0.9|1506|246|11.0|1.7|2504|309|18.3|2.3|1080|215|7.9|1.6|4032|348|29.4|2.5|4174|474|30.4|3.2|13296|354|97.0|1.2|8206|485|59.8|3.0
9500000US0629400|Pacific Union Elementary School District (Fresno County), CA|0629400|2019-2023|001|1775|337|266|127|15.0|6.8|246|146|13.9|7.9|422|151|23.8|6.8|379|164|21.4|8.3|193|117|10.9|6.0|176|128|9.9|6.8|93|68|5.2|3.9|1263|336|71.2|12.2|269|100|15.2|5.1
9500000US0629430|Pacific Union Elementary School District (Humboldt County), CA|0629430|2019-2023|001|3600|538|53|39|1.5|1.1|145|111|4.0|3.0|680|220|18.9|5.0|1044|233|29.0|5.9|379|156|10.5|4.0|678|185|18.8|4.6|621|202|17.3|4.4|3402|530|94.5|3.2|1299|310|36.1|6.2
9500000US0620460|Pacifica School District, CA|0620460|2019-2023|001|28006|535|531|146|1.9|0.5|748|184|2.7|0.7|4522|469|16.1|1.7|5908|580|21.1|2.0|2828|653|10.1|2.3|8396|661|30.0|2.4|5073|513|18.1|1.9|26727|592|95.4|0.9|13469|796|48.1|2.9
9700000US0629490|Pajaro Valley Joint Unified School District, CA|0629490|2019-2023|001|70882|1414|11235|932|15.9|1.3|5627|747|7.9|1.0|14077|1018|19.9|1.4|15058|1067|21.2|1.4|5647|598|8.0|0.9|11227|933|15.8|1.3|8011|678|11.3|0.9|54020|1502|76.2|1.6|19238|1081|27.1|1.5
9500000US0629540|Palermo Union Elementary School District, CA|0629540|2019-2023|001|5457|554|345|135|6.3|2.4|751|185|13.8|3.0|1965|329|36.0|5.7|1529|277|28.0|4.1|402|161|7.4|2.8|287|123|5.3|2.2|178|121|3.3|2.1|4361|480|79.9|3.7|465|168|8.5|2.8
9700000US0629550|Palm Springs Unified School District, CA|0629550|2019-2023|001|132123|2151|9770|987|7.4|0.7|8624|797|6.5|0.6|32372|1523|24.5|1.1|30014|1327|22.7|0.9|9940|711|7.5|0.5|23888|1296|18.1|0.9|17515|1036|13.3|0.7|113729|2184|86.1|0.8|41403|1693|31.3|1.1
9500000US0629580|Palmdale Elementary School District, CA|0629580|2019-2023|001|87071|1969|11275|980|12.9|1.0|11288|850|13.0|0.9|28076|1490|32.2|1.4|18788|1036|21.6|1.2|6386|795|7.3|0.9|8148|739|9.4|0.8|3110|536|3.6|0.6|64508|1749|74.1|1.3|11258|954|12.9|1.1
9700000US0629610|Palo Alto Unified School District, CA|0629610|2019-2023|001|57084|1350|830|251|1.5|0.4|702|223|1.2|0.4|2495|581|4.4|1.0|3481|413|6.1|0.7|1583|299|2.8|0.5|16073|942|28.2|1.5|31920|1251|55.9|1.9|55552|1358|97.3|0.6|47993|1294|84.1|1.4
9700000US0629640|Palo Verde Unified School District, CA|0629640|2019-2023|001|15003|522|1826|388|12.2|2.5|2590|306|17.3|2.0|4099|548|27.3|3.4|4007|331|26.7|2.2|1144|170|7.6|1.1|833|155|5.6|1.0|504|156|3.4|1.1|10587|570|70.6|3.3|1337|235|8.9|1.6
9500000US0629670|Palo Verde Union Elementary School District, CA|0629670|2019-2023|001|1292|196|268|95|20.7|6.8|180|82|13.9|5.5|392|110|30.3|6.9|206|65|15.9|5.0|91|50|7.0|3.7|138|58|10.7|4.3|17|13|1.3|1.1|844|148|65.3|7.2|155|61|12.0|4.5
9700000US0629700|Palos Verdes Peninsula Unified School District, CA|0629700|2019-2023|001|43125|1030|442|182|1.0|0.4|415|194|1.0|0.4|2530|366|5.9|0.8|5411|510|12.5|1.1|2409|324|5.6|0.7|16051|694|37.2|1.7|15867|845|36.8|1.6|42268|1057|98.0|0.7|31918|878|74.0|1.6
9500000US0606390|Panama-Buena Vista School District, CA|0606390|2019-2023|001|91351|2444|6148|813|6.7|0.9|6785|879|7.4|1.0|22612|1503|24.8|1.4|22956|1606|25.1|1.7|7817|918|8.6|1.0|16286|1572|17.8|1.6|8747|759|9.6|0.8|78418|2418|85.8|1.3|25033|1891|27.4|1.9
9500000US0629770|Panoche Elementary School District, CA|0629770|2019-2023|001|80|41|10|12|12.5|13.8|0|14|0.0|37.9|25|18|31.3|15.0|25|18|31.3|18.9|12|15|15.0|12.4|7|6|8.8|8.4|1|2|1.3|2.3|70|38|87.5|13.8|8|7|10.0|9.3
9500000US0629790|Paradise Elementary School District, CA|0629790|2019-2023|001|694|146|124|60|17.9|7.2|49|32|7.1|4.0|210|67|30.3|7.2|160|55|23.1|6.2|52|32|7.5|4.7|64|26|9.2|3.8|35|23|5.0|3.1|521|112|75.1|8.1|99|36|14.3|4.9
9700000US0629820|Paradise Unified School District, CA|0629820|2019-2023|001|12151|859|270|177|2.2|1.4|537|187|4.4|1.6|3545|668|29.2|4.7|3204|483|26.4|4.2|1547|420|12.7|3.2|2293|598|18.9|4.6|755|172|6.2|1.5|11344|872|93.4|2.2|3048|587|25.1|4.4
9700000US0629850|Paramount Unified School District, CA|0629850|2019-2023|001|49188|1350|9075|876|18.4|1.7|5266|563|10.7|1.1|14454|1008|29.4|2.0|9562|794|19.4|1.4|3524|465|7.2|0.9|5413|649|11.0|1.3|1894|337|3.9|0.7|34847|1375|70.8|1.9|7307|745|14.9|1.4
9700000US0629910|Parlier Unified School District, CA|0629910|2019-2023|001|8192|471|3048|437|37.2|5.0|832|280|10.2|3.4|2355|403|28.7|4.9|1154|329|14.1|3.7|368|110|4.5|1.3|378|160|4.6|2.0|57|42|0.7|0.5|4312|528|52.6|5.4|435|163|5.3|2.0
9700000US0629940|Pasadena Unified School District, CA|0629940|2019-2023|001|152985|1757|8829|938|5.8|0.6|4745|605|3.1|0.4|20152|1278|13.2|0.8|23254|1261|15.2|0.8|10525|1023|6.9|0.7|45020|1677|29.4|1.1|40460|1677|26.4|1.1|139411|1982|91.1|0.7|85480|1928|55.9|1.1
9600000US0699010|Paso Robles Joint Unified School District (9-12), CA|0699010|2019-2023|001|5100|634|452|231|8.9|4.3|339|146|6.6|2.7|1277|292|25.0|5.0|1205|230|23.6|3.9|732|203|14.4|3.7|747|205|14.6|3.3|348|120|6.8|2.0|4309|575|84.5|5.1|1095|282|21.5|4.3
9700000US0600048|Paso Robles Joint Unified School District, CA|0600048|2019-2023|001|28410|958|1249|384|4.4|1.3|1326|320|4.7|1.1|6575|603|23.1|1.9|6941|625|24.4|2.0|3600|618|12.7|2.1|5766|580|20.3|1.9|2953|407|10.4|1.5|25835|986|90.9|1.7|8719|712|30.7|2.4
9700000US0630030|Patterson Joint Unified School District, CA|0630030|2019-2023|001|17636|869|2989|487|16.9|2.6|1566|374|8.9|2.1|5727|578|32.5|2.9|3605|498|20.4|2.7|1281|358|7.3|1.9|1843|345|10.5|1.9|625|253|3.5|1.4|13081|898|74.2|3.4|2468|398|14.0|2.2
9500000US0630090|Peninsula Union Elementary School District, CA|0630090|2019-2023|001|323|130|14|16|4.3|5.2|39|32|12.1|8.1|57|34|17.6|7.7|106|58|32.8|9.9|53|44|16.4|10.8|19|15|5.9|4.7|35|18|10.8|5.6|270|113|83.6|9.2|54|28|16.7|8.9
9500000US0601427|Penn Valley Union Elementary School District, CA|0601427|2019-2023|001|9533|731|217|145|2.3|1.5|366|161|3.8|1.7|2328|430|24.4|4.0|2136|438|22.4|3.9|1365|349|14.3|3.3|2131|409|22.4|4.3|990|274|10.4|2.9|8950|726|93.9|2.2|3121|437|32.7|4.6
9500000US0630180|Perris Elementary School District, CA|0630180|2019-2023|001|28416|1508|5720|725|20.1|2.2|3224|478|11.3|1.6|9909|929|34.9|2.5|5219|604|18.4|2.0|1525|303|5.4|1.0|1783|425|6.3|1.5|1036|355|3.6|1.2|19472|1230|68.5|2.5|2819|549|9.9|1.9
9600000US0606034|Perris Union High School District (9-12), CA|0606034|2019-2023|001|106305|2348|6301|787|5.9|0.7|6911|854|6.5|0.8|27572|1413|25.9|1.3|29875|1744|28.1|1.4|11350|1062|10.7|1.0|15996|1255|15.0|1.1|8300|904|7.8|0.8|93093|2391|87.6|1.0|24296|1496|22.9|1.3
9600000US0630210|Perris Union High School District, CA|0630210|2019-2023|001|28416|1508|5720|725|20.1|2.2|3224|478|11.3|1.6|9909|929|34.9|2.5|5219|604|18.4|2.0|1525|303|5.4|1.0|1783|425|6.3|1.5|1036|355|3.6|1.2|19472|1230|68.5|2.5|2819|549|9.9|1.9
9500000US0630230|Petaluma City Elementary School District, CA|0630230|2019-2023|001|23619|974|960|305|4.1|1.3|929|408|3.9|1.7|3470|452|14.7|1.9|5173|579|21.9|2.4|2018|493|8.5|2.0|7062|738|29.9|2.8|4007|588|17.0|2.4|21730|1043|92.0|2.3|11069|909|46.9|3.1
9600000US0630250|Petaluma Joint Union High School District, CA|0630250|2019-2023|001|55393|1096|2290|448|4.1|0.8|1954|528|3.5|0.9|9861|702|17.8|1.2|12798|789|23.1|1.4|5276|632|9.5|1.1|14994|881|27.1|1.5|8220|717|14.8|1.2|51149|1201|92.3|1.4|23214|1049|41.9|1.7
9700000US0630330|Piedmont City Unified School District, CA|0630330|2019-2023|001|7498|245|62|58|0.8|0.8|20|23|0.3|0.3|326|173|4.3|2.3|380|147|5.1|1.9|196|131|2.6|1.8|2616|349|34.9|4.4|3898|383|52.0|5.1|7416|242|98.9|0.8|6514|299|86.9|2.9
9700000US0630360|Pierce Joint Unified School District, CA|0630360|2019-2023|001|4325|642|1124|253|26.0|6.4|313|115|7.2|2.5|940|241|21.7|5.1|933|491|21.6|10.0|381|153|8.8|4.3|487|176|11.3|4.0|147|86|3.4|2.0|2888|610|66.8|7.2|634|194|14.7|4.3
9500000US0630390|Pine Ridge Elementary School District, CA|0630390|2019-2023|001|501|124|2|3|0.4|0.6|14|12|2.8|2.4|117|49|23.4|7.7|116|42|23.2|7.2|58|30|11.6|5.8|105|44|21.0|7.8|89|66|17.8|11.6|485|121|96.8|2.6|194|78|38.7|11.0
9500000US0630450|Piner-Olivet Union Elementary School District, CA|0630450|2019-2023|001|11494|1082|336|162|2.9|1.4|361|163|3.1|1.4|2630|542|22.9|3.9|3161|617|27.5|4.3|1470|283|12.8|2.3|2591|487|22.5|4.3|945|242|8.2|1.9|10797|1031|93.9|1.7|3536|542|30.8|4.4
9500000US0630520|Pioneer Union Elementary School District (Butte County), CA|0630520|2019-2023|001|747|217|9|13|1.2|1.7|92|44|12.3|5.8|238|109|31.9|9.5|287|117|38.4|8.2|45|33|6.0|4.5|55|35|7.4|4.9|21|24|2.8|3.2|646|205|86.5|6.2|76|43|10.2|6.0
9500000US0630480|Pioneer Union Elementary School District (El Dorado County), CA|0630480|2019-2023|001|4176|679|0|19|0.0|1.0|161|96|3.9|2.2|1256|335|30.1|6.3|1145|355|27.4|7.0|440|154|10.5|3.7|823|294|19.7|5.8|351|204|8.4|4.9|4015|656|96.1|2.2|1174|388|28.1|7.8
9500000US0630510|Pioneer Union Elementary School District (Kings County), CA|0630510|2019-2023|001|7964|791|383|189|4.8|2.3|351|200|4.4|2.5|1765|495|22.2|5.4|1955|391|24.5|4.5|885|231|11.1|2.8|1738|344|21.8|4.1|887|265|11.1|3.0|7230|762|90.8|3.3|2625|465|33.0|5.0
9700000US0630600|Pittsburg Unified School District, CA|0630600|2019-2023|001|42441|1652|5792|758|13.6|1.8|4370|697|10.3|1.6|11810|1070|27.8|2.3|8959|879|21.1|1.8|3510|489|8.3|1.1|5649|703|13.3|1.5|2351|466|5.5|1.1|32279|1643|76.1|2.2|8000|891|18.8|1.9
9500000US0630630|Pixley Union Elementary School District, CA|0630630|2019-2023|001|2520|430|838|211|33.3|9.0|501|265|19.9|9.9|739|302|29.3|9.4|330|156|13.1|5.1|0|19|0.0|1.7|88|64|3.5|2.7|24|35|1.0|1.4|1181|393|46.9|10.9|112|87|4.4|3.6
9700000US0630660|Placentia-Yorba Linda Unified School District, CA|0630660|2019-2023|001|109725|1873|4665|694|4.3|0.6|4112|563|3.7|0.5|17507|1256|16.0|1.1|21884|1346|19.9|1.1|9893|758|9.0|0.7|31229|1360|28.5|1.2|20435|1070|18.6|1.0|100948|1830|92.0|0.8|51664|1616|47.1|1.4
9500000US0630720|Placer Hills Union Elementary School District, CA|0630720|2019-2023|001|11554|778|186|142|1.6|1.2|426|287|3.7|2.4|2127|321|18.4|2.6|2671|351|23.1|2.9|1493|261|12.9|2.2|3027|426|26.2|3.0|1624|291|14.1|2.6|10942|660|94.7|2.7|4651|444|40.3|2.9
9600000US0630750|Placer Union High School District, CA|0630750|2019-2023|001|70895|1324|1521|413|2.1|0.6|2812|549|4.0|0.8|14578|1083|20.6|1.4|17323|910|24.4|1.2|8857|597|12.5|0.9|15736|936|22.2|1.3|10068|829|14.2|1.1|66562|1467|93.9|1.0|25804|1225|36.4|1.6
9500000US0630780|Placerville Union Elementary School District, CA|0630780|2019-2023|001|12000|686|744|388|6.2|3.1|460|164|3.8|1.4|2967|463|24.7|3.4|3194|422|26.6|3.6|1458|319|12.2|2.6|2068|411|17.2|3.2|1109|317|9.2|2.7|10796|632|90.0|3.1|3177|456|26.5|3.6
9500000US0630810|Plainsburg Union Elementary School District, CA|0630810|2019-2023|001|287|77|34|24|11.8|7.6|17|20|5.9|6.6|77|30|26.8|9.1|67|36|23.3|10.2|29|19|10.1|6.4|45|22|15.7|7.2|18|16|6.3|5.3|236|65|82.2|9.0|63|28|22.0|8.5
9500000US0630840|Planada Elementary School District, CA|0630840|2019-2023|001|2981|605|1191|283|40.0|8.3|317|173|10.6|4.8|513|189|17.2|6.2|563|316|18.9|9.4|214|81|7.2|2.5|91|69|3.1|2.4|92|118|3.1|3.5|1473|416|49.4|8.3|183|136|6.1|3.8
9500000US0630870|Plaza Elementary School District, CA|0630870|2019-2023|001|304|87|44|48|14.5|13.9|18|21|5.9|7.0|90|33|29.6|8.4|69|35|22.7|9.5|20|11|6.6|3.7|43|20|14.1|6.3|20|15|6.6|4.9|242|67|79.6|14.0|63|27|20.7|8.6
9500000US0630900|Pleasant Grove Joint Union Elementary School District, CA|0630900|2019-2023|001|461|74|30|31|6.5|6.1|37|20|8.0|3.7|111|35|24.1|6.7|131|34|28.4|6.7|60|29|13.0|6.0|65|22|14.1|4.5|27|13|5.9|3.1|394|57|85.5|8.1|92|26|20.0|5.7
9500000US0630930|Pleasant Ridge Union Elementary School District, CA|0630930|2019-2023|001|16845|875|90|56|0.5|0.3|518|192|3.1|1.1|3498|456|20.8|2.5|5291|541|31.4|2.7|2045|364|12.1|2.0|3543|459|21.0|2.6|1860|408|11.0|2.4|16237|864|96.4|1.1|5403|558|32.1|3.1
9500000US0630990|Pleasant Valley Elementary School District, CA|0630990|2019-2023|001|55945|1115|1692|376|3.0|0.7|1573|375|2.8|0.7|9670|901|17.3|1.6|12463|919|22.3|1.6|6033|614|10.8|1.1|14790|951|26.4|1.6|9724|898|17.4|1.6|52680|1115|94.2|0.9|24514|1156|43.8|1.9
9500000US0631020|Pleasant Valley Joint Union Elementary School District, CA|0631020|2019-2023|001|1036|259|33|31|3.2|2.8|50|52|4.8|4.5|259|149|25.0|12.3|183|60|17.7|5.2|179|88|17.3|6.4|236|98|22.8|8.4|96|40|9.3|3.8|953|228|92.0|4.9|332|112|32.0|9.5
9500000US0631050|Pleasant View Elementary School District, CA|0631050|2019-2023|001|1344|275|276|129|20.5|9.1|361|159|26.9|9.1|409|124|30.4|7.7|211|100|15.7|6.9|37|36|2.8|2.7|50|32|3.7|2.2|0|14|0.0|3.1|707|162|52.6|8.0|50|32|3.7|2.2
9700000US0600020|Pleasanton Unified School District, CA|0600020|2019-2023|001|55501|807|1373|585|2.5|1.0|725|199|1.3|0.4|5294|628|9.5|1.1|6837|731|12.3|1.3|3237|450|5.8|0.8|20138|811|36.3|1.4|17897|788|32.2|1.4|53403|861|96.2|1.1|38035|1001|68.5|1.8
9500000US0631180|Plumas Lake Elementary School District, CA|0631180|2019-2023|001|5554|556|211|138|3.8|2.4|301|159|5.4|2.8|1237|343|22.3|5.7|1472|329|26.5|5.5|812|252|14.6|4.2|1087|255|19.6|4.4|434|170|7.8|2.9|5042|534|90.8|3.3|1521|335|27.4|5.5
9700000US0631170|Plumas Unified School District, CA|0631170|2019-2023|001|14773|291|333|179|2.3|1.2|542|180|3.7|1.2|4086|499|27.7|3.3|4995|405|33.8|2.8|1759|350|11.9|2.4|1977|275|13.4|1.8|1081|219|7.3|1.5|13898|332|94.1|1.5|3058|390|20.7|2.6
9600000US0631230|Point Arena Joint Union High School District, CA|0631230|2019-2023|001|4943|477|155|111|3.1|2.1|232|135|4.7|2.7|891|268|18.0|4.9|986|196|19.9|3.6|481|162|9.7|3.1|1049|182|21.2|3.6|1149|229|23.2|4.3|4556|443|92.2|3.5|2198|284|44.5|5.1
9500000US0631290|Pollock Pines Elementary School District, CA|0631290|2019-2023|001|6567|704|59|50|0.9|0.7|464|235|7.1|3.4|1609|368|24.5|4.5|1881|374|28.6|5.1|1048|268|16.0|3.8|1032|237|15.7|3.2|474|155|7.2|2.3|6044|665|92.0|3.4|1506|304|22.9|4.1
9700000US0631320|Pomona Unified School District, CA|0631320|2019-2023|001|109136|1694|14382|882|13.2|0.8|11364|883|10.4|0.8|27334|1285|25.0|1.2|22006|1210|20.2|1.0|8611|851|7.9|0.8|17861|1173|16.4|1.0|7578|660|6.9|0.6|83390|1801|76.4|1.1|25439|1406|23.3|1.2
9500000US0631350|Pond Union Elementary School District, CA|0631350|2019-2023|001|217|83|37|25|17.1|9.7|44|25|20.3|7.8|59|30|27.2|9.5|42|25|19.4|9.7|3|5|1.4|2.2|29|27|13.4|10.6|3|4|1.4|1.8|136|56|62.7|10.4|32|27|14.7|10.5
9500000US0631380|Pope Valley Union Elementary School District, CA|0631380|2019-2023|001|544|198|98|99|18.0|15.2|49|53|9.0|7.7|59|31|10.8|6.8|104|44|19.1|6.9|43|18|7.9|4.2|118|47|21.7|9.8|73|68|13.4|9.1|397|118|73.0|14.6|191|84|35.1|8.9
9600000US0606107|Porterville Unified School District (9-12), CA|0606107|2019-2023|001|26945|1420|4712|594|17.5|2.2|2978|481|11.1|1.6|7176|917|26.6|2.8|5839|722|21.7|2.4|1997|354|7.4|1.3|2823|361|10.5|1.3|1420|306|5.3|1.1|19255|1293|71.5|2.6|4243|497|15.7|1.7
9700000US0600064|Porterville Unified School District, CA|0600064|2019-2023|001|32189|1481|6130|877|19.0|2.5|4545|661|14.1|2.1|8685|1138|27.0|3.0|6013|751|18.7|2.4|2496|445|7.8|1.3|2595|581|8.1|1.7|1725|503|5.4|1.6|21514|1324|66.8|2.5|4320|664|13.4|1.9
9500000US0631470|Portola Valley Elementary School District, CA|0631470|2019-2023|001|4690|378|0|19|0.0|0.9|45|49|1.0|1.0|81|53|1.7|1.1|477|229|10.2|4.6|247|98|5.3|2.1|1579|311|33.7|5.1|2261|343|48.2|7.5|4645|386|99.0|1.0|3840|377|81.9|5.3
9700000US0631400|Potter Valley Community Unified School District, CA|0631400|2019-2023|001|1648|339|13|19|0.8|1.1|48|51|2.9|3.1|444|223|26.9|9.5|480|141|29.1|7.3|150|63|9.1|3.9|318|101|19.3|7.1|195|117|11.8|6.6|1587|338|96.3|3.3|513|154|31.1|9.3
9700000US0631530|Poway Unified School District, CA|0631530|2019-2023|001|142663|3162|2969|528|2.1|0.4|2692|438|1.9|0.3|13289|943|9.3|0.6|21824|1440|15.3|0.9|10852|917|7.6|0.6|49659|2106|34.8|1.2|41378|1770|29.0|1.1|137002|3172|96.0|0.5|91037|2675|63.8|1.2
9700000US0631620|Princeton Joint Unified School District, CA|0631620|2019-2023|001|531|120|30|26|5.6|4.5|55|34|10.4|5.8|216|70|40.7|8.8|127|53|23.9|8.0|44|33|8.3|6.2|58|37|10.9|6.8|1|3|0.2|0.6|446|106|84.0|7.7|59|38|11.1|6.9
9500000US0631680|Raisin City Elementary School District, CA|0631680|2019-2023|001|919|238|208|78|22.6|8.5|245|158|26.7|12.8|191|71|20.8|6.4|122|64|13.3|5.9|43|30|4.7|3.2|79|30|8.6|4.0|31|29|3.4|3.0|466|123|50.7|9.7|110|47|12.0|5.4
9700000US0631710|Ramona City Unified School District, CA|0631710|2019-2023|001|25805|1277|1506|557|5.8|2.1|1784|478|6.9|1.8|6341|656|24.6|2.4|6159|712|23.9|2.5|2460|440|9.5|1.6|5594|622|21.7|2.2|1961|303|7.6|1.1|22515|1267|87.3|3.2|7555|718|29.3|2.5
9500000US0631740|Rancho Santa Fe Elementary School District, CA|0631740|2019-2023|001|3978|833|7|11|0.2|0.3|51|44|1.3|1.1|377|270|9.5|5.3|670|420|16.8|8.3|255|149|6.4|3.8|1652|361|41.5|8.9|966|216|24.3|6.1|3920|830|98.5|1.2|2618|420|65.8|11.2
9500000US0631830|Ravendale-Termo Elementary School District, CA|0631830|2019-2023|001|76|40|8|10|10.5|10.5|4|7|5.3|8.2|21|17|27.6|19.0|25|19|32.9|14.0|3|5|3.9|6.1|8|10|10.5|12.1|7|9|9.2|8.5|64|34|84.2|15.2|15|13|19.7|13.2
9500000US0631860|Ravenswood City Elementary School District, CA|0631860|2019-2023|001|24838|977|3790|553|15.3|2.2|2000|463|8.1|2.0|5845|763|23.5|3.0|5082|842|20.5|2.9|1552|373|6.2|1.5|3623|467|14.6|1.9|2946|704|11.9|2.7|19048|1229|76.7|3.0|6569|755|26.4|2.8
9500000US0631920|Raymond-Knowles Union Elementary School District, CA|0631920|2019-2023|001|900|209|98|68|10.9|6.9|62|36|6.9|3.9|203|75|22.6|7.0|214|78|23.8|8.0|77|40|8.6|4.2|161|74|17.9|8.6|85|110|9.4|10.9|740|187|82.2|7.4|246|127|27.3|11.0
9600000US0632010|Red Bluff Joint Union High School District, CA|0632010|2019-2023|001|31943|721|1677|361|5.2|1.1|2015|404|6.3|1.2|8954|775|28.0|2.4|9169|760|28.7|2.4|3545|640|11.1|1.9|4799|690|15.0|2.1|1784|363|5.6|1.1|28251|692|88.4|1.6|6583|716|20.6|2.2
9500000US0631980|Red Bluff Union Elementary School District, CA|0631980|2019-2023|001|13755|839|560|198|4.1|1.4|867|232|6.3|1.6|3663|511|26.6|3.4|4521|560|32.9|3.9|1521|422|11.1|3.1|1965|571|14.3|3.8|658|187|4.8|1.4|12328|779|89.6|2.2|2623|577|19.1|3.7
9500000US0632040|Redding Elementary School District, CA|0632040|2019-2023|001|25391|1014|409|153|1.6|0.6|1180|296|4.6|1.1|6161|584|24.3|2.0|7448|570|29.3|2.2|3090|484|12.2|1.8|4421|547|17.4|2.0|2682|353|10.6|1.3|23802|983|93.7|1.2|7103|681|28.0|2.3
9700000US0632070|Redlands Unified School District, CA|0632070|2019-2023|001|90853|2173|3670|594|4.0|0.6|4734|822|5.2|0.9|18939|1417|20.8|1.4|18008|1229|19.8|1.1|6875|740|7.6|0.8|19528|1108|21.5|1.1|19099|1270|21.0|1.4|82449|2232|90.7|1.1|38627|1449|42.5|1.5
9700000US0600032|Redondo Beach Unified School District, CA|0600032|2019-2023|001|50583|862|808|263|1.6|0.5|830|295|1.6|0.6|5248|619|10.4|1.2|6879|707|13.6|1.4|3240|542|6.4|1.1|21158|1141|41.8|2.1|12420|937|24.6|1.9|48945|919|96.8|0.8|33578|1128|66.4|1.9
9500000US0632130|Redwood City Elementary School District, CA|0632130|2019-2023|001|70991|1457|6159|749|8.7|1.0|4101|907|5.8|1.3|11449|1038|16.1|1.4|9670|793|13.6|1.1|3860|500|5.4|0.7|18236|837|25.7|1.2|17516|915|24.7|1.2|60731|1700|85.5|1.6|35752|1300|50.4|1.6
9500000US0632160|Reed Union Elementary School District, CA|0632160|2019-2023|001|10328|576|52|54|0.5|0.5|63|65|0.6|0.6|360|128|3.5|1.2|1093|372|10.6|3.5|399|147|3.9|1.4|4132|451|40.0|4.1|4229|497|40.9|4.4|10213|571|98.9|0.8|8361|535|81.0|4.0
9500000US0632250|Reeds Creek Elementary School District, CA|0632250|2019-2023|001|1248|312|52|49|4.2|3.7|45|24|3.6|2.0|353|135|28.3|8.1|283|90|22.7|6.2|168|71|13.5|4.3|242|132|19.4|7.8|105|72|8.4|5.6|1151|300|92.2|4.1|347|147|27.8|8.1
9700000US0632270|Reef-Sunset Unified School District, CA|0632270|2019-2023|001|9620|657|2879|659|29.9|5.7|1915|340|19.9|3.7|2432|456|25.3|4.7|1639|291|17.0|3.2|375|132|3.9|1.4|211|150|2.2|1.5|169|101|1.8|1.1|4826|523|50.2|5.4|380|178|4.0|1.8
9700000US0699999|Remainder of California, CA|0699999|2019-2023|001|7348479|13388|629528|7145|8.6|0.1|496232|6643|6.8|0.1|1568794|13043|21.3|0.2|1513991|9536|20.6|0.1|611049|6872|8.3|0.1|1529438|11261|20.8|0.1|999447|10052|13.6|0.1|6222719|15631|84.7|0.1|2528885|16512|34.4|0.2
9500000US0699999|Remainder of California, CA|0699999|2019-2023|001|19592723|13578|1714464|13596|8.8|0.1|1308925|11292|6.7|0.1|3927401|21437|20.0|0.1|3813138|15077|19.5|0.1|1523319|10636|7.8|0.1|4506171|19728|23.0|0.1|2799305|18906|14.3|0.1|16569334|20559|84.6|0.1|7305476|30538|37.3|0.2
9600000US0699999|Remainder of California, CA|0699999|2019-2023|001|19609646|13540|1714690|13610|8.7|0.1|1309202|11303|6.7|0.1|3928575|21437|20.0|0.1|3815288|14997|19.5|0.1|1524047|10620|7.8|0.1|4513358|19693|23.0|0.1|2804486|18879|14.3|0.1|16585754|20537|84.6|0.1|7317844|30536|37.3|0.2
9500000US0632310|Rescue Union Elementary School District, CA|0632310|2019-2023|001|24997|1210|142|71|0.6|0.3|544|159|2.2|0.6|3665|459|14.7|1.7|5731|564|22.9|2.1|2570|434|10.3|1.6|7947|727|31.8|2.4|4398|482|17.6|1.8|24311|1194|97.3|0.7|12345|835|49.4|2.4
9700000US0632370|Rialto Unified School District, CA|0632370|2019-2023|001|78786|1644|9461|775|12.0|0.9|10050|882|12.8|1.1|27099|1479|34.4|1.8|16120|1129|20.5|1.4|5155|554|6.5|0.7|8271|841|10.5|1.0|2630|407|3.3|0.5|59275|1666|75.2|1.5|10901|995|13.8|1.2
9500000US0632400|Richfield Elementary School District, CA|0632400|2019-2023|001|823|218|103|93|12.5|10.0|57|50|6.9|5.2|292|117|35.5|11.2|187|70|22.7|7.0|68|42|8.3|4.8|67|39|8.1|4.1|49|28|6.0|3.3|663|173|80.6|10.6|116|49|14.1|5.2
9500000US0632430|Richgrove Elementary School District, CA|0632430|2019-2023|001|1228|237|485|128|39.5|11.2|86|41|7.0|3.4|389|153|31.7|9.1|175|105|14.3|6.7|49|32|4.0|2.9|40|34|3.3|2.6|4|6|0.3|0.5|657|238|53.5|12.4|44|35|3.6|2.7
9500000US0621450|Richland Union School District, CA|0621450|2019-2023|001|11481|670|2209|400|19.2|3.2|1325|298|11.5|2.6|3687|540|32.1|4.3|2380|434|20.7|3.5|820|207|7.1|1.8|748|187|6.5|1.6|312|158|2.7|1.4|7947|631|69.2|3.7|1060|220|9.2|1.9
9500000US0632520|Richmond Elementary School District, CA|0632520|2019-2023|001|926|155|13|23|1.4|2.5|18|15|1.9|1.7|220|72|23.8|6.0|213|65|23.0|6.2|114|48|12.3|4.7|225|75|24.3|6.7|123|47|13.3|4.9|895|152|96.7|2.8|348|89|37.6|7.6
9700000US0632610|Rim of the World Unified School District, CA|0632610|2019-2023|001|19166|1152|425|146|2.2|0.8|874|408|4.6|2.0|4075|565|21.3|2.7|5456|618|28.5|2.8|2019|327|10.5|1.7|3903|532|20.4|2.5|2414|401|12.6|2.0|17867|1067|93.2|2.2|6317|692|33.0|3.1
9500000US0632640|Rincon Valley Union Elementary School District, CA|0632640|2019-2023|001|29927|1331|626|228|2.1|0.8|718|204|2.4|0.7|4451|619|14.9|1.8|6362|745|21.3|2.1|2847|493|9.5|1.6|8785|777|29.4|2.4|6138|586|20.5|2.0|28583|1339|95.5|0.9|14923|951|49.9|2.8
9500000US0632710|Rio Bravo-Greeley Union Elementary School District, CA|0632710|2019-2023|001|3561|612|124|60|3.5|1.6|239|136|6.7|3.4|885|285|24.9|6.1|839|261|23.6|6.1|319|134|9.0|4.0|737|226|20.7|5.4|418|189|11.7|4.9|3198|546|89.8|3.7|1155|336|32.4|7.7
9500000US0632730|Rio Dell Elementary School District, CA|0632730|2019-2023|001|2155|253|104|84|4.8|3.9|103|83|4.8|3.8|845|222|39.2|8.3|639|188|29.7|9.0|259|124|12.0|5.3|111|86|5.2|3.9|94|75|4.4|3.5|1948|271|90.4|6.5|205|115|9.5|5.1
9500000US0632760|Rio Elementary School District, CA|0632760|2019-2023|001|27003|1408|3885|649|14.4|2.2|2331|436|8.6|1.5|6357|759|23.5|2.4|5127|550|19.0|2.0|2398|429|8.9|1.5|4361|677|16.2|2.3|2544|446|9.4|1.7|20787|1230|77.0|2.6|6905|841|25.6|2.8
9700000US0632880|Ripon Unified School District, CA|0632880|2019-2023|001|14375|894|431|171|3.0|1.2|675|241|4.7|1.7|3907|641|27.2|3.6|3995|534|27.8|3.4|1661|301|11.6|2.0|2628|441|18.3|2.7|1078|246|7.5|1.8|13269|918|92.3|2.0|3706|454|25.8|3.0
9700000US0633110|River Delta Joint Unified School District, CA|0633110|2019-2023|001|14265|772|794|417|5.6|2.9|1034|319|7.2|2.3|2574|478|18.0|3.2|3730|441|26.1|2.9|1712|292|12.0|2.0|2920|533|20.5|3.5|1501|363|10.5|2.5|12437|808|87.2|3.4|4421|649|31.0|4.1
9700000US0600061|Riverbank Unified School District, CA|0600061|2019-2023|001|9583|701|1477|228|15.4|2.6|876|211|9.1|2.1|2985|368|31.1|3.3|2256|493|23.5|4.3|866|283|9.0|2.8|735|163|7.7|1.8|388|143|4.0|1.5|7230|704|75.4|3.3|1123|232|11.7|2.5
9600000US0699003|Riverdale Joint Unified School District (9-12), CA|0699003|2019-2023|001|882|204|399|143|45.2|14.8|206|139|23.4|13.8|148|66|16.8|6.4|97|56|11.0|5.9|6|10|0.7|1.1|25|24|2.8|2.6|1|2|0.1|0.3|277|102|31.4|9.2|26|24|2.9|2.7
9700000US0600040|Riverdale Joint Unified School District, CA|0600040|2019-2023|001|3442|804|1139|475|33.1|8.8|294|132|8.5|3.9|1139|367|33.1|6.9|420|186|12.2|5.6|210|102|6.1|2.8|154|94|4.5|2.9|86|71|2.5|2.1|2009|470|58.4|8.3|240|118|7.0|3.5
9700000US0633150|Riverside Unified School District, CA|0633150|2019-2023|001|163069|2662|11706|1072|7.2|0.6|10792|962|6.6|0.6|41903|1781|25.7|1.1|35771|1651|21.9|1.0|14175|1261|8.7|0.7|27864|1526|17.1|0.9|20858|1181|12.8|0.7|140571|2494|86.2|0.9|48722|1890|29.9|1.1
9500000US0633210|Roberts Ferry Union Elementary School District, CA|0633210|2019-2023|001|371|134|24|20|6.5|4.1|19|18|5.1|4.8|93|70|25.1|14.0|115|63|31.0|13.9|58|32|15.6|8.1|53|38|14.3|9.0|9|8|2.4|2.6|328|119|88.4|6.0|62|40|16.7|10.0
9500000US0633240|Robla Elementary School District, CA|0633240|2019-2023|001|13974|1208|1625|398|11.6|2.7|995|267|7.1|2.0|4049|628|29.0|3.4|3832|621|27.4|3.8|1104|187|7.9|1.4|1706|448|12.2|2.7|663|243|4.7|1.8|11354|1134|81.3|3.0|2369|515|17.0|3.2
9500000US0633270|Rockford Elementary School District, CA|0633270|2019-2023|001|882|274|195|89|22.1|9.2|91|51|10.3|5.7|214|97|24.3|11.3|219|218|24.8|19.3|42|27|4.8|2.8|77|44|8.7|5.3|44|26|5.0|3.1|596|234|67.6|10.4|121|48|13.7|6.1
9700000US0600013|Rocklin Unified School District, CA|0600013|2019-2023|001|45617|791|511|165|1.1|0.4|1225|285|2.7|0.6|6856|791|15.0|1.7|9613|579|21.1|1.3|5319|514|11.7|1.1|14498|950|31.8|2.0|7595|763|16.6|1.6|43881|823|96.2|0.7|22093|1167|48.4|2.3
9500000US0633390|Romoland Elementary School District, CA|0633390|2019-2023|001|24355|2073|1854|422|7.6|1.7|2054|446|8.4|1.7|6934|911|28.5|2.9|6526|860|26.8|2.7|2222|585|9.1|2.0|3212|537|13.2|2.2|1553|461|6.4|1.7|20447|1948|84.0|2.8|4765|688|19.6|2.5
9500000US0633480|Rosedale Union Elementary School District, CA|0633480|2019-2023|001|31917|1611|1155|310|3.6|1.0|1332|480|4.2|1.5|6555|669|20.5|2.1|8506|920|26.7|2.7|3348|521|10.5|1.6|6788|884|21.3|2.4|4233|785|13.3|2.2|29430|1594|92.2|1.7|11021|1395|34.5|3.5
9500000US0633510|Roseland School District, CA|0633510|2019-2023|001|7845|591|1090|354|13.9|4.1|1085|294|13.8|3.6|1996|369|25.4|4.7|1743|321|22.2|3.9|702|168|8.9|2.1|707|242|9.0|2.9|522|189|6.7|2.4|5670|497|72.3|4.9|1229|330|15.7|4.0
9500000US0633570|Rosemead Elementary School District, CA|0633570|2019-2023|001|20001|1390|4576|847|22.9|3.4|1754|325|8.8|1.6|4573|628|22.9|2.4|2658|342|13.3|2.0|1355|271|6.8|1.5|3642|564|18.2|2.6|1443|347|7.2|1.6|13671|1005|68.4|3.4|5085|633|25.4|2.6
9500000US0633600|Roseville City Elementary School District, CA|0633600|2019-2023|001|78626|1593|1682|421|2.1|0.5|2107|318|2.7|0.4|11860|994|15.1|1.2|19201|1263|24.4|1.5|8878|763|11.3|0.9|23628|1119|30.1|1.4|11270|835|14.3|1.1|74837|1616|95.2|0.7|34898|1211|44.4|1.5
9600000US0633630|Roseville Joint Union High School District, CA|0633630|2019-2023|001|136437|1820|2821|446|2.1|0.3|3650|466|2.7|0.3|23325|1519|17.1|1.1|31913|1445|23.4|1.0|15009|950|11.0|0.7|39385|1522|28.9|1.1|20334|1060|14.9|0.8|129966|1889|95.3|0.4|59719|1594|43.8|1.2
9500000US0633660|Ross Elementary School District, CA|0633660|2019-2023|001|2140|263|18|38|0.8|1.8|0|14|0.0|2.0|89|60|4.2|2.7|309|106|14.4|4.1|26|19|1.2|0.9|823|132|38.5|6.0|875|183|40.9|6.1|2122|272|99.2|1.8|1698|215|79.3|4.9
9500000US0600006|Ross Valley Elementary School District, CA|0600006|2019-2023|001|17343|538|53|49|0.3|0.3|379|222|2.2|1.3|1143|291|6.6|1.6|2519|369|14.5|2.1|1118|241|6.4|1.3|7314|465|42.2|2.6|4817|487|27.8|2.7|16911|534|97.5|1.3|12131|558|69.9|2.8
9500000US0633690|Round Valley Joint Elementary School District, CA|0633690|2019-2023|001|1243|228|8|10|0.6|0.8|79|80|6.4|5.5|247|83|19.9|5.7|314|87|25.3|5.5|88|40|7.1|3.1|314|107|25.3|7.5|193|71|15.5|5.5|1156|185|93.0|5.4|507|127|40.8|8.5
9700000US0633720|Round Valley Unified School District, CA|0633720|2019-2023|001|1937|294|171|107|8.8|5.6|157|101|8.1|4.9|770|234|39.8|10.3|484|164|25.0|7.2|125|68|6.5|3.0|173|91|8.9|4.9|57|37|2.9|1.9|1609|286|83.1|7.3|230|100|11.9|5.3
9700000US0633750|Rowland Unified School District, CA|0633750|2019-2023|001|74903|2069|7743|694|10.3|0.9|5321|491|7.1|0.6|18542|1208|24.8|1.4|12581|844|16.8|1.1|6615|725|8.8|0.9|17319|1152|23.1|1.3|6782|694|9.1|0.9|61839|1986|82.6|1.2|24101|1330|32.2|1.4
9700000US0633840|Sacramento City Unified School District, CA|0633840|2019-2023|001|250481|3245|18491|1228|7.4|0.5|13670|1028|5.5|0.4|46797|1482|18.7|0.6|54111|1914|21.6|0.7|22270|1192|8.9|0.5|58399|1914|23.3|0.7|36743|1617|14.7|0.6|218320|3323|87.2|0.6|95142|2527|38.0|0.8
9700000US0633860|Saddleback Valley Unified School District, CA|0633860|2019-2023|001|162123|1775|5129|646|3.2|0.4|4610|618|2.8|0.4|24431|1476|15.1|0.9|32980|1584|20.3|0.9|14022|903|8.6|0.6|51355|1757|31.7|1.1|29596|1488|18.3|0.9|152384|1679|94.0|0.5|80951|2047|49.9|1.2
9500000US0633900|Salida Union Elementary School District, CA|0633900|2019-2023|001|13463|1115|1022|336|7.6|2.4|1297|370|9.6|2.6|3811|523|28.3|3.4|3367|574|25.0|4.1|1111|251|8.3|1.7|2229|546|16.6|3.4|626|215|4.6|1.6|11144|1026|82.8|3.6|2855|576|21.2|3.5
9500000US0633930|Salinas City Elementary School District, CA|0633930|2019-2023|001|53263|1430|11155|1044|20.9|1.8|5666|757|10.6|1.3|12326|854|23.1|1.6|10448|867|19.6|1.6|4256|453|8.0|0.8|6806|589|12.8|1.0|2606|477|4.9|0.9|36442|1199|68.4|1.7|9412|767|17.7|1.3
9600000US0633980|Salinas Union High School District, CA|0633980|2019-2023|001|111266|1299|25869|1262|23.2|1.1|13017|981|11.7|0.9|25061|1238|22.5|1.1|17925|998|16.1|0.9|8016|678|7.2|0.6|14605|916|13.1|0.8|6773|641|6.1|0.6|72380|1593|65.1|1.1|21378|1193|19.2|1.0
9500000US0634050|San Antonio Union Elementary School District, CA|0634050|2019-2023|001|1552|285|30|46|1.9|2.9|35|29|2.3|1.8|474|158|30.5|8.5|438|168|28.2|8.9|209|115|13.5|7.0|262|96|16.9|5.9|104|65|6.7|4.3|1487|268|95.8|3.3|366|126|23.6|8.0
9500000US0634080|San Ardo Union Elementary School District, CA|0634080|2019-2023|001|399|218|136|133|34.1|20.5|44|39|11.0|10.1|99|79|24.8|11.9|106|59|26.6|16.5|0|14|0.0|10.1|4|6|1.0|1.7|10|16|2.5|4.1|219|112|54.9|17.5|14|17|3.5|4.5
9600000US0634140|San Benito High School District, CA|0634140|2019-2023|001|38307|540|3906|558|10.2|1.4|2745|432|7.2|1.1|10557|740|27.6|1.9|9003|535|23.5|1.5|4096|446|10.7|1.1|5908|604|15.4|1.5|2092|324|5.5|0.8|31656|734|82.6|1.7|8000|795|20.9|2.0
9700000US0634170|San Bernardino City Unified School District, CA|0634170|2019-2023|001|165933|2938|21320|1465|12.8|0.9|24479|1462|14.8|0.9|56095|1881|33.8|1.1|32413|1729|19.5|0.9|11324|989|6.8|0.6|14162|1199|8.5|0.7|6140|616|3.7|0.4|120134|2851|72.4|1.1|20302|1395|12.2|0.8
9500000US0634230|San Bruno Park Elementary School District, CA|0634230|2019-2023|001|28390|1089|975|271|3.4|1.0|1199|284|4.2|1.0|5916|658|20.8|2.2|5115|594|18.0|2.0|2360|333|8.3|1.1|8813|725|31.0|2.2|4012|443|14.1|1.5|26216|1092|92.3|1.4|12825|868|45.2|2.4
9500000US0634290|San Carlos Elementary School District, CA|0634290|2019-2023|001|20117|557|389|131|1.9|0.7|307|119|1.5|0.6|1511|323|7.5|1.6|2992|520|14.9|2.5|1175|193|5.8|0.9|6140|516|30.5|2.4|7603|521|37.8|2.6|19421|613|96.5|0.9|13743|636|68.3|2.9
9700000US0634320|San Diego City Unified School District, CA|0634320|2019-2023|001|760544|4570|40592|2044|5.3|0.3|33946|2089|4.5|0.3|116392|3112|15.3|0.4|140774|3926|18.5|0.5|57281|2139|7.5|0.3|220002|3674|28.9|0.4|151557|3273|19.9|0.4|686006|5115|90.2|0.4|371559|4979|48.9|0.6
9600000US0634380|San Dieguito Union High School District, CA|0634380|2019-2023|001|128619|2518|2181|753|1.7|0.6|1647|401|1.3|0.3|8750|704|6.8|0.5|14105|1069|11.0|0.8|7311|777|5.7|0.6|49678|1763|38.6|1.2|44947|1901|34.9|1.2|124791|2725|97.0|0.7|94625|2404|73.6|1.1
9700000US0634410|San Francisco Unified School District, CA|0634410|2019-2023|001|669238|166|46453|1828|6.9|0.3|28518|1487|4.3|0.2|75776|2530|11.3|0.4|80595|2236|12.0|0.3|35545|1373|5.3|0.2|234704|3755|35.1|0.6|167647|3048|25.1|0.5|594267|2385|88.8|0.4|402351|3840|60.1|0.6
9700000US0634425|San Gabriel Unified School District, CA|0634425|2019-2023|001|31075|1343|3329|549|10.7|1.7|1448|288|4.7|0.9|6660|673|21.4|2.0|4773|503|15.4|1.6|2545|476|8.2|1.5|8468|703|27.3|1.9|3852|364|12.4|1.2|26298|1205|84.6|1.8|12320|848|39.6|2.2
9700000US0634440|San Jacinto Unified School District, CA|0634440|2019-2023|001|34998|1330|3675|715|10.5|1.9|4361|596|12.5|1.7|10965|1019|31.3|2.9|9053|1076|25.9|2.8|2399|458|6.9|1.3|2761|466|7.9|1.3|1784|383|5.1|1.1|26962|1349|77.0|2.7|4545|636|13.0|1.8
9700000US0634590|San Jose Unified School District, CA|0634590|2019-2023|001|182778|2903|12062|1340|6.6|0.7|9262|847|5.1|0.5|27222|1568|14.9|0.8|28112|1156|15.4|0.6|12303|785|6.7|0.4|53102|1727|29.1|0.9|40715|1725|22.3|0.9|161454|2774|88.3|0.8|93817|2050|51.3|1.0
9700000US0634620|San Juan Unified School District, CA|0634620|2019-2023|001|251050|2890|8780|946|3.5|0.4|12086|969|4.8|0.4|54272|2294|21.6|0.9|64220|2283|25.6|0.9|26227|1339|10.4|0.5|52832|2024|21.0|0.8|32633|1614|13.0|0.6|230184|2985|91.7|0.6|85465|2576|34.0|0.9
9700000US0634680|San Leandro Unified School District, CA|0634680|2019-2023|001|54059|1260|5291|733|9.8|1.4|3188|541|5.9|1.0|10830|881|20.0|1.6|10623|908|19.7|1.6|4540|654|8.4|1.2|13234|1015|24.5|1.7|6353|588|11.8|1.1|45580|1478|84.3|1.6|19587|1112|36.2|1.8
9700000US0634710|San Lorenzo Unified School District, CA|0634710|2019-2023|001|59382|1796|6535|742|11.0|1.2|4507|727|7.6|1.2|15752|1294|26.5|1.9|13492|1128|22.7|1.8|4641|606|7.8|1.0|11070|1089|18.6|1.7|3385|512|5.7|0.8|48340|1896|81.4|1.8|14455|1244|24.3|1.9
9700000US0634740|San Lorenzo Valley Unified School District, CA|0634740|2019-2023|001|17409|961|321|292|1.8|1.6|386|130|2.2|0.7|2493|403|14.3|2.1|4577|647|26.3|3.2|1577|316|9.1|1.8|5446|534|31.3|2.7|2609|368|15.0|2.2|16702|875|95.9|1.6|8055|619|46.3|3.3
9500000US0634770|San Lucas Union Elementary School District, CA|0634770|2019-2023|001|192|102|57|52|29.7|19.4|24|28|12.5|11.8|58|37|30.2|16.3|23|21|12.0|10.4|22|23|11.5|9.6|8|8|4.2|4.1|0|14|0.0|19.7|111|63|57.8|22.5|8|8|4.2|4.1
9700000US0634800|San Luis Coastal Unified School District, CA|0634800|2019-2023|001|54082|1404|1040|218|1.9|0.4|2526|326|4.7|0.6|7031|694|13.0|1.2|11530|693|21.3|1.2|4534|524|8.4|0.9|15925|1026|29.4|1.6|11496|887|21.3|1.7|50516|1414|93.4|0.8|27421|1203|50.7|1.9
9700000US0634880|San Marcos Unified School District, CA|0634880|2019-2023|001|85102|2031|5935|769|7.0|0.9|3798|543|4.5|0.6|13621|950|16.0|1.0|17056|1273|20.0|1.3|7221|757|8.5|0.9|24330|1347|28.6|1.4|13141|831|15.4|1.0|75369|1935|88.6|1.0|37471|1506|44.0|1.5
9700000US0634860|San Marino Unified School District, CA|0634860|2019-2023|001|10428|517|215|158|2.1|1.5|149|90|1.4|0.8|527|165|5.1|1.5|831|184|8.0|1.8|515|265|4.9|2.4|3983|391|38.2|3.6|4208|435|40.4|4.3|10064|498|96.5|1.9|8191|368|78.5|3.5
9600000US0634980|San Mateo Union High School District, CA|0634980|2019-2023|001|178207|1581|8580|916|4.8|0.5|4949|603|2.8|0.3|22699|1215|12.7|0.7|25032|1207|14.0|0.7|12101|780|6.8|0.4|56403|1797|31.7|1.0|48443|1529|27.2|0.8|164678|1947|92.4|0.6|104846|1923|58.8|0.9
9500000US0634920|San Mateo-Foster City Elementary School District, CA|0634920|2019-2023|001|100153|1365|5483|820|5.5|0.8|2874|516|2.9|0.5|10740|798|10.7|0.8|12649|872|12.6|0.8|6633|679|6.6|0.7|31963|1322|31.9|1.2|29811|1141|29.8|1.1|91796|1701|91.7|0.9|61774|1453|61.7|1.2
9500000US0635010|San Miguel Joint Union Elementary School District, CA|0635010|2019-2023|001|4064|625|419|229|10.3|5.2|289|133|7.1|3.1|1018|249|25.0|5.2|1022|225|25.1|4.8|553|209|13.6|4.6|511|163|12.6|3.5|252|113|6.2|2.4|3356|553|82.6|6.1|763|234|18.8|4.6
9500000US0635040|San Pasqual Union Elementary School District, CA|0635040|2019-2023|001|2310|281|85|69|3.7|2.9|60|66|2.6|2.8|330|150|14.3|6.1|411|114|17.8|5.2|165|62|7.1|2.5|790|175|34.2|6.1|469|101|20.3|3.8|2165|264|93.7|3.6|1259|215|54.5|6.6
9700000US0635070|San Pasqual Valley Unified School District, CA|0635070|2019-2023|001|1197|242|38|34|3.2|2.7|118|48|9.9|4.0|458|116|38.3|6.2|270|72|22.6|5.9|156|102|13.0|7.4|137|73|11.4|4.8|20|17|1.7|1.4|1041|228|87.0|4.6|157|72|13.1|4.7
9500000US0635090|San Rafael City Elementary School District, CA|0635090|2019-2023|001|37746|931|4507|586|11.9|1.6|1903|334|5.0|0.9|5702|601|15.1|1.4|6411|723|17.0|1.9|1966|413|5.2|1.0|9636|765|25.5|2.0|7621|807|20.2|2.1|31336|1142|83.0|1.8|17257|878|45.7|2.2
9600000US0635110|San Rafael City High School District, CA|0635110|2019-2023|001|54904|1167|5019|621|9.1|1.2|2610|382|4.8|0.7|7540|725|13.7|1.3|9141|934|16.6|1.7|3245|520|5.9|0.9|15781|1042|28.7|1.7|11568|910|21.1|1.6|47275|1428|86.1|1.4|27349|1247|49.8|1.9
9700000US0635130|San Ramon Valley Unified School District, CA|0635130|2019-2023|001|111215|1470|1183|332|1.1|0.3|1534|378|1.4|0.3|8949|732|8.0|0.6|12985|951|11.7|0.8|6672|668|6.0|0.6|44933|1523|40.4|1.3|34959|1387|31.4|1.2|108498|1552|97.6|0.5|79892|1665|71.8|1.1
9500000US0635220|San Ysidro Elementary School District, CA|0635220|2019-2023|001|27691|1355|3458|462|12.5|1.6|4302|688|15.5|2.4|7437|809|26.9|2.5|5847|825|21.1|2.7|1743|328|6.3|1.2|3441|524|12.4|1.8|1463|281|5.3|1.0|19931|1285|72.0|2.6|4904|611|17.7|2.1
9700000US0635250|Sanger Unified School District, CA|0635250|2019-2023|001|36299|1391|4877|635|13.4|1.7|2681|437|7.4|1.2|9027|815|24.9|2.1|8839|671|24.4|1.8|3895|690|10.7|1.8|4770|620|13.1|1.7|2210|491|6.1|1.3|28741|1329|79.2|2.0|6980|834|19.2|2.1
9700000US0635310|Santa Ana Unified School District, CA|0635310|2019-2023|001|162479|2716|32559|1496|20.0|0.9|23257|1456|14.3|0.9|40710|1860|25.1|1.1|26999|1596|16.6|0.9|7587|673|4.7|0.4|22383|1627|13.8|0.9|8984|792|5.5|0.5|106663|2730|65.6|1.2|31367|1671|19.3|1.0
9600000US0606019|Santa Barbara Unified School District (7-12), CA|0606019|2019-2023|001|59767|1351|2536|519|4.2|0.9|1930|484|3.2|0.8|7285|564|12.2|0.9|11041|811|18.5|1.3|4730|544|7.9|0.9|17813|1024|29.8|1.6|14432|875|24.1|1.3|55301|1468|92.5|1.2|32245|1273|54.0|1.7
9700000US0601414|Santa Barbara Unified School District, CA|0601414|2019-2023|001|59602|1078|4055|656|6.8|1.1|2563|396|4.3|0.7|7222|714|12.1|1.1|11387|795|19.1|1.4|4477|597|7.5|1.0|17666|922|29.6|1.4|12232|782|20.5|1.3|52984|1243|88.9|1.3|29898|1088|50.2|1.5
9500000US0635490|Santa Clara Elementary School District, CA|0635490|2019-2023|001|88|34|6|6|6.8|6.9|5|7|5.7|8.8|21|19|23.9|16.5|15|11|17.0|10.4|9|8|10.2|9.4|12|8|13.6|10.3|20|13|22.7|13.9|77|32|87.5|10.5|32|18|36.4|18.8
9700000US0635430|Santa Clara Unified School District, CA|0635430|2019-2023|001|124873|2040|4190|632|3.4|0.5|3693|671|3.0|0.5|13094|1113|10.5|0.8|14361|1134|11.5|0.9|7027|675|5.6|0.5|38164|1429|30.6|1.1|44344|1653|35.5|1.3|116990|1941|93.7|0.7|82508|1906|66.1|1.4
9500000US0635590|Santa Cruz City Elementary School District, CA|0635590|2019-2023|001|37754|1094|985|394|2.6|1.0|1000|329|2.6|0.9|3998|523|10.6|1.4|7449|715|19.7|1.7|2765|373|7.3|1.0|11190|895|29.6|2.1|10367|700|27.5|2.0|35769|1105|94.7|1.4|21557|1046|57.1|2.4
9600000US0699011|Santa Cruz City High School District (6-12), CA|0699011|2019-2023|001|37754|1094|985|394|2.6|1.0|1000|329|2.6|0.9|3998|523|10.6|1.4|7449|715|19.7|1.7|2765|373|7.3|1.0|11190|895|29.6|2.1|10367|700|27.5|2.0|35769|1105|94.7|1.4|21557|1046|57.1|2.4
9600000US0606015|Santa Cruz City High School District (9-12), CA|0606015|2019-2023|001|37255|1001|1278|332|3.4|0.9|1631|293|4.4|0.8|5782|637|15.5|1.6|7626|706|20.5|1.9|3828|463|10.3|1.3|10506|816|28.2|1.9|6604|602|17.7|1.5|34346|1058|92.2|1.2|17110|1115|45.9|2.5
9600000US0635600|Santa Cruz City High School District, CA|0635600|2019-2023|001|5366|503|80|51|1.5|0.9|79|48|1.5|0.9|815|284|15.2|5.0|1124|252|20.9|4.0|440|81|8.2|1.4|1409|210|26.3|3.5|1419|257|26.4|4.1|5207|491|97.0|1.2|2828|334|52.7|4.6
9600000US0635670|Santa Maria Joint Union High School District, CA|0635670|2019-2023|001|90570|1453|18940|1193|20.9|1.3|8283|1025|9.1|1.1|19034|1151|21.0|1.2|19133|1189|21.1|1.3|8039|718|8.9|0.8|11759|800|13.0|0.9|5382|588|5.9|0.6|63347|1547|69.9|1.4|17141|923|18.9|1.0
9500000US0605580|Santa Maria-Bonita Elementary School District, CA|0605580|2019-2023|001|60760|1291|16877|1118|27.8|1.8|6140|848|10.1|1.3|13393|950|22.0|1.5|11289|846|18.6|1.3|4434|590|7.3|0.9|6458|657|10.6|1.1|2169|395|3.6|0.6|37743|1381|62.1|1.9|8627|752|14.2|1.2
9700000US0635700|Santa Monica-Malibu Unified School District, CA|0635700|2019-2023|001|84380|1230|2243|500|2.7|0.6|1759|427|2.1|0.5|7061|797|8.4|0.9|9947|929|11.8|1.1|4867|786|5.8|0.9|32926|1393|39.0|1.5|25577|1162|30.3|1.3|80378|1345|95.3|0.8|58503|1615|69.3|1.6
9600000US0606022|Santa Paula Unified School District (9-12), CA|0606022|2019-2023|001|2778|501|317|120|11.4|3.9|242|85|8.7|3.1|712|260|25.6|6.8|585|153|21.1|5.3|326|93|11.7|3.3|306|121|11.0|4.2|290|157|10.4|4.5|2219|449|79.9|5.0|596|199|21.5|5.1
9700000US0601421|Santa Paula Unified School District, CA|0601421|2019-2023|001|18376|669|3774|451|20.5|2.4|2882|402|15.7|2.2|3765|483|20.5|2.5|3780|505|20.6|2.5|1562|315|8.5|1.7|1811|333|9.9|1.8|802|200|4.4|1.1|11720|752|63.8|2.9|2613|399|14.2|2.1
9500000US0635790|Santa Rita Union Elementary School District, CA|0635790|2019-2023|001|15844|1224|3506|611|22.1|3.1|1665|349|10.5|2.1|3942|614|24.9|3.0|2686|457|17.0|2.6|1078|248|6.8|1.6|2328|370|14.7|2.3|639|211|4.0|1.4|10673|912|67.4|3.4|2967|434|18.7|2.8
9500000US0635810|Santa Rosa Elementary School District, CA|0635810|2019-2023|001|50946|1730|5551|794|10.9|1.5|3649|608|7.2|1.2|10327|846|20.3|1.5|10639|878|20.9|1.6|4958|607|9.7|1.1|9840|866|19.3|1.5|5982|545|11.7|1.1|41746|1691|81.9|1.9|15822|957|31.1|1.7
9600000US0635830|Santa Rosa High School District, CA|0635830|2019-2023|001|150688|1571|12541|1041|8.3|0.7|9042|810|6.0|0.5|29387|1491|19.5|0.9|33406|1733|22.2|1.1|14534|1088|9.6|0.7|32198|1352|21.4|0.9|19580|1124|13.0|0.7|129105|1987|85.7|0.9|51778|1598|34.4|1.1
9600000US0635850|Santa Ynez Valley Union High School District, CA|0635850|2019-2023|001|16577|747|703|240|4.2|1.4|442|180|2.7|1.1|2367|421|14.3|2.5|4209|530|25.4|3.2|1890|397|11.4|2.2|4412|494|26.6|2.5|2554|378|15.4|2.3|15432|761|93.1|1.9|6966|644|42.0|3.3
9500000US0635880|Santee School District, CA|0635880|2019-2023|001|44487|796|1214|268|2.7|0.6|1988|325|4.5|0.7|9949|747|22.4|1.7|12243|862|27.5|1.8|4421|579|9.9|1.3|10369|780|23.3|1.7|4303|546|9.7|1.2|41285|867|92.8|1.0|14672|918|33.0|2.0
9500000US0635910|Saratoga Union Elementary School District, CA|0635910|2019-2023|001|14818|973|106|72|0.7|0.5|162|94|1.1|0.6|523|185|3.5|1.2|879|229|5.9|1.5|541|154|3.7|1.1|4917|661|33.2|3.9|7690|771|51.9|3.9|14550|949|98.2|0.7|12607|909|85.1|2.2
9500000US0635940|Saucelito Elementary School District, CA|0635940|2019-2023|001|62|49|19|29|30.6|35.1|0|14|0.0|43.1|14|12|22.6|15.7|21|24|33.9|27.4|3|4|4.8|8.3|5|7|8.1|11.9|0|14|0.0|43.1|43|36|69.4|35.1|5|7|8.1|11.9
9500000US0635970|Saugus Union Elementary School District, CA|0635970|2019-2023|001|76216|2456|1937|381|2.5|0.5|2725|463|3.6|0.6|12410|1073|16.3|1.2|17946|1244|23.5|1.4|7712|691|10.1|1.0|22125|1439|29.0|1.6|11361|841|14.9|1.0|71554|2381|93.9|0.7|33486|1776|43.9|1.9
9500000US0636000|Sausalito Elementary School District, CA|0636000|2019-2023|001|9849|541|611|249|6.2|2.4|92|77|0.9|0.8|1055|251|10.7|2.6|1267|277|12.9|2.6|516|193|5.2|1.8|3052|331|31.0|3.5|3256|426|33.1|4.1|9146|524|92.9|2.5|6308|449|64.0|4.3
9500000US0636030|Savanna Elementary School District, CA|0636030|2019-2023|001|21089|1316|2168|470|10.3|2.1|2351|517|11.1|2.4|5458|818|25.9|3.4|3976|575|18.9|2.7|1517|253|7.2|1.2|3538|432|16.8|1.9|2081|514|9.9|2.2|16570|1157|78.6|2.5|5619|744|26.6|2.9
9500000US0636100|Scotia Union Elementary School District, CA|0636100|2019-2023|001|709|205|3|10|0.4|1.5|24|17|3.4|2.4|227|82|32.0|9.1|215|103|30.3|9.9|71|47|10.0|5.5|119|73|16.8|9.3|50|39|7.1|5.2|682|201|96.2|2.2|169|81|23.8|9.3
9600000US0606005|Scott Valley Unified School District (9-12), CA|0606005|2019-2023|001|91|37|2|3|2.2|3.9|5|6|5.5|6.3|31|19|34.1|17.5|18|12|19.8|11.9|2|3|2.2|3.1|24|16|26.4|12.4|9|9|9.9|11.1|84|35|92.3|7.9|33|18|36.3|13.4
9700000US0600159|Scott Valley Unified School District, CA|0600159|2019-2023|001|3799|343|6|17|0.2|0.5|237|95|6.2|2.4|1127|230|29.7|4.7|1061|192|27.9|4.7|469|162|12.3|4.1|586|144|15.4|3.7|313|93|8.2|2.6|3556|328|93.6|2.5|899|153|23.7|4.2
9700000US0600043|Scotts Valley Unified School District, CA|0600043|2019-2023|001|13935|729|156|84|1.1|0.6|402|181|2.9|1.3|1280|282|9.2|2.0|2659|442|19.1|3.1|1482|353|10.6|2.6|4776|599|34.3|3.7|3180|491|22.8|3.3|13377|694|96.0|1.4|7956|701|57.1|3.8
9500000US0636180|Sebastopol Union Elementary School District, CA|0636180|2019-2023|001|8783|725|303|172|3.4|1.8|260|190|3.0|2.1|1434|394|16.3|4.3|1705|255|19.4|2.9|587|156|6.7|1.8|2660|382|30.3|3.7|1834|310|20.9|3.2|8220|608|93.6|3.6|4494|535|51.2|4.8
9500000US0636210|Seeley Union Elementary School District, CA|0636210|2019-2023|001|1848|377|168|105|9.1|5.1|154|99|8.3|5.3|505|212|27.3|9.6|541|211|29.3|9.5|248|168|13.4|8.8|123|72|6.7|3.9|109|68|5.9|3.6|1526|328|82.6|5.9|232|102|12.6|5.5
9500000US0636240|Seiad Elementary School District, CA|0636240|2019-2023|001|224|70|0|14|0.0|17.2|10|8|4.5|3.6|66|32|29.5|9.8|80|38|35.7|9.9|20|10|8.9|4.5|32|15|14.3|6.7|16|10|7.1|4.2|214|69|95.5|3.6|48|20|21.4|8.5
9700000US0636270|Selma Unified School District, CA|0636270|2019-2023|001|18385|1075|3591|500|19.5|2.4|1454|321|7.9|1.7|4884|655|26.6|2.9|4361|525|23.7|2.8|1746|421|9.5|2.3|1584|334|8.6|1.8|765|283|4.2|1.5|13340|937|72.6|2.8|2349|423|12.8|2.2
9500000US0636330|Semitropic Elementary School District, CA|0636330|2019-2023|001|47|23|23|19|48.9|24.7|7|8|14.9|17.7|8|8|17.0|14.5|5|6|10.6|9.9|0|14|0.0|49.5|4|4|8.5|8.1|0|14|0.0|49.5|17|13|36.2|22.8|4|4|8.5|8.1
9500000US0636360|Sequoia Union Elementary School District, CA|0636360|2019-2023|001|1392|298|41|36|2.9|2.5|132|85|9.5|5.2|416|154|29.9|7.2|301|101|21.6|6.7|122|56|8.8|3.3|226|73|16.2|4.9|154|72|11.1|5.5|1219|252|87.6|5.6|380|119|27.3|8.7
9600000US0636390|Sequoia Union High School District, CA|0636390|2019-2023|001|178988|1663|11325|916|6.3|0.5|7262|1066|4.1|0.6|22236|1202|12.4|0.7|23315|1423|13.0|0.8|9712|672|5.4|0.4|49095|1774|27.4|1.0|56043|1789|31.3|0.9|160401|2104|89.6|0.7|105138|2071|58.7|1.0
9500000US0636420|Shaffer Union Elementary School District, CA|0636420|2019-2023|001|6645|474|605|136|9.1|2.1|2079|203|31.3|3.0|2446|303|36.8|3.5|985|233|14.8|2.9|333|113|5.0|1.6|157|68|2.4|1.0|40|38|0.6|0.6|3961|455|59.6|4.0|197|77|3.0|1.2
9700000US0636450|Shandon Joint Unified School District, CA|0636450|2019-2023|001|1162|391|111|71|9.6|5.5|114|76|9.8|5.6|377|196|32.4|10.1|341|162|29.3|9.0|61|39|5.2|3.3|138|67|11.9|5.8|20|19|1.7|1.6|937|330|80.6|7.4|158|69|13.6|6.0
9500000US0636570|Shasta Union Elementary School District, CA|0636570|2019-2023|001|1221|263|3|5|0.2|0.4|72|80|5.9|6.2|336|151|27.5|9.5|234|98|19.2|6.3|151|83|12.4|6.5|260|87|21.3|7.0|165|70|13.5|5.9|1146|249|93.9|6.3|425|119|34.8|9.8
9600000US0636600|Shasta Union High School District, CA|0636600|2019-2023|001|72745|1458|1361|275|1.9|0.4|3246|453|4.5|0.6|17757|937|24.4|1.2|21921|1082|30.1|1.4|8764|698|12.0|0.9|12952|863|17.8|1.2|6744|525|9.3|0.7|68138|1326|93.7|0.6|19696|996|27.1|1.3
9500000US0636660|Shiloh Elementary School District, CA|0636660|2019-2023|001|450|106|56|31|12.4|6.8|36|19|8.0|4.1|136|53|30.2|8.7|102|37|22.7|6.7|40|34|8.9|6.8|74|34|16.4|5.8|6|7|1.3|1.5|358|102|79.6|8.5|80|36|17.8|6.2
9700000US0636670|Shoreline Unified School District, CA|0636670|2019-2023|001|4546|580|206|194|4.5|4.0|66|81|1.5|1.8|459|185|10.1|3.5|852|217|18.7|4.2|334|120|7.3|2.7|1496|306|32.9|6.3|1133|277|24.9|5.6|4274|488|94.0|4.1|2629|390|57.8|7.2
9700000US0636800|Sierra Sands Unified School District, CA|0636800|2019-2023|001|23626|1056|840|267|3.6|1.2|1322|291|5.6|1.2|4734|593|20.0|2.3|6125|720|25.9|2.6|3331|569|14.1|2.4|4919|547|20.8|2.2|2355|446|10.0|1.8|21464|1098|90.8|1.8|7274|699|30.8|2.7
9600000US0699004|Sierra Unified School District (9-12), CA|0699004|2019-2023|001|678|141|2|3|0.3|0.4|17|13|2.5|1.9|139|50|20.5|6.4|163|49|24.0|6.2|80|29|11.8|4.1|172|59|25.4|7.1|105|69|15.5|8.9|659|139|97.2|2.0|277|95|40.9|9.1
9700000US0636805|Sierra Unified School District, CA|0636805|2019-2023|001|6780|567|111|73|1.6|1.1|255|117|3.8|1.8|1971|474|29.1|5.9|2045|359|30.2|4.5|618|153|9.1|2.4|1135|269|16.7|3.8|645|233|9.5|3.5|6414|570|94.6|2.2|1780|354|26.3|5.1
9700000US0636780|Sierra-Plumas Joint Unified School District, CA|0636780|2019-2023|001|2619|350|69|51|2.6|2.0|159|126|6.1|4.6|967|335|36.9|10.5|734|253|28.0|8.9|103|58|3.9|2.4|379|163|14.5|6.5|208|95|7.9|3.8|2391|332|91.3|4.8|587|173|22.4|7.2
9500000US0636810|Silver Fork Elementary School District, CA|0636810|2019-2023|001|119|61|0|14|0.0|29.2|0|14|0.0|29.2|24|17|20.2|13.1|36|19|30.3|12.9|3|4|2.5|3.9|44|45|37.0|24.1|12|11|10.1|10.9|119|61|100.0|29.2|56|46|47.1|21.1
9700000US0636820|Silver Valley Unified School District, CA|0636820|2019-2023|001|7316|850|143|136|2.0|1.8|392|140|5.4|1.9|2014|524|27.5|6.7|2573|571|35.2|6.2|763|304|10.4|3.9|1101|314|15.0|4.1|330|162|4.5|2.2|6781|807|92.7|2.6|1431|357|19.6|4.6
9700000US0636840|Simi Valley Unified School District, CA|0636840|2019-2023|001|92551|1335|3667|493|4.0|0.5|4745|482|5.1|0.5|18121|1056|19.6|1.0|21258|990|23.0|1.0|10095|764|10.9|0.8|22957|1143|24.8|1.2|11708|727|12.7|0.8|84139|1403|90.9|0.7|34665|1283|37.5|1.3
9600000US0636940|Siskiyou Union High School District, CA|0636940|2019-2023|001|11676|469|328|134|2.8|1.1|349|109|3.0|0.9|2489|316|21.3|2.7|3419|440|29.3|3.6|1767|338|15.1|2.9|2304|321|19.7|2.5|1020|232|8.7|2.0|10999|454|94.2|1.5|3324|401|28.5|3.1
9500000US0636960|Snelling-Merced Falls Union Elementary School District, CA|0636960|2019-2023|001|374|105|42|37|11.2|9.2|56|41|15.0|9.9|114|54|30.5|11.3|103|42|27.5|9.1|32|26|8.6|6.3|9|7|2.4|2.0|18|15|4.8|4.0|276|88|73.8|13.9|27|17|7.2|4.6
9700000US0636970|Snowline Joint Unified School District, CA|0636970|2019-2023|001|32325|2057|1498|461|4.6|1.4|3214|780|9.9|2.5|10840|1265|33.5|3.1|8235|1259|25.5|3.2|3372|647|10.4|1.9|3116|471|9.6|1.5|2050|487|6.3|1.4|27613|2174|85.4|2.7|5166|672|16.0|2.0
9500000US0636990|Solana Beach Elementary School District, CA|0636990|2019-2023|001|27396|1169|207|115|0.8|0.4|304|178|1.1|0.6|1824|360|6.7|1.3|2061|351|7.5|1.3|1489|455|5.4|1.6|10436|812|38.1|2.6|11075|815|40.4|2.6|26885|1144|98.1|0.7|21511|1043|78.5|2.6
9700000US0637050|Soledad Unified School District, CA|0637050|2019-2023|001|16465|405|3952|559|24.0|3.3|2945|363|17.9|2.2|4242|486|25.8|2.7|2844|352|17.3|2.2|1301|323|7.9|2.0|745|196|4.5|1.2|436|166|2.6|1.0|9568|609|58.1|3.4|1181|260|7.2|1.6
9500000US0637110|Solvang Elementary School District, CA|0637110|2019-2023|001|4893|383|198|128|4.0|2.6|137|97|2.8|2.0|788|242|16.1|5.4|1278|320|26.1|5.8|460|128|9.4|2.5|1299|247|26.5|4.2|733|209|15.0|3.9|4558|432|93.2|3.5|2032|366|41.5|5.8
9500000US0637140|Somis Union Elementary School District, CA|0637140|2019-2023|001|2326|266|236|105|10.1|4.2|65|42|2.8|1.9|320|165|13.8|6.7|535|166|23.0|6.6|309|105|13.3|4.6|531|131|22.8|4.8|330|100|14.2|4.1|2025|257|87.1|4.8|861|165|37.0|5.6
9700000US0637200|Sonoma Valley Unified School District, CA|0637200|2019-2023|001|30164|1526|1577|390|5.2|1.3|1228|273|4.1|0.9|4932|609|16.4|2.0|7102|846|23.5|2.5|2572|420|8.5|1.4|7530|704|25.0|2.1|5223|703|17.3|1.9|27359|1440|90.7|1.4|12753|1169|42.3|2.9
9500000US0637230|Sonora Elementary School District, CA|0637230|2019-2023|001|6817|469|74|58|1.1|0.8|307|157|4.5|2.2|1707|327|25.0|4.9|2344|393|34.4|4.6|592|204|8.7|3.1|1206|226|17.7|3.1|587|232|8.6|3.3|6436|436|94.4|2.2|1793|302|26.3|3.9
9600000US0637260|Sonora Union High School District, CA|0637260|2019-2023|001|30618|824|469|148|1.5|0.5|1730|395|5.7|1.3|8229|698|26.9|2.2|10612|935|34.7|2.7|2983|495|9.7|1.7|4457|508|14.6|1.7|2138|397|7.0|1.3|28419|859|92.8|1.3|6595|612|21.5|2.0
9500000US0637290|Soquel Elementary School District, CA|0637290|2019-2023|001|20116|987|476|245|2.4|1.2|788|203|3.9|1.0|3099|534|15.4|2.4|4173|599|20.7|2.6|2268|263|11.3|1.3|5717|581|28.4|2.7|3595|386|17.9|1.9|18852|1025|93.7|1.8|9312|668|46.3|2.9
9500000US0637320|Soulsbyville Elementary School District, CA|0637320|2019-2023|001|4004|763|43|62|1.1|1.6|74|67|1.8|1.6|1083|407|27.0|8.2|1433|500|35.8|10.2|226|155|5.6|3.8|802|231|20.0|5.2|343|151|8.6|3.5|3887|753|97.1|2.0|1145|292|28.6|6.0
9500000US0637350|South Bay Union Elementary School District, CA|0637350|2019-2023|001|5110|789|243|170|4.8|3.3|415|210|8.1|4.0|1325|387|25.9|5.5|1241|280|24.3|4.4|607|221|11.9|3.6|905|251|17.7|4.9|374|182|7.3|3.4|4452|742|87.1|5.0|1279|301|25.0|5.5
9500000US0637380|South Bay Union School District, CA|0637380|2019-2023|001|49158|1496|4413|576|9.0|1.1|5983|634|12.2|1.2|14481|1046|29.5|2.0|10629|759|21.6|1.4|4624|650|9.4|1.3|6465|705|13.2|1.4|2563|351|5.2|0.7|38762|1330|78.9|1.6|9028|824|18.4|1.6
9500000US0637470|South Fork Union School District, CA|0637470|2019-2023|001|2687|538|78|94|2.9|3.5|263|127|9.8|4.9|949|242|35.3|9.4|537|168|20.0|6.2|509|429|18.9|13.6|236|130|8.8|4.7|115|88|4.3|3.2|2346|532|87.3|5.6|351|198|13.1|7.1
9600000US0619650|South Monterey County Joint Union High School District, CA|0619650|2019-2023|001|23579|999|7383|735|31.3|2.8|2621|444|11.1|2.0|6123|560|26.0|2.0|2869|372|12.2|1.5|1464|308|6.2|1.2|2382|467|10.1|1.9|737|199|3.1|0.8|13575|953|57.6|2.8|3119|524|13.2|2.1
9700000US0637500|South Pasadena Unified School District, CA|0637500|2019-2023|001|19061|453|327|129|1.7|0.7|230|102|1.2|0.5|1303|258|6.8|1.4|2216|381|11.6|2.0|1131|252|5.9|1.3|7425|605|39.0|2.9|6429|506|33.7|2.6|18504|472|97.1|0.9|13854|660|72.7|2.8
9700000US0637530|South San Francisco Unified School District, CA|0637530|2019-2023|001|60595|1277|4703|805|7.8|1.3|2875|587|4.7|1.0|11782|978|19.4|1.4|10996|945|18.1|1.5|5845|625|9.6|1.1|17326|1071|28.6|1.6|7068|692|11.7|1.2|53017|1455|87.5|1.6|24394|1339|40.3|2.1
9500000US0637560|South Whittier Elementary School District, CA|0637560|2019-2023|001|17818|1025|2353|399|13.2|2.1|1377|270|7.7|1.5|5345|597|30.0|3.1|4360|576|24.5|2.8|1320|256|7.4|1.4|1935|353|10.9|1.8|1128|351|6.3|1.9|14088|952|79.1|2.6|3063|514|17.2|2.6
9700000US0637590|Southern Humboldt Joint Unified School District, CA|0637590|2019-2023|001|5331|600|99|87|1.9|1.6|672|241|12.6|4.3|1637|400|30.7|6.4|1674|371|31.4|7.3|505|290|9.5|5.1|522|172|9.8|2.9|222|124|4.2|2.4|4560|571|85.5|4.7|744|236|14.0|4.1
9700000US0637620|Southern Kern Unified School District, CA|0637620|2019-2023|001|13384|900|1132|357|8.5|2.5|872|250|6.5|1.7|4298|581|32.1|4.1|3501|561|26.2|3.7|1247|253|9.3|1.8|1526|320|11.4|2.3|808|216|6.0|1.6|11380|752|85.0|3.0|2334|399|17.4|2.9
9700000US0637630|Southern Trinity Joint Unified School District, CA|0637630|2019-2023|001|1143|388|20|21|1.7|1.7|25|23|2.2|2.1|418|194|36.6|12.3|451|273|39.5|16.3|110|82|9.6|6.3|81|61|7.1|5.6|38|56|3.3|4.9|1098|381|96.1|2.7|119|86|10.4|7.8
9500000US0637650|Southside Elementary School District, CA|0637650|2019-2023|001|1305|259|86|75|6.6|5.3|27|25|2.1|1.7|232|84|17.8|5.1|368|109|28.2|5.4|210|60|16.1|4.6|276|77|21.1|5.0|106|44|8.1|2.9|1192|227|91.3|5.1|382|98|29.3|5.8
9500000US0637680|Spencer Valley Elementary School District, CA|0637680|2019-2023|001|375|111|47|34|12.5|7.9|21|16|5.6|3.8|75|39|20.0|9.7|72|33|19.2|7.6|46|30|12.3|6.9|83|43|22.1|9.2|31|21|8.3|5.1|307|92|81.9|8.6|114|49|30.4|9.5
9500000US0637710|Spreckels Union Elementary School District, CA|0637710|2019-2023|001|3648|543|148|109|4.1|2.9|105|71|2.9|1.9|449|124|12.3|3.5|572|205|15.7|5.3|324|177|8.9|4.1|1101|298|30.2|5.2|949|197|26.0|5.7|3395|527|93.1|3.4|2050|358|56.2|5.4
9500000US0637770|Springville Union Elementary School District, CA|0637770|2019-2023|001|2644|402|20|29|0.8|1.1|77|50|2.9|2.0|499|196|18.9|6.6|570|163|21.6|5.4|381|137|14.4|5.2|690|183|26.1|5.3|407|185|15.4|6.4|2547|412|96.3|2.8|1097|265|41.5|6.9
9700000US0637830|St. Helena Unified School District, CA|0637830|2019-2023|001|6482|333|391|116|6.0|1.8|235|125|3.6|1.9|695|162|10.7|2.5|1137|233|17.5|3.4|496|146|7.7|2.3|2181|356|33.6|5.0|1347|199|20.8|3.2|5856|342|90.3|2.6|3528|326|54.4|4.3
9500000US0637890|Standard Elementary School District, CA|0637890|2019-2023|001|15331|1574|711|322|4.6|2.0|1606|619|10.5|3.3|4534|559|29.6|3.8|5106|964|33.3|4.3|1234|319|8.0|2.2|1496|482|9.8|3.2|644|245|4.2|1.6|13014|1140|84.9|3.5|2140|528|14.0|3.5
9500000US0637950|Stanislaus Union Elementary School District, CA|0637950|2019-2023|001|21480|1303|1360|373|6.3|1.8|1502|297|7.0|1.3|6515|910|30.3|3.1|5201|510|24.2|2.4|1590|316|7.4|1.4|3257|499|15.2|2.3|2055|326|9.6|1.4|18618|1261|86.7|2.1|5312|625|24.7|2.7
9700000US0638010|Stockton Unified School District, CA|0638010|2019-2023|001|130474|2615|24741|1423|19.0|1.0|14783|1116|11.3|0.8|40538|1615|31.1|1.1|24320|1295|18.6|0.9|10146|759|7.8|0.6|10741|846|8.2|0.7|5205|632|4.0|0.5|90950|2139|69.7|1.2|15946|972|12.2|0.7
9500000US0638040|Stone Corral Elementary School District, CA|0638040|2019-2023|001|499|173|241|98|48.3|10.5|36|30|7.2|5.3|90|40|18.0|6.9|42|26|8.4|5.4|59|73|11.8|12.2|15|14|3.0|2.8|16|15|3.2|3.1|222|92|44.5|10.1|31|23|6.2|4.8
9700000US0638070|Stony Creek Joint Unified School District, CA|0638070|2019-2023|001|416|95|11|14|2.6|3.1|48|30|11.5|7.2|131|48|31.5|9.1|92|39|22.1|7.6|41|27|9.9|5.7|81|41|19.5|9.1|12|16|2.9|3.8|357|91|85.8|7.5|93|40|22.4|8.5
9500000US0638130|Strathmore Union Elementary School District, CA|0638130|2019-2023|001|3337|710|735|223|22.0|7.7|534|262|16.0|6.1|1067|355|32.0|8.2|582|421|17.4|11.0|157|97|4.7|3.2|223|129|6.7|4.3|39|38|1.2|1.2|2068|550|62.0|8.0|262|151|7.9|4.9
9500000US0638220|Sulphur Springs Union Elementary School District, CA|0638220|2019-2023|001|45104|1778|3033|668|6.7|1.4|2485|496|5.5|1.1|10097|987|22.4|1.8|10798|796|23.9|1.6|4588|653|10.2|1.3|10077|814|22.3|1.7|4026|480|8.9|1.1|39586|1541|87.8|1.7|14103|857|31.3|1.9
9500000US0638250|Summerville Elementary School District, CA|0638250|2019-2023|001|3156|607|35|35|1.1|1.1|67|67|2.1|2.1|871|277|27.6|7.5|1198|368|38.0|9.0|351|178|11.1|5.1|385|216|12.2|6.0|249|140|7.9|4.3|3054|602|96.8|2.2|634|267|20.1|7.1
9600000US0638280|Summerville Union High School District, CA|0638280|2019-2023|001|6716|688|51|44|0.8|0.7|180|120|2.7|1.8|1376|323|20.5|4.3|2145|447|31.9|5.9|708|233|10.5|3.3|1474|432|21.9|5.7|782|205|11.6|3.1|6485|677|96.6|1.8|2256|470|33.6|6.0
9500000US0638340|Sundale Union Elementary School District, CA|0638340|2019-2023|001|1243|242|140|71|11.3|4.8|79|53|6.4|3.9|407|122|32.7|7.4|370|112|29.8|6.9|63|34|5.1|2.6|125|51|10.1|3.9|59|38|4.7|3.1|1024|198|82.4|6.0|184|68|14.8|5.2
9500000US0638430|Sunnyside Union Elementary School District, CA|0638430|2019-2023|001|992|226|218|91|22.0|7.6|106|67|10.7|5.4|283|115|28.5|8.2|194|71|19.6|7.2|58|31|5.8|3.1|71|40|7.2|3.6|62|38|6.3|3.7|668|153|67.3|7.3|133|52|13.4|4.6
9500000US0638460|Sunnyvale Elementary School District, CA|0638460|2019-2023|001|71465|1475|2353|295|3.3|0.4|1893|383|2.6|0.5|7324|842|10.2|1.2|7666|924|10.7|1.3|3672|527|5.1|0.7|20766|1137|29.1|1.6|27791|1600|38.9|2.0|67219|1480|94.1|0.7|48557|1628|67.9|1.7
9700000US0600021|Sunol Glen Unified School District, CA|0600021|2019-2023|001|754|139|19|17|2.5|2.1|16|13|2.1|1.7|150|58|19.9|7.1|140|46|18.6|4.9|74|42|9.8|5.1|187|51|24.8|5.1|168|54|22.3|6.0|719|130|95.4|2.8|355|81|47.1|6.8
9700000US0638520|Surprise Valley Joint Unified School District, CA|0638520|2019-2023|001|1053|209|5|6|0.5|0.6|28|22|2.7|2.2|249|99|23.6|8.1|417|150|39.6|10.7|109|75|10.4|6.6|170|91|16.1|8.4|75|36|7.1|3.4|1020|214|96.9|2.2|245|98|23.3|9.1
9500000US0638550|Susanville Elementary School District, CA|0638550|2019-2023|001|7754|418|367|128|4.7|1.6|433|144|5.6|1.9|2118|307|27.3|3.7|2526|316|32.6|3.3|987|183|12.7|2.3|1090|205|14.1|2.7|233|85|3.0|1.1|6954|407|89.7|2.3|1323|233|17.1|3.1
9600000US0638610|Sutter Union High School District, CA|0638610|2019-2023|001|5323|554|149|82|2.8|1.4|427|148|8.0|2.6|1410|245|26.5|3.9|1428|302|26.8|4.9|499|161|9.4|2.9|921|236|17.3|3.9|489|199|9.2|3.7|4747|495|89.2|2.8|1410|300|26.5|5.0
9600000US0638640|Sweetwater Union High School District, CA|0638640|2019-2023|001|327688|3209|27166|1469|8.3|0.4|30517|1440|9.3|0.4|77642|3121|23.7|0.9|73611|2266|22.5|0.7|30743|1641|9.4|0.5|60650|2206|18.5|0.7|27359|1728|8.3|0.5|270005|3548|82.4|0.7|88009|2941|26.9|0.8
9500000US0638670|Sylvan Union Elementary School District, CA|0638670|2019-2023|001|50816|1439|2247|389|4.4|0.8|3139|583|6.2|1.1|12953|983|25.5|1.7|14716|1032|29.0|2.0|5033|580|9.9|1.1|8641|1010|17.0|1.9|4087|608|8.0|1.2|45430|1451|89.4|1.2|12728|1180|25.0|2.2
9500000US0638700|Taft City School District, CA|0638700|2019-2023|001|10779|874|1387|538|12.9|4.5|1399|300|13.0|2.7|3367|627|31.2|5.1|2865|456|26.6|4.3|814|243|7.6|2.2|614|209|5.7|1.9|333|150|3.1|1.4|7993|688|74.2|4.7|947|272|8.8|2.6
9600000US0638730|Taft Union High School District, CA|0638730|2019-2023|001|11365|887|1473|538|13.0|4.2|1476|304|13.0|2.6|3564|627|31.4|4.8|3018|457|26.6|4.1|845|242|7.4|2.1|644|210|5.7|1.8|345|152|3.0|1.4|8416|689|74.1|4.4|989|276|8.7|2.5
9700000US0638770|Tahoe-Truckee Unified School District, CA|0638770|2019-2023|001|22790|944|479|220|2.1|0.9|841|341|3.7|1.5|2478|430|10.9|1.8|4060|480|17.8|2.1|1872|377|8.2|1.6|8575|805|37.6|3.0|4485|482|19.7|2.0|21470|1022|94.2|1.6|13060|914|57.3|3.0
9600000US0638790|Tamalpais Union High School District, CA|0638790|2019-2023|001|87698|1188|1302|323|1.5|0.4|847|255|1.0|0.3|6116|618|7.0|0.7|11002|907|12.5|1.0|4365|490|5.0|0.6|32854|1237|37.5|1.3|31212|1231|35.6|1.4|85549|1188|97.5|0.5|64066|1358|73.1|1.3
9700000US0638880|Tehachapi Unified School District, CA|0638880|2019-2023|001|25981|1421|1479|481|5.7|1.7|1700|244|6.5|1.0|6349|723|24.4|2.4|7727|707|29.7|2.6|2262|337|8.7|1.3|4187|693|16.1|2.3|2277|440|8.8|1.7|22802|1216|87.8|1.9|6464|790|24.9|2.5
9700000US0600028|Temecula Valley Unified School District, CA|0600028|2019-2023|001|110410|2802|3635|642|3.3|0.6|3781|614|3.4|0.5|20875|1627|18.9|1.3|28890|1656|26.2|1.3|11109|1003|10.1|0.9|27157|1587|24.6|1.4|14963|929|13.6|0.8|102994|2814|93.3|0.9|42120|1955|38.1|1.6
9700000US0638980|Temple City Unified School District, CA|0638980|2019-2023|001|25211|1158|1846|467|7.3|1.7|1385|407|5.5|1.5|4763|619|18.9|2.3|3963|485|15.7|1.9|2279|385|9.0|1.4|6892|577|27.3|2.1|4083|468|16.2|1.9|21980|890|87.2|2.3|10975|676|43.5|2.7
9700000US0639000|Templeton Unified School District, CA|0639000|2019-2023|001|8615|1000|163|119|1.9|1.4|134|86|1.6|1.0|1014|314|11.8|3.5|2516|559|29.2|4.8|944|271|11.0|3.1|2358|527|27.4|5.1|1486|373|17.2|4.0|8318|1014|96.6|1.9|3844|675|44.6|6.0
9500000US0639060|Terra Bella Union Elementary School District, CA|0639060|2019-2023|001|3657|718|800|323|21.9|8.2|380|150|10.4|4.2|1251|582|34.2|11.0|807|255|22.1|7.4|239|117|6.5|3.7|167|99|4.6|2.8|13|19|0.4|0.5|2477|640|67.7|9.1|180|91|4.9|2.6
9500000US0639180|Thermalito Union School District, CA|0639180|2019-2023|001|8131|564|707|180|8.7|2.1|1042|323|12.8|3.9|2421|410|29.8|4.5|2306|358|28.4|4.0|779|168|9.6|2.0|748|231|9.2|2.8|128|69|1.6|0.9|6382|559|78.5|4.3|876|251|10.8|3.0
9500000US0639210|Three Rivers Union Elementary School District, CA|0639210|2019-2023|001|1880|323|10|14|0.5|0.8|27|27|1.4|1.4|296|104|15.7|5.5|436|245|23.2|11.0|110|49|5.9|2.8|662|183|35.2|8.3|339|97|18.0|5.0|1843|321|98.0|1.6|1001|211|53.2|9.1
9500000US0639300|Tipton Elementary School District, CA|0639300|2019-2023|001|1931|508|761|438|39.4|15.7|317|231|16.4|11.0|441|129|22.8|8.2|210|99|10.9|5.9|137|67|7.1|3.4|57|67|3.0|3.4|8|13|0.4|0.7|853|180|44.2|12.2|65|68|3.4|3.4
9700000US0639420|Torrance Unified School District, CA|0639420|2019-2023|001|104751|1386|2581|467|2.5|0.4|2627|470|2.5|0.4|17882|1086|17.1|1.0|17249|874|16.5|0.8|8842|758|8.4|0.7|35869|1360|34.2|1.2|19701|1303|18.8|1.2|99543|1428|95.0|0.6|55570|1682|53.0|1.4
9600000US0606031|Tracy Unified School District (9-12), CA|0606031|2019-2023|001|20054|1123|1243|280|6.2|1.4|1283|279|6.4|1.4|5188|721|25.9|3.4|3879|595|19.3|2.7|2174|406|10.8|1.9|4473|610|22.3|2.5|1814|376|9.0|1.9|17528|1099|87.4|1.8|6287|720|31.4|2.9
9700000US0600047|Tracy Unified School District, CA|0600047|2019-2023|001|53907|1604|5142|642|9.5|1.2|4302|509|8.0|0.9|14526|1061|26.9|1.8|12008|945|22.3|1.5|4939|572|9.2|1.1|9050|784|16.8|1.4|3940|557|7.3|1.0|44463|1561|82.5|1.5|12990|977|24.1|1.7
9500000US0639600|Traver Joint Elementary School District, CA|0639600|2019-2023|001|492|126|156|64|31.7|8.2|30|18|6.1|3.1|156|52|31.7|7.6|76|36|15.4|5.6|31|19|6.3|3.7|41|22|8.3|4.5|2|3|0.4|0.6|306|81|62.2|8.6|43|23|8.7|4.6
9700000US0639630|Travis Unified School District, CA|0639630|2019-2023|001|20843|1339|706|264|3.4|1.2|1267|210|6.1|1.0|4018|495|19.3|2.2|5929|587|28.4|2.4|2861|374|13.7|1.8|3801|456|18.2|2.1|2261|520|10.8|2.1|18870|1186|90.5|1.4|6062|740|29.1|2.6
9500000US0639690|Tres Pinos Union Elementary School District, CA|0639690|2019-2023|001|985|261|43|37|4.4|3.6|50|36|5.1|3.4|226|84|22.9|7.2|205|87|20.8|6.5|95|43|9.6|4.2|254|96|25.8|6.7|112|88|11.4|8.0|892|245|90.6|5.4|366|144|37.2|9.2
9500000US0639720|Trinidad Union Elementary School District, CA|0639720|2019-2023|001|1647|198|32|34|1.9|2.0|29|22|1.8|1.3|143|61|8.7|3.6|381|121|23.1|6.5|108|34|6.6|1.8|559|102|33.9|5.5|395|93|24.0|5.0|1586|187|96.3|2.4|954|134|57.9|5.9
9600000US0606006|Trinity Alps Unified School District (9-12), CA|0606006|2019-2023|001|4655|630|47|34|1.0|0.7|219|123|4.7|2.4|1982|399|42.6|5.8|1237|317|26.6|6.2|295|105|6.3|2.3|522|178|11.2|3.3|353|152|7.6|2.9|4389|591|94.3|2.3|875|271|18.8|4.7
9700000US0601331|Trinity Alps Unified School District, CA|0601331|2019-2023|001|3211|755|15|35|0.5|1.2|51|68|1.6|2.1|615|297|19.2|9.6|1315|608|41.0|12.7|509|225|15.9|7.4|251|131|7.8|4.2|455|308|14.2|9.1|3145|756|97.9|2.5|706|319|22.0|9.3
9500000US0639750|Trinity Center Elementary School District, CA|0639750|2019-2023|001|409|138|4|6|1.0|1.3|6|11|1.5|2.5|108|58|26.4|14.2|119|60|29.1|13.3|20|14|4.9|3.6|69|45|16.9|8.3|83|90|20.3|17.0|399|134|97.6|2.4|152|115|37.2|19.0
9700000US0639840|Trona Joint Unified School District, CA|0639840|2019-2023|001|1272|225|33|27|2.6|2.1|116|59|9.1|4.6|442|93|34.7|6.7|371|148|29.2|9.1|153|82|12.0|5.5|123|46|9.7|3.6|34|20|2.7|1.6|1123|217|88.3|4.9|157|51|12.3|3.9
9500000US0639870|Tulare City Elementary School District, CA|0639870|2019-2023|001|39924|1239|5014|703|12.6|1.7|4503|492|11.3|1.2|12378|946|31.0|2.2|10001|724|25.1|1.8|3680|483|9.2|1.1|2780|495|7.0|1.2|1568|335|3.9|0.8|30407|1250|76.2|2.0|4348|650|10.9|1.6
9600000US0639930|Tulare Joint Union High School District, CA|0639930|2019-2023|001|50424|1360|7472|862|14.8|1.6|5889|622|11.7|1.2|15342|1005|30.4|1.9|11906|764|23.6|1.5|4457|583|8.8|1.1|3534|532|7.0|1.0|1824|348|3.6|0.7|37063|1310|73.5|1.9|5358|695|10.6|1.3
9700000US0639940|Tulelake Basin Joint Unified School District, CA|0639940|2019-2023|001|1612|243|145|65|9.0|4.3|187|91|11.6|5.1|549|226|34.1|11.1|362|117|22.5|6.5|74|41|4.6|2.5|248|149|15.4|9.6|47|31|2.9|1.9|1280|230|79.4|6.1|295|152|18.3|9.9
9600000US0606013|Turlock Unified School District (9-12), CA|0606013|2019-2023|001|6382|1016|1233|457|19.3|6.4|805|262|12.6|3.6|2012|451|31.5|5.7|1209|353|18.9|4.5|238|124|3.7|2.0|660|232|10.3|2.9|225|136|3.5|2.0|4344|813|68.1|7.0|885|308|13.9|3.9
9700000US0600158|Turlock Unified School District, CA|0600158|2019-2023|001|47771|1193|5404|592|11.3|1.2|3870|519|8.1|1.1|11083|941|23.2|1.8|10755|986|22.5|1.9|4472|675|9.4|1.4|7928|758|16.6|1.6|4259|510|8.9|1.1|38497|1339|80.6|1.8|12187|818|25.5|1.7
9700000US0640150|Tustin Unified School District, CA|0640150|2019-2023|001|97637|2843|4971|568|5.1|0.6|4414|527|4.5|0.6|13871|1072|14.2|1.0|16708|1242|17.1|1.2|6948|900|7.1|0.9|29806|1570|30.5|1.2|20919|1334|21.4|1.2|88252|2968|90.4|0.8|50725|2151|52.0|1.3
9500000US0640200|Twain Harte School District, CA|0640200|2019-2023|001|3560|484|16|37|0.4|1.0|113|118|3.2|3.2|505|172|14.2|5.1|947|253|26.6|6.3|357|145|10.0|3.9|1089|373|30.6|8.8|533|196|15.0|5.5|3431|451|96.4|3.3|1622|412|45.6|9.3
9500000US0640230|Twin Hills Union Elementary School District, CA|0640230|2019-2023|001|4040|442|102|77|2.5|1.8|54|51|1.3|1.2|480|138|11.9|2.9|781|197|19.3|4.5|246|87|6.1|2.1|1308|297|32.4|6.1|1069|199|26.5|5.1|3884|407|96.1|2.4|2377|347|58.8|6.7
9500000US0600012|Twin Ridges Elementary School District, CA|0600012|2019-2023|001|1751|320|58|56|3.3|3.2|54|47|3.1|2.7|449|190|25.6|8.7|458|157|26.2|7.1|181|84|10.3|4.5|352|101|20.1|5.9|199|107|11.4|5.8|1639|321|93.6|4.4|551|144|31.5|7.8
9600000US0606004|Twin Rivers Unified School District (7-12), CA|0606004|2019-2023|001|13974|1208|1625|398|11.6|2.7|995|267|7.1|2.0|4049|628|29.0|3.4|3832|621|27.4|3.8|1104|187|7.9|1.4|1706|448|12.2|2.7|663|243|4.7|1.8|11354|1134|81.3|3.0|2369|515|17.0|3.2
9600000US0606003|Twin Rivers Unified School District (9-12), CA|0606003|2019-2023|001|2077|426|77|58|3.7|2.8|126|87|6.1|3.8|827|254|39.8|7.5|583|184|28.1|6.0|230|90|11.1|4.7|163|53|7.8|2.6|71|43|3.4|2.0|1874|383|90.2|4.4|234|69|11.3|3.3
9700000US0601332|Twin Rivers Unified School District, CA|0601332|2019-2023|001|113427|2674|8949|1116|7.9|1.0|9180|875|8.1|0.7|36220|1710|31.9|1.3|28918|1561|25.5|1.2|10266|985|9.1|0.8|14399|1084|12.7|1.0|5495|682|4.8|0.6|95298|2542|84.0|1.2|19894|1294|17.5|1.1
9500000US0640260|Two Rock Union Elementary School District, CA|0640260|2019-2023|001|931|254|141|70|15.1|8.0|7|11|0.8|1.2|161|79|17.3|7.7|294|99|31.6|6.5|166|147|17.8|12.2|85|34|9.1|4.0|77|30|8.3|3.7|783|251|84.1|8.6|162|47|17.4|6.1
9700000US0640300|Ukiah Unified School District, CA|0640300|2019-2023|001|28050|1053|2824|524|10.1|1.8|1926|400|6.9|1.4|7372|914|26.3|2.8|7060|790|25.2|2.7|3070|470|10.9|1.7|3490|437|12.4|1.7|2308|413|8.2|1.4|23300|1094|83.1|2.3|5798|641|20.7|2.4
9500000US0640320|Union Elementary School District, CA|0640320|2019-2023|001|32149|1166|503|175|1.6|0.6|656|186|2.0|0.6|3637|482|11.3|1.4|4718|619|14.7|1.7|2250|439|7.0|1.4|10785|737|33.5|2.2|9600|794|29.9|2.1|30990|1180|96.4|0.8|20385|1061|63.4|2.5
9500000US0640380|Union Hill Elementary School District, CA|0640380|2019-2023|001|2106|369|0|14|0.0|2.0|82|48|3.9|2.1|475|182|22.6|7.0|536|155|25.5|6.1|216|92|10.3|3.7|503|147|23.9|6.2|294|94|14.0|3.9|2024|356|96.1|2.1|797|185|37.8|6.9
9700000US0600016|Upland Unified School District, CA|0600016|2019-2023|001|53817|1004|1812|413|3.4|0.8|3139|444|5.8|0.8|11296|949|21.0|1.8|12631|956|23.5|1.7|4898|639|9.1|1.2|12316|845|22.9|1.5|7725|631|14.4|1.1|48866|1114|90.8|1.1|20041|994|37.2|1.7
9600000US0699008|Upper Lake Unified School District (9-12), CA|0699008|2019-2023|001|2442|449|29|30|1.2|1.2|193|142|7.9|5.7|1014|332|41.5|9.8|848|275|34.7|9.9|177|127|7.2|5.1|44|36|1.8|1.5|137|114|5.6|4.6|2220|449|90.9|5.8|181|123|7.4|4.9
9700000US0601442|Upper Lake Unified School District, CA|0601442|2019-2023|001|4107|526|261|169|6.4|4.2|298|166|7.3|3.6|1102|272|26.8|5.7|1176|258|28.6|6.2|616|263|15.0|5.6|451|169|11.0|4.1|203|107|4.9|2.6|3548|490|86.4|6.0|654|227|15.9|5.5
9700000US0640590|Vacaville Unified School District, CA|0640590|2019-2023|001|62344|1282|1827|416|2.9|0.7|3059|563|4.9|0.9|15612|1125|25.0|1.7|17156|1165|27.5|1.7|6842|575|11.0|1.0|12419|1139|19.9|1.8|5429|662|8.7|1.1|57458|1350|92.2|1.0|17848|1379|28.6|2.1
9700000US0691135|Val Verde Unified School District, CA|0691135|2019-2023|001|56795|2448|9554|1183|16.8|1.9|5834|774|10.3|1.3|17187|1200|30.3|1.9|12191|1205|21.5|2.0|3885|567|6.8|1.0|5669|811|10.0|1.3|2475|484|4.4|0.8|41407|2219|72.9|2.5|8144|981|14.3|1.4
9500000US0640650|Valle Lindo Elementary School District, CA|0640650|2019-2023|001|4411|522|1074|324|24.3|6.4|498|162|11.3|3.3|1176|258|26.7|4.8|795|156|18.0|3.3|221|81|5.0|1.7|460|124|10.4|2.8|187|79|4.2|1.8|2839|378|64.4|5.8|647|161|14.7|3.6
9500000US0640680|Vallecito Union Elementary School District, CA|0640680|2019-2023|001|6882|653|22|23|0.3|0.3|335|133|4.9|1.9|1388|311|20.2|4.0|1828|318|26.6|4.0|686|195|10.0|2.7|1552|336|22.6|4.2|1071|240|15.6|3.3|6525|627|94.8|2.0|2623|414|38.1|4.8
9500000US0640710|Vallecitos Elementary School District, CA|0640710|2019-2023|001|1620|299|184|84|11.4|5.1|81|39|5.0|2.2|322|118|19.9|5.4|454|143|28.0|6.5|129|44|8.0|2.6|295|97|18.2|5.0|155|48|9.6|2.9|1355|278|83.6|5.8|450|118|27.8|6.0
9700000US0640740|Vallejo City Unified School District, CA|0640740|2019-2023|001|90519|958|5548|704|6.1|0.8|5960|737|6.6|0.8|22480|1154|24.8|1.2|23150|1206|25.6|1.3|8327|761|9.2|0.8|17692|943|19.5|1.1|7362|662|8.1|0.7|79011|1452|87.3|1.2|25054|1152|27.7|1.3
9700000US0600069|Valley Center-Pauma Unified School District, CA|0600069|2019-2023|001|18717|1510|906|249|4.8|1.3|731|326|3.9|1.6|3462|468|18.5|2.5|5664|1115|30.3|4.6|1687|355|9.0|1.9|4220|537|22.5|2.9|2047|394|10.9|2.0|17080|1345|91.3|2.0|6267|648|33.5|3.3
9500000US0640800|Valley Home Joint Elementary School District, CA|0640800|2019-2023|001|1619|353|116|75|7.2|4.0|54|30|3.3|1.8|397|131|24.5|5.7|495|139|30.6|5.3|115|48|7.1|3.1|274|93|16.9|4.8|168|95|10.4|5.1|1449|316|89.5|4.7|442|154|27.3|7.1
9700000US0640980|Ventura Unified School District, CA|0640980|2019-2023|001|88161|1274|3590|474|4.1|0.5|4702|567|5.3|0.6|15722|1001|17.8|1.1|19890|1120|22.6|1.2|9144|814|10.4|0.9|21753|1131|24.7|1.2|13360|826|15.2|0.9|79869|1238|90.6|0.7|35113|1487|39.8|1.6
9500000US0641040|Victor Elementary School District, CA|0641040|2019-2023|001|64359|2371|5259|683|8.2|1.0|7523|807|11.7|1.2|20951|1405|32.6|1.8|16220|1171|25.2|1.6|5775|866|9.0|1.3|5596|690|8.7|1.1|3035|467|4.7|0.7|51577|2117|80.1|1.5|8631|874|13.4|1.3
9600000US0636972|Victor Valley Union High School District, CA|0636972|2019-2023|001|108350|2324|9351|904|8.6|0.8|14178|1112|13.1|1.0|33489|1598|30.9|1.3|27836|1381|25.7|1.2|9152|1051|8.4|0.9|9332|953|8.6|0.9|5012|631|4.6|0.6|84821|2328|78.3|1.2|14344|1098|13.2|1.0
9500000US0641130|Vineland Elementary School District, CA|0641130|2019-2023|001|2301|381|1026|265|44.6|8.5|361|149|15.7|5.7|517|182|22.5|7.3|190|75|8.3|3.2|128|92|5.6|3.9|66|43|2.9|1.9|13|13|0.6|0.6|914|220|39.7|7.8|79|45|3.4|1.9
9700000US0641160|Visalia Unified School District, CA|0641160|2019-2023|001|102078|1566|9512|1192|9.3|1.1|6672|861|6.5|0.8|26587|1624|26.0|1.5|25378|1414|24.9|1.4|11498|1000|11.3|1.0|14041|1085|13.8|1.0|8390|794|8.2|0.8|85894|1761|84.1|1.4|22431|1459|22.0|1.4
9500000US0641220|Vista del Mar Union Elementary School District, CA|0641220|2019-2023|001|349|87|36|29|10.3|7.3|2|4|0.6|1.0|38|21|10.9|5.1|88|40|25.2|10.0|39|23|11.2|6.0|96|32|27.5|7.4|50|23|14.3|6.0|311|75|89.1|7.2|146|44|41.8|9.6
9700000US0641190|Vista Unified School District, CA|0641190|2019-2023|001|103288|2122|9454|756|9.2|0.7|5817|599|5.6|0.6|21650|1273|21.0|1.1|25248|1205|24.4|1.1|9684|853|9.4|0.8|20547|1259|19.9|1.1|10888|905|10.5|0.9|88017|2182|85.2|0.9|31435|1619|30.4|1.4
9500000US0641250|Walnut Creek Elementary School District, CA|0641250|2019-2023|001|42849|1479|439|210|1.0|0.5|579|185|1.4|0.4|3734|536|8.7|1.1|5871|689|13.7|1.4|2247|330|5.2|0.8|16023|1004|37.4|2.0|13956|924|32.6|2.1|41831|1490|97.6|0.7|29979|1109|70.0|2.0
9700000US0641280|Walnut Valley Unified School District, CA|0641280|2019-2023|001|40238|1043|1531|319|3.8|0.8|1283|267|3.2|0.7|6212|625|15.4|1.4|5937|514|14.8|1.2|2964|389|7.4|0.9|14326|800|35.6|1.9|7985|640|19.8|1.6|37424|1014|93.0|1.1|22311|888|55.4|2.0
9700000US0600042|Warner Unified School District, CA|0600042|2019-2023|001|1661|228|24|20|1.4|1.2|99|52|6.0|3.0|448|128|27.0|6.0|449|117|27.0|5.7|103|57|6.2|3.5|264|95|15.9|5.8|274|96|16.5|4.9|1538|222|92.6|3.3|538|122|32.4|6.2
9500000US0641400|Wasco Union Elementary School District, CA|0641400|2019-2023|001|16593|650|3544|598|21.4|3.4|2591|318|15.6|1.9|5201|601|31.3|3.4|3280|488|19.8|2.9|678|261|4.1|1.6|983|278|5.9|1.6|316|113|1.9|0.7|10458|753|63.0|3.8|1299|297|7.8|1.7
9600000US0641430|Wasco Union High School District, CA|0641430|2019-2023|001|18155|684|4156|625|22.9|3.2|2893|360|15.9|2.0|5497|577|30.3|3.0|3466|496|19.1|2.7|726|265|4.0|1.5|1070|285|5.9|1.5|347|115|1.9|0.6|11106|743|61.2|3.5|1417|306|7.8|1.6
9500000US0641460|Washington Colony Elementary School District, CA|0641460|2019-2023|001|1825|332|154|58|8.4|3.2|246|116|13.5|5.3|628|194|34.4|7.3|356|113|19.5|5.1|157|77|8.6|3.9|166|76|9.1|4.1|118|64|6.5|3.5|1425|278|78.1|6.4|284|107|15.6|5.8
9600000US0606018|Washington Unified School District (9-12), CA|0606018|2019-2023|001|5549|612|825|175|14.9|2.9|814|219|14.7|3.8|1472|280|26.5|4.1|1244|277|22.4|4.0|476|195|8.6|3.2|454|168|8.2|2.7|264|99|4.8|1.8|3910|556|70.5|5.0|718|168|12.9|2.7
9700000US0601415|Washington Unified School District (Fresno County), CA|0601415|2019-2023|001|4773|627|935|210|19.6|4.4|1064|404|22.3|7.2|1491|333|31.2|5.4|767|204|16.1|3.8|167|95|3.5|2.0|283|166|5.9|3.5|66|58|1.4|1.2|2774|443|58.1|6.4|349|174|7.3|3.7
9700000US0641580|Washington Unified School District (Yolo County), CA|0641580|2019-2023|001|34868|813|2736|458|7.8|1.3|2081|353|6.0|1.0|6956|653|19.9|1.9|8302|725|23.8|1.9|3017|408|8.7|1.2|7359|619|21.1|1.7|4417|571|12.7|1.6|30051|854|86.2|1.5|11776|842|33.8|2.2
9500000US0641610|Washington Union Elementary School District, CA|0641610|2019-2023|001|5067|514|41|55|0.8|1.1|61|47|1.2|0.9|478|152|9.4|2.9|733|174|14.5|3.2|351|130|6.9|2.4|1786|303|35.2|4.2|1617|222|31.9|3.2|4965|512|98.0|1.4|3403|441|67.2|4.7
9700000US0600063|Waterford Unified School District, CA|0600063|2019-2023|001|6193|502|1235|344|19.9|5.7|551|266|8.9|3.9|2286|430|36.9|6.0|1143|251|18.5|4.1|391|157|6.3|2.4|376|173|6.1|2.8|211|91|3.4|1.6|4407|452|71.2|5.6|587|208|9.5|3.5
9500000US0641790|Waugh Elementary School District, CA|0641790|2019-2023|001|4789|613|68|59|1.4|1.2|61|48|1.3|1.0|728|179|15.2|3.5|907|238|18.9|4.3|541|157|11.3|3.2|1575|382|32.9|5.3|909|206|19.0|4.4|4660|599|97.3|1.7|2484|444|51.9|5.6
9500000US0641820|Waukena Joint Union Elementary School District, CA|0641820|2019-2023|001|493|125|111|63|22.5|9.9|83|51|16.8|9.2|102|34|20.7|6.0|97|48|19.7|8.2|17|9|3.4|2.0|67|42|13.6|9.2|16|11|3.2|2.1|299|72|60.6|10.6|83|45|16.8|9.7
9500000US0641880|Weaver Union Elementary School District, CA|0641880|2019-2023|001|8917|764|1400|313|15.7|3.0|932|209|10.5|2.3|2759|398|30.9|4.2|2054|323|23.0|3.2|602|166|6.8|1.9|947|292|10.6|2.9|223|103|2.5|1.1|6585|624|73.8|3.2|1170|343|13.1|3.3
9500000US0641980|Weed Union Elementary School District, CA|0641980|2019-2023|001|2379|282|159|88|6.7|3.9|76|36|3.2|1.6|666|172|28.0|6.5|624|141|26.2|6.0|484|230|20.3|8.4|206|91|8.7|3.8|164|91|6.9|3.8|2144|304|90.1|4.4|370|131|15.6|5.4
9700000US0632550|West Contra Costa Unified School District, CA|0632550|2019-2023|001|182441|2088|17012|1195|9.3|0.7|12489|1020|6.8|0.6|36158|1862|19.8|1.0|35576|1458|19.5|0.7|13771|987|7.5|0.5|40991|1602|22.5|0.8|26444|1122|14.5|0.6|152940|2756|83.8|0.9|67435|1943|37.0|1.0
9700000US0642000|West Covina Unified School District, CA|0642000|2019-2023|001|41950|1675|3717|575|8.9|1.3|3099|608|7.4|1.4|11622|1051|27.7|2.1|8693|792|20.7|1.7|3447|456|8.2|1.1|8250|663|19.7|1.6|3122|421|7.4|0.9|35134|1485|83.8|1.8|11372|811|27.1|1.8
9500000US0642060|West Park Elementary School District, CA|0642060|2019-2023|001|1058|228|203|74|19.2|6.4|165|64|15.6|6.4|268|104|25.3|8.8|280|130|26.5|9.5|80|83|7.6|7.2|39|25|3.7|2.4|23|34|2.2|2.9|690|208|65.2|8.8|62|39|5.9|3.3
9500000US0642270|West Side Union Elementary School District, CA|0642270|2019-2023|001|725|159|15|13|2.1|1.8|12|18|1.7|2.5|186|115|25.7|11.9|138|54|19.0|6.8|48|28|6.6|4.0|175|50|24.1|7.5|151|42|20.8|6.3|698|154|96.3|2.9|326|64|45.0|10.4
9600000US0602670|West Sonoma County Union High School District, CA|0602670|2019-2023|001|36706|1370|992|319|2.7|0.9|1024|248|2.8|0.7|5932|618|16.2|1.5|8351|691|22.8|1.7|2976|367|8.1|1.0|10154|756|27.7|1.7|7277|611|19.8|1.6|34690|1326|94.5|1.2|17431|982|47.5|2.0
9700000US0642140|Western Placer Unified School District, CA|0642140|2019-2023|001|42079|805|1349|300|3.2|0.7|1200|279|2.9|0.7|7855|642|18.7|1.5|10581|805|25.1|1.8|5261|568|12.5|1.3|10065|635|23.9|1.5|5768|523|13.7|1.3|39530|862|93.9|1.0|15833|817|37.6|1.9
9500000US0642150|Westminster School District, CA|0642150|2019-2023|001|58003|1778|6655|679|11.5|1.0|6363|668|11.0|1.1|14000|1079|24.1|1.7|11015|964|19.0|1.4|4581|591|7.9|1.0|10826|610|18.7|1.1|4563|466|7.9|0.8|44985|1453|77.6|1.2|15389|799|26.5|1.5
9500000US0642180|Westmorland Union Elementary School District, CA|0642180|2019-2023|001|1231|244|172|125|14.0|8.9|240|116|19.5|7.0|346|102|28.1|8.2|209|74|17.0|6.0|125|54|10.2|4.7|110|52|8.9|4.1|29|26|2.4|2.0|819|152|66.5|12.1|139|71|11.3|5.6
9500000US0642210|Westside Elementary School District, CA|0642210|2019-2023|001|565|156|259|119|45.8|20.1|149|129|26.4|20.4|88|48|15.6|7.3|58|46|10.3|7.5|4|7|0.7|1.3|7|12|1.2|2.0|0|14|0.0|7.2|157|79|27.8|10.9|7|12|1.2|2.0
9500000US0642120|Westside Union Elementary School District, CA|0642120|2019-2023|001|48177|1812|2510|611|5.2|1.3|3757|475|7.8|1.0|11490|1061|23.8|2.0|12313|963|25.6|1.8|4427|450|9.2|0.9|8450|1018|17.5|1.9|5230|727|10.9|1.4|41910|1889|87.0|1.7|13680|1414|28.4|2.5
9700000US0642300|Westwood Unified School District, CA|0642300|2019-2023|001|760|221|62|66|8.2|7.5|65|56|8.6|6.6|237|108|31.2|12.5|167|94|22.0|11.3|126|111|16.6|12.5|85|62|11.2|8.1|18|17|2.4|2.2|633|184|83.3|11.1|103|66|13.6|8.6
9500000US0642330|Wheatland Elementary School District, CA|0642330|2019-2023|001|4700|469|155|88|3.3|1.9|214|101|4.6|2.0|1123|230|23.9|4.2|1462|333|31.1|5.5|658|211|14.0|4.6|744|200|15.8|4.0|344|100|7.3|2.2|4331|451|92.1|2.7|1088|228|23.1|4.5
9600000US0642350|Wheatland Union High School District, CA|0642350|2019-2023|001|10254|687|366|159|3.6|1.5|515|208|5.0|2.0|2360|400|23.0|3.7|2934|445|28.6|3.8|1470|350|14.3|3.1|1831|329|17.9|3.0|778|190|7.6|1.8|9373|677|91.4|2.3|2609|387|25.4|3.5
9500000US0642420|Whitmore Union Elementary School District, CA|0642420|2019-2023|001|576|130|0|14|0.0|7.1|19|21|3.3|3.6|136|66|23.6|9.6|245|91|42.5|10.6|69|21|12.0|4.0|67|28|11.6|5.4|40|21|6.9|3.6|557|125|96.7|3.6|107|41|18.6|7.4
9500000US0642450|Whittier City Elementary School District, CA|0642450|2019-2023|001|45451|1658|3569|504|7.9|1.0|3349|391|7.4|0.8|12910|1018|28.4|1.8|9895|710|21.8|1.5|4370|600|9.6|1.2|7671|636|16.9|1.2|3687|453|8.1|1.0|38533|1475|84.8|1.1|11358|804|25.0|1.5
9600000US0642480|Whittier Union High School District, CA|0642480|2019-2023|001|148776|3000|12749|1139|8.6|0.7|11214|858|7.5|0.5|42879|1668|28.8|1.0|33346|1407|22.4|0.9|13403|949|9.0|0.6|23383|1091|15.7|0.7|11802|826|7.9|0.5|124813|2634|83.9|0.8|35185|1457|23.6|0.9
9600000US0642510|William S. Hart Union High School District, CA|0642510|2019-2023|001|188984|2414|8165|910|4.3|0.5|9232|903|4.9|0.5|34501|1374|18.3|0.7|43535|1984|23.0|1.0|18806|1206|10.0|0.6|50474|2054|26.7|1.0|24271|1241|12.8|0.7|171587|2608|90.8|0.6|74745|2429|39.6|1.1
9700000US0642540|Williams Unified School District, CA|0642540|2019-2023|001|3894|260|785|244|20.2|6.3|379|137|9.7|3.4|1186|221|30.5|5.6|535|164|13.7|3.9|362|118|9.3|3.1|612|257|15.7|6.4|35|35|0.9|0.9|2730|324|70.1|6.5|647|265|16.6|6.6
9700000US0642560|Willits Unified School District, CA|0642560|2019-2023|001|10099|907|341|188|3.4|1.9|802|244|7.9|2.4|3068|597|30.4|5.3|2756|454|27.3|3.5|863|235|8.5|2.4|1439|351|14.2|3.4|830|338|8.2|3.1|8956|893|88.7|3.0|2269|461|22.5|3.8
9500000US0642600|Willow Creek Elementary School District, CA|0642600|2019-2023|001|675|228|4|7|0.6|1.0|39|20|5.8|3.2|312|213|46.2|17.9|118|34|17.5|7.6|84|32|12.4|6.3|71|28|10.5|5.0|47|20|7.0|3.3|632|225|93.6|3.4|118|35|17.5|6.7
9500000US0642630|Willow Grove Union Elementary School District, CA|0642630|2019-2023|001|199|63|16|14|8.0|7.0|8|11|4.0|5.2|40|24|20.1|9.3|58|34|29.1|10.7|4|5|2.0|2.5|43|15|21.6|9.0|30|24|15.1|10.0|175|61|87.9|8.2|73|27|36.7|11.9
9700000US0642710|Willows Unified School District, CA|0642710|2019-2023|001|6301|433|648|225|10.3|3.4|542|172|8.6|2.6|1768|401|28.1|6.2|1521|312|24.1|4.9|629|260|10.0|4.1|885|254|14.0|3.8|308|116|4.9|1.8|5111|368|81.1|3.8|1193|266|18.9|3.9
9500000US0642750|Wilmar Union Elementary School District, CA|0642750|2019-2023|001|2302|324|104|148|4.5|6.2|24|19|1.0|0.8|567|226|24.6|8.7|442|144|19.2|6.1|197|103|8.6|4.7|593|143|25.8|6.7|375|153|16.3|6.0|2174|285|94.4|6.2|968|209|42.1|8.5
9500000US0642810|Wilsona Elementary School District, CA|0642810|2019-2023|001|6370|623|1188|303|18.6|3.9|571|184|9.0|3.1|2382|427|37.4|5.3|1047|251|16.4|3.7|343|162|5.4|2.5|638|230|10.0|3.5|201|130|3.2|2.0|4611|537|72.4|4.6|839|272|13.2|4.1
9700000US0600034|Windsor Unified School District, CA|0600034|2019-2023|001|18901|499|1221|405|6.5|2.1|1029|295|5.4|1.6|3665|419|19.4|2.1|4775|471|25.3|2.3|1717|253|9.1|1.3|4270|379|22.6|1.9|2224|287|11.8|1.5|16651|705|88.1|2.7|6494|512|34.4|2.5
9500000US0642900|Winship Robbins Elementary School District, CA|0642900|2019-2023|001|282|82|28|23|9.9|7.9|37|31|13.1|10.5|86|44|30.5|13.6|26|12|9.2|4.9|35|30|12.4|9.0|59|38|20.9|10.4|11|19|3.9|6.6|217|75|77.0|12.4|70|48|24.8|13.9
9700000US0642930|Winters Joint Unified School District, CA|0642930|2019-2023|001|6448|436|735|318|11.4|4.9|181|90|2.8|1.4|1386|331|21.5|5.1|1445|289|22.4|4.1|703|188|10.9|2.8|1278|291|19.8|4.1|720|230|11.2|3.5|5532|505|85.8|5.0|1998|426|31.0|6.1
9500000US0642960|Winton School District, CA|0642960|2019-2023|001|6506|722|1755|399|27.0|4.9|727|211|11.2|3.2|1817|353|27.9|4.4|1497|331|23.0|4.3|386|209|5.9|3.2|247|92|3.8|1.4|77|61|1.2|1.0|4024|537|61.9|5.0|324|113|5.0|1.8
9700000US0601428|Wiseburn Unified School District, CA|0601428|2019-2023|001|11385|1144|1022|379|9.0|3.0|734|262|6.4|2.0|1708|336|15.0|2.4|1634|304|14.4|2.2|662|189|5.8|1.6|3554|524|31.2|4.3|2071|361|18.2|2.8|9629|879|84.6|3.2|5625|597|49.4|4.3
9600000US0606026|Woodlake Unified School District (9-12), CA|0606026|2019-2023|001|2379|394|251|99|10.6|3.6|63|41|2.6|1.6|386|114|16.2|4.3|478|242|20.1|8.8|169|83|7.1|3.3|677|183|28.5|6.8|355|99|14.9|4.1|2065|346|86.8|3.9|1032|213|43.4|7.6
9700000US0601418|Woodlake Unified School District, CA|0601418|2019-2023|001|6069|530|1527|349|25.2|5.1|891|280|14.7|4.3|1399|287|23.1|4.2|1057|227|17.4|3.5|531|139|8.7|2.3|383|122|6.3|2.0|281|142|4.6|2.4|3651|394|60.2|5.0|664|174|10.9|2.9
9700000US0643080|Woodland Joint Unified School District, CA|0643080|2019-2023|001|43890|856|3955|595|9.0|1.3|3080|571|7.0|1.3|10410|767|23.7|1.7|9788|821|22.3|1.9|3612|471|8.2|1.1|7906|723|18.0|1.5|5139|513|11.7|1.2|36855|1009|84.0|1.9|13045|828|29.7|1.8
9500000US0643140|Woodside Elementary School District, CA|0643140|2019-2023|001|2201|277|14|15|0.6|0.7|32|30|1.5|1.3|167|110|7.6|4.9|182|60|8.3|2.6|168|79|7.6|3.2|804|162|36.5|5.2|834|144|37.9|5.8|2155|278|97.9|1.7|1638|226|74.4|5.7
9500000US0643170|Woodville Elementary School District, CA|0643170|2019-2023|001|1295|195|516|142|39.8|9.6|156|54|12.0|4.2|307|103|23.7|7.0|206|83|15.9|5.7|74|48|5.7|3.4|30|35|2.3|2.7|6|6|0.5|0.5|623|158|48.1|8.9|36|38|2.8|2.9
9500000US0643200|Wright Elementary School District, CA|0643200|2019-2023|001|13046|1234|1461|600|11.2|4.2|1116|354|8.6|2.5|3058|534|23.4|3.3|3159|447|24.2|3.4|1295|348|9.9|2.7|1669|387|12.8|2.8|1288|405|9.9|3.0|10469|981|80.2|4.5|2957|559|22.7|3.8
9600000US0606001|Yosemite Unified School District (9-12), CA|0606001|2019-2023|001|8013|676|354|129|4.4|1.6|420|193|5.2|2.3|1951|330|24.3|3.8|2364|385|29.5|3.9|677|168|8.4|2.1|1383|286|17.3|3.3|864|266|10.8|3.1|7239|629|90.3|2.5|2247|389|28.0|4.0
9700000US0600160|Yosemite Unified School District, CA|0600160|2019-2023|001|7612|702|205|180|2.7|2.3|190|99|2.5|1.3|1904|389|25.0|4.5|2541|456|33.4|4.4|772|179|10.1|2.3|1211|302|15.9|3.8|789|212|10.4|2.8|7217|688|94.8|2.7|2000|365|26.3|4.7
9500000US0643380|Yreka Union Elementary School District, CA|0643380|2019-2023|001|6792|397|200|111|2.9|1.6|424|152|6.2|2.2|1808|342|26.6|5.0|2090|289|30.8|4.0|896|199|13.2|2.8|909|286|13.4|4.0|465|133|6.8|1.9|6168|382|90.8|2.5|1374|297|20.2|4.0
9600000US0643410|Yreka Union High School District, CA|0643410|2019-2023|001|13072|525|333|128|2.5|1.0|834|199|6.4|1.5|3601|451|27.5|3.1|4129|354|31.6|2.6|1567|213|12.0|1.6|1732|313|13.2|2.3|876|150|6.7|1.1|11905|531|91.1|1.8|2608|328|20.0|2.3
9700000US0643470|Yuba City Unified School District, CA|0643470|2019-2023|001|51098|697|5871|720|11.5|1.4|5163|665|10.1|1.3|12449|995|24.4|1.8|12323|876|24.1|1.7|4873|581|9.5|1.1|6969|753|13.6|1.5|3450|558|6.8|1.1|40064|1166|78.4|1.8|10419|850|20.4|1.7
9700000US0643560|Yucaipa-Calimesa Joint Unified School District, CA|0643560|2019-2023|001|40188|1194|1861|542|4.6|1.3|2380|455|5.9|1.1|10475|1134|26.1|2.7|10688|942|26.6|2.2|3891|532|9.7|1.3|6482|759|16.1|1.7|4411|763|11.0|2.0|35947|1220|89.4|1.6|10893|1106|27.1|2.7
