District Name,County Name (District),District Type (District),All Charter Schools (Y/N) (District),Grade Span (District),Zip (District),City (District),Census Day Enrollment (District),English Learners % (District),American Indian or Alaska Native % (District),Asian % (District),Black or African American % (District),Filipino % (District),Hispanic or Latino % (District),Native Hawaiian or Pac Islander % (District),Two or More Races % (District),None Reported % (District),White % (District),Free/Reduced Meals % (District),Fluent English Proficient (FEP) % (District),Ethnic Diversity Index (District),Cohort Graduates % (District),Cohort Grads by Socio. Econ. DisAdvtg % (District),Student/Teacher Ratio (District),1st Year Teachers (District),Experienced Teachers (District),Teacher Service Days (District),Teaching Days (District),Inexperienced Teachers (District),Avg Years Teaching (District),Suspension Rate (District),Chronic Absenteeism % (District),CAASPP-Math Standard Exceeded or Met (Levels 3 and 4) (District),CAASPP-ELA Standard Exceeded or Met (Levels 3 and 4) (District),Current Exp of Educ per ADA (Ed Code 41372) (District),Gen Fund Exp by Activity - 6000-6999 Enterprise Exp % (District),Gen Fund Exp by Activity - 4000-4999 Ancillary Services Exp % (District),Gen Fund Exp by Activity - 1000-1999 Instruction Exp % (District),Gen Fund Exp by Activity - 3000-3999 Pupil Services Exp % (District),Gen Fund Exp by Activity - 7000-7999 General Administration Exp % (District),Gen Fund Exp by Activity - 2000-2999 Instruc-related Svcs Exp % (District),Gen Fund Exp by Activity - 8000-8999 Plant Services Exp % (District)
ABC Unified (Los Angeles),Los Angeles,Unified School District,No,K-12,90703,"""Cerritos                      """,17612,9.8,0.2,23.7,6.7,11.6,45.7,0.5,4.3,2.9,4.5,58.5,21.77,55,95.2,94.1,21.6,29,780,184,180,56,16,2.1,11.9,53.07,64.96,19766,0,0,57,10,8,13,11
Acalanes Union High (Contra Costa),Contra Costa,High School District,No,09-12,94549,"""Lafayette                     """,5425,3.2,0.2,15.2,1.6,2,12.2,0.2,10.9,1.2,56.5,8.7,16.79,46,97.7,94.2,19.2,3,280,186,180,9,14,2.1,11.8,65.45,81.01,20508,0,1,58,12,7,12,11
Ackerman Charter (Placer),Placer,Elementary School District,No,K-08,95603,"""Auburn                        """,606,4,0.2,0.8,0.5,0.8,18,0,10.1,0,69.6,25.1,3.47,32,N/A,N/A,21.6,0,28,184,180,1,14,0.5,6.5,52.48,61.46,13572,0,1,51,14,6,7,12
Acton-Agua Dulce Unified (Los Angeles),Los Angeles,Unified School District,No,K-12,93510,"""Acton                         """,13443,8.5,0.4,2.4,7,0.7,58.5,0.2,5.7,1.6,23.5,65.6,19.75,42,41.6,38.1,20.7,15,708,N/A,N/A,45,14,0.3,36.4,19.92,34.17,25419,0,1,66,8,9,5,10
Adelanto Elementary (San Bernardino),San Bernardino,Elementary School District,No,K-12,92301,"""Adelanto                      """,8472,16,0.4,0.9,17.3,0.3,67.5,0.4,3.4,3.5,6.2,72.4,8.2,32,43.3,42.9,21.2,10,363,183,180,39,14,7.3,30.6,15.22,25.04,21315,0,0,61,12,7,10,6
Alameda County Office of Education (Alameda),Alameda,County Office of Education (COE),No,K-12,94544,"""Hayward                       """,4034,24.7,0.4,19.6,13.3,1.9,44.1,0.8,9.5,2.4,8,54.2,21.1,58,57.2,51.4,21.4,21,207,186,186,52,9,2.2,17.5,0,8.47,N/A,0,0,7,14,36,36,5
Alameda Unified (Alameda),Alameda,Unified School District,No,K-12,94501,"""Alameda                       """,10771,8.4,0.3,24.8,7,4.4,17.7,0.5,15.6,3,26.7,36.3,17.74,69,93.8,92.1,21.3,32,442,186,180,90,13,2.6,12.9,59.96,68.21,18559,0,2,60,10,6,11,11
Albany City Unified (Alameda),Alameda,Unified School District,No,K-12,94706,"""Albany                        """,3694,12.1,0.2,30.5,3.8,1.6,17.7,0.1,13.4,8.4,24.3,31.8,24.39,63,98.6,98.4,20.6,13,167,184,180,29,12,1.3,10.7,67.63,76.78,18118,0,1,62,7,7,11,10
Alexander Valley Union Elementary (Sonoma),Sonoma,Elementary School District,No,K-06,95448,"""Healdsburg                    """,111,4.5,0,0,0.9,0,29.7,0,3.6,0.9,64.9,25.2,8.11,33,N/A,N/A,12.3,0,10,N/A,N/A,0,23,0,7.8,59.68,74.19,27677,0,0,59,6,11,13,10
Alhambra Unified (Los Angeles),Los Angeles,Unified School District,No,K-12,91803,"""Alhambra                      """,14597,25.6,0.1,47.1,0.6,2.5,42.2,0,3.3,2.3,1.9,48,30.72,42,94.3,95,22.5,0,628,187,180,29,17,1.3,9.7,53.23,63.77,20649,0,1,54,14,7,13,11
Alisal Union (Monterey),Monterey,Elementary School District,No,K-06,93905,"""Salinas                       """,7303,56.2,0.1,0.2,0.1,0.8,97.4,0.1,0.5,0,0.8,91,16.58,3,N/A,N/A,24.6,63,220,188,180,85,10,1.1,15.9,21.79,28.61,22712,0,0,63,9,3,14,7
Allensworth Elementary (Tulare),Tulare,Elementary School District,No,K-08,93219,"""Allensworth                   """,118,43.2,0,0,1.7,0,98.3,0,0,0,0,97.5,11.02,2,N/A,N/A,16.9,4,1,183,180,6,2,4,24.8,6.06,9.09,19564,0,0,58,10,7,7,17
Alpaugh Unified (Tulare),Tulare,Unified School District,No,K-12,93201,"""Alpaugh                       """,1074,19.4,0.6,1.1,3.4,0,61.5,0,7.5,0,25.9,72.3,11.08,39,79.6,79,21.3,3,306,185,180,6,12,0.1,24.7,7.45,17.46,22553,0,2,56,5,12,8,14
Alpine County Office of Education (Alpine),Alpine,County Office of Education (COE),No,10-11,96120,"""Markleeville                  """,4,N/A,0,0,0,0,50,0,0,0,50,100,N/A,35,N/A,N/A,0,0,1,N/A,N/A,0,28,0,0,redacted,redacted,N/A,0,0,24,26,24,17,10
Alpine County Unified (Alpine),Alpine,Unified School District,No,K-08,96120,"""Markleeville                  """,57,N/A,50.9,0,0,0,10.5,0,3.5,0,35.1,68.4,N/A,44,N/A,N/A,9.5,0,6,186,180,0,9,1.6,23,31.25,42.86,70789,0,0,49,11,18,10,13
Alpine Union Elementary (San Diego),San Diego,Elementary School District,No,K-08,91901,"""Alpine                        """,1441,4.6,3.5,0.5,1.2,0.5,33,0.1,6.9,3.7,50.7,36.3,2.98,44,N/A,N/A,20,5,64,185,180,8,14,2.8,22.6,42.26,48.1,16825,0,0,55,12,9,8,12
Alta Loma Elementary (San Bernardino),San Bernardino,Elementary School District,No,K-08,91701,"""Alta Loma                     """,5543,5.3,0.1,11.1,4.3,1.5,50.5,0.2,5.2,0.7,26.4,39.8,10.59,50,N/A,N/A,22.7,10,228,185,180,19,15,1.8,10.1,52.41,65.55,15559,0,0,58,8,6,10,13
Alta Vista Elementary (Tulare),Tulare,Elementary School District,No,K-12,93257,"""Porterville                   """,1869,15.3,0.2,1.1,1.4,0.2,52.2,0.9,4.6,2.5,36.9,61,4.33,41,90.6,96.7,28.1,14,73,184,180,19,11,2.9,6.9,9.73,19.63,18815,0,0,59,5,10,9,15
Alta-Dutch Flat Union Elementary (Placer),Placer,Elementary School District,No,K-08,95701,"""Alta                          """,99,2,0,0,1,1,14.1,0,3,0,80.8,25.3,1.01,21,N/A,N/A,17.5,0,6,N/A,N/A,0,13,0,16,36.21,41.38,18972,0,0,51,2,24,11,11
Alum Rock Union Elementary (Santa Clara),Santa Clara,Elementary School District,No,K-08,95127,"""San Jose                      """,8598,43.7,0.2,11.5,0.7,4.1,80,0.4,1.6,0.1,1.4,76.1,21.78,22,N/A,N/A,18,29,426,184,180,50,13,1.9,19.5,20.66,28.6,24712,0,1,61,12,7,9,9
Alview-Dairyland Union Elementary (Madera),Madera,Elementary School District,No,K-08,93610,"""Chowchilla                    """,399,34.6,0.3,0.5,0.5,0,65.2,0,0,0.3,33.3,57.1,9.27,31,N/A,N/A,21,1,16,184,180,4,14,3.3,9.4,39.29,52.28,17198,0,0,60,9,9,7,14
Alvina Elementary (Fresno),Fresno,Elementary School District,No,K-08,93609,"""Caruthers                     """,169,22.5,0,0.6,0.6,0,88.8,0,1.2,0,8.9,82.2,19.53,12,N/A,N/A,16.9,0,9,N/A,N/A,1,14,0,8.7,37.17,47.79,20866,0,0,56,6,9,15,14
Alvord Unified (Riverside),Riverside,Unified School District,No,K-12,92879,"""Corona                        """,16466,23.5,0.2,3.6,4,1.4,81.3,0.3,1.9,0,7.2,85.3,20.41,21,94.4,94.2,22,3,704,185,180,53,15,3.1,22,24.18,38.13,21841,0,1,63,9,5,11,10
Amador County Office of Education (Amador),Amador,County Office of Education (COE),No,09-12,95642,"""Jackson                       """,23,N/A,4.3,0,0,0,30.4,0,4.3,0,60.9,39.1,4.35,37,redacted,redacted,9.9,0,3,N/A,N/A,0,18,4.7,50,N/A,N/A,N/A,1,0,48,25,8,13,3
Amador County Unified (Amador),Amador,Unified School District,No,K-12,95642,"""Jackson                       """,4036,2.9,2,0.6,0.5,0.6,25.4,0.2,8,0.1,62.6,40,4.01,38,97.3,95.5,20.2,6,194,N/A,N/A,17,14,7.8,24.3,23.49,35.79,15715,1,2,47,10,8,13,12
Anaheim Elementary (Orange),Orange,Elementary School District,No,K-06,92805,"""Anaheim                       """,14371,39.8,0.1,4.7,1.4,1.6,83.9,0.3,1.4,2.4,4,71.1,16.91,16,N/A,N/A,20.2,24,713,185,180,55,15,0.9,21,23.12,30.19,24161,0,0,56,11,6,16,7
Anaheim Union High (Orange),Orange,High School District,No,07-12,92801,"""Anaheim                       """,26120,21.1,0.8,13.9,2.1,3.9,68.7,0.4,2,0.3,8,81.6,43.06,34,94.3,94.3,22.5,16,1135,185,180,60,17,3,24.3,25.6,42.94,19601,0,2,57,10,6,8,13
Anderson Union High (Shasta),Shasta,High School District,No,08-12,96007,"""Anderson                      """,1581,3.7,4.4,2.5,1.3,0.4,21.9,0.3,5.4,0.2,63.6,51.6,8.1,38,87.9,85.9,20.8,1,71,183,180,4,15,11.4,32.4,27.65,49.86,19421,0,3,46,15,9,7,15
Anderson Valley Unified (Mendocino),Mendocino,Unified School District,No,K-12,95415,"""Boonville                     """,382,37.2,0,0,0.5,0,81.2,0,0,0,18.3,74.6,31.94,19,100,100,14.6,1,25,187,180,5,10,6.3,32,19.34,29.83,24191,0,1,54,7,12,11,12
Antelope Elementary (Tehama),Tehama,Elementary School District,No,K-08,96080,"""Red Bluff                     """,788,4.7,2.8,0.3,0.6,0.3,28.3,0.1,2.7,0.8,64.2,58.2,7.99,34,N/A,N/A,19.2,3,35,183,180,7,15,3.8,10.4,38.7,44.67,17956,0,1,61,7,7,9,12
Antelope Valley Union High (Los Angeles),Los Angeles,High School District,No,06-12,93535,"""Lancaster                     """,21958,9.7,0.2,1,16.6,1.3,67.2,0.1,4.3,0.4,8.9,63.3,27.28,35,82.3,81.1,23.6,105,763,185,180,149,14,8.7,29.2,13.98,39.17,19987,0,1,55,12,5,11,15
Antioch Unified (Contra Costa),Contra Costa,Unified School District,No,K-12,94509,"""Antioch                       """,16199,19.9,0.6,4.8,22.9,4.8,50.9,1.6,4.9,0,9.6,78.2,14.53,52,80.5,80.1,20.6,34,687,184,180,86,15,4.9,32.7,14.24,27.03,23302,0,0,60,12,6,12,10
Apple Valley Unified (San Bernardino),San Bernardino,Unified School District,No,K-12,92308,"""Apple Valley                  """,15128,9.9,0.3,1.3,6.8,0.5,59.9,0.3,3.9,0.1,26.9,70.7,7.88,40,94.1,93.7,21.4,17,640,184,180,74,11,5.5,29.2,17.36,29.86,19836,0,0,61,7,5,9,14
Arcadia Unified (Los Angeles),Los Angeles,Unified School District,No,K-12,91006,"""Arcadia                       """,9073,14.3,0.1,64.2,1.2,3,17.6,0.1,4.3,1.9,7.5,29.7,38.25,37,99,99.1,24.5,6,376,186,183,12,17,0.7,4.7,68.28,71.97,18100,0,1,61,8,8,8,10
Arcata Elementary (Humboldt),Humboldt,Elementary School District,No,K-12,95521,"""Arcata                        """,1174,1.9,2.6,1.7,1.5,0.2,20.6,0.1,14.6,0.5,58.3,57.4,1.53,43,87.5,redacted,14.3,10,73,182,180,16,9,6.1,24.1,29.94,41.49,23470,0,1,49,13,10,9,9
Arcohe Union Elementary (Sacramento),Sacramento,Elementary School District,No,K-08,95638,"""Herald                        """,560,7.9,0.2,1.6,0.9,0,42.5,0,6.1,5.9,42.9,31.1,9.64,42,N/A,N/A,25.5,0,22,185,180,0,16,2.9,17,34.86,31.52,14926,0,0,70,4,7,9,11
Arena Union Elementary (Mendocino),Mendocino,Elementary School District,No,K-12,95468,"""Point Arena                   """,303,15.5,6.9,0.3,0,0,58.7,0,3.6,0,30.4,62,17.82,40,redacted,redacted,17.3,3,17,N/A,N/A,3,12,1.2,45.1,13.42,26.9,N/A,N/A,N/A,N/A,N/A,N/A,N/A,N/A
Arena Union Elementary/Point Arena Joint Union High (Mendocino),Mendocino,Common Administration District,No,N/A,95468,Point Arena,N/A,N/A,N/A,N/A,N/A,N/A,N/A,N/A,N/A,N/A,N/A,N/A,N/A,N/A,N/A,N/A,N/A,N/A,N/A,184,180,N/A,N/A,N/A,N/A,N/A,N/A,30687,0,5,47,10,9,14,15
Armona Union Elementary (Kings),Kings,Elementary School District,No,K-12,93202,"""Armona                        """,1919,15.9,0.5,2,3.2,1.1,75.7,0.4,2.9,0.6,13.5,80.1,12.87,26,67.6,66.7,19.7,11,423,186,180,30,11,2.1,10.3,25.21,35.15,18083,0,0,59,8,7,9,14
Aromas - San Juan Unified (San Benito),San Benito,Unified School District,No,K-12,95045,"""San Juan Bautista             """,965,26.3,0.4,1,0.3,0.4,73.5,0,1.7,1.7,21,53.7,22.07,26,89.2,89.1,19.2,2,47,N/A,N/A,6,12,3.5,18.8,27.24,38.14,21329,0,2,49,10,10,11,14
Arvin Union (Kern),Kern,Elementary School District,No,K-08,93203,"""Arvin                         """,2801,59.2,0,0.3,0.7,0.1,93.4,0,0.1,0,5.2,93.4,10.25,7,N/A,N/A,17.3,11,135,185,180,27,13,0.3,13.4,21.9,29.73,21461,0,0,47,10,4,11,24
Atascadero Unified (San Luis Obispo),San Luis Obispo,Unified School District,No,K-12,93422,"""Atascadero                    """,4357,8.3,0.6,1,1.2,1.1,30.6,0.2,5,1.9,58.4,47.9,5,39,91.2,90.7,19.7,10,202,185,180,28,14,5.6,28.5,40.09,52,17137,0,1,58,12,7,9,10
Atwater Elementary (Merced),Merced,Elementary School District,No,K-08,95301,"""Atwater                       """,4925,26.8,0.4,3.5,1.7,0.3,79.5,0.2,2.1,0,12.2,79.1,15.45,23,N/A,N/A,19.3,16,200,183,180,55,10,2.7,9.3,32.84,44.01,20375,0,1,63,9,5,10,11
Auburn Union Elementary (Placer),Placer,Elementary School District,No,K-08,95603,"""Auburn                        """,1384,15.5,1.1,1.2,0.7,0.2,36.6,0.6,5,0,54.6,68,9.54,40,N/A,N/A,19.5,0,71,185,180,2,11,4.4,26.3,25.42,35.84,18979,0,0,54,10,7,8,15
Azusa Unified (Los Angeles),Los Angeles,Unified School District,No,K-12,91702,"""Azusa                         """,6045,23,0.1,1.9,1.2,1.3,90.4,0,0.9,1.3,2.9,87.3,24.1,10,87.9,88.6,21.1,8,262,185,180,29,20,4.5,26.7,21.97,34.06,24690,0,0,58,8,6,11,15
Baker Valley Unified (San Bernardino),San Bernardino,Unified School District,No,K-12,92309,"""Baker                         """,125,52.8,0,0,0,0,82.4,0,0,0,17.6,68.8,11.2,18,redacted,redacted,12.5,0,10,182,180,0,13,5.4,14.8,9.09,12.99,35606,0,0,52,5,15,10,18
Bakersfield City (Kern),Kern,Elementary School District,No,K-08,93305,"""Bakersfield                   """,28365,25.1,0.3,0.7,7.1,0.4,83.2,0.1,1,0,7.3,87.8,10.04,19,N/A,N/A,18.9,241,1192,182,180,330,12,2.8,18.9,15.21,28.11,22638,0,0,59,9,4,10,16
Baldwin Park Unified (Los Angeles),Los Angeles,Unified School District,No,K-12,91706,"""Baldwin Park                  """,9565,17.6,0,7,0.5,1.6,89.3,0,0.5,0.2,1,89.5,32.55,12,84,84.4,20.4,12,457,184,180,28,20,4.2,19.5,27.83,42.03,23647,0,0,59,8,5,12,14
Ballard Elementary (Santa Barbara),Santa Barbara,Elementary School District,No,K-06,93463,"""Solvang                       """,113,0.9,0,1.8,0,0,12.4,0,3.5,3.5,78.8,10.6,0.88,20,N/A,N/A,16.1,0,7,184,180,1,19,0.8,15.5,66.2,77.46,25846,0,0,67,0,9,10,8
Ballico-Cressey Elementary (Merced),Merced,Elementary School District,No,K-08,95303,"""Ballico                       """,336,28.9,1.5,0.9,0.3,0,67.3,0.3,0.6,0.6,28.6,46.4,8.63,31,N/A,N/A,15.9,3,15,185,180,7,6,0.6,5.4,36.57,46.08,39956,0,0,49,11,11,18,8
Bangor Union Elementary (Butte),Butte,Elementary School District,No,K-08,95914,"""Bangor                        """,88,9.1,0,0,0,0,29.5,0,14.8,0,55.7,71.6,1.14,42,N/A,N/A,17.6,0,4,183,180,1,13,5.3,26.6,32.08,57.69,23023,0,4,43,8,11,10,15
Banning Unified (Riverside),Riverside,Unified School District,No,K-12,92220,"""Banning                       """,4237,17.9,1.7,3.5,6.6,0.7,74.9,0.1,3.2,0.1,9.2,91.8,11.56,28,83.9,84.5,20.5,3,198,N/A,N/A,9,12,5.1,29.3,15.3,27.43,21430,0,1,57,10,6,10,15
Banta Unified (San Joaquin),San Joaquin,Unified School District,No,K-11,95304,"""Tracy                         """,3563,13.5,2.4,36.3,9.2,13.2,28.7,0.6,0.6,0.3,8.7,38,22.93,62,N/A,N/A,21.4,25,124,183,180,46,7,2.2,15,12.24,24.49,33047,0,0,38,13,10,10,7
Barstow Unified (San Bernardino),San Bernardino,Unified School District,No,K-12,92311,"""Barstow                       """,6128,8.7,0.6,0.4,18.2,0.4,58.5,0.9,6.6,0,14.3,76.5,5.06,44,86.9,85.4,22.4,26,219,185,180,53,12,9.6,47.7,10.24,17.27,20973,0,0,53,9,8,10,19
Bass Lake Joint Union Elementary (Madera),Madera,Elementary School District,No,K-08,93644,"""Oakhurst                      """,809,7.4,2.8,1.5,0,0.4,25.9,0,5.1,0.1,64.2,72.4,2.97,36,N/A,N/A,17.1,5,39,184,180,9,10,7.9,25.8,26.63,36.13,20935,0,0,58,13,8,9,10
Bassett Unified (Los Angeles),Los Angeles,Unified School District,No,K-12,91746,"""La Puente                     """,2801,22.4,0.1,5.8,1,1.3,90.6,0.1,0.2,0,0.9,90.4,26.56,11,96.4,96.6,20.9,1,118,183,180,18,18,2.6,19.4,29.44,43.17,22702,0,0,53,9,11,8,15
Bayshore Elementary (San Mateo),San Mateo,Elementary School District,No,K-08,94014,"""Daly City                     """,342,32.2,0,14.3,2.3,15.2,46.8,6.4,8.2,0,6.7,63.7,16.96,58,N/A,N/A,19.1,0,18,185,180,0,9,3.9,13.8,30.23,34.27,20144,0,0,61,7,15,10,5
Bear Valley Unified (San Bernardino),San Bernardino,Unified School District,No,K-12,92315,"""Big Bear Lake                 """,2176,14.3,0.2,0.7,0.5,0.2,46.4,0.2,4.8,0.2,46.8,68.4,8.69,40,89.9,91,21.5,3,94,186,180,11,15,6.7,26.9,32.57,43.57,18648,0,1,56,9,9,8,13
Beardsley Elementary (Kern),Kern,Elementary School District,No,K-08,93308,"""Bakersfield                   """,1989,14.5,0.6,0.1,6.1,0.2,62.3,0,4,0.1,26.6,97.6,6.59,38,N/A,N/A,18.6,9,90,N/A,N/A,20,10,1.7,29.6,14.3,25.97,21034,0,1,54,14,6,8,10
Beaumont Unified (Riverside),Riverside,Unified School District,No,K-12,92223,"""Beaumont                      """,19503,5,0.5,2.5,5.7,2.3,54.8,0.4,4.9,1.2,27.7,58.9,7.71,45,94.5,94.3,23.7,6,836,185,180,39,12,1.2,14.5,36.48,50.62,18835,0,1,58,12,6,10,12
Bella Vista Elementary (Shasta),Shasta,Elementary School District,No,K-08,96008,"""Bella Vista                   """,344,1.5,2.3,0.9,0,0,17.7,0,9,1.5,68.6,63.7,0.58,32,N/A,N/A,18.1,2,16,N/A,N/A,3,15,5.4,15.4,37,50.75,17422,0,1,60,10,8,8,13
Belleview Elementary (Tuolumne),Tuolumne,Elementary School District,No,K-08,95370,"""Sonora                        """,149,4,0,0,0,0.7,24.2,0,6.7,0,68.5,49,0,32,N/A,N/A,16.4,0,9,N/A,N/A,0,11,1.2,17.1,39.39,45.92,19245,0,0,64,7,11,8,9
Bellevue Union (Sonoma),Sonoma,Elementary School District,No,K-06,95407,"""Santa Rosa                    """,1655,49.4,0.2,4.6,1.7,0.4,83.6,0.7,1.5,0,7.3,75,16.56,18,N/A,N/A,19.4,8,72,185,180,15,10,1.2,19.7,18.51,26.8,23949,0,0,63,16,5,8,6
Bellflower Unified (Los Angeles),Los Angeles,Unified School District,No,K-12,90706,"""Bellflower                    """,9633,15.7,0.3,4.1,12.4,4,68.1,1,3.3,0.4,6.4,77.4,15.24,35,94.4,94.2,18.9,39,457,184,180,60,16,4.7,21.5,29.16,47.02,23582,0,1,61,8,8,11,11
Belmont-Redwood Shores Elementary (San Mateo),San Mateo,Elementary School District,No,K-08,94002,"""Belmont                       """,3914,11.5,0.1,36.9,0.9,2.8,13.6,0.5,13.9,4.4,26.8,10.2,24.99,59,N/A,N/A,22.3,19,147,185,180,36,12,1,9.7,79.19,80.38,17627,0,1,64,9,8,9,8
Benicia Unified (Solano),Solano,Unified School District,No,K-12,94510,"""Benicia                       """,4346,3.2,0.1,4.4,4.9,6,27.4,0.4,16.5,0,40.3,23.5,7.13,59,96.2,95.4,20.7,31,167,N/A,N/A,48,13,2.1,12.9,53.51,55.26,15618,0,0,62,9,7,11,10
Bennett Valley Union Elementary (Sonoma),Sonoma,Elementary School District,No,K-06,95405,"""Santa Rosa                    """,889,13.3,0.1,4.2,2.6,1.3,23.6,2,10.2,0.2,55.7,33.1,3.04,46,N/A,N/A,22.8,6,32,186,180,7,15,1.3,10.5,51.24,63.41,17023,0,1,72,4,8,7,9
Berkeley Unified (Alameda),Alameda,Unified School District,No,K-12,94702,"""Berkeley                      """,9162,6.3,0.2,8.2,11.3,0.8,22.4,0.2,15.9,0.1,40.8,28.9,13.64,60,94.8,93.7,16.5,9,554,184,180,28,13,1.6,12.9,66.29,71.64,26397,0,0,61,9,7,12,10
Berryessa Union Elementary (Santa Clara),Santa Clara,Elementary School District,No,K-08,95131,"""San Jose                      """,5911,21.7,0.2,51.4,1.4,11,26.1,0.5,5.2,0,4.4,29.3,26.85,49,N/A,N/A,21.5,1,273,185,180,5,16,0.8,11.6,55.03,64.73,18544,0,0,67,7,8,10,8
Beverly Hills Unified (Los Angeles),Los Angeles,Unified School District,No,K-12,90210,"""Beverly Hills                 """,3079,10,0.1,11.1,2.4,0.8,9.4,0.3,6.8,5.2,63.9,28.7,23.58,36,91.5,92.4,14.2,3,215,186,180,9,17,2.2,14.3,62.79,71.12,35360,0,2,55,7,10,11,15
Big Creek Elementary (Fresno),Fresno,Elementary School District,No,K-08,93605,"""Big Creek                     """,21,N/A,0,0,0,0,52.4,0,4.8,0,42.9,38.1,N/A,38,N/A,N/A,9.3,2,1,N/A,N/A,2,2,0,27.3,redacted,redacted,110560,0,0,34,11,13,20,21
Big Lagoon Union Elementary (Humboldt),Humboldt,Elementary School District,No,K-07,95570,"""Trinidad                      """,15,N/A,60,0,0,0,0,0,20,13.3,6.7,33.3,6.67,31,N/A,N/A,6.8,0,3,N/A,N/A,0,17,6.3,50,redacted,redacted,49200,0,0,45,4,18,19,13
Big Oak Flat-Groveland Unified (Tuolumne),Tuolumne,Unified School District,No,K-12,95321,"""Groveland                     """,268,3.7,4.1,1.1,2.6,1.5,22.4,0.4,0,0.4,67.5,53.4,2.99,33,87,81.3,10.2,1,22,182,180,6,10,1.3,32.3,10.22,24.82,33413,0,1,53,11,11,9,14
Big Pine Unified (Inyo),Inyo,Unified School District,No,K-12,93513,"""Big Pine                      """,151,6.6,29.1,0,0,0,35.1,0,12.6,0.7,22.5,53,0.66,58,redacted,redacted,10.9,1,16,182,180,1,11,1.8,44.1,29.89,24.14,40081,0,0,55,8,13,4,20
Big Springs Union Elementary (Siskiyou),Siskiyou,Elementary School District,No,K-08,96064,"""Montague                      """,151,11.9,2,28.5,0,0,12.6,0,11.9,0.7,44.4,60.3,5.3,54,N/A,N/A,25.6,1,6,184,180,1,13,1.1,35.5,8.89,24.72,18458,0,1,59,3,10,12,14
Big Sur Unified (Monterey),Monterey,Unified School District,No,K-12,93920,"""Big Sur                       """,113,0.9,0,0,3.5,0,32.7,0.9,13.3,0,49.6,33.6,1.77,47,redacted,redacted,11.6,0,8,153,148,2,10,0,2.4,redacted,redacted,100676,0,0,51,2,14,17,12
Big Valley Joint Unified (Lassen),Lassen,Unified School District,No,K-12,96009,"""Bieber                        """,114,9.6,6.1,0,0,0,22.8,0.9,0,0,70.2,50,3.51,30,redacted,redacted,11.3,3,7,185,180,4,6,16.9,24.4,18.18,29.63,25533,0,2,44,8,11,19,16
Biggs Unified (Butte),Butte,Unified School District,No,K-12,95917,"""Biggs                         """,534,10.7,0.7,1.7,1.5,0,41.4,0.2,0.2,0,54.3,65.7,11.24,37,94.4,92.6,15.6,2,26,184,180,11,10,5.3,17.6,20.85,37.72,17532,0,1,51,10,11,10,12
Bishop Unified (Inyo),Inyo,Unified School District,No,K-12,93514,"""Bishop                        """,1910,9.5,14.4,0.6,0.2,0.1,42.4,0.1,8.6,1.4,32.3,59.4,14.24,53,94.3,93.2,17.9,2,102,185,180,10,15,4.7,24.8,35.01,42.68,19754,0,0,61,8,8,12,11
Bitterwater-Tully Elementary (San Benito),San Benito,Elementary School District,No,K-08,93930,"""King City                     """,35,11.4,0,0,0,0,57.1,0,2.9,0,40,31.4,17.14,36,N/A,N/A,17.5,0,2,182,180,0,13,5.4,42.9,17.65,64.71,17493,0,0,56,6,10,5,13
Black Butte Union Elementary (Shasta),Shasta,Elementary School District,No,K-08,96088,"""Shingletown                   """,235,1.3,6.8,0.9,2.1,0.4,17.4,0.4,5.5,0,66.4,71.9,0.85,36,N/A,N/A,14.7,2,11,186,180,4,10,8,35.2,18.34,29.59,21898,0,0,56,14,9,11,9
Black Oak Mine Unified (El Dorado),El Dorado,Unified School District,No,K-12,95634,"""Georgetown                    """,1238,0.7,1.2,0.6,0.4,0.2,13.8,0.6,4.3,5.7,73.2,40.5,1.37,24,91.7,89.9,20.2,4,60,185,180,9,12,5.2,18,30.86,43.99,20974,0,2,41,28,6,6,12
Blake Elementary (Kern),Kern,Elementary School District,No,K-08,93287,"""Woody                         """,23,21.7,0,0,0,0,34.8,0,0,4.3,60.9,47.8,4.35,31,N/A,N/A,23,0,1,N/A,N/A,0,14,0,46.2,5.56,16.67,15906,0,0,49,22,8,4,17
Blochman Union Elementary (Santa Barbara),Santa Barbara,Elementary School District,No,K-12,93454,"""Santa Maria                   """,1580,3,0.6,1.5,0.8,0.5,33,0.1,8.6,0.9,54.1,38.9,5.82,42,90.7,89,26.6,3,74,184,180,3,14,0.3,6.7,31.88,51.45,17089,0,0,38,14,8,10,29
Blue Lake Union Elementary (Humboldt),Humboldt,Elementary School District,No,K-08,95525,"""Blue Lake                     """,153,N/A,5.2,1.3,0,0,15.7,0.7,17,0,60.1,62.1,0.65,42,N/A,N/A,12.7,0,13,185,180,0,11,1.2,8.8,28.43,33.33,21096,0,0,56,3,7,9,19
Bogus Elementary (Siskiyou),Siskiyou,Elementary School District,No,K-08,96064,"""Montague                      """,20,N/A,15,0,0,0,35,0,5,0,45,80,N/A,49,N/A,N/A,20,0,1,185,180,0,9,0,60.9,71.43,78.57,27600,0,0,48,7,20,12,8
Bolinas-Stinson Union (Marin),Marin,Elementary School District,No,K-08,94924,"""Bolinas                       """,109,12.8,0,0,0,0,25.7,0,7.3,0,67,38.5,6.42,33,N/A,N/A,15.4,1,7,186,180,2,14,0.9,26.6,50,63.24,54102,0,0,60,8,12,12,8
Bonita Unified (Los Angeles),Los Angeles,Unified School District,No,K-12,91773,"""San Dimas                     """,9944,5.1,0,9.7,2.2,2.8,56.3,0.1,5.9,3.1,19.9,33.6,12.09,44,97.1,95.6,21.5,7,462,184,180,16,15,2.1,11.6,63.34,73.5,17012,0,2,58,10,6,13,9
Bonny Doon Union Elementary (Santa Cruz),Santa Cruz,Elementary School District,No,K-06,95060,"""Santa Cruz                    """,92,3.3,0,1.1,3.3,0,14.1,0,10.9,0,70.7,22.8,2.17,32,N/A,N/A,10.2,0,10,185,180,0,13,0,28.6,52.17,56.52,32980,0,0,59,8,9,16,8
Bonsall Unified (San Diego),San Diego,Unified School District,No,K-12,92003,"""Bonsall                       """,2281,8.9,4.8,1.8,1.1,2.7,39.6,0.4,8.9,2.1,38.7,50.3,10.7,51,89.1,91.7,21.4,9,88,N/A,N/A,20,11,2.8,14.8,40.25,52.62,18214,0,1,58,12,8,10,11
Borrego Springs Unified (San Diego),San Diego,Unified School District,No,K-12,92004,"""Borrego Springs               """,3066,22.6,0.5,0.9,5.6,0.4,70.5,0.2,4.6,1.4,15.8,77.8,27.56,31,25.1,24.2,23.5,16,121,N/A,N/A,18,11,0.3,56.5,16.39,30.94,29167,0,0,44,8,8,7,31
Bradley Union Elementary (Monterey),Monterey,Elementary School District,No,K-08,93426,"""Bradley                       """,54,11.1,0,0,0,0,33.3,0,3.7,1.9,61.1,31.5,12.96,34,N/A,N/A,18,0,2,N/A,N/A,1,16,5.3,17.5,21.05,39.47,28217,0,0,45,10,16,13,16
Brawley Elementary (Imperial),Imperial,Elementary School District,No,K-08,92227,"""Brawley                       """,3883,35,0,0.1,0.7,0.4,95.1,0.1,0.2,0.3,3.2,84.6,13.01,5,N/A,N/A,19.5,11,173,187,180,28,15,5.2,27.6,24.7,38.97,20819,0,0,59,7,6,8,20
Brawley Union High (Imperial),Imperial,High School District,No,09-12,92227,"""Brawley                       """,2047,22.3,0.1,0.5,0.7,0.3,94,0,0.3,1,3,71.6,33.02,6,93.7,92.9,22.9,10,81,187,180,10,15,8.1,26.1,24.35,56.16,20316,0,3,55,14,5,6,14
Brea-Olinda Unified (Orange),Orange,Unified School District,No,K-12,92821,"""Brea                          """,5753,8.8,0.1,27.7,1.2,3.7,40,0.4,5.5,0.8,20.6,38.7,16.34,57,93.8,93.3,22.1,11,238,185,180,21,14,1.7,10.5,60.83,66.95,16704,0,1,60,14,6,9,9
Brentwood Union (Contra Costa),Contra Costa,Elementary School District,No,K-08,94513,"""Brentwood                     """,10049,8.7,0.4,13.4,8.3,6.4,33,0.5,7.6,3.4,27,40.8,10.32,65,N/A,N/A,21.9,17,421,184,180,40,16,3.5,14,45.18,56.61,15379,0,0,73,6,4,9,8
Bret Harte Union High (Calaveras),Calaveras,High School District,No,09-12,95221,"""Angels Camp                   """,605,3.8,1.3,0.3,0.3,0,25.1,0,7.4,0.8,64.6,42.5,7.44,35,95.5,93.8,17.1,1,37,185,180,1,16,8.5,20.3,20,64,29155,0,1,48,16,9,8,15
Bridgeville Elementary (Humboldt),Humboldt,Elementary School District,No,K-07,95526,"""Bridgeville                   """,39,N/A,0,0,0,0,23.1,0,12.8,0,64.1,59,2.56,36,N/A,N/A,12.2,0,4,N/A,N/A,0,10,0,21.4,12.5,16.67,34971,0,0,56,12,9,8,10
Briggs Elementary (Ventura),Ventura,Elementary School District,No,K-08,93036,"""Santa Paula                   """,457,27.1,0.7,0.4,0,0.2,94.5,0,0,0,4.2,64.3,25.16,6,N/A,N/A,17.3,2,25,186,180,3,10,2.5,13.1,26.79,33.86,20212,0,9,50,8,8,12,9
Brisbane Elementary (San Mateo),San Mateo,Elementary School District,No,K-08,94005,"""Brisbane                      """,484,12.6,0,23.8,1.4,10.3,30.8,0,12.8,0.8,20,21.9,17.15,67,N/A,N/A,15.9,1,30,185,180,3,17,1.4,10.9,62.5,60.73,28657,0,0,62,6,11,12,8
Brittan Elementary (Sutter),Sutter,Elementary School District,No,K-08,95982,"""Sutter                        """,539,2,0,0.9,0,0,25.2,0,7.6,0,66.2,34.7,1.67,34,N/A,N/A,20.7,3,19,183,180,8,8,4.1,18.3,29.45,30.06,12096,0,0,57,4,7,12,11
Buckeye Union Elementary (El Dorado),El Dorado,Elementary School District,No,K-12,95762,"""El Dorado Hills               """,10761,4.2,0.3,6.1,1.1,0.9,16.2,0.1,7.6,2.5,65.2,29.4,7.92,36,96.1,95.1,23.2,4,507,185,180,18,15,0.9,2.9,66.6,71.98,14962,0,0,61,8,8,8,11
Buellton Union Elementary (Santa Barbara),Santa Barbara,Elementary School District,No,K-08,93427,"""Buellton                      """,545,15.2,0.2,1.7,0.9,0,51.9,0,2.9,4.6,37.8,56.3,9.17,39,N/A,N/A,20.6,2,24,N/A,N/A,3,14,2.1,16.6,47.92,55.45,31242,0,0,50,18,4,14,6
Buena Park Elementary (Orange),Orange,Elementary School District,No,K-08,90620,"""Buena Park                    """,3685,27.7,0.2,18,3.1,4.3,65.5,0.5,2.7,1.1,4.6,80.3,16.64,37,N/A,N/A,20.7,7,164,185,180,15,19,1.5,16.4,36.34,42.67,22750,0,6,57,8,8,8,9
Buena Vista Elementary (Tulare),Tulare,Elementary School District,No,K-08,93274,"""Tulare                        """,180,11.1,0,0,0,0,72.8,0,1.7,0,25.6,52.2,7.78,27,N/A,N/A,16.4,1,9,184,180,2,16,1.1,17.6,34.21,48.25,18595,0,0,67,6,12,7,7
Burbank Unified (Los Angeles),Los Angeles,Unified School District,No,K-12,91506,"""Burbank                       """,14168,12.6,0.2,4.9,1.8,2.9,31,0.1,6,4,49.2,32.7,21.57,47,97.4,97.5,24.2,18,536,187,180,51,15,2.5,14.4,46.56,58.02,16445,0,1,62,9,7,10,10
Burlingame Elementary (San Mateo),San Mateo,Elementary School District,No,K-08,94010,"""Burlingame                    """,3380,14.1,0.1,28.9,0.4,2.7,18.8,0.3,9.9,7,32,21.8,18.02,60,N/A,N/A,22.3,6,148,N/A,N/A,10,14,0.7,8.3,70.9,73.32,15970,0,0,69,4,9,9,8
Burnt Ranch Elementary (Trinity),Trinity,Elementary School District,No,K-08,95527,"""Burnt Ranch                   """,85,N/A,14.1,1.2,2.4,0,12.9,0,16.5,1.2,51.8,75.3,1.18,50,N/A,N/A,17,0,5,185,180,0,17,1.1,0,64.15,73.58,25498,0,3,57,8,9,11,9
Burrel Union Elementary (Fresno),Fresno,Elementary School District,No,K-08,93656,"""Riverdale                     """,94,50,0,1.1,0,0,95.7,0,0,0,3.2,85.1,22.34,5,N/A,N/A,10.4,2,5,N/A,N/A,4,4,0,12.6,23.44,21.54,27415,0,0,51,12,10,9,14
Burton Elementary (Tulare),Tulare,Elementary School District,No,K-12,93257,"""Porterville                   """,4805,14.9,0.9,1.6,0.3,1.7,79.2,0.1,1.5,3.9,10.7,79.2,13.38,19,100,100,21.4,12,201,186,180,26,11,3.2,8.9,31.8,44.55,19675,0,1,54,9,5,15,15
Butte County Office of Education (Butte),Butte,County Office of Education (COE),No,K-12,95965,"""Oroville                      """,1290,1.4,1.5,0.9,1.5,0.2,19.8,0.2,9.4,0.8,66,61.5,2.64,35,73.3,68.6,13.6,5,90,183,183,10,15,2.7,17.8,10.95,18.38,N/A,0,51,12,8,9,14,4
Butte Valley Unified (Siskiyou),Siskiyou,Unified School District,No,K-12,96023,"""Dorris                        """,313,23.6,1.6,4.2,0,0.3,58.5,0,1.3,0,34.2,83.7,21.09,38,100,100,20.4,3,15,185,180,4,13,5.9,23.1,10.14,16.78,20134,0,1,60,5,11,10,12
Butteville Union Elementary (Siskiyou),Siskiyou,Elementary School District,No,K-08,96094,"""Weed                          """,162,0.6,0,0,0,1.2,19.1,0,4.9,0,74.7,43.2,1.85,27,N/A,N/A,17.5,1,9,N/A,N/A,1,17,1.1,18.9,45.1,54.9,15406,4,2,50,8,11,13,9
Buttonwillow Union Elementary (Kern),Kern,Elementary School District,No,K-08,93206,"""Buttonwillow                  """,288,52.8,0.3,0,1.4,0,93.8,0,0,0,4.5,90.6,13.89,7,N/A,N/A,11.3,2,20,183,180,6,8,1.7,21.1,18.23,25.56,30554,0,0,58,14,7,4,15
Byron Union Elementary (Contra Costa),Contra Costa,Elementary School District,No,K-12,94514,"""Byron                         """,2182,5.3,0.8,6.1,4,0.9,33.3,0.9,9.6,1.1,43.3,33.1,5.27,53,93.4,89.3,20.9,6,106,N/A,N/A,6,16,2.6,12.8,43.69,51.86,20020,0,0,58,11,8,11,12
Cabrillo Unified (San Mateo),San Mateo,Unified School District,No,K-12,94019,"""Half Moon Bay                 """,2562,15.2,0,1.5,0.2,0.7,50.9,0,5.4,0.3,40.9,26.9,23.15,41,92.2,88.8,20.8,18,97,185,180,27,14,2.4,15.7,33.22,41.37,22483,0,2,54,9,10,15,9
Cajon Valley Union (San Diego),San Diego,Elementary School District,No,K-12,92020,"""El Cajon                      """,18527,34.5,0.3,8.3,5.7,0.2,37.4,0.8,2.3,4.1,40.8,82.8,12.16,50,91.5,90.9,21.5,114,687,186,180,206,11,4.5,24.9,22.62,31.67,20752,0,0,61,11,6,13,9
Calaveras County Office of Education (Calaveras),Calaveras,County Office of Education (COE),No,K-12,95222,"""Angels Camp                   """,463,0.9,1.9,0.2,0.6,0.4,19.9,0,6.9,0,70,53.8,1.3,32,90.4,83.9,19.7,2,22,183,180,5,14,2.4,7.5,20.85,32.77,N/A,0,2,37,19,18,17,3
Calaveras Unified (Calaveras),Calaveras,Unified School District,No,K-12,95249,"""San Andreas                   """,2858,4,1.3,0.5,0.5,0.3,26.4,0.2,7.5,0.4,62.8,54.9,4.16,37,93.2,93.3,23.3,3,108,N/A,N/A,17,14,9.5,33.8,18.48,25.04,15672,0,1,58,10,8,9,11
Calexico Unified (Imperial),Imperial,Unified School District,No,K-12,92231,"""Calexico                      """,8022,56,0,0.2,0.1,0,99.2,0,0,0.1,0.4,88.1,31.49,1,92.4,92.5,22,12,340,185,180,27,17,1.7,36.3,18.91,29.98,23614,0,3,50,10,6,9,21
Caliente Union Elementary (Kern),Kern,Elementary School District,No,K-08,93518,"""Caliente                      """,44,2.3,6.8,0,0,0,31.8,0,0,2.3,59.1,84.1,0,37,N/A,N/A,11,3,1,N/A,N/A,3,4,0,27.3,25.93,40.74,33868,0,0,46,8,16,9,20
Calipatria Unified (Imperial),Imperial,Unified School District,No,K-12,92233,"""Calipatria                    """,1080,27.1,0.1,0.1,2.3,0.4,90.7,0,1,0,5.4,89,15,10,93.8,92.9,16.2,2,54,186,180,13,15,5,21.2,23.04,38.42,23626,0,1,56,13,6,6,17
Calistoga Joint Unified (Napa),Napa,Unified School District,No,K-12,94515,"""Calistoga                     """,768,26.4,0,0.4,0.5,0.5,87.5,0.1,0.5,2.1,8.3,85.9,51.56,12,95.4,96.7,13.8,0,56,186,180,1,15,3.2,16.9,30.41,43.46,35454,0,2,60,8,8,12,10
Cambrian (Santa Clara),Santa Clara,Elementary School District,No,K-08,95124,"""San Jose                      """,3120,13.1,0.1,22.3,2,2.3,29.4,0.4,12.5,0.6,30.4,16.6,15.96,62,N/A,N/A,20.5,19,125,N/A,N/A,29,15,1.9,7.9,63.64,68.38,18819,0,0,63,7,7,11,8
Camino Union Elementary (El Dorado),El Dorado,Elementary School District,No,K-08,95709,"""Camino                        """,406,13.3,2.2,0.2,0.5,0.7,24.4,0.5,1,0.5,70,56.7,4.68,30,N/A,N/A,17.1,1,23,183,183,3,12,6.1,10.5,37.87,51.91,18266,0,0,61,8,8,8,11
Campbell Union (Santa Clara),Santa Clara,Elementary School District,No,K-08,95008,"""Campbell                      """,6120,29,0.2,16.9,3.4,1.8,48.2,0.4,7.7,0.9,20.4,39.4,17.58,53,N/A,N/A,22,13,265,185,180,15,13,2.9,11.2,46.22,51.4,22041,0,0,62,7,6,14,9
Campbell Union High (Santa Clara),Santa Clara,High School District,No,09-12,95124,"""San Jose                      """,8514,8.6,0.3,21.4,2.4,1.9,37.6,0.2,7,1.3,27.9,40.2,41.05,58,94.4,91.7,21.5,2,427,183,180,14,13,2.1,13.3,47.92,65.93,21504,1,2,59,12,6,8,11
Camptonville Elementary (Yuba),Yuba,Elementary School District,No,K-12,95922,"""Camptonville                  """,602,1.2,2.2,1.8,2.7,0,6.6,0.3,11.6,1.7,73.1,54.2,3.16,28,16.7,17.4,19.3,5,32,182,180,5,11,1.2,5,55.17,58.62,23908,0,0,58,4,7,21,10
Canyon Elementary (Contra Costa),Contra Costa,Elementary School District,No,K-08,94516,"""Canyon                        """,68,1.5,0,0,0,0,19.1,0,14.7,0,66.2,20.6,0,35,N/A,N/A,30.9,0,2,186,180,1,3,0,17.4,51.22,53.66,20308,0,0,48,9,12,23,4
Capay Joint Union Elementary (Glenn),Glenn,Elementary School District,No,K-08,95963,"""Orland                        """,211,12.8,0,0,0,0,43.6,0,0,0.5,55.9,41.2,10.43,34,N/A,N/A,21.1,5,5,183,180,5,8,4.2,12.1,33.04,31.9,15505,0,0,61,7,4,10,7
Capistrano Unified (Orange),Orange,Unified School District,No,K-12,92675,"""San Juan Capistrano           """,46660,8.1,0.2,7.2,1.6,1.6,27.6,0.1,8.3,4.1,49.4,36,14.83,48,91.3,89.2,21.6,67,2153,185,180,167,15,1.6,14.7,62.67,71.99,17166,0,1,63,10,5,10,9
Cardiff Elementary (San Diego),San Diego,Elementary School District,No,K-06,92007,"""Cardiff-by-the-Sea            """,641,4.8,0.2,2,0.3,0.5,14,0.2,9.8,7.8,65.2,11.1,4.68,32,N/A,N/A,16.2,3,38,185,180,3,21,0,6.4,68.78,77.51,22223,0,0,65,4,9,9,9
Carlsbad Unified (San Diego),San Diego,Unified School District,No,K-12,92009,"""Carlsbad                      """,10708,4.5,0.2,5.3,1.3,0.9,26.1,0.2,10.3,0,55.9,30.1,9.82,45,97.6,96.2,22.7,14,455,185,180,34,15,1.8,14.5,61.59,70.82,17482,0,1,61,10,6,10,10
Carmel Unified (Monterey),Monterey,Unified School District,No,K-12,93923,"""Carmel                        """,2157,3,0.1,4.1,0.4,0.2,20.6,0.1,10,2.5,62,18.1,9.55,38,97.7,93.4,13.8,0,159,186,180,5,18,1.6,14.5,65.77,73.21,39895,0,1,56,10,8,13,11
Carpinteria Unified (Santa Barbara),Santa Barbara,Unified School District,No,K-12,93013,"""Carpinteria                   """,1924,15.9,0.2,0.9,0.5,0.1,72.1,0,2,0,24.3,66.4,31.24,28,92.8,91.7,17.7,7,95,184,180,14,13,7,19.7,38.39,47.54,22506,0,5,50,13,10,10,10
Caruthers Unified (Fresno),Fresno,Unified School District,No,K-12,93609,"""Caruthers                     """,1689,25.2,0.7,2.5,0.4,0.2,87.6,0.1,0.3,0,8.3,89,36.35,14,95.5,95.2,18.9,11,71,183,180,20,11,3.4,13.5,32.73,47.23,20502,0,2,48,9,8,11,17
Cascade Union Elementary (Shasta),Shasta,Elementary School District,No,K-08,96007,"""Anderson                      """,1416,10.1,3.7,3.8,1.1,0.3,33.2,0.9,8,1.4,47.6,65.4,6,49,N/A,N/A,18,17,55,184,180,25,9,11.6,20.7,24.48,34.03,23440,0,1,55,15,8,9,13
Castaic Union (Los Angeles),Los Angeles,Elementary School District,No,K-08,91355,"""Valencia                      """,1914,7.8,0,1.8,1.8,3.3,51.2,0.1,6.1,1.2,34.5,50.2,7,44,N/A,N/A,21.2,1,89,186,180,4,15,0.4,13.1,45.99,56.9,17018,0,0,63,6,10,10,10
Castle Rock Union Elementary (Shasta),Shasta,Elementary School District,No,K-08,96017,"""Castella                      """,42,N/A,9.5,0,0,0,21.4,0,2.4,0,66.7,73.8,N/A,35,N/A,N/A,10.5,0,1,N/A,N/A,3,4,0,39.5,14.29,28.57,41401,0,0,40,28,8,14,8
Castro Valley Unified (Alameda),Alameda,Unified School District,No,K-12,94546,"""Castro Valley                 """,9570,12,0.1,34,4,4.3,24.5,0.4,10.5,3.6,18.6,38.7,23.5,63,96,93.2,21.3,22,431,185,180,37,15,2,12.2,58.98,66.95,17052,0,1,57,11,6,13,11
Cayucos Elementary (San Luis Obispo),San Luis Obispo,Elementary School District,No,K-08,93430,"""Cayucos                       """,185,3.8,0,0,0.5,0,27.6,0,4.9,4.3,62.7,23.2,3.78,33,N/A,N/A,12.2,0,16,186,180,1,16,1.5,7.3,55.65,68.29,28627,0,1,55,14,15,5,8
Center Joint Unified (Sacramento),Sacramento,Unified School District,No,K-12,95843,"""Antelope                      """,4614,17.1,0.7,12.9,12.1,3.5,30.1,1,6.8,0,32.8,58.1,15.76,64,92.7,93,19.5,23,188,185,180,52,13,5.3,23.3,25.68,37.85,20154,0,1,60,12,6,8,11
Centinela Valley Union High (Los Angeles),Los Angeles,High School District,No,09-12,90260,"""Lawndale                      """,6324,14.3,0.2,2.2,15.5,0.8,75.7,1,2.4,0.2,1.9,69.1,34.96,26,58.5,69.9,21.9,6,290,184,182,13,16,1.1,41.2,15.76,48.19,21795,0,2,52,10,10,11,13
Central Elementary (San Bernardino),San Bernardino,Elementary School District,No,K-08,91730,"""Rancho Cucamonga              """,4320,12.6,0.1,8,11.9,1.5,57.5,0.3,5.2,1.6,13.9,70.4,9.42,45,N/A,N/A,21.4,26,150,185,180,53,10,2,19.1,33.24,50.25,16326,0,0,57,10,7,9,8
Central Unified (Fresno),Fresno,Unified School District,No,K-12,93722,"""Fresno                        """,15962,13.1,0.5,17.8,7.1,0.6,61.2,0.2,2.1,0,10.4,78.9,17.73,42,90.8,91.2,23.1,9,675,185,180,26,14,3.4,22.5,30.02,44.28,19767,0,2,52,13,5,11,14
Central Union Elementary (Kings),Kings,Elementary School District,No,K-08,93245,"""Lemoore                       """,1508,9.7,4.6,1.4,7.4,3.2,44.3,0.7,10.6,0,27.8,38.3,4.24,56,N/A,N/A,18.9,0,81,183,180,1,16,3.6,3.4,43.73,53.11,22547,0,0,63,6,6,13,10
Central Union High (Imperial),Imperial,High School District,No,09-12,92243,"""El Centro                     """,4070,24.3,0,0.6,0.7,0.1,95.9,0,0.1,0.1,2.5,73.4,43.96,5,95.4,94.9,20.1,10,182,187,180,21,14,2.5,17.2,18,48.85,20691,0,1,56,9,7,10,15
Centralia Elementary (Orange),Orange,Elementary School District,No,K-06,90620,"""Buena Park                    """,3995,23.6,0.3,18.7,1.9,7.8,53,0.5,4.5,2.1,11.1,66.5,12.22,49,N/A,N/A,22.7,19,144,188,180,32,15,0.4,11.6,55.71,57.96,18048,0,0,55,11,6,13,11
Ceres Unified (Stanislaus),Stanislaus,Unified School District,No,K-12,95307,"""Ceres                         """,14047,30.2,0.3,5.7,1.2,0.3,81,0.4,1,0.3,9.7,84.7,24.3,21,92.8,92.5,23.2,28,544,187,180,67,12,3.8,16.2,23.37,39.23,20592,0,0,57,10,5,16,11
Chaffey Joint Union High (San Bernardino),San Bernardino,High School District,No,09-12,91762,"""Ontario                       """,22116,8,0.5,7.5,7.9,2.4,64.8,0.4,2.7,1.1,12.8,66.1,28.4,38,91.9,91.3,24.2,14,890,182,180,41,17,4.3,30.7,34.42,68.05,18946,0,1,60,10,5,11,11
Charter Oak Unified (Los Angeles),Los Angeles,Unified School District,No,K-12,91724,"""Covina                        """,4314,7.9,0.5,4.5,2.5,2.9,75.1,0,2.9,0,11.6,72,10.36,28,95.5,95.6,20.4,10,196,184,180,21,17,2.7,20.6,38.45,51.06,20688,0,0,55,14,9,8,10
Chatom Union (Stanislaus),Stanislaus,Elementary School District,No,K-08,95380,"""Turlock                       """,558,37.6,0.4,0.5,0.2,0,67.6,0,2.2,0.4,28.9,74.2,10.93,31,N/A,N/A,22.3,1,25,N/A,N/A,1,16,2.2,3.9,34.77,41.74,17556,0,0,57,4,11,8,18
Chawanakee Unified (Madera),Madera,Unified School District,No,K-12,93645,"""O'Neals                       """,1409,1.2,6,2,0.7,0.5,27.8,0.1,10.1,0,52.9,52.4,1.77,47,96.8,95.4,19.6,7,57,185,180,18,12,3.1,18.1,27.95,45.55,18611,0,5,43,12,10,12,15
Chicago Park Elementary (Nevada),Nevada,Elementary School District,No,K-08,95945,"""Grass Valley                  """,163,N/A,1.2,0,0,0,21.5,0,6.1,0,71.2,43.6,N/A,30,N/A,N/A,15.7,2,10,N/A,N/A,4,11,2.3,15.9,47.31,63.04,17004,0,4,56,6,9,15,9
Chico Unified (Butte),Butte,Unified School District,No,K-12,95928,"""Chico                         """,14351,5.6,1,4.3,2.2,0.3,28.8,0.4,8,2.6,52.3,54.6,6.23,45,90,90.2,20.2,27,687,183,182,61,14,3.6,18,40.2,54.14,17653,0,1,61,12,6,9,10
Chino Valley Unified (San Bernardino),San Bernardino,Unified School District,No,K-12,91710,"""Chino                         """,26529,10.5,0.1,22.5,3.9,4.7,54.1,0.2,3.2,1.1,10.2,61.6,22.15,47,95.5,94.5,22.8,10,1119,183,180,86,13,2.4,15.4,49.79,62.12,17387,2,1,57,9,5,10,14
Chowchilla Elementary (Madera),Madera,Elementary School District,No,K-08,93610,"""Chowchilla                    """,2143,23.5,0.6,1.6,1.5,0.1,74.8,0,2,0,19.4,88.5,10.08,26,N/A,N/A,22,6,84,N/A,N/A,15,11,4.3,10.8,24.14,28.3,20223,0,0,50,10,5,10,20
Chowchilla Union High (Madera),Madera,High School District,No,09-12,93610,"""Chowchilla                    """,1093,14.8,1.1,2.2,1.7,0.4,69.6,0.2,1.4,0.2,23.2,81.8,31.02,31,93.4,92.7,21.2,2,47,183,180,6,15,5.8,21.9,12.5,49,19925,0,4,47,12,11,8,16
Chualar Union (Monterey),Monterey,Elementary School District,No,K-08,93925,"""Chualar                       """,234,70.9,0.4,0,0,0,98.7,0,0,0,0.9,83.8,15.38,1,N/A,N/A,16.1,1,14,185,180,1,10,1.9,15.5,29.22,46.1,25118,0,0,48,10,11,15,8
Chula Vista Elementary (San Diego),San Diego,Elementary School District,No,K-12,91910,"""Chula Vista                   """,28845,27.2,0.1,2.2,3.7,8.5,72.1,0.3,6,0.1,6.8,55,17.38,31,98.4,98.4,21.3,38,1249,185,180,103,15,1.2,12.1,45.94,56.38,18972,0,5,60,13,5,8,7
Cienega Union Elementary (San Benito),San Benito,Elementary School District,No,K-08,95023,"""Hollister                     """,21,9.5,0,0,0,0,33.3,0,4.8,0,61.9,52.4,4.76,35,N/A,N/A,11,0,2,185,180,0,9,0,9.5,23.53,47.06,20793,0,6,61,0,13,6,6
Cinnabar Elementary (Sonoma),Sonoma,Elementary School District,No,K-08,94952,"""Petaluma                      """,177,41.2,0.6,0,0.6,0,79.7,0.6,3.4,0,15.3,81.4,22.6,22,N/A,N/A,15.2,0,12,186,180,1,13,6.4,19.1,16.5,30.39,25070,0,0,63,13,6,13,5
Claremont Unified (Los Angeles),Los Angeles,Unified School District,No,K-12,91711,"""Claremont                     """,6133,5.3,0.3,11.3,4.2,2.1,47,0.1,6.1,2.5,26.4,36.2,14.43,52,97.4,96.5,21.4,14,257,182,180,30,16,1.8,13,54.23,63.76,17396,0,1,56,15,8,9,9
Clay Joint Elementary (Fresno),Fresno,Elementary School District,No,K-08,93631,"""Kingsburg                     """,246,0.8,0,1.6,0.4,0.8,32.1,0.4,0.4,0,64.2,15.4,4.88,33,N/A,N/A,27.3,1,7,185,180,2,11,0,0,75.57,75,13837,0,0,62,4,6,16,12
Clear Creek Elementary (Nevada),Nevada,Elementary School District,No,K-08,95949,"""Grass Valley                  """,173,N/A,1.2,0,0.6,0,13.9,0,19.1,0,65.3,45.1,0.58,36,N/A,N/A,16.7,3,8,186,180,3,11,0,13,55.1,59.18,13774,0,0,55,5,10,11,7
Cloverdale Unified (Sonoma),Sonoma,Unified School District,No,K-12,95425,"""Cloverdale                    """,1303,27.1,2.5,0.8,0.5,0,61.9,0,3.4,1.9,29,57.6,22.72,36,97.1,98.9,18.9,3,62,186,180,9,12,4,21.9,16.83,28.05,19606,0,1,60,7,9,9,9
Clovis Unified (Fresno),Fresno,Unified School District,No,K-12,93611,"""Clovis                        """,43669,4.7,0.7,15.8,3.5,2.2,42,0.3,4.8,1.1,29.7,47,9.82,55,95.1,93.5,21.8,226,1689,186,180,316,14,3.9,15,54.09,67.82,16077,0,2,57,12,5,12,12
Coachella Valley Unified (Riverside),Riverside,Unified School District,No,K-12,92274,"""Thermal                       """,16052,40,0.3,0.1,0.2,0,97.8,0,0.1,0.4,1,92.8,32.23,2,89.9,89.5,19.8,28,782,184,180,35,16,3.3,36.1,20.1,30.08,25961,0,0,60,11,5,10,13
Coalinga-Huron Unified (Fresno),Fresno,Unified School District,No,K-12,93210,"""Coalinga                      """,4418,35.2,0.1,1.3,1.2,0.3,87,0.1,0.8,1,8.3,80.1,18.99,14,91,90.5,19.5,16,206,186,180,21,11,4.9,28.4,15.36,23.43,23084,0,1,53,10,8,10,18
Coast Unified (San Luis Obispo),San Luis Obispo,Unified School District,No,K-12,93428,"""Cambria                       """,478,36.2,0.2,0.4,0,0.4,77.6,0,2.9,0,18.4,86.8,31.17,23,98.1,100,10.6,7,38,184,180,9,12,2.9,18.7,25.54,34.2,37367,0,1,48,10,9,7,12
Coffee Creek Elementary (Trinity),Trinity,Elementary School District,No,01-05,96091,"""Coffee Creek                  """,7,N/A,0,0,0,0,0,0,0,0,100,14.3,N/A,0,N/A,N/A,7,0,1,N/A,N/A,0,5,0,0,redacted,redacted,36643,0,2,73,1,9,2,10
Cold Spring Elementary (Santa Barbara),Santa Barbara,Elementary School District,No,K-06,93108,"""Santa Barbara                 """,188,N/A,1.1,1.1,0.5,0,5.3,0,10.1,2.7,79.3,5.9,0.53,21,N/A,N/A,13.6,2,12,186,180,2,14,0,7.1,95.28,96.23,28998,0,0,62,0,12,9,11
Colfax Elementary (Placer),Placer,Elementary School District,No,K-08,95713,"""Colfax                        """,345,0.9,0.9,0.3,0,0.6,12.5,0,7.2,0,78.6,40.6,1.74,23,N/A,N/A,19.5,0,19,N/A,N/A,0,12,10.1,21.8,28.95,30.26,18575,0,4,54,11,13,7,7
College Elementary (Santa Barbara),Santa Barbara,Elementary School District,No,K-08,93460,"""Santa Ynez                    """,364,7.7,1.6,0,0.3,0,34.1,0,4.9,20.3,38.7,31.9,11.54,42,N/A,N/A,14.3,5,21,N/A,N/A,5,10,0.8,10,40.18,61.06,36518,0,0,53,2,12,7,9
Colton Joint Unified (San Bernardino),San Bernardino,Unified School District,No,K-12,92324,"""Colton                        """,18414,17.4,0.1,1.2,5.2,0.5,87.9,0.2,0.8,0,4,84.9,20.58,14,92.1,92,20.4,67,809,185,185,101,15,4.1,22.1,19.84,32.56,23072,0,1,57,11,6,10,13
Columbia Elementary (Shasta),Shasta,Elementary School District,No,K-12,96003,"""Redding                       """,2173,1.5,2.4,2.9,0.7,0.4,14.5,0.2,9.5,2.4,67.1,41.7,2.62,34,93.8,92.7,18.5,3,122,186,180,7,15,0.9,7.5,33.55,43.86,20197,0,0,51,15,12,8,11
Columbia Union (Tuolumne),Tuolumne,Elementary School District,No,K-08,95310,"""Columbia                      """,466,2.6,2.6,0.2,1.1,0.6,20.4,0.4,2.4,2.6,69.7,65.2,0.21,30,N/A,N/A,17.2,0,25,183,180,2,17,5.3,22.6,30.4,41.61,16964,0,5,54,10,11,6,9
Columbine Elementary (Tulare),Tulare,Elementary School District,No,K-08,93215,"""Delano                        """,172,5.2,0,6.4,0,3.5,88.4,0,0.6,0,1.2,56.4,11.63,13,N/A,N/A,17.9,1,9,183,180,1,13,0,0,66.07,67.86,14645,0,0,65,5,11,6,11
Colusa County Office of Education (Colusa),Colusa,County Office of Education (COE),No,03-12,95932,"""Colusa                        """,62,21,9.7,0,1.6,0,67.7,1.6,1.6,3.2,14.5,79,25.81,33,80,88.2,17,0,4,185,180,0,21,0,62.5,0,20,N/A,0,0,46,16,11,19,5
Colusa Unified (Colusa),Colusa,Unified School District,No,K-12,95932,"""Colusa                        """,1470,21.6,2.5,1,0.9,0.1,73.9,0.2,2.4,0.7,18.3,74.4,24.9,27,91.2,90.2,18.2,10,63,186,180,18,12,3.4,16.1,26.68,34.46,17204,0,1,56,6,8,7,12
Compton Unified (Los Angeles),Los Angeles,Unified School District,No,K-12,90221,"""Compton                       """,19430,22.1,0.1,0.1,18.1,0.1,80,0.4,0.6,0.2,0.3,89.6,26.6,21,93.7,93.7,23.3,61,711,184,183,144,14,1.6,15.6,41.08,51,24278,0,1,59,7,8,10,14
Conejo Valley Unified (Ventura),Ventura,Unified School District,No,K-12,91362,"""Thousand Oaks                 """,15724,9.4,0.3,8.4,1.1,1.1,32.9,0.2,7.2,0,48.7,23.5,15.44,48,94.7,91.9,20.2,19,759,185,180,46,16,1.6,12.5,56.33,65.59,16979,0,1,63,8,6,11,10
Contra Costa County Office of Education (Contra Costa),Contra Costa,County Office of Education (COE),No,K-12,94523,"""Pleasant Hill                 """,6048,16.9,0.1,4.9,9.2,3.2,54.9,0.2,3,13.2,11.2,54.1,30.67,41,89.3,85.8,19.1,27,247,184,180,74,9,4.8,14.9,0,7.94,N/A,1,0,36,17,23,18,5
Corcoran Joint Unified (Kings),Kings,Unified School District,No,K-12,93212,"""Corcoran                      """,3176,17.1,0.2,0.3,2.4,0.2,92,0,0.5,0.1,4.4,91.3,22.61,9,92.7,92.9,20.4,3,145,184,180,15,11,6.4,20.1,20.77,34.43,19767,0,2,55,9,7,14,12
Corning Union Elementary (Tehama),Tehama,Elementary School District,No,K-08,96021,"""Corning                       """,1976,43,0.7,0.6,0.1,0.1,76.3,0.1,1.8,0,20.4,90.2,9.72,24,N/A,N/A,21.2,15,58,183,180,37,10,3.6,11.3,19.04,25.06,17727,0,7,52,7,7,8,15
Corning Union High (Tehama),Tehama,High School District,No,09-12,96021,"""Corning                       """,1070,24.4,0.7,1.8,0.7,0.3,68.3,0.2,1.3,2.1,24.6,82.1,33.74,30,94.1,94.5,17.8,7,51,182,180,9,12,7.6,19.4,13.91,38.01,19880,0,3,48,9,8,5,24
Corona-Norco Unified (Riverside),Riverside,Unified School District,No,K-12,92860,"""Norco                         """,49487,13.3,0.3,14.1,5.3,2.9,52.8,0.4,2.5,1.5,20.1,71.2,18.86,49,95.9,95.8,22.9,87,2020,185,180,160,18,3.2,13.8,43,57.96,18974,0,1,63,10,4,10,12
Coronado Unified (San Diego),San Diego,Unified School District,No,K-12,92118,"""Coronado                      """,2763,3,0.1,1.3,2.1,1,27.1,0.2,7,5.1,56.1,16.3,12.12,40,96.9,94.2,18.1,8,150,186,180,14,14,3.2,11,62.98,73.65,19676,0,1,63,8,6,12,10
Cotati-Rohnert Park Unified (Sonoma),Sonoma,Unified School District,No,K-12,94928,"""Rohnert Park                  """,6798,17.1,0.7,3.8,2.7,0.8,45.5,0.7,6.6,1.9,37.3,47,16,47,89.9,88.1,21,28,289,185,180,44,12,3.8,19.9,27.91,41.31,18291,0,1,61,13,6,11,9
Cottonwood Union Elementary (Shasta),Shasta,Elementary School District,No,K-08,96022,"""Cottonwood                    """,1211,2.2,4.6,0.7,0.4,0.2,16.2,0.4,3.3,1.1,73.1,42,0.83,28,N/A,N/A,21.2,2,54,184,180,7,11,3.5,16.1,35.76,48.09,16243,0,4,57,13,8,9,9
Covina-Valley Unified (Los Angeles),Los Angeles,Unified School District,No,K-12,91723,"""Covina                        """,11055,9.7,0.2,8,2.6,2.7,79.4,0.2,1.5,0.6,5,72.9,16.82,23,97.2,97.6,22.5,16,463,184,180,44,16,2.5,16.7,39.01,53.35,20494,0,0,63,8,6,10,11
Cucamonga Elementary (San Bernardino),San Bernardino,Elementary School District,No,K-08,91730,"""Rancho Cucamonga              """,2360,10.6,0.1,3.3,16.9,1.6,66.8,0.7,3.6,0,7.1,76.5,8.6,36,N/A,N/A,17,10,116,182,180,24,15,3.6,23.6,19.92,31.9,27541,0,0,62,9,7,12,9
Cuddeback Union Elementary (Humboldt),Humboldt,Elementary School District,No,K-08,95528,"""Carlotta                      """,157,0.6,3.2,0,0,0,15.3,0,10.8,0,70.7,59.2,0.64,31,N/A,N/A,15.7,0,8,183,180,2,14,0,3,42.71,51.04,17976,0,0,63,9,8,7,12
Culver City Unified (Los Angeles),Los Angeles,Unified School District,No,K-12,90232,"""Culver City                   """,6595,9.4,0.1,10.3,10.2,1.3,37.5,0.2,13.5,1.9,25,30.6,21.83,62,97,97,19.2,17,293,184,180,51,13,1.1,10.5,53.54,65.25,19208,0,0,60,10,6,15,9
Cupertino Union (Santa Clara),Santa Clara,Elementary School District,No,K-08,94087,"""Sunnyvale                     """,13533,19.2,0.4,68.8,0.6,1.2,7.2,0.1,4.6,5,12,18.5,42.6,30,N/A,N/A,21,23,601,186,180,55,16,0.7,5.5,84.47,82.73,19567,0,0,64,7,6,12,9
Curtis Creek Elementary (Tuolumne),Tuolumne,Elementary School District,No,K-08,95370,"""Sonora                        """,410,2.7,1.5,0.7,1.5,1,16.1,0.5,3.2,1.2,74.4,51.7,0.49,27,N/A,N/A,20.5,1,17,N/A,N/A,3,12,11.8,25.8,29.6,33.2,20390,0,0,54,10,11,7,15
Cutler-Orosi Joint Unified (Tulare),Tulare,Unified School District,No,K-12,93647,"""Orosi                         """,3815,37.7,0.1,0.3,0.1,2.5,96,0.1,0,0,0.8,94.4,28.18,5,94.4,94.7,19.3,3,182,185,180,25,12,3.3,11.2,29.05,44.6,20512,0,1,38,14,4,10,21
Cutten Elementary (Humboldt),Humboldt,Elementary School District,No,K-06,95503,"""Eureka                        """,548,3.6,3.3,4.6,0.2,0,17.2,0.5,15.3,0,58.9,48,2.55,44,N/A,N/A,17.9,4,27,185,180,5,13,2.5,9.1,45.71,45.36,15630,0,0,64,5,5,9,8
Cuyama Joint Unified (Santa Barbara),Santa Barbara,Unified School District,No,K-12,91901,"""Cuyama                        """,269,9.3,0.7,0.4,0.4,0,60.6,0,5.2,0.4,32.3,66.9,25.65,36,77.8,82.1,18.1,5,199,184,180,7,11,0,23.3,11.9,32.14,23960,0,1,39,12,12,6,12
Cypress Elementary (Orange),Orange,Elementary School District,No,K-06,90630,"""Cypress                       """,3272,12.5,0.3,35.4,2.6,5.2,30.4,0.5,8.5,0,17,46.4,14.06,61,N/A,N/A,20.9,9,145,186,180,15,16,0.1,7.8,64.28,68.64,17963,0,0,68,5,7,8,10
Davis Joint Unified (Yolo),Yolo,Unified School District,No,K-12,95616,"""Davis                         """,8246,8,0.5,16.6,3.3,0.9,24.2,0.3,8.7,2.1,43.5,32,17.64,56,91.9,86.5,19.6,8,429,184,180,25,14,3.8,15,62.49,68.85,17563,0,2,57,10,9,12,9
Death Valley Unified (Inyo),Inyo,Unified School District,No,K-11,92384,"""Shoshone                      """,21,23.8,0,0,0,0,47.6,0,0,14.3,38.1,23.8,9.52,34,N/A,N/A,7,0,4,183,180,0,21,0,35.5,25,35,72256,0,0,35,25,12,14,13
Dehesa Elementary (San Diego),San Diego,Elementary School District,No,K-12,92019,"""El Cajon                      """,13578,1.5,0.5,4.3,1.6,1.1,30.6,0.3,7.9,1.7,51.9,35.3,4.72,46,89.1,88,26.5,6,536,185,181,13,14,0.1,2.6,23.83,33.85,17921,0,4,49,9,17,13,9
Del Mar Union Elementary (San Diego),San Diego,Elementary School District,No,K-06,92130,"""San Diego                     """,3497,13.6,0.1,36.4,0.8,1.3,10.3,0.1,7.8,2.5,40.6,10.3,24.02,51,N/A,N/A,17.9,5,189,185,180,9,18,0.5,6.7,83.06,81.97,23271,0,1,63,6,8,10,10
Del Norte County Office of Education (Del Norte),Del Norte,County Office of Education (COE),No,K-12,95531,"""Crescent City                 """,342,4.1,9.1,1.8,0.6,0,23.1,0,12.3,0,53.2,74.6,1.17,48,82.4,82,17.5,0,20,186,180,0,17,0.6,12.3,8.24,27.01,N/A,0,0,31,24,21,20,2
Del Norte County Unified (Del Norte),Del Norte,Unified School District,No,K-12,95531,"""Crescent City                 """,3661,5.3,13.8,3.2,0.4,0.2,24.9,0,9.6,0,47.8,68.6,4.15,53,91.9,89.8,18.8,18,160,N/A,N/A,41,10,5.8,24.1,21.79,33.16,23171,0,0,60,10,6,9,14
Delano Joint Union High (Kern),Kern,High School District,No,09-12,93215,"""Delano                        """,4004,21.3,0,0.6,0.4,7.3,90.1,0,0.3,0,1.2,89.4,48.45,11,97.2,97.3,21.7,6,168,183,180,17,14,1.7,19,29.26,62.54,21324,0,1,45,15,5,13,21
Delano Union Elementary (Kern),Kern,Elementary School District,No,K-08,93215,"""Delano                        """,6185,28.8,0.2,1,0.5,8.2,87.5,0.1,0.5,0.7,1.2,86.1,19.89,13,N/A,N/A,19.9,10,294,184,180,23,13,0.9,5.3,35.19,49.67,26322,0,2,54,11,6,9,14
Delhi Unified (Merced),Merced,Unified School District,No,K-12,95315,"""Delhi                         """,2276,34.1,0.4,2.8,0.1,0,92.4,0.1,0.5,0,3.7,90.3,36.29,9,100,100,17,8,110,185,180,24,13,4.2,13.6,28.74,35.55,25884,0,1,55,9,8,14,11
Delphic Elementary (Siskiyou),Siskiyou,Elementary School District,No,K-08,96064,"""Montague                      """,61,1.6,3.3,0,0,0,13.1,0,8.2,0,75.4,65.6,0,27,N/A,N/A,20.3,1,2,183,180,1,11,0,0,30.95,40.48,20148,0,0,65,4,8,15,6
Denair Unified (Stanislaus),Stanislaus,Unified School District,No,K-12,95316,"""Denair                        """,1301,18.1,0.6,0.2,0.5,0.5,57,0.2,3.1,1.9,36,69.3,12.61,37,95,93.8,17.6,2,64,183,180,15,13,2.8,21.7,17.16,32.99,17734,0,1,59,7,8,10,13
Desert Center Unified (Riverside),Riverside,Unified School District,No,K-08,92239,"""Desert Center                 """,29,13.8,0,0,0,3.4,44.8,0,6.9,0,44.8,69,0,43,N/A,N/A,9.7,0,3,185,180,0,11,8.8,40,42.86,42.86,117049,0,0,33,18,15,18,16
Desert Sands Unified (Riverside),Riverside,Unified School District,No,K-12,92253,"""La Quinta                     """,25615,18,0.3,2.2,1.3,0.7,76.4,0.1,2.1,2.2,14.6,77.4,17.85,24,93.6,93.2,22.4,162,961,184,180,204,14,3.4,28.5,27.34,41.07,22375,0,4,57,10,5,13,11
Di Giorgio Elementary (Kern),Kern,Elementary School District,No,K-08,93203,"""Arvin                         """,231,33.3,0,0,0.4,0,96.5,0,0,0,3,99.6,18.61,4,N/A,N/A,23.1,1,7,185,180,3,13,0,5,13.46,20.92,21327,0,0,54,8,6,8,22
Dinuba Unified (Tulare),Tulare,Unified School District,No,K-12,93618,"""Dinuba                        """,6244,27.6,0.7,0.9,0.3,0.5,92.8,0.1,0,0.1,4.5,79.2,22.85,8,96.5,96.3,22.1,9,269,185,181,18,15,2.2,19.2,31.46,50.41,19027,0,2,54,12,5,13,9
Dixon Unified (Solano),Solano,Unified School District,No,K-12,95620,"""Dixon                         """,3460,19,0.4,1.4,2.2,2.2,59.1,0.4,5.3,2.5,26.5,60.7,17.02,39,90.6,90,21.3,23,131,184,180,37,10,4.5,19.5,24.03,32.15,17557,0,1,58,8,13,9,10
Dos Palos Oro Loma Joint Unified (Merced),Merced,Unified School District,No,K-12,93620,"""Dos Palos                     """,2254,24.9,0.9,0.2,2.1,0.1,84.9,0,0.6,0.7,10.5,88.2,21.3,16,96.7,96.6,20.5,5,99,N/A,N/A,13,13,4.4,25.5,14.49,22.41,19634,0,1,53,12,8,7,15
Douglas City Elementary (Trinity),Trinity,Elementary School District,No,K-08,96024,"""Douglas City                  """,162,9.3,6.2,9.9,1.9,0,7.4,0,7.4,0,67.3,50.6,1.23,37,N/A,N/A,16,0,11,N/A,N/A,0,18,0,6,66.36,70,18851,0,7,54,5,4,15,11
Downey Unified (Los Angeles),Los Angeles,Unified School District,No,K-12,90241,"""Downey                        """,22462,12.9,0.1,1.7,2.7,0.7,88.6,0.2,0.8,0,5.2,78.4,17.97,13,96.6,96.7,22,15,969,185,180,52,17,3.1,20.4,41.5,55.27,19955,0,0,66,8,6,10,8
Dry Creek Joint Elementary (Placer),Placer,Elementary School District,No,K-08,95747,"""Roseville                     """,6801,17.2,0.3,13,3.8,2.2,23.6,0.8,11.8,0.6,43.8,47.5,10.37,57,N/A,N/A,20.9,15,300,185,180,26,18,2.7,14,45.32,54.25,14132,0,0,64,8,6,9,10
Duarte Unified (Los Angeles),Los Angeles,Unified School District,No,K-12,91010,"""Duarte                        """,7547,14.1,0.2,4.9,7.6,2.2,66.2,0.3,4.3,3.2,11.3,70.9,24.33,35,42.8,36.6,22.9,35,366,185,180,78,11,0.8,37.4,33.97,48.79,19147,0,1,60,11,10,8,9
Dublin Unified (Alameda),Alameda,Unified School District,No,K-12,94568,"""Dublin                        """,12808,5.7,0,63.5,2.9,4.3,9.6,0.2,7.1,0.1,12.3,15,32.54,40,96.9,93.7,23.6,15,550,185,180,30,14,1.4,9,74.93,78.47,16009,0,1,63,9,7,10,9
Ducor Union Elementary (Tulare),Tulare,Elementary School District,No,K-08,93218,"""Ducor                         """,136,50.7,0.7,0.7,0,0,93.4,0,0,0,5.1,77.2,10.29,7,N/A,N/A,15.1,0,8,N/A,N/A,1,4,0,16.4,17.28,23.46,24561,0,0,49,6,10,15,17
Dunham Elementary (Sonoma),Sonoma,Elementary School District,No,K-06,94952,"""Petaluma                      """,175,5.1,1.1,0,0,0,18.9,0,7.4,0,72.6,26.3,0.57,29,N/A,N/A,19.4,0,9,N/A,N/A,0,11,0,12.4,62.5,67.05,15305,0,0,64,6,9,12,6
Dunsmuir Elementary (Siskiyou),Siskiyou,Elementary School District,No,K-08,96025,"""Dunsmuir                      """,65,1.5,0,3.1,0,0,15.4,0,6.2,50.8,24.6,83.1,1.54,47,N/A,N/A,11.4,1,3,182,180,3,8,0,41.9,7.69,23.08,35236,0,0,45,3,11,11,27
Dunsmuir Joint Union High (Siskiyou),Siskiyou,High School District,No,09-12,96025,"""Dunsmuir                      """,61,1.6,6.6,6.6,3.3,0,23,0,11.5,1.6,47.5,72.1,1.64,54,69.6,65,6.7,0,10,185,180,0,15,6.2,52.4,13.33,20,51240,0,2,26,7,7,13,45
Durham Unified (Butte),Butte,Unified School District,No,K-12,95938,"""Durham                        """,1048,6,0.6,0.6,0.3,0,22.3,0,5.4,2.2,68.6,38.8,7.54,31,97.2,94.4,17.9,3,56,184,180,7,14,3.2,13.9,36.72,50.18,14273,0,1,53,11,8,9,10
Earlimart Elementary (Tulare),Tulare,Elementary School District,No,K-08,93219,"""Earlimart                     """,1383,59.2,0.1,0.1,0.2,1.9,96,0.1,0.1,0.9,0.7,80.5,11.86,4,N/A,N/A,16.9,5,73,185,180,8,12,7,16.9,11.27,26.35,25572,0,0,53,9,7,13,17
East Nicolaus Joint Union High (Sutter),Sutter,High School District,No,09-12,95659,"""Nicolaus                      """,308,2.9,0.3,1.3,1,0,31.5,1,4.5,3.9,56.5,26,12.99,39,94.5,90,17.8,2,13,183,180,7,8,6,16.6,7.14,50,18979,0,3,36,8,13,16,19
East Side Union High (Santa Clara),Santa Clara,High School District,No,K-12,95133,"""San Jose                      """,23350,22.9,0.2,31.7,1.5,5.4,54,0.5,2.4,0.1,4.1,51.8,44.15,44,78,73.8,21.5,55,1025,182,180,120,14,2.3,24.6,35.69,59.93,20779,0,1,54,17,5,12,8
East Whittier City Elementary (Los Angeles),Los Angeles,Elementary School District,No,K-08,90605,"""Whittier                      """,7524,8.3,0.3,1.9,0.9,1.1,84.4,0.1,1.7,1,8.6,64.7,8.39,16,N/A,N/A,20.3,27,338,186,180,45,17,2.9,11.4,50.82,59.89,19801,0,0,67,7,8,8,11
Eastern Sierra Unified (Mono),Mono,Unified School District,No,K-12,93517,"""Bridgeport                    """,348,12.1,6.9,0.3,0.9,0,38.8,0,1.1,1.1,50.9,45.1,12.07,42,91.3,92.9,11.7,4,23,183,180,10,10,2.2,24,28.49,52.84,40254,0,1,49,10,13,12,15
Eastside Union Elementary (Los Angeles),Los Angeles,Elementary School District,No,K-08,93535,"""Lancaster                     """,3032,19.2,0.4,0.5,22.5,0.6,68.2,0.3,3.4,0.4,3.8,86.7,8.64,33,N/A,N/A,20.6,14,98,189,189,51,11,11,39,14.93,22.53,23028,0,0,56,13,10,8,11
Edison Elementary (Kern),Kern,Elementary School District,No,K-08,93307,"""Bakersfield                   """,1106,25.5,0.5,0,2.6,0.2,88.4,0,1.7,0.4,6.1,87.3,10.22,13,N/A,N/A,18.7,13,43,185,180,18,9,1.4,12.5,18.92,28.21,21505,0,0,56,12,7,10,12
El Centro Elementary (Imperial),Imperial,Elementary School District,No,K-08,92243,"""El Centro                     """,5387,42.7,0,0.3,0.7,0.1,96,0,0.3,0.8,1.9,80.5,17.86,4,N/A,N/A,21,10,235,187,180,23,15,1.9,16.9,29.39,42.28,21578,0,0,58,8,6,8,19
El Dorado County Office of Education (El Dorado),El Dorado,County Office of Education (COE),No,K-12,95667,"""Placerville                   """,2405,3.1,0.7,3.1,1.2,0.8,14.8,0.1,6.7,2.9,69.7,24,5.11,31,71.3,63.4,16,19,125,183,180,42,9,1.9,11,36.3,50.17,N/A,0,0,36,11,16,32,3
El Dorado Union High (El Dorado),El Dorado,High School District,No,09-12,95667,"""Placerville                   """,6439,2.5,1,5.9,1,1.7,19.7,0.2,5.5,0.4,64.7,22.3,10.22,37,96.4,93.7,23,5,285,183,180,11,17,4.8,14.1,46.83,69.03,16109,0,2,53,14,6,10,10
El Monte City (Los Angeles),Los Angeles,Elementary School District,No,K-08,91731,"""El Monte                      """,6927,33.3,0.1,17.8,0.5,0.7,79.5,0.1,0.3,0,0.9,83.6,25.29,22,N/A,N/A,19.2,3,341,N/A,N/A,20,19,1.2,8.2,36.59,47.86,27341,0,0,63,11,5,11,10
El Monte Union High (Los Angeles),Los Angeles,High School District,No,09-12,91731,"""El Monte                      """,7295,19.8,0,20,0.3,0.6,77.8,0,0.3,0.1,0.8,90.4,51.79,23,88,87.7,20.3,6,353,185,180,12,18,3.2,19.7,30.13,58.32,25007,0,3,50,16,6,10,15
El Nido Elementary (Merced),Merced,Elementary School District,No,K-08,95317,"""El Nido                       """,156,49.4,0,1.3,0,0,88.5,0,0,0,10.3,94.9,21.79,13,N/A,N/A,17.3,2,7,184,180,2,9,0,4.9,35.92,44.66,24058,0,0,53,12,10,12,12
El Rancho Unified (Los Angeles),Los Angeles,Unified School District,No,K-12,90660,"""Pico Rivera                   """,6878,15.1,0.1,0.6,0.3,0.4,97.2,0,0.3,0,1.1,80.3,22.54,3,94.7,94.7,23,6,297,N/A,N/A,8,21,4.4,20.9,29.35,39.99,22837,1,1,51,9,7,11,19
El Segundo Unified (Los Angeles),Los Angeles,Unified School District,No,K-12,90245,"""El Segundo                    """,3472,1.6,0.1,8,3.5,1.6,25.2,0.3,17,0.1,44.3,11.8,10.43,56,97.5,98.6,21.9,13,136,184,180,24,12,1,8.7,70.21,76.98,16640,1,0,59,7,9,7,11
El Tejon Unified (Kern),Kern,Unified School District,No,K-12,93243,"""Lebec                         """,700,11.4,1.4,1.6,0.9,1.3,47.5,0.3,3.6,1.4,42.1,80.7,10.86,42,92.4,93.5,18,3,35,183,180,5,17,3.9,13.9,25.07,40.39,20658,0,5,48,14,9,6,14
Elk Grove Unified (Sacramento),Sacramento,Unified School District,No,K-12,95624,"""Elk Grove                     """,64358,16.6,0.3,30.5,9.9,5.6,27.7,1.9,9.4,0,14.6,58.5,19.19,68,89.6,87.5,20.3,229,2887,184,180,350,16,3.7,19.8,43.41,54.36,18202,0,0,63,11,5,10,10
Elk Hills Elementary (Kern),Kern,Elementary School District,No,K-08,93276,"""Tupman                        """,159,6.9,0,0,3.1,0,20.8,0,3.1,0,73,73,1.26,28,N/A,N/A,17.7,5,3,185,180,6,2,0,12.3,28.7,34.86,20735,0,0,54,10,9,11,14
Elverta Joint Elementary (Sacramento),Sacramento,Elementary School District,No,K-08,95626,"""Elverta                       """,218,17,0.5,5,0.5,0.5,49.5,0,3.7,0,40.4,66.1,14.68,43,N/A,N/A,17.9,1,9,185,182,3,9,0,18.7,17.65,30.15,18009,0,0,57,14,13,5,9
Emery Unified (Alameda),Alameda,Unified School District,No,K-12,94608,"""Emeryville                    """,590,14.2,0,8.5,39.5,1.2,25.6,0.8,10.8,2.7,10.8,68.3,15.59,60,95.7,95,14.7,3,37,185,180,4,12,5.2,26.2,23.26,38.72,32934,0,0,60,7,12,10,10
Empire Union Elementary (Stanislaus),Stanislaus,Elementary School District,No,K-08,95357,"""Modesto                       """,2803,25.5,0.1,4.5,3.7,0.8,69.8,1.3,3.7,0.1,16,84,10.24,33,N/A,N/A,21.7,5,120,186,180,13,12,4.1,23.6,24.1,37.57,19288,0,0,70,7,5,9,8
Encinitas Union Elementary (San Diego),San Diego,Elementary School District,No,K-06,92024,"""Encinitas                     """,4298,8.5,0.1,2.8,0.4,0.4,21.2,0,9.3,2.4,63.3,19.2,6,36,N/A,N/A,17.4,8,242,185,180,15,13,0.3,8.5,67.06,71.78,19974,0,0,65,7,6,9,11
Enterprise Elementary (Shasta),Shasta,Elementary School District,No,K-12,96002,"""Redding                       """,3670,4.9,2.5,8.1,2,0.4,21,0.2,8.6,4.4,52.7,70.2,4.11,47,86.8,92.9,21.1,12,163,185,180,15,13,4.4,13.1,38.46,48.49,17697,0,1,60,11,6,10,11
Escalon Unified (San Joaquin),San Joaquin,Unified School District,No,K-12,95320,"""Escalon                       """,3044,10.4,0.3,1,0.8,0.6,50.2,0.2,2,0.9,44.1,49.5,16.89,39,97.3,96.5,19.3,15,134,184,182,26,12,4.7,12.1,30.39,39.4,16119,0,0,65,7,5,10,10
Escondido Union (San Diego),San Diego,Elementary School District,No,K-08,92029,"""Escondido                     """,16848,28.7,0.2,2.7,1,2,70.7,0.1,5.3,0.3,17.9,70.8,11.91,31,N/A,N/A,19.3,12,850,187,180,38,15,2.2,19.8,29.69,36.63,19826,0,5,59,9,6,10,10
Escondido Union High (San Diego),San Diego,High School District,No,06-12,92027,"""Escondido                     """,8751,16.9,0.5,3.2,1.7,1.9,65.8,0.2,2.3,0.7,23.7,66.9,34.14,35,89,87,19.9,7,424,184,180,31,14,3.6,18.4,20.68,55.35,23884,0,2,49,11,7,18,13
Esparto Unified (Yolo),Yolo,Unified School District,No,K-12,95627,"""Esparto                       """,994,34.8,1,0.5,1.9,0.8,76.3,0,2.6,0,16.9,77.6,22.54,25,95.9,95.5,19.4,4,45,182,180,9,11,5.3,19.5,15.88,31.43,21458,0,0,48,12,10,13,13
Etiwanda Elementary (San Bernardino),San Bernardino,Elementary School District,No,K-08,91739,"""Etiwanda                      """,13676,8.7,0.2,19.4,7.8,3.6,43.3,0.2,5.9,3.2,16.3,28.7,13.67,58,N/A,N/A,22.2,193,440,185,180,194,14,1.2,9.9,60.6,69.29,16981,0,0,64,10,5,9,8
Eureka City Schools (Humboldt),Humboldt,Unified School District,No,K-12,95501,"""Eureka                        """,3614,15.5,3.9,9.6,1.8,0.4,28,1.7,12.9,0.1,41.6,62.3,7.3,58,94.9,94.6,18.3,18,158,186,180,47,11,7.1,25.6,23.65,37.16,20558,0,1,46,15,6,12,12
Eureka Union (Placer),Placer,Elementary School District,No,K-08,95746,"""Granite Bay                   """,3459,8.4,0.1,12.3,1.1,2.1,14,0.1,12.4,0.1,57.7,16,9.08,46,N/A,N/A,22.3,2,150,184,180,6,19,3.6,5.5,70.4,74.59,14015,0,0,60,11,8,7,13
Evergreen Elementary (Santa Clara),Santa Clara,Elementary School District,No,K-08,95148,"""San Jose                      """,8474,19.8,0.3,54.7,1.2,6.7,27.7,0.4,5,0.3,3.8,32.6,26.92,45,N/A,N/A,21.2,19,394,185,180,25,17,1.8,9.5,60.15,65.44,18184,0,0,66,6,6,10,8
Evergreen Union (Tehama),Tehama,Elementary School District,No,K-12,96022,"""Cottonwood                    """,1232,4.6,1.8,0.9,0.2,0.2,18.1,0.1,5.4,0,73.4,57,1.62,28,100,redacted,18.9,6,53,183,180,15,9,2.7,11.3,42.7,54.39,16564,0,3,57,10,6,10,12
Exeter Unified (Tulare),Tulare,Unified School District,No,K-12,93221,"""Exeter                        """,2597,15.1,0.5,0.5,0.4,0.3,70,0,0.4,0,27.8,75.1,11.98,29,98.2,98.1,20.8,13,107,187,180,22,12,4.5,15.1,34.58,49.06,19589,0,6,53,14,8,7,12
Fairfax Elementary (Kern),Kern,Elementary School District,No,K-08,93307,"""Bakersfield                   """,2667,32.6,0.1,1.2,1.6,0.1,91.9,0,0.9,0.8,3.3,97.8,12,8,N/A,N/A,22,12,102,186,180,20,11,3.9,7.7,21.56,32.01,19235,0,1,62,11,8,6,9
Fairfield-Suisun Unified (Solano),Solano,Unified School District,No,K-12,94534,"""Fairfield                     """,20359,15.3,0.3,6.5,12.5,9.2,47.8,0.9,10.1,0.2,12.5,65.3,17.88,57,90.2,88.4,21.9,164,674,184,180,265,10,4.1,25,28.69,41.44,15888,0,1,54,12,7,11,12
Fall River Joint Unified (Shasta),Shasta,Unified School District,No,K-12,96013,"""Burney                        """,1156,6.5,10.6,0.2,0.2,0.2,26.7,0.3,4.3,0.8,56.7,55.9,7.01,43,86,81.3,16.4,6,61,183,180,13,13,9.9,31.9,30.58,39.78,21551,0,1,55,12,8,11,13
Fallbrook Union Elementary (San Diego),San Diego,Elementary School District,No,K-08,92028,"""Fallbrook                     """,5042,24.3,0.1,0.6,2.5,0.9,65.5,0.3,5.4,0,24.7,73.8,11.05,35,N/A,N/A,22.2,3,224,183,180,7,14,1.2,16.6,45.22,56.88,21160,0,1,65,8,7,9,10
Fallbrook Union High (San Diego),San Diego,High School District,No,09-12,92028,"""Fallbrook                     """,1999,21.4,0.2,1,0.7,0.3,69.7,0.2,2.1,4.1,21.9,72.2,32.12,28,88.2,87.1,19.8,3,93,185,181,9,13,4.4,27,24.73,58.7,22723,0,2,52,10,8,8,18
Farmersville Unified (Tulare),Tulare,Unified School District,No,K-12,93223,"""Farmersville                  """,2346,32,0.4,0.6,0,0,95.8,0.1,0.2,0,2.9,91.3,24.21,5,98.6,98.6,20,0,100,N/A,N/A,20,12,6.9,17.7,15.02,28.65,20985,0,2,49,12,6,13,16
Ferndale Unified (Humboldt),Humboldt,Unified School District,No,K-12,95536,"""Ferndale                      """,483,3.9,3.5,0,0.2,0.4,19.9,0,3.7,0,72.3,46,8.07,29,100,100,15.1,3,28,184,180,5,11,3,11.9,54.58,51.2,20130,0,2,62,8,8,10,9
Fieldbrook Elementary (Humboldt),Humboldt,Elementary School District,No,K-08,95519,"""McKinleyville                 """,90,N/A,5.6,0,0,2.2,8.9,0,7.8,0,75.6,38.9,N/A,27,N/A,N/A,12.6,1,6,N/A,N/A,2,9,0,17.2,34.43,45.9,17922,0,0,48,8,6,15,20
Fillmore Unified (Ventura),Ventura,Unified School District,No,K-12,93015,"""Fillmore                      """,3686,20.6,0.2,0.3,0.4,0.7,92.3,0,0.8,0,5.3,73.1,28.76,9,97.5,97.9,19.9,13,172,187,180,19,14,2.9,20.1,18.24,34.39,21959,0,1,50,12,9,10,17
Firebaugh-Las Deltas Unified (Fresno),Fresno,Unified School District,No,K-12,93622,"""Firebaugh                     """,2232,29.6,0,0.2,0.4,0,96.7,0.1,0,0,2.6,86,35.62,4,95.8,95.5,20,8,97,184,180,16,12,2.1,12.3,19.01,32.78,22442,0,1,53,11,7,11,14
Flournoy Union Elementary (Tehama),Tehama,Elementary School District,No,K-08,96029,"""Flournoy                      """,32,N/A,0,0,0,0,31.3,0,3.1,0,65.6,62.5,6.25,32,N/A,N/A,17.8,0,2,185,180,0,21,5.4,25.7,42.11,68.42,26581,0,0,45,10,14,10,19
Folsom-Cordova Unified (Sacramento),Sacramento,Unified School District,No,K-12,95742,"""Rancho Cordova                """,21944,14.7,0.3,22.2,4.2,2.6,23.5,0.7,11.6,0,35,36.1,16.72,63,92.5,86.2,20.3,10,1006,185,180,97,14,3,12.1,49.01,60.03,16736,0,3,58,11,5,12,10
Fontana Unified (San Bernardino),San Bernardino,Unified School District,No,K-12,92335,"""Fontana                       """,33039,23.8,0.1,2.2,5.2,1.2,85.8,0.2,1.2,0,4,82.5,20.56,16,94.6,94.9,19.9,42,1575,186,180,87,16,2.3,24.1,25.89,39.94,22037,0,0,63,8,5,11,13
Foresthill Union Elementary (Placer),Placer,Elementary School District,No,K-08,95631,"""Foresthill                    """,470,0.6,0.6,0,0.6,0.4,14.3,0.4,5.7,0,77.9,40.9,0.85,24,N/A,N/A,18.8,0,23,186,180,2,11,4.8,19.5,30.2,45.85,17676,0,0,54,12,12,6,11
Forestville Union Elementary (Sonoma),Sonoma,Elementary School District,No,K-08,95436,"""Forestville                   """,224,14.3,0,0.4,1.3,0,29,0,4.5,6.7,58,39.7,6.7,36,N/A,N/A,14,5,10,183,180,6,10,7.3,29.1,24.81,42.97,32328,0,0,61,7,12,7,9
Fort Bragg Unified (Mendocino),Mendocino,Unified School District,No,K-12,95437,"""Fort Bragg                    """,1750,18.7,0.9,0.6,0.4,0.1,45.4,0.2,5.7,6.2,40.6,77.9,17.2,41,87.1,85.3,16.9,14,82,185,180,29,8,5.9,27.9,16.44,29.94,23503,0,7,49,10,6,15,13
Fort Ross Elementary (Sonoma),Sonoma,Elementary School District,No,01-08,95421,"""Cazadero                      """,20,15,0,0,5,0,20,0,25,0,50,60,5,49,N/A,N/A,7.1,1,2,185,180,1,11,4.8,65,15.38,38.46,72876,0,0,53,5,15,21,6
Fort Sage Unified (Lassen),Lassen,Unified School District,No,K-12,96113,"""Herlong                       """,519,1.5,1.7,0,2.3,0,19.1,0.2,8.3,0.4,68,64.4,0.77,34,90.9,88.9,18.2,3,27,183,180,6,11,4,15.8,4.63,12.73,35207,0,4,47,12,12,11,14
Fortuna Elementary (Humboldt),Humboldt,Elementary School District,No,K-08,95540,"""Fortuna                       """,1238,12,3.5,1.2,0.5,0.2,37.4,0,8.4,0.2,48.7,73.7,8.32,45,N/A,N/A,15.7,3,76,184,180,4,14,6.9,13.1,22.27,31.86,20213,0,0,54,10,7,9,13
Fortuna Union High (Humboldt),Humboldt,High School District,No,09-12,95540,"""Fortuna                       """,1046,6.3,3.7,0.7,0.1,0.3,32.2,0.1,6.4,0.2,56.3,63.1,15.3,41,92.5,91.8,20.6,3,48,182,180,8,14,7.8,28.3,19.33,46.69,17120,0,4,44,14,10,10,9
Fountain Valley Elementary (Orange),Orange,Elementary School District,No,K-08,92708,"""Fountain Valley               """,6022,9.6,0.1,36.1,0.4,1.4,19.1,0.5,8.4,2.9,31.1,27.1,14.78,57,N/A,N/A,21.3,6,282,185,180,14,15,1.4,7.5,74.04,78.71,15901,0,0,65,6,5,11,11
Fowler Unified (Fresno),Fresno,Unified School District,No,K-12,93625,"""Fowler                        """,2563,14.4,0.4,8,0.6,0,83.2,0,0.9,0,6.8,79.5,20.83,19,97.1,96.9,21.2,10,105,185,180,18,12,1.9,16.5,30.92,44.74,21260,0,2,58,12,7,7,13
Franklin Elementary (Sutter),Sutter,Elementary School District,No,K-08,95993,"""Yuba City                     """,505,7.7,0.4,11.7,0.4,0,23.8,0.2,8.1,0,55.4,25.7,6.53,46,N/A,N/A,25.3,1,18,184,180,2,18,0.8,5.9,57.23,58.26,12525,0,0,52,11,6,10,11
Franklin-McKinley Elementary (Santa Clara),Santa Clara,Elementary School District,No,K-08,95112,"""San Jose                      """,7724,43.9,0.1,30.7,1.3,3,61.6,0.2,1.4,0,1.5,77.1,23.5,37,N/A,N/A,21.7,16,327,184,180,38,14,1.3,18.6,28.49,35.88,23871,0,0,65,7,7,11,9
Fremont Unified (Alameda),Alameda,Unified School District,No,K-12,94538,"""Fremont                       """,33134,16.4,0.4,64.7,1.8,4,16.2,0.5,3.9,1.3,7.2,30.1,32.43,38,93.1,88.8,22.9,112,1378,187,180,177,12,2.5,10.6,68.59,73.49,16597,0,2,63,9,5,11,9
Fremont Union High (Santa Clara),Santa Clara,High School District,No,09-12,94087,"""Sunnyvale                     """,9457,9.8,0.5,56.5,0.6,2.6,18,0.3,6.2,2.1,13.1,13.1,49.93,45,95.7,89.5,22.4,7,433,185,180,13,17,1.3,11.1,73.52,79.38,26602,0,0,59,11,5,15,9
French Gulch-Whiskeytown Elementary (Shasta),Shasta,Elementary School District,No,01-07,96033,"""French Gulch                  """,18,N/A,0,0,0,0,11.1,0,0,5.6,83.3,66.7,N/A,13,N/A,N/A,11.1,0,3,183,180,0,16,0,35,23.08,15.38,36576,0,0,39,20,13,13,15
Freshwater Elementary (Humboldt),Humboldt,Elementary School District,No,K-08,95503,"""Eureka                        """,334,0.9,2.7,0.3,0,0,13.8,0.6,11.4,0,71.3,48.5,1.8,31,N/A,N/A,17.5,3,16,183,180,4,14,0.3,11.3,46.63,63.21,16023,0,0,62,7,10,5,7
Fresno County Office of Education (Fresno),Fresno,County Office of Education (COE),No,K-12,93721,"""Fresno                        """,4278,13.3,0.9,5.3,8.8,0.2,55.4,0.2,4.8,0.6,23.9,81.8,13.72,46,23.9,22.2,15.3,13,265,N/A,N/A,29,12,2.7,48.2,0.88,10.53,N/A,2,0,34,20,11,22,9
Fresno Unified (Fresno),Fresno,Unified School District,No,K-12,93721,"""Fresno                        """,71151,18.8,0.7,10.6,7.5,0.3,69.6,0.4,3.2,0,7.7,85.8,16.62,34,90,89.7,18.2,223,3559,185,180,425,14,5.9,30.9,27.15,37.11,24938,0,7,52,10,5,12,14
Fruitvale Elementary (Kern),Kern,Elementary School District,No,K-08,93308,"""Bakersfield                   """,3069,6.9,0.6,3.1,4.3,2.1,51.3,0.5,2.8,0.7,34.7,71,5.87,45,N/A,N/A,18.9,11,143,183,180,23,12,0.2,8.3,40.39,54.13,16304,0,0,57,9,6,8,18
Fullerton Elementary (Orange),Orange,Elementary School District,No,K-08,92833,"""Fullerton                     """,11262,17.5,0.3,24,1.3,2.5,51.3,0.2,5.3,0,15.1,53.2,15.64,50,N/A,N/A,22.7,1,493,185,180,24,17,1.3,9.1,51.76,60.23,17654,0,0,61,7,5,15,11
Fullerton Joint Union High (Orange),Orange,High School District,No,09-12,92833,"""Fullerton                     """,12631,8.9,0.1,20.3,1.4,2.9,59.7,0.3,3.4,0.8,11,60.8,37.54,42,95,94.3,23.2,15,511,186,180,55,16,3,15.7,43.8,64.3,18258,0,2,54,11,7,11,13
Galt Joint Union Elementary (Sacramento),Sacramento,Elementary School District,No,K-08,95632,"""Galt                          """,3452,15.8,0.3,3.5,1,1.4,61.6,0.5,3.5,0.1,27.9,55.9,15.06,38,N/A,N/A,20,9,162,186,180,16,16,2.9,15.1,39.68,52.6,17817,0,0,66,7,7,9,11
Galt Joint Union High (Sacramento),Sacramento,High School District,No,09-12,95632,"""Galt                          """,1943,7.1,0,2.1,1,0.7,61,0.4,4.4,0.8,29.6,50.5,33.09,37,92.9,92,22.4,3,91,183,180,7,17,2.9,18.8,29.28,64.29,18038,0,4,50,11,8,10,12
Garden Grove Unified (Orange),Orange,Unified School District,No,K-12,92840,"""Garden Grove                  """,37009,28.2,0.1,35.5,0.5,1.3,53.2,0.4,2.3,0.7,6,78.5,32.1,42,92.3,92.3,21.8,58,1662,185,180,108,18,2.7,13.5,50.7,60.21,22744,0,3,59,11,4,10,10
Garfield Elementary (Humboldt),Humboldt,Elementary School District,No,K-06,95503,"""Eureka                        """,73,N/A,1.4,1.4,0,0,9.6,0,5.5,0,82.2,27.4,N/A,20,N/A,N/A,15.2,1,4,N/A,N/A,2,7,0,13.6,78.72,78.72,18142,0,0,60,1,8,18,6
Garvey Elementary (Los Angeles),Los Angeles,Elementary School District,No,K-08,91770,"""Rosemead                      """,4240,38.7,0,58.5,0.4,1.3,36.1,0.1,1.6,1.3,0.7,76.6,28.42,36,N/A,N/A,21,9,189,186,180,14,17,1.5,11.2,51.85,55.86,21566,0,0,58,11,8,12,10
Gateway Unified (Shasta),Shasta,Unified School District,No,K-12,96003,"""Redding                       """,2322,2.1,5.2,3.3,1.2,0.3,17,0.3,8,0.9,63.8,79.9,3.14,39,87.5,86.6,18.1,20,109,184,180,21,13,8.4,26.5,27.14,38.88,22062,0,1,61,11,6,9,11
Gazelle Union Elementary (Siskiyou),Siskiyou,Elementary School District,No,K-08,96034,"""Gazelle                       """,34,N/A,0,5.9,2.9,0,11.8,0,14.7,0,64.7,70.6,N/A,38,N/A,N/A,20,1,1,N/A,N/A,1,12,14.3,28.6,17.39,13.04,23816,0,2,48,13,14,10,9
General Shafter Elementary (Kern),Kern,Elementary School District,No,K-08,93313,"""Bakersfield                   """,169,26,0,0,0.6,0,72.2,0,0.6,0,26.6,88.8,18.34,27,N/A,N/A,16.9,2,7,N/A,N/A,3,9,3.3,10.7,45.97,43.9,24780,0,0,58,4,4,11,16
Gerber Union Elementary (Tehama),Tehama,Elementary School District,No,K-08,96035,"""Gerber                        """,400,34.8,1,0.3,1.5,0,78.5,0,0.5,0.5,17.8,81.5,20.75,22,N/A,N/A,21.1,1,17,184,180,2,13,1.6,18.9,5.71,13.52,21380,0,0,64,9,5,4,14
Geyserville Unified (Sonoma),Sonoma,Unified School District,No,K-12,95441,"""Geyserville                   """,194,25.8,0.5,1,0,0,67,0,4.6,0,26.8,56.7,22.16,33,88.9,85.7,12.3,2,15,185,180,3,13,9.9,23.6,21.3,40.74,27466,0,1,61,8,8,11,12
Gilroy Unified (Santa Clara),Santa Clara,Unified School District,No,K-12,95020,"""Gilroy                        """,10768,26.5,0.4,4.9,1.2,3,70.8,0.1,3.5,4.5,11.5,50.8,17.8,29,91.4,89.7,23.2,34,405,186,180,58,14,4.3,21,32.42,40.23,18856,0,0,57,10,5,12,12
Glendale Unified (Los Angeles),Los Angeles,Unified School District,No,K-12,91206,"""Glendale                      """,25329,22.3,0.1,9.9,0.9,3.8,18.5,0.1,3.8,0,62.9,49.7,27.59,40,95,94.3,22.7,33,1024,186,180,95,17,3,12.8,52.27,60.12,17464,0,1,65,7,4,13,9
Glendora Unified (Los Angeles),Los Angeles,Unified School District,No,K-12,91741,"""Glendora                      """,6376,6,0.2,12.9,1.4,2.2,50,0.1,5.9,0.1,27.1,23.1,12.08,50,97.5,97.2,21.9,7,278,184,180,21,18,2,9.7,54.37,61.93,16797,1,0,67,6,6,9,10
Glenn County Office of Education (Glenn),Glenn,County Office of Education (COE),No,K-12,95988,"""Willows                       """,519,14.3,1.9,1.2,0.2,0,53.4,0,4.2,3.9,35.3,56.3,10.98,39,31.8,31.6,16.1,2,26,182,180,7,10,4.2,44,8.7,27.94,N/A,0,0,40,18,17,19,0
Gold Oak Union Elementary (El Dorado),El Dorado,Elementary School District,No,K-08,95667,"""Placerville                   """,388,2.1,0.5,0.3,0.3,0,22.7,0,3.9,1,71.4,38.7,2.06,28,N/A,N/A,16.4,7,11,184,180,14,4,8.4,24.5,20.08,30.86,18991,0,0,56,15,8,8,9
Gold Trail Union Elementary (El Dorado),El Dorado,Elementary School District,No,K-08,95667,"""Placerville                   """,476,4.2,0.6,0.6,0,0,18.9,0,4,0,75.8,37,0.63,25,N/A,N/A,19.9,1,23,N/A,N/A,2,13,6.5,13.4,38.68,50,16881,0,1,62,8,8,10,11
Golden Feather Union Elementary (Butte),Butte,Elementary School District,No,K-08,95965,"""Oroville                      """,67,6,0,0,1.5,0,17.9,0,10.4,0,70.1,82.1,0,32,N/A,N/A,11.6,1,3,N/A,N/A,3,3,9.5,33.3,34.15,36.59,34799,0,0,38,7,13,17,10
Golden Plains Unified (Fresno),Fresno,Unified School District,No,K-12,93660,"""San Joaquin                   """,1352,48.5,0.3,0.4,1.3,0,97.2,0,0.1,0,0.7,95.7,23,3,96,96,17,18,53,N/A,N/A,29,9,3.7,27.1,16.29,26.39,28416,0,1,46,13,10,11,17
Golden Valley Unified (Madera),Madera,Unified School District,No,K-12,93636,"""Madera                        """,2997,6.8,0.9,6.3,2.3,0.7,49.8,0,1.8,0.6,37.5,37.3,9.08,44,92.9,91.5,21,15,112,183,180,35,9,3.7,10.7,41.11,57.98,14436,0,1,54,11,8,11,13
Goleta Union Elementary (Santa Barbara),Santa Barbara,Elementary School District,No,K-06,93117,"""Goleta                        """,3395,14.7,0.2,5.7,0.6,0.8,45.5,0,7.9,2.1,37.1,36.5,12.02,47,N/A,N/A,19.9,15,158,185,180,17,16,0.2,10.2,54.07,62.73,23287,0,0,67,8,7,10,8
Gonzales Unified (Monterey),Monterey,Unified School District,No,K-12,93926,"""Gonzales                      """,1962,42.4,0.6,0.2,0,0.4,97.7,0,0.3,0.1,0.9,81.5,27.88,3,94.3,94.2,19.7,7,89,N/A,N/A,13,12,4.8,26.1,19.74,32.72,24783,0,0,55,11,11,10,8
Gorman Joint (Los Angeles),Los Angeles,Elementary School District,No,K-12,93243,"""Gorman                        """,1303,3.2,0.4,1.9,9,0.5,41.8,0.3,6.6,1,38.5,43.4,4.6,50,80,77.8,16.6,20,69,N/A,N/A,27,9,0.2,7,41.33,54.67,17180,0,0,47,23,8,13,9
Grant Elementary (Shasta),Shasta,Elementary School District,No,K-08,96001,"""Redding                       """,600,0.3,2.3,3.3,0.5,0.2,7,0,7.8,0,78.8,37.8,2.5,24,N/A,N/A,19.4,1,29,185,180,2,14,1,9.1,59.23,67.22,15584,0,1,67,4,8,7,13
Grass Valley Elementary (Nevada),Nevada,Elementary School District,No,K-08,95945,"""Grass Valley                  """,1613,4,1.5,1.5,1,0.4,21,0.3,4.2,0.1,70.1,57.9,4.9,31,N/A,N/A,19.7,8,76,186,180,9,14,4.3,22.6,35.08,42.73,19784,0,0,49,11,7,11,10
Gratton Elementary (Stanislaus),Stanislaus,Elementary School District,No,K-08,95316,"""Denair                        """,135,4.4,0,2.2,0,1.5,17.8,0,0,0,78.5,15.6,1.48,23,N/A,N/A,12.4,1,11,185,180,1,12,0,0,59.77,59.77,17025,0,0,61,6,8,17,8
Gravenstein Union Elementary (Sonoma),Sonoma,Elementary School District,No,K-08,95472,"""Sebastopol                    """,800,5.6,0,4,0.3,0,25.1,0.4,9.3,2.3,58.8,26.5,8.5,40,N/A,N/A,17.8,7,38,183,180,8,14,4.4,15.2,63.47,69.92,19361,0,0,71,7,8,7,7
Graves Elementary (Monterey),Monterey,Elementary School District,No,K-08,93908,"""Salinas                       """,32,21.9,3.1,0,0,0,87.5,0,3.1,0,6.3,59.4,9.38,14,N/A,N/A,16,0,2,183,180,0,20,0,9.1,25,45.83,20226,0,0,69,0,6,20,5
Green Point Elementary (Humboldt),Humboldt,Elementary School District,No,06-07,95525,"""Blue Lake                     """,3,N/A,0,0,0,0,0,0,0,0,100,33.3,N/A,0,N/A,N/A,2.7,0,1,N/A,N/A,1,5,0,0,redacted,redacted,142669,0,0,32,4,42,6,4
Greenfield Union (Kern),Kern,Elementary School District,No,K-08,93307,"""Bakersfield                   """,8860,22.6,0.1,1.8,5.5,0.3,86.5,0.1,1.1,0,4.6,94.2,18.09,15,N/A,N/A,20.4,22,390,184,180,48,14,1.5,19.1,28.21,42.8,19744,0,0,52,12,5,8,19
Greenfield Union Elementary (Monterey),Monterey,Elementary School District,No,K-08,93927,"""Greenfield                    """,3322,57,0.3,0.1,0.1,0.2,98.4,0.1,0.1,0,0.9,82.3,17.61,2,N/A,N/A,20.6,24,124,186,180,41,9,2.4,10.6,18.58,24.81,20855,0,0,52,11,6,8,14
Grenada Elementary (Siskiyou),Siskiyou,Elementary School District,No,K-08,96038,"""Grenada                       """,210,N/A,4.3,1,0,0,17.1,0,9.5,0,68.1,48.1,1.43,34,N/A,N/A,19.1,0,11,183,180,0,12,5.5,12,22.56,41.35,16451,0,1,57,8,7,14,10
Gridley Unified (Butte),Butte,Unified School District,No,K-12,95948,"""Gridley                       """,2002,13.9,0.4,3.4,0.7,0,58.9,0.1,2.5,0,33.8,75.4,19.33,38,94.3,93.8,20.7,11,84,183,180,16,13,4.2,20.8,33.23,50.1,17685,0,1,57,10,6,9,12
Grossmont Union High (San Diego),San Diego,High School District,No,K-12,92020,"""El Cajon                      """,21694,12.7,0.5,3.5,5.8,1.5,44.4,0.4,6.5,0.5,37,62.2,28.01,50,86.7,84.7,22.2,39,920,185,180,107,15,3.3,21.4,26.95,51.03,21618,0,1,58,10,7,11,11
Guadalupe Union Elementary (Santa Barbara),Santa Barbara,Elementary School District,No,K-08,93434,"""Guadalupe                     """,1323,50,0.3,0,0.2,0.5,96.2,0.1,0.5,0,2.3,89.1,15.27,4,N/A,N/A,18.6,11,55,N/A,N/A,16,11,1.6,15.2,13.04,24.76,22535,0,5,51,11,5,11,16
Guerneville Elementary (Sonoma),Sonoma,Elementary School District,No,K-12,95446,"""Guerneville                   """,398,6.3,2.5,1.3,5,2.5,32.2,0,11.8,0.5,44.2,67.6,8.29,53,85,78.6,7.8,0,52,185,180,2,13,2,26.2,18.92,36.04,38410,0,1,61,10,11,6,7
Gustine Unified (Merced),Merced,Unified School District,No,K-12,95322,"""Gustine                       """,1627,34.4,0.2,0.6,0.2,0.6,87.6,0.1,1.1,1.5,8.1,80.8,25.2,12,94.5,94.3,19.1,7,65,185,180,21,11,4.5,28.2,15.01,26.15,21251,0,1,46,10,8,10,23
Hacienda la Puente Unified (Los Angeles),Los Angeles,Unified School District,No,K-12,91745,"""City Of Industry              """,15480,17.3,0.1,21.4,0.6,1.7,71.3,0.1,0.9,1.8,2.1,72.4,24.84,28,92.8,93,21.2,9,718,185,180,19,19,2.4,19,40.12,50.39,20968,0,1,54,7,5,11,22
Hamilton Unified (Glenn),Glenn,Unified School District,No,K-12,95951,"""Hamilton City                 """,708,28.1,0.6,1.4,0,0,83.1,0,0.4,7.3,7.2,81.5,28.25,12,95.4,96.5,16.7,2,35,184,180,8,14,3.3,11.2,18.83,26.54,15737,0,0,50,5,7,11,14
Hanford Elementary (Kings),Kings,Elementary School District,No,K-08,93230,"""Hanford                       """,5463,17,0.4,0.9,3.8,1,79,0.2,3.4,0.3,11,78.5,11.28,23,N/A,N/A,20.5,15,243,187,180,24,14,3.1,11.9,40.4,51.29,18776,0,4,52,12,5,13,10
Hanford Joint Union High (Kings),Kings,High School District,No,09-12,93230,"""Hanford                       """,4238,10.9,0.4,1.3,3.6,1.1,71.9,0.2,3.7,0,17.8,75.1,23.57,30,96.7,96.2,22.7,17,154,185,180,37,14,4.8,20.1,18.17,54.52,17643,0,1,48,12,5,10,19
Happy Camp Union Elementary (Siskiyou),Siskiyou,Elementary School District,No,K-08,96039,"""Happy Camp                    """,79,N/A,38,0,0,0,7.6,0,20.3,0,34.2,36.7,N/A,54,N/A,N/A,15.8,3,2,N/A,N/A,3,9,12.2,53.6,2,4.08,27041,0,1,50,1,15,15,15
Happy Valley Elementary (Santa Cruz),Santa Cruz,Elementary School District,No,K-06,95065,"""Santa Cruz                    """,107,3.7,0,0.9,0,0,7.5,0,13.1,0.9,77.6,7.5,2.8,24,N/A,N/A,15,0,9,185,180,1,14,0.9,18.7,83.08,80,21031,0,0,62,3,11,16,7
Happy Valley Union Elementary (Shasta),Shasta,Elementary School District,No,K-08,96007,"""Anderson                      """,471,7.2,5.2,9.2,1.3,0.4,19.7,0.2,4.8,9.6,49.6,74.1,5.1,48,N/A,N/A,18.8,1,17,N/A,N/A,8,9,3.8,11.9,31.61,40.19,17460,0,0,54,15,7,10,11
Harmony Union Elementary (Sonoma),Sonoma,Elementary School District,No,K-12,95465,"""Occidental                    """,582,3.1,0.7,2.6,1.5,1,26.5,0.3,9.8,0.3,57.2,37.5,9.62,43,72.9,71.4,18.3,2,35,186,180,3,18,2.5,21.1,38.52,62.9,35139,0,0,71,9,7,7,6
Hart-Ransom Union Elementary (Stanislaus),Stanislaus,Elementary School District,No,K-12,95358,"""Modesto                       """,1225,4.6,0.3,2.9,1,1.8,48.7,0.3,5.1,3.5,36.4,44.9,9.39,44,97,100,25,0,55,185,180,0,13,2.8,8.5,39.69,56.16,14884,0,0,62,9,4,7,17
Hawthorne (Los Angeles),Los Angeles,Elementary School District,No,K-12,90250,"""Hawthorne                     """,6908,25.1,0.5,2.5,18.6,0.8,71.7,1.1,1.1,1.1,2.7,89.5,17.1,29,93.9,97.3,19.6,18,328,181,180,26,18,1.7,22.2,33.62,41.94,23941,0,0,59,10,6,11,11
Hayward Unified (Alameda),Alameda,Unified School District,No,K-12,94544,"""Hayward                       """,19954,30,0.2,8.7,6.6,6.3,65.6,3,4.1,1.5,4,74.1,28.2,38,82.4,81.8,20.8,70,905,186,180,132,14,5,25.3,20.47,33.23,23754,0,0,60,12,6,13,8
Healdsburg Unified (Sonoma),Sonoma,Unified School District,No,K-12,95448,"""Healdsburg                    """,1236,15.1,1,1.2,0.4,0.1,62.9,0.1,1.9,0,32.4,64.2,33.25,34,96.6,96,15.5,9,63,188,181,19,14,3.3,23.7,40.55,55.54,29852,0,1,56,10,8,14,11
Heber Elementary (Imperial),Imperial,Elementary School District,No,K-08,92249,"""Heber                         """,1155,49.8,0.1,0,0.1,0,98.3,0,0,0.4,1.1,70.1,16.97,1,N/A,N/A,20,0,55,0,0,3,13,1.8,13.4,38.77,47.81,21697,0,2,62,5,10,8,12
Helendale Elementary (San Bernardino),San Bernardino,Elementary School District,No,K-12,92342,"""Helendale                     """,8145,5,0.4,3.4,4.3,1.4,49.2,0.5,6,0.5,34.4,52.6,7.32,47,66.4,57.5,20.8,21,427,186,186,33,12,0.4,11,27.92,37.17,18003,0,0,46,6,11,8,25
Hemet Unified (Riverside),Riverside,Unified School District,No,K-12,92545,"""Hemet                         """,22891,13.2,0.6,0.9,7.7,1,69.2,0.3,4.2,0,16.1,85.9,15.02,33,92.2,92,21.7,58,922,186,180,147,12,3.4,32.9,18.21,34.41,20822,0,1,54,12,8,12,14
Hermosa Beach City Elementary (Los Angeles),Los Angeles,Elementary School District,No,K-08,90254,"""Hermosa Beach                 """,1415,2.2,0.1,5.2,1.2,0.7,14.1,0.1,13.1,8.3,57.2,8.4,5.16,40,N/A,N/A,22.3,7,52,182,180,16,14,0.8,7.4,74.4,79.18,15503,0,0,64,7,10,8,11
Hesperia Unified (San Bernardino),San Bernardino,Unified School District,No,K-12,92345,"""Hesperia                      """,25167,16.8,0.2,0.8,6.5,0.3,77.1,0.3,2,0.1,12.8,72.7,11.44,25,93.6,93.2,22.7,119,946,184,180,195,11,4.2,34.1,18.47,29.74,17833,0,0,61,9,6,8,13
Hickman Community Charter (Stanislaus),Stanislaus,Elementary School District,No,K-08,95323,"""Hickman                       """,1096,6.1,0.2,1.7,1.7,0.2,32.2,0.2,5.3,1.2,57.3,42.3,4.2,39,N/A,N/A,23.1,3,47,185,180,4,18,0.4,2.5,37.34,51.84,12859,0,0,66,6,7,9,11
Hillsborough City Elementary (San Mateo),San Mateo,Elementary School District,No,K-08,94010,"""Hillsborough                  """,1241,1.7,0.1,35.9,0.4,1.7,7.3,0.2,13.9,0,40.6,3.4,20.63,53,N/A,N/A,13.4,0,92,186,181,2,18,0.7,3.3,85.8,84.66,32531,0,0,69,5,7,10,8
Hilmar Unified (Merced),Merced,Unified School District,No,K-12,95324,"""Hilmar                        """,2284,20.5,0.7,0.5,0.2,0,47.8,0.1,0.8,0.1,49.6,61.5,11.34,37,99.4,99.2,18.7,6,116,N/A,N/A,10,16,6.5,11.8,23.35,37.75,17895,0,3,56,12,8,8,11
Hollister (San Benito),San Benito,Elementary School District,No,K-08,95023,"""Hollister                     """,6447,25.5,0.3,2,1,0.8,81.9,0.5,1,2.2,10.1,62.4,13.01,18,N/A,N/A,23.5,19,255,185,180,28,13,4.1,18.8,25.16,38,17117,0,0,58,11,5,11,11
Holtville Unified (Imperial),Imperial,Unified School District,No,K-12,92250,"""Holtville                     """,1574,36,0.2,0.1,0.3,0,88.2,0,0.6,0,10.6,76.3,21.66,13,96.9,96.6,16.5,8,79,185,180,20,11,3.3,15,33.33,52.83,20443,0,2,53,11,8,10,15
Hope Elementary (Santa Barbara),Santa Barbara,Elementary School District,No,K-06,93110,"""Santa Barbara                 """,859,9.4,0.3,3,0.3,0.5,39.7,0.1,5.1,0.5,50.4,32,9.08,42,N/A,N/A,19.1,5,41,186,180,5,17,0.7,8.9,54.3,50.33,19986,0,0,65,6,8,11,10
Hope Elementary (Tulare),Tulare,Elementary School District,No,K-08,93257,"""Porterville                   """,237,16.5,0.8,0.4,0,0.8,66.2,0,2.1,1.7,27.8,55.3,11.39,32,N/A,N/A,23.7,0,10,187,180,0,8,1.2,8.3,62.29,69.34,17260,0,0,61,7,10,8,11
Horicon Elementary (Sonoma),Sonoma,Elementary School District,No,K-08,95412,"""Annapolis                     """,69,27.5,2.9,0,2.9,0,56.5,0,8.7,0,29,72.5,7.25,43,N/A,N/A,11.5,0,4,186,180,2,6,1.3,33.8,13.33,24.44,39117,0,0,53,8,7,16,16
Hornbrook Elementary (Siskiyou),Siskiyou,Elementary School District,No,K-08,96044,"""Hornbrook                     """,33,N/A,18.2,6.1,3,0,9.1,0,6.1,0,57.6,100,3.03,46,N/A,N/A,16.5,0,2,N/A,N/A,0,5,7.9,17.1,13.04,26.09,38192,0,0,46,8,6,8,17
Hot Springs Elementary (Tulare),Tulare,Elementary School District,No,K-06,93207,"""California Hot Springs        """,10,N/A,0,0,0,0,20,0,0,0,80,100,10,20,N/A,N/A,5,0,2,N/A,N/A,0,26,0,0,redacted,redacted,52613,0,0,61,4,14,13,8
Howell Mountain Elementary (Napa),Napa,Elementary School District,No,K-08,94508,"""Angwin                        """,85,24.7,3.5,0,0,0,56.5,1.2,4.7,1.2,32.9,60,12.94,40,N/A,N/A,14.2,1,5,N/A,N/A,1,10,1.1,29.5,17.78,27.27,36303,0,0,48,8,12,11,11
Hueneme Elementary (Ventura),Ventura,Elementary School District,No,K-08,93041,"""Port Hueneme                  """,6685,39.6,0.1,0.4,1,2.6,87.8,0.2,1.7,0,6.3,83.4,22.84,14,N/A,N/A,20.6,11,317,186,180,13,19,2.5,19,16.34,26.93,22464,0,0,66,8,4,10,9
Hughes-Elizabeth Lakes Union Elementary (Los Angeles),Los Angeles,Elementary School District,No,K-08,93532,"""Lake Hughes                   """,195,2.6,0,0,1,0,36.9,0,6.7,0,55.4,41.5,1.03,39,N/A,N/A,22,1,7,N/A,N/A,2,15,0,20.8,32.54,46.03,14262,0,0,64,3,14,10,9
Hughson Unified (Stanislaus),Stanislaus,Unified School District,No,K-12,95326,"""Hughson                       """,2239,14.8,0.4,1.2,0.5,0.2,54,0.2,0.4,0.3,42.8,60.3,15.94,36,98.1,97.7,22.3,4,91,186,180,13,17,3.5,15.8,33.55,46.53,18008,0,4,58,10,7,9,9
Humboldt County Office of Education (Humboldt),Humboldt,County Office of Education (COE),No,K-12,95501,"""Eureka                        """,837,1.8,8.2,1.7,1.1,0,15.5,0.4,14.3,1.6,57.2,76.6,3.35,45,65.4,59.8,11.8,17,61,185,180,25,7,0.9,37.5,0,6.78,N/A,0,1,26,19,19,24,4
Huntington Beach City Elementary (Orange),Orange,Elementary School District,No,K-08,92646,"""Huntington Beach              """,4923,5.3,0.1,10.9,0.5,0.8,22.1,0.1,12.1,3,50.4,30.9,6.03,49,N/A,N/A,23.3,6,207,185,180,11,17,1.3,9.2,65.09,71.65,17808,0,0,62,6,9,11,10
Huntington Beach Union High (Orange),Orange,High School District,No,09-12,92649,"""Huntington Beach              """,13982,9.8,0.3,28.1,0.7,1.2,32.1,0.4,4.8,1.4,31.1,52.8,30.27,57,94.3,92.7,23.1,32,577,183,180,43,16,2.2,17.7,46.85,67.13,18559,0,2,53,9,8,12,14
Hydesville Elementary (Humboldt),Humboldt,Elementary School District,No,K-08,95547,"""Hydesville                    """,220,2.3,1.8,0.5,0.5,0,12.7,0,8.6,0.5,75.5,51.8,0.91,26,N/A,N/A,20,2,7,182,180,4,8,1.8,13.3,46.26,50.34,15368,0,1,49,9,8,7,20
"Igo, Ono, Platina Union Elementary (Shasta)",Shasta,Elementary School District,No,K-08,96047,"""Igo                           """,36,5.6,16.7,0,0,0,16.7,0,11.1,0,55.6,86.1,0,46,N/A,N/A,18,1,1,183,180,1,11,0,0,31.25,31.25,31977,0,0,48,14,9,12,13
Imperial County Office of Education (Imperial),Imperial,County Office of Education (COE),No,K-12,92243,"""El Centro                     """,521,33.4,0.8,0,1,0,96,0,0,0,2.3,90.2,17.27,5,50.5,51,16.3,2,25,N/A,N/A,7,10,1.1,30.6,1.12,4.44,N/A,0,0,19,9,10,56,5
Imperial Unified (Imperial),Imperial,Unified School District,No,K-12,92251,"""Imperial                      """,4795,23.4,0,0.5,0.4,0.6,90.6,0,0.6,0.1,7.1,56.1,22.23,10,95.7,94.3,22.4,7,180,185,180,35,13,3.4,15.4,36.9,52.49,16995,0,1,63,15,5,6,10
Indian Diggings Elementary (El Dorado),El Dorado,Elementary School District,No,02-08,95684,"""Somerset                      """,12,N/A,0,0,0,0,8.3,0,8.3,0,83.3,50,N/A,18,N/A,N/A,0,0,1,N/A,N/A,0,21,0,23.1,redacted,redacted,42130,0,0,71,0,13,9,7
Inglewood Unified (Los Angeles),Los Angeles,Unified School District,No,K-12,90301,"""Inglewood                     """,8241,21.3,0.6,0.6,36.5,0.2,58.7,0.5,1.2,1.1,0.6,89.7,14.36,36,90.3,91.8,23.2,31,318,185,180,63,16,4.1,31.1,19.93,33.02,29101,1,0,62,6,7,10,11
Inyo County Office of Education (Inyo),Inyo,County Office of Education (COE),No,07-12,93514,"""Bishop                        """,1420,17.6,1.1,0.4,16.1,0.1,78.7,0.1,1.5,0.5,1.4,90.5,30.56,22,36.8,37.6,22.9,9,50,185,180,17,11,0.4,81.1,redacted,redacted,N/A,0,0,18,16,39,19,6
Irvine Unified (Orange),Orange,Unified School District,No,K-12,92604,"""Irvine                        """,38483,13.8,0.2,51.1,1.9,2.5,12,0.3,9.1,0.3,22.7,20.6,30.12,51,95.2,92,26.6,54,1391,186,180,116,13,0.9,9,70.5,74.53,16178,0,2,59,12,3,13,10
Island Union Elementary (Kings),Kings,Elementary School District,No,K-08,93245,"""Lemoore                       """,395,5.1,1.5,0.8,0.5,0.3,42,0,4.1,0,50.9,50.4,5.82,40,N/A,N/A,21.9,0,17,185,180,1,12,1.5,6.4,51.96,61.21,14535,0,0,65,5,11,7,8
Jacoby Creek Elementary (Humboldt),Humboldt,Elementary School District,No,K-08,95524,"""Bayside                       """,455,0.2,1.3,1.8,0.4,0.2,10.3,0.2,10.8,2.4,72.5,34.9,3.74,28,N/A,N/A,20.5,3,19,181,180,4,14,0,8.2,65.41,75.43,14657,0,1,64,5,6,7,9
Jamestown Elementary (Tuolumne),Tuolumne,Elementary School District,No,K-08,95327,"""Jamestown                     """,440,9.1,2,0.2,0.7,0,26.4,0.2,4.8,0.5,65.2,70.9,4.55,34,N/A,N/A,16.9,4,20,184,180,6,11,4.8,11.2,30.92,33.71,17996,0,0,58,6,10,7,13
Jamul-Dulzura Union Elementary (San Diego),San Diego,Elementary School District,No,K-12,91935,"""Jamul                         """,810,19.5,0.2,0.7,2.3,0.7,55.9,0,6.4,0.2,33.3,48.1,17.65,41,75,redacted,20.8,4,29,185,180,10,10,3.4,8.9,23.34,40.25,19109,0,1,48,10,12,14,12
Janesville Union Elementary (Lassen),Lassen,Elementary School District,No,K-08,96114,"""Janesville                    """,313,N/A,1,0,0,0.3,17.3,1,4.8,0,75.7,50.5,1.28,26,N/A,N/A,18.4,0,16,184,184,1,14,6.5,13.9,36.89,45.37,16171,0,0,58,13,10,9,9
Jefferson Elementary (San Joaquin),San Joaquin,Elementary School District,No,K-08,95377,"""Tracy                         """,3127,16.6,1.3,42.7,3.9,3.7,26.5,0.7,5.1,1.4,14.6,34.8,18.48,57,N/A,N/A,21.7,30,107,184,180,37,11,2.9,10.8,58.38,60.97,65646,0,4,48,0,19,8,20
Jefferson Elementary (San Benito),San Benito,Elementary School District,No,01-08,95043,"""Paicines                      """,4,N/A,0,0,0,0,50,0,0,0,50,100,50,35,N/A,N/A,0,0,1,182,182,0,29,0,0,redacted,redacted,20401,0,1,61,9,8,10,9
Jefferson Elementary (San Mateo),San Mateo,Elementary School District,No,K-12,94015,"""Daly City                     """,6088,31.2,0.2,16.9,2.9,22.4,41.6,1.2,5.4,0.5,8.9,50.7,20.3,60,71.7,69.9,19.4,101,536,186,182,132,9,0.9,12.5,38.07,46.21,14788,0,0,64,10,7,9,8
Jefferson Union High (San Mateo),San Mateo,High School District,No,09-12,94015,"""Daly City                     """,4173,14.3,0.2,16.1,1.2,25.1,34.8,0.7,7.5,0.2,14.2,32.9,40.59,64,92.8,91.6,19.4,9,195,184,180,32,12,4,20.7,32.71,57.41,25077,0,1,52,10,9,10,16
John Swett Unified (Contra Costa),Contra Costa,Unified School District,No,K-12,94572,"""Rodeo                         """,1198,17.8,0.5,8.6,12.9,10.1,44.1,0.7,7.7,2,13.4,79.1,13.52,60,91.5,90.5,19.4,7,50,185,180,13,11,1.8,27.6,16.38,35.34,23497,0,1,61,8,11,7,11
Johnstonville Elementary (Lassen),Lassen,Elementary School District,No,K-08,96130,"""Susanville                    """,211,1.9,0.5,0.5,0.9,0.9,16.6,0,3.3,0,77.3,54.5,0.47,24,N/A,N/A,21.1,1,8,N/A,N/A,2,8,1.4,12,29.84,41.13,15000,0,1,64,0,10,13,12
Julian Union Elementary (San Diego),San Diego,Elementary School District,No,K-12,92036,"""Julian                        """,2289,14.8,1.1,2.9,3.1,0.7,37.3,0.3,5.6,1.5,47.5,58.3,10.88,46,70,68.3,20.1,14,166,N/A,N/A,31,11,0.5,16.2,30.39,38.12,24020,0,0,62,9,8,13,9
Julian Union High (San Diego),San Diego,High School District,No,09-12,92036,"""Julian                        """,112,9.8,2.7,0.9,3.6,0,44.6,0.9,6.3,0,41.1,54.5,12.5,47,90.9,87.5,16,0,7,N/A,N/A,0,7,10.8,32.5,22.22,47.22,37211,0,2,49,7,15,10,17
Junction City Elementary (Trinity),Trinity,Elementary School District,No,K-08,96048,"""Junction City                 """,65,N/A,4.6,0,0,0,10.8,0,12.3,0,72.3,43.1,N/A,30,N/A,N/A,16.3,0,5,N/A,N/A,0,24,0,1.5,59.57,59.57,22750,0,8,45,4,6,14,21
Junction Elementary (Shasta),Shasta,Elementary School District,No,K-08,96073,"""Palo Cedro                    """,417,1,1.9,3.4,1.7,0,9.6,0,3.1,0.2,80.1,34.8,2.16,22,N/A,N/A,18.3,1,21,186,180,2,13,1.3,15.4,38.46,28.57,29384,0,0,43,13,9,18,17
Junction Elementary (Siskiyou),Siskiyou,Elementary School District,No,K-08,95568,"""Somes Bar                     """,34,N/A,64.7,0,0,0,5.9,0,14.7,0,14.7,76.5,N/A,38,N/A,N/A,17,0,1,N/A,N/A,1,6,0,48.6,48.59,53.01,15298,0,1,58,6,9,7,13
Jurupa Unified (Riverside),Riverside,Unified School District,No,K-12,92509,"""Jurupa Valley                 """,17815,28.2,0.2,2,2.1,0.7,85.9,0.2,0.8,1.2,6.8,78.2,20.8,15,92.7,92.3,20.7,28,785,184,180,77,15,2.4,25.8,19.19,30.26,20465,1,1,63,10,4,10,10
Kashia Elementary (Sonoma),Sonoma,Elementary School District,No,01-08,95480,"""Stewarts Point                """,8,N/A,100,0,0,0,0,0,0,0,0,100,N/A,0,N/A,N/A,4,0,2,N/A,N/A,0,13,12.5,0,redacted,redacted,95058,0,0,60,4,26,5,4
Kelseyville Unified (Lake),Lake,Unified School District,No,K-12,95451,"""Kelseyville                   """,1884,16.6,3,0.1,0.5,0.3,46.7,0.1,5.6,2.1,41.6,67.6,10.4,43,90.4,88.1,20.1,8,82,184,180,14,11,3.7,21.3,14,24.61,20300,0,1,50,17,8,9,8
Kentfield Elementary (Marin),Marin,Elementary School District,No,K-08,94904,"""Kentfield                     """,1019,6.5,0.1,2.9,1.8,1.1,17.8,0.3,13.5,0,62.5,12.8,12.07,40,N/A,N/A,16,2,64,N/A,N/A,2,18,1.5,5.4,76.07,78.68,22602,0,0,63,7,9,10,8
Kenwood (Sonoma),Sonoma,Elementary School District,No,K-06,95452,"""Kenwood                       """,124,5.6,0.8,4.8,0,0,18.5,0,8.9,2.4,64.5,24.2,0.81,36,N/A,N/A,16.3,0,9,N/A,N/A,0,16,0,12.7,62.16,70.27,29866,0,0,52,5,18,13,10
Keppel Union Elementary (Los Angeles),Los Angeles,Elementary School District,No,K-12,93543,"""Littlerock                    """,3000,28.1,0.1,0.9,2.2,0.4,83.6,0.1,1.5,0,11.2,64.2,11.77,18,100,redacted,13.3,12,208,185,180,21,13,2.4,22.5,16.16,21.54,20898,0,0,63,10,9,8,10
Kerman Unified (Fresno),Fresno,Unified School District,No,K-12,93630,"""Kerman                        """,5273,24.1,0.4,3.3,0.3,0.1,89.4,0.1,0.3,0.3,5.8,88,26.34,12,93.7,93.7,22.7,10,217,183,180,17,13,3.6,16.7,26.88,41.27,19036,0,1,58,13,7,10,11
Kern County Superintendent of Schools (Kern),Kern,County Office of Education (COE),No,K-12,93301,"""Bakersfield                   """,6321,21,0.3,1,2.6,1.3,76.8,0,1.9,0.9,15.2,75.8,19.4,24,66.5,64.1,15.5,43,344,185,180,79,10,6.3,21.9,15.55,29.75,N/A,3,0,17,17,23,17,15
Kern High (Kern),Kern,High School District,No,09-12,93309,"""Bakersfield                   """,43237,9.5,0.5,2.5,5.1,0.9,71.9,0.2,0.9,3.8,14.2,78.1,34,28,88.1,87.1,23.8,93,1499,183,180,359,11,8.1,18.3,17.98,50.9,20278,0,2,45,14,5,15,18
Kernville Union Elementary (Kern),Kern,Elementary School District,No,K-08,93240,"""Lake Isabella                 """,764,2.1,2.9,0.5,1.7,0.4,24.7,0,1.6,0,68.2,84,0.79,32,N/A,N/A,16.6,2,40,184,180,6,12,2.2,36.4,14.67,30.1,25876,0,0,45,22,8,8,17
Keyes Union (Stanislaus),Stanislaus,Elementary School District,No,K-12,95328,"""Keyes                         """,1065,26.3,0.5,5.5,0.6,0.2,71.2,0.2,1.9,0.5,19.5,68.6,13.62,30,92.3,redacted,21.4,4,51,183,181,5,16,3.4,10.3,32.24,41.53,22743,0,0,69,8,4,9,9
King City Union (Monterey),Monterey,Elementary School District,No,K-08,93930,"""King City                     """,2554,53.7,0,0.6,0,0.9,95.5,0,0.4,0,2.5,88.2,21.18,5,N/A,N/A,19.1,9,110,184,184,25,11,5.3,17.6,18.64,31.28,20488,0,0,52,10,9,13,9
Kings Canyon Joint Unified (Fresno),Fresno,Unified School District,No,K-12,93654,"""Reedley                       """,9696,24.6,0.3,0.5,0.3,0.3,87.9,0,1.1,1.7,7.9,86.8,29.4,12,90.7,89.9,21.7,15,417,185,180,38,13,5.6,8,42.14,55.86,21346,0,2,54,14,4,11,13
Kings County Office of Education (Kings),Kings,County Office of Education (COE),No,K-12,93230,"""Hanford                       """,399,3.8,2.3,1,5,2.8,70.9,0.5,2.5,0.3,14.8,66.4,24.81,32,12.1,14.8,8.5,5,37,186,180,10,9,2.5,56.9,0,0,N/A,0,0,22,35,16,18,5
Kings River Union Elementary (Tulare),Tulare,Elementary School District,No,K-08,93631,"""Kingsburg                     """,389,37.8,0.5,0,0,0,95.1,0,0.5,0,3.9,87.7,26.22,6,N/A,N/A,19.3,0,18,N/A,N/A,3,16,2,4.2,23.37,32.95,23319,0,1,49,9,10,6,23
Kings River-Hardwick Union Elementary (Kings),Kings,Elementary School District,No,K-08,93230,"""Hanford                       """,860,2.4,0.2,0.7,0.2,0.7,44.9,0,4.8,0.1,48.4,30.2,4.42,40,N/A,N/A,23.2,0,37,N/A,N/A,0,17,0.1,8.6,67.43,69.39,14651,0,0,51,5,6,8,25
Kingsburg Elementary Charter (Fresno),Fresno,Elementary School District,No,K-08,93631,"""Kingsburg                     """,2100,9.6,0,2.7,0.4,0,69.3,0,3.6,0.9,23,72,9.9,31,N/A,N/A,20,12,88,N/A,N/A,20,12,3,1,37.24,50.92,17828,0,0,51,9,8,14,17
Kingsburg Joint Union High (Fresno),Fresno,High School District,No,09-12,93631,"""Kingsburg                     """,1199,6.3,0.2,2.4,0.4,0.3,66.2,0.1,2.3,0.1,27.9,65.6,21.85,33,96.9,96,19.7,2,61,183,180,4,19,3.3,15.7,33.02,67.2,19405,0,2,57,11,7,7,13
Kirkwood Elementary (Tehama),Tehama,Elementary School District,No,K-08,96021,"""Corning                       """,105,2.9,0,0,0,0,14.3,0,0,0,85.7,41,7.62,15,N/A,N/A,20.2,0,6,185,180,0,16,1.8,0,31.82,40.91,15825,0,0,57,4,5,21,12
Kit Carson Union Elementary (Kings),Kings,Elementary School District,No,K-12,93230,"""Hanford                       """,1495,18.7,0.9,0.2,2.6,0.1,37.4,0.1,4.6,1.3,52.8,84.9,18.73,41,24.4,23.5,21.4,4,67,186,180,8,11,0.7,56.5,18.35,33.21,20206,0,0,61,8,8,8,12
Klamath River Union Elementary (Siskiyou),Siskiyou,Elementary School District,No,01-08,96050,"""Horse Creek                   """,5,N/A,0,0,0,0,0,0,0,0,100,100,N/A,0,N/A,N/A,5,0,1,N/A,N/A,0,15,14.3,0,redacted,redacted,119319,0,0,58,5,12,7,12
Klamath-Trinity Joint Unified (Humboldt),Humboldt,Unified School District,No,K-12,95546,"""Hoopa                         """,951,0.2,79.6,0.1,0.5,0,6.3,0.1,1.8,0.3,11.3,73.5,0,22,96.8,96,17.5,5,43,N/A,N/A,12,12,11.4,65.3,12.24,21.97,28492,0,1,42,12,8,15,19
Kneeland Elementary (Humboldt),Humboldt,Elementary School District,No,K-08,95549,"""Kneeland                      """,24,N/A,0,0,0,0,8.3,0,0,0,91.7,62.5,N/A,9,N/A,N/A,9.1,1,3,182,180,1,6,0,12,31.25,50,27834,0,0,49,8,10,14,16
Knights Ferry Elementary (Stanislaus),Stanislaus,Elementary School District,No,K-08,95361,"""Knights Ferry                 """,106,4.7,0.9,0,0,0,16,0,1.9,12.3,68.9,15.1,1.89,22,N/A,N/A,15.1,1,5,183,180,2,9,0,9.3,58.49,66.04,20382,0,0,60,4,9,16,11
Knightsen Elementary (Contra Costa),Contra Costa,Elementary School District,No,K-08,94548,"""Knightsen                     """,648,10.8,0.5,1.2,2.3,1.4,43.5,0.5,6.6,0.3,43.7,26.4,6.17,45,N/A,N/A,22.8,7,22,186,180,7,10,1.8,13.9,41.26,49.53,13290,0,0,58,4,12,8,17
Konocti Unified (Lake),Lake,Unified School District,No,K-12,95457,"""Lower Lake                    """,3986,27.9,2.1,0.3,1.7,0.1,56.3,0,6.2,2.2,31,79.5,9.73,40,84.6,83.9,23.2,40,111,184,181,70,7,13,45.3,8.73,19.95,21029,0,1,50,13,5,11,20
La Canada Unified (Los Angeles),Los Angeles,Unified School District,No,K-12,91011,"""La Canada                     """,3988,2.6,0,30,0.3,2.3,12.8,0.1,11.6,0.7,42.3,5.1,17.88,55,98.6,100,23.6,1,172,188,182,6,17,1.3,4.9,84.01,89.08,17349,0,0,64,7,8,8,12
La Habra City Elementary (Orange),Orange,Elementary School District,No,K-08,90631,"""La Habra                      """,4244,17.8,0.2,2.3,0.8,1.4,85.9,0.2,2.1,0.7,6.5,80.6,19.93,15,N/A,N/A,20.5,6,190,186,180,19,17,2.5,14.1,33.47,44.22,21809,0,0,59,10,9,13,8
La Honda-Pescadero Unified (San Mateo),San Mateo,Unified School District,No,K-12,94060,"""Pescadero                     """,272,32.7,0,0.7,0,0.7,65.4,0,0.7,0,32.4,34.9,25,32,85,88.2,11.7,5,17,187,180,7,9,2.9,27,36.72,58.59,33260,0,1,53,6,13,17,9
La Mesa-Spring Valley (San Diego),San Diego,Elementary School District,No,K-08,91942,"""La Mesa                       """,10616,17.2,0.1,3.2,7.5,2,51.6,0.4,8.8,0.8,25.6,62.5,7.12,49,N/A,N/A,19.6,14,495,186,180,52,15,2.9,20.6,36.53,48.17,19552,0,0,57,13,6,11,10
Lafayette Elementary (Contra Costa),Contra Costa,Elementary School District,No,K-08,94549,"""Lafayette                     """,3235,3.2,0,12.3,0.5,1.1,10.9,0,14.3,9.7,51.1,4.7,10.11,46,N/A,N/A,18.4,1,180,186,180,4,16,0.6,4.2,80.04,80.08,18761,0,0,66,7,8,10,9
Laguna Beach Unified (Orange),Orange,Unified School District,No,K-12,92651,"""Laguna Beach                  """,2291,2.4,0.3,5.5,0.6,0.9,12.1,0,9.3,0.2,71,18.4,7.73,32,97.5,94,16.6,3,149,187,180,4,17,1.9,10.6,72.13,77.53,37631,0,2,56,11,9,10,10
Laguna Joint Elementary (Marin),Marin,Elementary School District,No,02-06,94952,"""Petaluma                      """,9,44.4,0,0,0,0,88.9,0,0,0,11.1,66.7,0,12,N/A,N/A,9,0,1,184,180,0,26,0,0,redacted,redacted,58891,0,0,52,0,9,16,10
Lagunita Elementary (Monterey),Monterey,Elementary School District,No,K-06,93907,"""Salinas                       """,62,6.5,0,0,0,0,50,0,4.8,0,45.2,9.7,4.84,38,N/A,N/A,12.4,0,5,185,180,0,10,1.6,9.5,53.13,50,19223,0,0,56,4,11,21,8
Lagunitas Elementary (Marin),Marin,Elementary School District,No,K-08,94963,"""San Geronimo                  """,161,5.6,0,1.2,0,0,17.4,0,11.8,1.9,67.7,16.1,2.48,33,N/A,N/A,16.9,1,9,N/A,N/A,1,13,1.8,20.7,53.85,65.35,28555,0,0,50,9,9,18,13
Lake County Office of Education (Lake),Lake,County Office of Education (COE),No,02-12,95453,"""Lakeport                      """,40,5,7.5,0,0,0,25,0,2.5,5,60,77.5,2.5,37,redacted,redacted,10,0,3,190,180,1,9,15.3,66.7,6.25,12.5,N/A,0,0,9,17,22,37,8
Lake Elementary (Glenn),Glenn,Elementary School District,No,K-12,95963,"""Orland                        """,1165,1.5,0.6,0.3,1.1,0.3,17.8,0.1,5.4,3.2,71.2,54.1,1.72,28,100,100,27.8,1,100,183,180,4,11,0.4,1.5,46.83,65.87,15325,0,8,44,12,10,7,10
Lake Elsinore Unified (Riverside),Riverside,Unified School District,No,K-12,92530,"""Lake Elsinore                 """,21045,11.6,0.2,1.8,4.4,1.6,67.5,0.3,4.4,0.1,19.6,75.7,16.89,35,94.5,94,22.5,14,921,185,180,44,16,2.8,23.8,24.77,39.09,19018,0,1,59,10,6,13,11
Lake Tahoe Unified (El Dorado),El Dorado,Unified School District,No,K-12,96150,"""South Lake Tahoe              """,3528,17.1,0.3,1.3,0.3,2.4,46.4,0.1,4.3,0.2,44.6,50.3,17.49,42,88.9,84.7,20.6,5,165,183,180,11,12,5.3,29.6,35.26,45.21,19056,0,1,61,9,7,9,12
Lakeport Unified (Lake),Lake,Unified School District,No,K-12,95453,"""Lakeport                      """,1362,10.1,9.2,1.8,1.4,0.7,38.6,0.3,7.9,0.1,40.1,79.4,7.71,52,98.3,98.1,17.9,1,71,185,180,10,11,8.5,31.8,15.34,22.26,21430,0,2,49,11,9,9,8
Lakeside Joint (Santa Clara),Santa Clara,Elementary School District,No,K-05,95033,"""Los Gatos                     """,64,7.8,0,6.3,0,0,7.8,0,20.3,1.6,64.1,10.9,9.38,37,N/A,N/A,10.4,0,6,N/A,N/A,1,7,1.4,11.6,70,73.33,43493,0,0,50,2,21,9,8
Lakeside Union (Kern),Kern,Elementary School District,No,K-08,93311,"""Bakersfield                   """,1695,16.8,0.4,7.4,5.3,1.7,68.4,0,3.7,3.2,9.9,66.7,10.8,33,N/A,N/A,23,17,53,N/A,N/A,23,10,1.4,22.5,17.93,35.81,13625,0,0,53,10,6,5,10
Lakeside Union Elementary (Kings),Kings,Elementary School District,No,K-08,93230,"""Hanford                       """,238,37,0.4,2.5,5.5,0,87.8,0,0.8,0,2.9,96.6,7.98,14,N/A,N/A,15.9,0,13,N/A,N/A,2,12,1.9,12.6,19.14,25.93,24156,0,0,49,15,8,12,10
Lakeside Union Elementary (San Diego),San Diego,Elementary School District,No,K-12,92040,"""Lakeside                      """,4832,7.6,1.6,1.6,2.8,0.9,37.7,0.5,7.2,0,47.6,40.3,6.44,46,87.2,84.6,20,10,231,184,180,19,14,2.2,15.1,34.07,48.03,17252,0,0,63,8,5,9,12
Lammersville Joint Unified (San Joaquin),San Joaquin,Unified School District,No,K-12,95391,"""Mountain House                """,7949,9.8,1,57.9,4.2,6,13,0.4,4.9,1.7,11,10.9,39.25,46,99,100,23.3,25,298,184,180,52,10,2.1,7.5,71.74,75.71,13448,0,4,56,8,5,13,14
Lamont Elementary (Kern),Kern,Elementary School District,No,K-08,93241,"""Lamont                        """,2561,49,0,0.2,0.2,0,98.9,0,0,0,0.7,80.5,19.06,1,N/A,N/A,20,3,115,182,181,14,11,0.9,12.5,14.64,26.53,20192,0,0,55,12,9,8,12
Lancaster Elementary (Los Angeles),Los Angeles,Elementary School District,No,K-08,93534,"""Lancaster                     """,14768,12.3,0.4,0.8,27.3,0.9,58.5,0.2,4.8,0,7.1,87.2,7.46,42,N/A,N/A,20.6,84,560,185,180,162,12,4.3,31.7,14.46,24.8,23225,1,0,63,10,4,8,11
Larkspur-Corte Madera (Marin),Marin,Elementary School District,No,K-08,94939,"""Larkspur                      """,1169,5.1,0.1,4.6,0.7,0.7,16.1,0.1,9.7,0.1,68,10.2,8.3,34,N/A,N/A,16.8,5,62,187,180,8,15,1.8,8.5,76.23,78.17,22360,0,0,61,7,9,10,9
Las Lomitas Elementary (San Mateo),San Mateo,Elementary School District,No,K-08,94025,"""Menlo Park                    """,1138,9.9,0,22.6,0.6,0.4,17.5,0.2,13.9,0,44.9,6.1,20.83,55,N/A,N/A,15.2,1,75,N/A,N/A,1,18,0.8,5.1,83.22,83.57,38073,0,0,63,9,10,8,10
Las Virgenes Unified (Los Angeles),Los Angeles,Unified School District,No,K-12,91302,"""Calabasas                     """,9767,4.5,0.2,4.9,1.9,0.8,15.2,0.1,7.7,3.8,65.4,24.3,11.95,35,96.1,95.7,24.2,55,354,185,180,63,13,1.2,10.4,60.15,68.1,18070,0,1,61,9,8,11,11
Lassen County Office of Education (Lassen),Lassen,County Office of Education (COE),No,10-12,96130,"""Susanville                    """,6,N/A,33.3,0,16.7,0,16.7,0,0,0,33.3,33.3,N/A,58,redacted,N/A,1.5,0,4,184,180,0,11,0,0,N/A,N/A,N/A,0,11,10,23,30,20,6
Lassen Union High (Lassen),Lassen,High School District,No,09-12,96130,"""Susanville                    """,836,3.3,2.3,1,1.2,0.8,24.4,2.3,11.6,2.2,54.3,34.9,5.02,45,85.8,78.1,19.2,3,37,184,180,5,15,9,25.1,16.26,49.03,18020,0,4,51,13,9,10,12
Lassen View Union Elementary (Tehama),Tehama,Elementary School District,No,K-08,96055,"""Los Molinos                   """,355,2.8,0.3,0,1.7,0,26.8,0,1.1,0,70.1,49.3,6.2,29,N/A,N/A,22.5,2,15,185,180,3,13,0.3,6.8,51.52,57.58,14552,0,1,66,9,5,7,8
Laton Joint Unified (Fresno),Fresno,Unified School District,No,K-12,93242,"""Laton                         """,603,27.7,0,0,0.8,0,87.4,0,0.5,0.7,10.6,87.6,24.54,13,97.3,97.1,14.5,4,36,185,180,10,8,7.4,12.4,17.36,26.71,25754,0,1,48,6,7,10,23
Latrobe (El Dorado),El Dorado,Elementary School District,No,K-08,95682,"""Shingle Springs               """,132,1.5,0.8,1.5,0.8,0,16.7,0,9.8,0.8,69.7,28,3.79,32,N/A,N/A,12.7,0,10,N/A,N/A,1,13,1.4,7.1,70.65,78.26,27285,0,1,51,4,10,14,19
Lawndale Elementary (Los Angeles),Los Angeles,Elementary School District,No,K-12,90260,"""Lawndale                      """,4812,24.8,0.1,4.4,8.3,0.6,78.3,0.5,2.6,1.5,3.7,82.6,27.54,23,95.2,96.2,20,6,230,185,180,11,15,0.9,18,37.92,50.09,28610,0,0,63,7,7,13,7
Laytonville Unified (Mendocino),Mendocino,Unified School District,No,K-12,95454,"""Laytonville                   """,315,8.6,9.8,0.6,0,1.6,23.2,0,8.9,2.2,53.7,75.2,3.49,46,100,100,15.2,5,16,185,180,8,10,10.1,36.1,19.11,36.31,22823,0,4,46,13,10,14,12
Le Grand Union Elementary (Merced),Merced,Elementary School District,No,K-08,95333,"""Le Grand                      """,344,39.5,0,2,0,0,87.5,0,1.5,0,9,79.4,9.3,14,N/A,N/A,17.2,3,16,184,180,5,13,4.9,12.1,26.99,41.13,22330,0,0,62,6,9,10,12
Le Grand Union High (Merced),Merced,High School District,No,09-12,95333,"""Le Grand                      """,504,24.2,0.2,0.6,0.2,0,92.7,0.2,0.2,0.2,5.8,87.7,49.4,8,97.2,97.2,17.8,6,23,185,180,6,10,3.7,9.4,18.52,48.15,25108,0,1,51,7,8,18,13
Leggett Valley Unified (Mendocino),Mendocino,Unified School District,No,K-12,95585,"""Leggett                       """,111,3.6,4.5,0,0.9,0.9,21.6,0.9,7.2,0,64,79.3,0.9,38,redacted,redacted,8.8,1,11,189,184,2,15,0.8,33.3,33.82,54.41,36631,0,0,57,9,14,8,11
Lemon Grove (San Diego),San Diego,Elementary School District,No,K-08,91945,"""Lemon Grove                   """,3053,25.8,0.6,3.8,11.2,1.9,68.4,0.8,5.7,0.1,7.5,74.4,7.86,35,N/A,N/A,22.5,4,129,185,185,9,16,4.4,25.6,28.61,38.5,22290,0,7,58,7,9,11,8
Lemoore Union Elementary (Kings),Kings,Elementary School District,No,K-08,93245,"""Lemoore                       """,3186,12.8,1.3,1,3.1,2.7,72,0.2,4.6,0.7,14.4,77.7,10.01,30,N/A,N/A,19.3,14,135,N/A,N/A,30,11,3.9,15.3,38.4,52.24,18059,0,0,54,11,6,13,11
Lemoore Union High (Kings),Kings,High School District,No,09-12,93245,"""Lemoore                       """,2285,7.8,1.6,1.4,4,3.1,61.4,0.7,5.7,0,22.2,57.5,20.57,41,93.7,92.8,19.3,4,106,184,180,18,14,6.8,16.3,20.54,62.36,19149,0,2,51,12,8,9,14
Lennox (Los Angeles),Los Angeles,Elementary School District,No,K-12,90304,"""Lennox                        """,5604,32.4,0,0.3,2.4,0.1,95.2,0.2,0.1,1.4,0.3,91.8,35.31,4,99.3,99.3,18.8,15,279,183,180,24,17,1.2,17.5,32.63,42.03,22833,0,0,58,5,7,9,19
Lewiston Elementary (Trinity),Trinity,Elementary School District,No,K-08,96052,"""Lewiston                      """,68,2.9,5.9,5.9,1.5,0,5.9,0,13.2,0,67.6,69.1,2.94,36,N/A,N/A,22.7,2,1,N/A,N/A,2,2,2.5,23.7,21.88,30.3,23502,0,2,42,5,7,9,32
Liberty Elementary (Tulare),Tulare,Elementary School District,No,K-08,93274,"""Tulare                        """,861,5.1,1.2,1.4,2.1,1,53.3,0.1,0.8,1,39,48.5,3.83,39,N/A,N/A,22.7,9,27,184,180,11,7,0.9,6.7,38.86,50.39,12206,0,0,65,2,10,0,20
Liberty Elementary (Sonoma),Sonoma,Elementary School District,No,K-12,94952,"""Petaluma                      """,1923,5.1,1,3,8,2.4,28.4,0.8,9.5,1.5,45.4,48.1,6.55,54,59.8,53.4,23,12,374,195,180,34,11,0.2,7.3,85.98,72.9,20159,0,0,65,6,10,14,5
Liberty Union High (Contra Costa),Contra Costa,High School District,No,09-12,94513,"""Brentwood                     """,8228,6.1,0.5,7.5,10,6.6,37.7,0.5,6.2,0,30.9,32.1,17.78,60,93.3,90.2,21.4,1,363,185,180,19,15,3.7,21.6,27.01,61.41,17031,0,0,65,8,4,11,10
Lincoln Unified (San Joaquin),San Joaquin,Unified School District,No,K-12,95207,"""Stockton                      """,8744,10.9,0.3,9,11.3,2.7,55.1,0.7,6.5,0.7,13.7,74.3,11.3,49,96.9,96.6,21,4,382,187,180,46,15,6,24.3,29.91,43.56,19185,0,1,60,14,5,7,13
Linden Unified (San Joaquin),San Joaquin,Unified School District,No,K-12,95236,"""Linden                        """,2339,19.7,1,1.6,0.2,0.3,65.8,0.2,1.6,2.1,27.4,72.1,20.44,32,99.1,98.8,21.4,5,96,186,180,16,11,2.6,16,29.76,38.36,18026,0,1,56,14,6,9,13
Lindsay Unified (Tulare),Tulare,Unified School District,No,K-12,93247,"""Lindsay                       """,3928,31.6,0.2,0.7,0.3,0,94.8,0.1,0.1,0.6,3.2,87.9,28.23,5,94.2,93.8,21.4,4,171,188,180,19,14,1.9,13.4,31.74,41.83,23293,0,1,51,12,5,16,14
Linns Valley-Poso Flat Union (Kern),Kern,Elementary School District,No,K-08,93226,"""Glennville                    """,22,N/A,0,0,0,0,18.2,0,4.5,0,77.3,72.7,N/A,24,N/A,N/A,11,0,2,N/A,N/A,0,9,0,22.7,18.18,54.55,30347,0,0,60,9,6,13,13
Little Lake City Elementary (Los Angeles),Los Angeles,Elementary School District,No,K-08,90670,"""Santa Fe Springs              """,3535,9.1,0,3,1.3,1.5,89.8,0.3,1,0.1,3,78.2,11.23,11,N/A,N/A,19.3,7,173,187,180,12,17,1.6,14.9,44.19,60.24,21982,0,0,61,8,8,8,14
Little Shasta Elementary (Siskiyou),Siskiyou,Elementary School District,No,K-08,96064,"""Montague                      """,18,N/A,0,0,0,0,22.2,0,0,0,77.8,55.6,N/A,22,N/A,N/A,9,0,2,185,180,0,14,0,5.6,redacted,redacted,28654,0,0,54,0,14,17,14
Live Oak Elementary (Santa Cruz),Santa Cruz,Elementary School District,No,K-08,95062,"""Santa Cruz                    """,1669,20.2,0.5,1.7,1.7,0.8,55.1,0.1,3.2,0.1,36.7,57,10.78,40,N/A,N/A,18.8,17,69,186,180,24,10,2.6,13.3,37.63,46.46,18643,0,0,55,9,12,13,10
Live Oak Unified (Sutter),Sutter,Unified School District,No,K-12,95953,"""Live Oak                      """,2070,13.8,0.7,11.7,1.8,0.4,59.7,0.2,1.2,0,24.3,77.3,27,41,94.3,92.7,20.3,1,96,186,180,10,13,3.4,16.3,36.72,51.98,18560,0,1,60,13,6,8,9
Livermore Valley Joint Unified (Alameda),Alameda,Unified School District,No,K-12,94551,"""Livermore                     """,12968,9.3,0.2,15.7,1.5,2.7,32.3,0.2,8.8,0,38.5,19.7,17.43,57,97.2,93.9,20.8,30,600,186,180,56,15,2.3,12.9,50.44,61.92,16839,0,1,61,10,5,13,9
Livingston Union (Merced),Merced,Elementary School District,No,K-08,95334,"""Livingston                    """,2550,37.8,0.2,13,0.8,0.5,82.3,0.1,0.2,0.1,2.7,78.9,23.84,19,N/A,N/A,21.8,12,103,184,180,15,14,3.3,13.6,25.5,32.42,17631,0,0,55,10,8,10,15
Lodi Unified (San Joaquin),San Joaquin,Unified School District,No,K-12,95240,"""Lodi                          """,29990,18.3,0.4,19,6.4,3.4,48.7,0.8,4,1.3,16,72,16.8,54,91.2,90.3,19.8,71,1365,185,180,154,14,4.6,22.9,29.24,38.23,18750,0,1,59,10,6,12,12
Loleta Union Elementary (Humboldt),Humboldt,Elementary School District,No,K-08,95551,"""Loleta                        """,82,20.7,36.6,0,0,0,46.3,0,0,2.4,14.6,85.4,6.1,45,N/A,N/A,13.7,1,3,182,180,3,9,7.8,53.5,7.5,7.32,33586,0,0,43,11,12,11,9
Loma Prieta Joint Union Elementary (Santa Clara),Santa Clara,Elementary School District,No,K-08,95033,"""Los Gatos                     """,425,4.5,0,4.5,0.2,0.9,19.1,0,10.8,1.2,63.3,12.7,9.88,38,N/A,N/A,20.2,1,19,185,180,4,12,0.5,8,75.76,75.42,20050,0,0,52,10,13,10,9
Lompoc Unified (Santa Barbara),Santa Barbara,Unified School District,No,K-12,93436,"""Lompoc                        """,9381,14.3,0.5,1.4,1.8,1,70.9,0.2,4.3,1.5,18.4,67.4,16.91,30,92.3,90.5,19,29,437,N/A,N/A,60,14,4.4,23.6,20.81,31.99,18864,0,1,53,11,6,10,13
Lone Pine Unified (Inyo),Inyo,Unified School District,No,K-12,93545,"""Lone Pine                     """,283,14.5,8.5,1.4,0.4,0.4,54.8,0,11.3,0,23.3,57.2,18.37,47,83.3,81.8,14.6,5,11,N/A,N/A,9,10,5.4,26.4,32.09,37.69,27473,0,1,44,5,11,10,19
Long Beach Unified (Los Angeles),Los Angeles,Unified School District,No,K-12,90810,"""Long Beach                    """,62947,16,0.1,7,12.1,3.2,59.2,1,5.6,0,11.8,60,16.42,45,87.1,86.1,23.5,211,2397,184,180,343,15,4.1,26.2,38.5,51.72,21199,0,1,59,11,5,12,11
Loomis Union Elementary (Placer),Placer,Elementary School District,No,K-08,95650,"""Loomis                        """,2831,2.7,0.2,2.3,0.5,0.5,13.5,0,7.8,0.5,74.7,13.1,3.14,27,N/A,N/A,19.4,10,138,N/A,N/A,12,14,1.1,6.2,64.04,70.91,14167,0,0,59,8,7,10,14
Los Alamitos Unified (Orange),Orange,Unified School District,No,K-12,90720,"""Los Alamitos                  """,8740,2,0.1,14.3,2.3,2.8,30.3,0.6,10.8,1.4,37.4,17.6,9.1,59,96.9,97.6,23.4,6,385,186,180,12,16,1.5,10.1,64.43,75.91,16527,0,0,67,8,7,9,9
Los Altos Elementary (Santa Clara),Santa Clara,Elementary School District,No,K-08,94024,"""Los Altos                     """,3370,10.5,0.1,40.5,0.3,0.8,10.3,0.1,13,0.2,34.6,7.3,26.41,54,N/A,N/A,19.2,4,170,186,180,9,16,0.4,5.4,85.46,85.46,24426,0,0,63,6,10,11,10
Los Angeles County Office of Education (Los Angeles),Los Angeles,County Office of Education (COE),No,K-12,90242,"""Downey                        """,8731,16.4,0.2,2.5,11.9,1.3,72.2,0.2,2.7,0.9,8.1,76.4,32.65,30,83.4,80.9,17.8,77,372,183,183,143,9,6.5,22.7,30.23,59.21,N/A,2,0,23,17,21,19,6
Los Angeles Unified (Los Angeles),Los Angeles,Unified School District,No,K-12,90017,"""Los Angeles                   """,516685,18.6,0.1,3.3,7.1,1.6,73.6,0.2,2.1,2.2,9.7,82,30.13,28,88.5,88.6,19.4,1440,23442,183,180,3431,15,0.5,23.9,36.76,46.45,29292,0,2,51,13,7,16,11
Los Banos Unified (Merced),Merced,Unified School District,No,K-12,93635,"""Los Banos                     """,11041,22.9,0.2,0.8,1,0.7,87.5,0.5,0.9,0,8.4,80.8,26.53,14,96.1,95.8,21.6,26,460,184,182,53,14,5.5,22.9,21.39,33.91,19916,0,1,60,9,6,11,11
Los Gatos Union Elementary (Santa Clara),Santa Clara,Elementary School District,No,K-08,95032,"""Los Gatos                     """,2776,7.5,0.1,28.4,1,0.6,9.8,0.1,10.3,1.9,47.8,6,20.24,50,N/A,N/A,20.8,0,135,186,180,1,18,1,5.5,77.24,79.37,22341,0,0,68,5,9,9,9
Los Gatos-Saratoga Union High (Santa Clara),Santa Clara,High School District,No,09-12,95030,"""Los Gatos                     """,3084,2.3,0.1,34,0.3,0.6,9.5,0.1,9.3,6,40.1,5.6,31.23,51,96.6,95.4,20.2,3,172,186,180,5,17,0.7,9.6,67.61,83.51,27341,0,3,54,11,7,11,12
Los Molinos Unified (Tehama),Tehama,Unified School District,No,K-12,96055,"""Los Molinos                   """,549,19.9,1.8,1.1,0.2,0,50.3,0,4,1.1,41.5,67.9,13.84,40,88.2,87.5,18.3,6,20,185,180,12,8,6.7,20.1,31.67,37.32,18812,0,2,53,10,7,11,11
Los Nietos (Los Angeles),Los Angeles,Elementary School District,No,K-08,90606,"""Whittier                      """,1210,21.2,0.4,1.3,1.5,0.5,94.1,0.2,0.5,0.1,1.4,87.5,12.56,7,N/A,N/A,21.8,1,55,N/A,N/A,2,19,1.1,14.9,35.64,49.56,25021,0,0,64,7,10,10,9
Los Olivos Elementary (Santa Barbara),Santa Barbara,Elementary School District,No,K-08,93441,"""Los Olivos                    """,159,6.3,0,1.3,1.3,0,26.4,0,6.9,0,64.2,18.9,5.66,36,N/A,N/A,13.6,0,10,183,180,4,11,2.4,8.6,51.58,64.21,16698,0,3,48,1,14,10,11
Lost Hills Union Elementary (Kern),Kern,Elementary School District,No,K-08,93249,"""Lost Hills                    """,291,47.4,0,1.4,0,0,98.3,0,0,0,0.3,98.6,27.49,2,N/A,N/A,20.6,2,14,185,180,2,15,0.7,11,33.33,44.44,30734,0,1,39,7,7,7,20
Lowell Joint (Orange),Orange,Elementary School District,No,K-08,90603,"""Whittier                      """,2980,6.4,0.1,4.2,1.3,1.6,71.2,0.1,2.7,2.5,16.3,58.3,9.13,29,N/A,N/A,22,3,132,184,180,8,17,1.7,10.9,47.68,60.87,16102,0,0,61,8,8,9,13
Lucerne Elementary (Lake),Lake,Elementary School District,No,K-08,95458,"""Lucerne                       """,282,13.1,1.4,0,1.1,0.4,41.5,0,8.9,0,46.8,84.4,2.84,44,N/A,N/A,18.8,4,7,185,180,8,5,3.1,40.3,16.11,25,18956,0,0,42,16,7,8,22
Lucerne Valley Unified (San Bernardino),San Bernardino,Unified School District,No,K-12,92356,"""Lucerne Valley                """,14031,6.1,0.6,2.6,6.3,1.1,43.5,0.2,6.4,2.8,36.6,54.6,9.03,49,50,44,23.5,41,628,185,180,86,11,0.6,21.9,13.79,26.95,22529,0,1,51,9,9,9,18
Lucia Mar Unified (San Luis Obispo),San Luis Obispo,Unified School District,No,K-12,93420,"""Arroyo Grande                 """,9591,11.2,0.2,1.1,0.4,0.9,50.9,0.1,4.5,1.8,40.2,59.3,13.8,40,94.7,92.8,19.1,15,484,184,180,35,13,3.7,15.5,38.57,55.17,17828,0,1,63,10,5,10,9
Luther Burbank (Santa Clara),Santa Clara,Elementary School District,No,K-08,95128,"""San Jose                      """,426,48.8,0,3.1,2.3,0.9,89.9,0.9,0,0.2,2.6,69.7,18.08,11,N/A,N/A,19.4,3,18,N/A,N/A,4,13,1.6,21,30.48,31.27,22466,0,0,66,5,11,7,6
Lynwood Unified (Los Angeles),Los Angeles,Unified School District,No,K-12,90262,"""Lynwood                       """,10900,25.4,0.1,0.1,4.5,0,94.4,0.1,0.1,0,0.6,93.5,32.69,6,89,89.7,22.2,15,457,185,180,38,16,2.8,32,22.98,34.53,24970,0,1,55,10,7,12,14
Madera County Superintendent of Schools (Madera),Madera,County Office of Education (COE),No,K-12,93637,"""Madera                        """,648,30.2,0.6,0.9,2.2,0.3,80.1,0,1.7,0.3,13.9,81.9,13.89,21,52.7,56.3,9,2,59,187,180,13,12,2.5,38.9,2.81,11.93,N/A,0,0,35,14,15,19,13
Madera Unified (Madera),Madera,Unified School District,No,K-12,93637,"""Madera                        """,21016,27.6,0.4,1.1,1.1,0.2,91.1,0,0.7,1.1,4.3,90.4,23.64,9,93.4,93.4,19.2,94,941,183,180,160,13,3.9,23.6,19.99,33.39,21575,0,5,50,13,6,10,15
Magnolia Elementary (Orange),Orange,Elementary School District,No,K-06,92804,"""Anaheim                       """,4767,34,0.4,11.5,3.6,2.7,70.4,0.8,1.8,0.8,7.9,77.2,16.76,32,N/A,N/A,21.5,6,204,186,180,17,20,0.7,15.9,40.39,48.98,23102,0,0,58,10,4,9,17
Magnolia Union Elementary (Imperial),Imperial,Elementary School District,No,K-08,92227,"""Brawley                       """,128,9.4,0,0,0,0,56.3,0,0,0,43.8,13.3,2.34,34,N/A,N/A,18.3,1,6,183,180,1,17,2.3,2.3,29.49,41.03,15607,0,0,63,6,15,8,8
Mammoth Unified (Mono),Mono,Unified School District,No,K-12,93546,"""Mammoth Lakes                 """,1087,25.9,0.1,1,0,0.1,61.6,0.1,2.4,0,34.7,43.9,23.18,34,95.7,93.8,16.1,8,56,184,180,15,11,2.2,24.4,34.43,41.51,21180,0,1,59,8,14,8,11
Manchester Union Elementary (Mendocino),Mendocino,Elementary School District,No,K-08,95459,"""Manchester                    """,34,26.5,0,0,0,0,52.9,0,11.8,0,35.3,50,14.71,42,N/A,N/A,7.4,0,2,182,180,3,7,0,36.8,4.76,23.81,43079,0,0,52,5,13,18,10
Manhattan Beach Unified (Los Angeles),Los Angeles,Unified School District,No,K-12,90266,"""Manhattan Beach               """,5895,1.7,0.1,11.4,0.9,1.1,14.1,0.2,14.4,0,57.7,5.6,9.09,45,98.4,95.8,21.8,2,276,183,180,8,18,1.2,9,75.66,83.25,18693,0,1,64,9,9,7,10
Manteca Unified (San Joaquin),San Joaquin,Unified School District,No,K-12,95337,"""Manteca                       """,25248,21,0.3,14.7,5.6,5.4,55.4,1.1,3.7,0,13.8,65.9,19.01,49,92.7,92.9,22.7,98,942,186,180,184,14,3.6,22.5,22.45,36.6,16863,0,1,57,9,5,13,12
Manzanita Elementary (Butte),Butte,Elementary School District,No,K-08,95948,"""Gridley                       """,306,19.9,1.6,2.6,0.7,0,46.4,0.3,5.2,0.3,42.8,42.8,5.23,43,N/A,N/A,17.5,1,18,182,180,1,17,1,10.4,37.78,51.38,15679,0,1,57,4,8,6,17
Maple Creek Elementary (Humboldt),Humboldt,Elementary School District,No,K-07,95550,"""Korbel                        """,10,N/A,20,0,0,0,0,0,10,0,70,80,N/A,31,N/A,N/A,5,0,2,182,180,1,20,0,0,redacted,redacted,58602,0,0,39,12,23,9,5
Maple Elementary (Kern),Kern,Elementary School District,No,K-08,93263,"""Shafter                       """,287,5.6,1,0,0,0,78.7,0,0,0,20.2,60.3,9.76,22,N/A,N/A,24.3,0,13,184,180,0,14,2.8,7,50,56.18,17422,0,0,59,9,13,7,11
Marcum-Illinois Union Elementary (Sutter),Sutter,Elementary School District,No,K-12,95659,"""East Nicolaus                 """,2832,6.7,0.3,2.2,1.7,1.3,17.8,0.2,8.5,10.7,57.2,37.9,8.93,38,96.3,95.2,23.2,18,134,184,180,37,10,0.1,2.3,61.82,64.55,18260,0,0,50,7,5,16,18
Maricopa Unified (Kern),Kern,Unified School District,No,K-12,93252,"""Maricopa                      """,15701,2.6,0.4,3.4,4,1,37.6,0.3,6.6,2.6,44.1,45.6,4.25,48,80.3,76.4,26.2,21,904,N/A,N/A,72,11,0.2,3.3,15.82,23.57,30668,0,0,45,9,6,4,35
Marin County Office of Education (Marin),Marin,County Office of Education (COE),No,K-12,94903,"""San Rafael                    """,490,18.4,0.8,3.9,5.9,1,37.8,0.2,6.1,4.3,40,35.5,11.43,50,42.9,39.4,9.9,1,48,N/A,N/A,4,15,2.2,35.8,0,4.55,N/A,0,1,35,5,22,25,5
Mariposa County Office of Education (Mariposa),Mariposa,County Office of Education (COE),No,K-12,95338,"""Mariposa                      """,53,3.8,9.4,0,0,0,20.8,0,9.4,0,60.4,75.5,1.89,41,redacted,redacted,7.6,0,7,N/A,N/A,0,9,9.8,46.4,redacted,redacted,N/A,0,0,40,24,16,20,1
Mariposa County Unified (Mariposa),Mariposa,Unified School District,No,K-12,95338,"""Mariposa                      """,1825,4.9,3.2,0.7,0.8,0.3,26.1,0.2,7.4,1.3,60.1,67,4.05,39,90.6,90.2,17.5,7,94,185,180,16,13,6.4,31,25.52,35.59,22199,0,2,59,12,6,7,12
Mark Twain Union Elementary (Calaveras),Calaveras,Elementary School District,No,K-08,95222,"""Angels Camp                   """,737,6.6,2.3,0.3,0.8,0.1,21.2,0.1,4.7,0,70.4,65,0.68,31,N/A,N/A,22.5,1,30,181,180,4,11,4.9,23.1,19.05,34.35,17151,0,0,54,16,9,9,10
Mark West Union Elementary (Sonoma),Sonoma,Elementary School District,No,K-08,95404,"""Santa Rosa                    """,1368,8,0.7,2.7,0.7,1,33.6,0.3,6.7,0,54.2,46.3,4.61,43,N/A,N/A,19.8,0,72,186,180,4,15,3.1,11.6,42.93,53.63,21874,0,0,73,6,5,9,7
Martinez Unified (Contra Costa),Contra Costa,Unified School District,No,K-12,94553,"""Martinez                      """,3787,5.7,0.2,4.6,2.3,3.5,31.7,0.5,11,3.1,43.1,31.6,10.09,53,95.1,92.4,21.3,6,171,186,180,13,16,3.5,12.5,45.32,56.06,17110,0,0,67,8,6,9,8
Marysville Joint Unified (Yuba),Yuba,Unified School District,No,K-12,95901,"""Marysville                    """,10654,16,1.2,8.8,3.1,0.5,49.1,0.6,6.4,1.3,29,72.8,12.24,50,88.9,90,21.6,73,379,183,180,126,11,5.7,19.9,20.74,33.63,19205,0,1,51,15,6,9,11
Mattole Unified (Humboldt),Humboldt,Unified School District,No,K-12,95558,"""Petrolia                      """,42,4.8,0,0,0,0,21.4,0,28.6,2.4,47.6,45.2,2.38,47,redacted,N/A,10.5,1,3,183,180,1,15,0,20.4,52.94,35.29,27339,0,0,56,5,9,12,17
Maxwell Unified (Colusa),Colusa,Unified School District,No,K-12,95955,"""Maxwell                       """,331,30.2,2.1,1.2,0,0,57.1,0,1.2,0.3,38.1,72.2,16.31,37,100,100,14.3,4,16,185,180,8,11,2.5,8.3,24.59,35.14,19562,0,1,47,10,9,10,14
McCabe Union Elementary (Imperial),Imperial,Elementary School District,No,K-08,92243,"""El Centro                     """,1109,13.1,0,2.1,0.3,0.2,87.4,0,0.5,1.4,8.2,42.3,19.57,13,N/A,N/A,23.8,8,36,185,180,11,8,1.9,7.3,49.61,60.8,16633,0,0,42,9,8,5,29
McCloud Union Elementary (Siskiyou),Siskiyou,Elementary School District,No,K-08,96057,"""McCloud                       """,54,N/A,0,0,0,0,24.1,0,16.7,0,59.3,85.2,N/A,40,N/A,N/A,13.9,0,4,182,180,1,12,8.2,46.7,22.22,53.57,22010,0,1,53,1,17,11,14
McFarland Unified (Kern),Kern,Unified School District,No,K-12,93250,"""McFarland                     """,3282,31,0,0.5,0.4,0.4,97.9,0,0,0.2,0.5,85.3,32.27,2,94,94.1,23.9,1,123,184,180,17,13,2.3,9,24.8,36.46,20151,0,2,50,14,6,7,18
McKinleyville Union Elementary (Humboldt),Humboldt,Elementary School District,No,K-08,95519,"""McKinleyville                 """,840,4,7.9,0.7,1,0,17.1,0.4,15.5,1.8,55.7,58.1,1.9,46,N/A,N/A,21.8,1,38,N/A,N/A,2,15,11.8,25.2,28.83,35.97,18619,0,1,53,7,7,10,9
McKittrick Elementary (Kern),Kern,Elementary School District,No,K-08,93251,"""McKittrick                    """,61,1.6,0,1.6,4.9,0,34.4,0,0,0,59,37.7,8.2,37,N/A,N/A,12.2,0,5,185,180,0,17,0,0,57.14,54.76,44612,0,0,42,6,12,12,28
McSwain Union Elementary (Merced),Merced,Elementary School District,No,K-08,95341,"""Merced                        """,912,9,0.2,6.1,0.3,0,50.9,0,3.6,0,38.8,35.1,5.81,42,N/A,N/A,20.9,16,27,183,180,19,8,2.3,7.7,36.51,52.34,14046,0,0,51,7,10,7,24
Meadows Union (Imperial),Imperial,Elementary School District,No,K-08,92243,"""El Centro                     """,352,54.8,0.3,0,0.9,0,91.5,0.3,0.6,0.3,6.3,78.7,8.52,9,N/A,N/A,16.8,0,20,185,180,1,16,1.4,10.6,26.16,27.95,23481,0,1,42,8,9,7,18
Mendocino County Office of Education (Mendocino),Mendocino,County Office of Education (COE),No,02-12,95482,"""Ukiah                         """,43,7,11.6,0,0,0,34.9,0,18.6,0,34.9,88.4,16.28,56,redacted,redacted,7.7,1,5,188,180,1,13,17.1,53.3,0,4.55,N/A,0,0,22,19,21,26,6
Mendocino Unified (Mendocino),Mendocino,Unified School District,No,K-12,95460,"""Mendocino                     """,428,3.7,0.2,1.2,0.7,0.5,16.4,0,5.6,1.4,74.1,65.4,6.78,27,93.9,97.2,12.7,0,38,185,180,1,13,2.5,27.1,43,58.42,25748,0,4,52,12,9,11,13
Mendota Unified (Fresno),Fresno,Unified School District,No,K-12,93640,"""Mendota                       """,3977,55.6,0,0.3,0,0,98.7,0,0.1,0.2,0.8,97.8,29.37,1,91.8,91.7,22.8,7,155,186,181,21,12,4.9,11.3,24.52,36.32,19298,0,0,52,7,5,9,27
Menifee Union (Riverside),Riverside,Elementary School District,No,K-12,92586,"""Menifee                       """,13989,7,0.2,2.3,5.7,3.9,51.5,0.4,6.5,5.9,23.5,58.4,5.88,47,99.2,97.6,22.6,14,578,184,184,48,13,2.7,11.5,38.56,47.96,16556,0,0,64,9,4,12,10
Menlo Park City Elementary (San Mateo),San Mateo,Elementary School District,No,K-08,94027,"""Atherton                      """,2685,7.6,0.1,18,0.7,0.6,20.7,0.9,12,1,46,11.4,16.91,54,N/A,N/A,15.5,6,176,189,180,9,17,0.6,5.4,78.13,79.61,29255,0,0,67,7,8,11,7
Merced City Elementary (Merced),Merced,Elementary School District,No,K-08,95340,"""Merced                        """,11108,16.4,0.4,8.6,4.7,0.5,70.1,0.2,3.2,1.5,10.8,80.3,8.91,32,N/A,N/A,23.4,1,473,184,180,23,14,6,22.5,21.9,34.9,18875,0,0,59,11,5,12,11
Merced County Office of Education (Merced),Merced,County Office of Education (COE),No,K-12,95341,"""Merced                        """,1894,19.6,0.5,3.4,3.6,0.6,75.6,0.4,2.2,0.3,13.3,76.9,11.56,27,62.4,62.9,13.9,8,114,184,180,27,10,1.7,42.8,3.39,17.02,N/A,0,0,37,19,9,21,13
Merced River Union Elementary (Merced),Merced,Elementary School District,No,K-08,95388,"""Winton                        """,295,17.6,0.7,0,1.4,0,53.9,0,1.4,2,40.7,79.7,11.86,37,N/A,N/A,23.1,4,8,N/A,N/A,5,5,0.3,12.7,34.27,38.42,17775,0,0,66,11,10,5,8
Merced Union High (Merced),Merced,High School District,No,09-12,95301,"""Atwater                       """,11062,12,0.5,7.5,3.6,0.6,73.4,0.2,1.6,0.8,11.8,81.2,36.94,29,94.1,93.8,20.8,23,433,184,180,70,13,0.9,27.3,13.46,42.44,19638,0,2,52,13,7,13,9
Meridian Elementary (Sutter),Sutter,Elementary School District,No,K-12,95957,"""Meridian                      """,1701,8.9,1.4,8.8,16.2,2.1,29.2,1.6,8.1,0,32.7,71.5,9.05,65,74.5,71.8,23,7,411,N/A,N/A,28,10,0.1,11.5,18.03,26.23,17535,0,0,39,12,5,19,16
Mesa Union Elementary (Ventura),Ventura,Elementary School District,No,K-12,93066,"""Somis                         """,1171,6.7,0.1,2.7,0.8,0.8,57.8,0,6.2,1.2,30.4,38.1,7.34,40,93.5,redacted,23.4,3,55,188,180,3,16,0.2,3.4,40.1,54.39,14981,0,0,61,6,8,7,8
Middletown Unified (Lake),Lake,Unified School District,No,K-12,95461,"""Middletown                    """,1685,7.1,1.1,0.7,0.7,0.5,31.7,0.1,7.1,0.3,57.8,53.3,7.36,40,85.6,84.2,21.3,5,283,184,180,11,12,5,30.2,34.45,47.14,17348,0,1,57,12,10,9,9
Midway Elementary (Kern),Kern,Elementary School District,No,K-08,93224,"""Fellows                       """,65,4.6,1.5,0,0,0,16.9,0,1.5,0,80,52.3,1.54,21,N/A,N/A,12,0,6,185,180,0,11,0,12.1,57.14,58.54,27653,0,0,52,13,10,8,15
Mill Valley Elementary (Marin),Marin,Elementary School District,No,K-08,94941,"""Mill Valley                   """,2313,3.6,0.3,5.1,0.5,0.5,9.3,0,11.3,2.5,70.5,5.4,8.3,30,N/A,N/A,15.8,0,144,186,180,7,16,2.6,7.2,79.21,82.63,27608,0,0,60,5,12,11,12
Millbrae Elementary (San Mateo),San Mateo,Elementary School District,No,K-08,94030,"""Millbrae                      """,2107,19.1,0,46.9,0.5,7.1,21.6,1.7,9.6,0.5,12.1,19.4,24.82,55,N/A,N/A,22.9,2,87,185,180,5,16,1.8,9.1,62.6,66.15,16707,0,3,57,8,11,10,11
Miller Creek Elementary (Marin),Marin,Elementary School District,No,K-08,94903,"""San Rafael                    """,1755,15.1,0.1,4.7,1.3,1.3,26.7,0.1,10.1,1.4,54.5,19.5,10.6,45,N/A,N/A,20.8,2,85,N/A,N/A,5,17,2.3,9.8,58.54,66.27,18493,0,0,61,7,7,10,9
Millville Elementary (Shasta),Shasta,Elementary School District,No,K-08,96062,"""Millville                     """,208,N/A,4.3,1,1.4,0,7.2,1,5.8,1.4,77.9,45.7,0.96,24,N/A,N/A,18.7,0,11,185,180,1,15,2.7,13.9,52.94,54.48,18585,0,0,57,13,9,9,10
Milpitas Unified (Santa Clara),Santa Clara,Unified School District,No,K-12,95035,"""Milpitas                      """,10086,20.5,0.3,55.3,1.7,11.9,19.6,0.4,6,1,3.9,38.1,33.59,47,94.2,94,22.9,15,414,186,180,37,13,1.6,9.5,63.72,71.27,18174,0,0,62,6,5,15,9
Mission Union Elementary (Monterey),Monterey,Elementary School District,No,K-08,93960,"""Soledad                       """,130,13.8,0,3.1,1.5,1.5,71.5,0,0,0,22.3,36.9,7.69,29,N/A,N/A,16.3,5,3,184,180,5,4,0,6.9,29.11,56.96,18828,0,0,63,7,8,14,9
Modesto City Elementary (Stanislaus),Stanislaus,Elementary School District,No,K-12,95351,"""Modesto                       """,15660,30.8,0.3,3.6,2,0.4,72.1,0.4,4.3,2.6,14.3,81.1,12.41,28,94.8,97.4,21.4,16,736,N/A,N/A,63,15,2.6,15.5,24.43,33.37,N/A,N/A,N/A,N/A,N/A,N/A,N/A,N/A
Modesto City High (Stanislaus),Stanislaus,High School District,No,06-12,95351,"""Modesto                       """,16060,16.4,0.3,5.1,2.5,1.3,63.6,0.7,4.3,5.3,17.1,70.3,29.61,35,92.9,91.9,22.1,5,705,N/A,N/A,42,15,3.8,25,20.63,46.55,N/A,N/A,N/A,N/A,N/A,N/A,N/A,N/A
Modesto City Schools (Stanislaus),Stanislaus,Common Administration District,No,N/A,95351,Modesto,N/A,N/A,N/A,N/A,N/A,N/A,N/A,N/A,N/A,N/A,N/A,N/A,N/A,N/A,N/A,N/A,N/A,N/A,N/A,185,180,N/A,N/A,N/A,N/A,N/A,N/A,19858,0,1,53,11,6,14,10
Modoc Joint Unified (Modoc),Modoc,Unified School District,No,K-12,96101,"""Alturas                       """,766,3.8,6.7,0.3,1.2,0.4,21.1,0.4,6.3,0.7,63.1,68.9,3.26,38,92.3,90.9,16.5,2,43,185,180,5,11,3.1,14.9,23.19,37.22,18978,0,3,58,5,8,9,15
Mojave Unified (Kern),Kern,Unified School District,No,K-12,93501,"""Mojave                        """,2904,15.9,0.3,1.8,26.8,0.2,52.2,0.2,6.5,0.4,11.5,84.4,7.06,48,77.4,77,23.2,13,104,184,180,22,11,13.4,51.4,7.2,19.06,23395,0,0,45,17,7,10,20
Mono County Office of Education (Mono),Mono,County Office of Education (COE),No,09-12,93546,"""Mammoth Lakes                 """,209,40.2,0,7.2,9.1,0,60.8,0.5,3.8,0,18.7,98.6,11.96,42,redacted,redacted,18.5,0,7,181,180,5,8,0.9,25.4,redacted,redacted,N/A,0,0,15,9,38,20,5
Monrovia Unified (Los Angeles),Los Angeles,Unified School District,No,K-12,91016,"""Monrovia                      """,4920,10.2,0.1,9,4.1,2.4,63,0.1,5.7,0.9,14.6,61.7,17.97,40,95.1,95.6,22.6,17,190,185,180,34,14,2.8,16.3,42.04,54.78,18416,0,1,58,10,8,9,10
Monson-Sultana Joint Union Elementary (Tulare),Tulare,Elementary School District,No,K-08,93666,"""Sultana                       """,440,36.4,0,0.2,0,0,97.5,0,0.2,0,2,87.7,8.18,3,N/A,N/A,21,0,20,185,180,1,10,4.8,7,42.81,37.89,19580,0,0,55,7,8,12,18
Montague Elementary (Siskiyou),Siskiyou,Elementary School District,No,K-08,96064,"""Montague                      """,178,3.4,6.2,4.5,1.1,0,14.6,0,5.1,0,68.5,66.9,2.25,35,N/A,N/A,17.8,2,7,183,180,3,8,6.9,14.5,35.4,38.94,14585,0,0,60,4,8,15,12
Monte Rio Union Elementary (Sonoma),Sonoma,Elementary School District,No,K-08,95462,"""Monte Rio                     """,68,8.8,0,0,0,0,19.1,0,14.7,2.9,63.2,75,0,36,N/A,N/A,13.6,0,5,184,180,0,12,8.2,32.9,23.26,65.12,37543,0,0,52,7,13,19,9
Montebello Unified (Los Angeles),Los Angeles,Unified School District,No,K-12,90640,"""Montebello                    """,19195,25.1,0.1,2.2,0.4,0.4,95.8,0,0.3,0,0.8,86.2,24.69,5,88.2,88.9,19.9,1,961,185,181,12,20,2,17.6,25.92,37.01,24535,0,1,59,13,5,12,10
Montecito Union Elementary (Santa Barbara),Santa Barbara,Elementary School District,No,K-06,93108,"""Santa Barbara                 """,353,3.1,0,0,0.3,0,12.5,0,8.2,4.5,74.5,5.1,4.82,24,N/A,N/A,11,0,33,185,180,0,25,1.2,7.4,91.63,90.78,43932,0,0,48,2,13,10,14
Monterey County Office of Education (Monterey),Monterey,County Office of Education (COE),No,K-12,93912,"""Salinas                       """,1878,17.5,0.4,2,1.2,1.2,63.1,0.6,5.9,1.7,24,52.9,17.25,37,67.7,65.5,15.1,8,107,184,180,18,11,2,25.7,6.84,21.69,N/A,0,0,32,11,17,27,7
Monterey Peninsula Unified (Monterey),Monterey,Unified School District,No,K-12,93940,"""Monterey                      """,9949,22.8,0.3,4.3,4.6,3.6,61.1,1.4,4.8,1,18.9,68.5,25.42,41,95.5,95.4,19.1,60,430,185,180,106,11,3.1,14.1,27.42,41.57,20953,0,1,55,15,6,13,10
Montgomery Elementary (Sonoma),Sonoma,Elementary School District,No,K-08,95421,"""Cazadero                      """,23,4.3,0,0,0,0,17.4,0,4.3,0,78.3,60.9,0,23,N/A,N/A,7.7,1,2,N/A,N/A,1,5,7.4,28,38.46,46.15,44905,0,0,57,4,16,16,7
Moorpark Unified (Ventura),Ventura,Unified School District,No,K-12,93021,"""Moorpark                      """,5677,9.7,0.1,5.1,1.1,1.2,50.9,0.1,5.1,0,36.4,36.1,17.12,44,94.2,92.2,23,25,226,187,180,48,14,2.5,12.5,44.72,59.04,16389,0,0,53,12,9,10,14
Moraga Elementary (Contra Costa),Contra Costa,Elementary School District,No,K-08,94556,"""Moraga                        """,1805,3.9,0.2,17.8,1,1.4,11.5,0.1,17.9,3.6,46.5,5.6,15.46,53,N/A,N/A,19.3,8,80,186,180,20,12,0.5,3.9,74.77,81.27,17248,0,0,63,6,7,12,9
Moreland (Santa Clara),Santa Clara,Elementary School District,No,K-08,95130,"""San Jose                      """,3796,27.6,0.2,29,2.5,2.4,36.9,0.7,6.9,4.4,17,36.4,23.02,58,N/A,N/A,20.1,2,186,185,180,10,15,2.1,12.1,56.36,63.46,20930,1,0,59,9,8,12,9
Moreno Valley Unified (Riverside),Riverside,Unified School District,No,K-12,92553,"""Moreno Valley                 """,30926,17.3,0.2,2,11.7,1.1,75.2,0.6,2.4,1.4,5.3,87.2,18.67,26,93.3,93.3,21.4,49,1310,184,180,134,13,2.9,26.6,19.24,35.11,21463,0,0,66,9,3,10,12
Morgan Hill Unified (Santa Clara),Santa Clara,Unified School District,No,K-12,95037,"""Morgan Hill                   """,8483,15.3,0.3,8.5,1.3,2.3,52.5,0.3,6.4,3.3,25.1,37.2,14.97,47,95.5,91.1,21.6,41,340,185,180,80,11,3.5,19.4,35.56,47.11,18433,0,1,60,13,6,10,10
Morongo Unified (San Bernardino),San Bernardino,Unified School District,No,K-12,92277,"""Twentynine Palms              """,7225,3.3,0.6,1,7.8,1,40,0.9,4.7,0.2,43.8,66.5,4.37,48,84.3,83.5,18.6,61,292,184,180,100,11,8,30.3,23.02,36.51,22117,0,0,56,11,7,12,13
Mother Lode Union Elementary (El Dorado),El Dorado,Elementary School District,No,K-08,95667,"""Placerville                   """,843,11.2,2.5,0.5,0.2,1.1,34.2,0.1,4,0,57.4,51.5,7.71,39,N/A,N/A,17.6,4,41,183,180,7,13,9.9,15.9,26.01,38.14,18337,0,3,56,8,7,10,11
Mount Pleasant Elementary (Santa Clara),Santa Clara,Elementary School District,No,K-08,95148,"""San Jose                      """,1516,40.8,0.2,12.8,1.9,1.3,77,1.3,2.2,1.3,2,75,13.13,24,N/A,N/A,20.3,7,63,185,180,14,12,1.6,21,21.65,32.25,27150,0,0,58,8,9,16,7
Mountain Elementary (Santa Cruz),Santa Cruz,Elementary School District,No,K-06,95073,"""Soquel                        """,143,N/A,0,4.2,0.7,0,18.2,0,9.1,0,67.8,14.7,4.2,34,N/A,N/A,13.1,3,10,185,180,3,10,0,10.3,62.5,68.75,20100,0,0,63,6,7,16,7
Mountain Empire Unified (San Diego),San Diego,Unified School District,No,K-12,91962,"""Pine Valley                   """,4402,16.3,2.4,1.1,2.7,0.6,48.9,0.1,7.7,0.6,35.8,53.8,10.77,46,78.6,77.7,16.6,6,326,N/A,N/A,25,14,1.8,19,13.1,26.15,23242,0,1,58,13,6,9,10
Mountain House Elementary (Alameda),Alameda,Elementary School District,No,K-08,94514,"""Byron                         """,14,21.4,0,0,0,0,78.6,0,0,0,21.4,14.3,28.57,22,N/A,N/A,14,0,1,184,180,0,16,0,27.8,38.46,69.23,50043,0,3,53,1,8,17,17
Mountain Union Elementary (Shasta),Shasta,Elementary School District,No,K-08,96065,"""Montgomery Creek              """,70,N/A,20,0,0,0,17.1,0,12.9,0,50,75.7,N/A,51,N/A,N/A,11.3,2,4,N/A,N/A,2,10,6.7,42.7,23.53,33.33,38006,0,0,52,17,13,7,11
Mountain Valley Unified (Trinity),Trinity,Unified School District,No,K-12,96041,"""Hayfork                       """,346,13.6,2.3,24,0.3,0,9,0,9,0.9,54.6,75.4,8.96,46,92,91.3,21.6,1,16,184,180,1,15,0.5,15.5,50.29,53.71,21820,0,4,47,8,4,9,25
Mountain View Elementary (Los Angeles),Los Angeles,Elementary School District,No,K-08,91732,"""El Monte                      """,4463,42.6,0.1,6.1,0.2,0.4,92.9,0,0,0,0.4,90.1,20.08,8,N/A,N/A,19.2,16,205,185,180,28,20,2,16.6,41.61,52.76,26777,0,0,64,6,6,14,9
Mountain View Elementary (San Bernardino),San Bernardino,Elementary School District,No,K-08,91761,"""Ontario                       """,3318,14,0.2,16.2,8.3,5.8,58.8,0.2,2.2,0.1,8.2,56.3,10.49,45,N/A,N/A,22.7,5,135,184,180,11,13,1.8,13.8,19.4,32.3,15428,0,0,61,10,7,8,8
Mountain View Whisman (Santa Clara),Santa Clara,Elementary School District,No,K-08,94043,"""Mountain View                 """,4644,23.4,0,22.7,1,1.9,38.6,0.4,12.4,0.2,22.8,27.9,27.58,59,N/A,N/A,18.3,8,234,187,180,24,13,2.8,10.8,58.29,62.98,27113,0,0,63,6,11,12,8
Mountain View-Los Altos Union High (Santa Clara),Santa Clara,High School District,No,09-12,94040,"""Mountain View                 """,4459,7.6,0.1,28,1,2,25.5,0.6,11.3,0,31.3,15.2,38.35,61,94.7,91,18.2,5,253,186,182,12,16,1.2,11.1,67.5,78.55,35105,0,2,60,10,9,11,7
Mt. Baldy Joint Elementary (San Bernardino),San Bernardino,Elementary School District,No,K-08,91759,"""Mt. Baldy                     """,20,N/A,0,5.1,0,0,41,0,0,0,53.8,10,N/A,38,N/A,N/A,10,0,1,185,180,1,3,4.2,10.3,40,58.33,18151,0,0,48,13,17,17,6
Mt. Diablo Unified (Contra Costa),Contra Costa,Unified School District,No,K-12,94519,"""Concord                       """,30163,21.3,0.1,9.5,3.4,4.1,43.1,0.7,8.9,3.3,27,52.2,18.57,56,89.5,88.1,23.3,78,1124,185,180,194,14,3.1,20.9,38.7,48.11,19016,0,1,62,11,5,11,10
Mt. Shasta Union Elementary (Siskiyou),Siskiyou,Elementary School District,No,K-08,96067,"""Mount Shasta                  """,469,1.9,0.4,0.4,1.5,0.4,11.7,0.9,3.8,0,80.8,37.3,1.07,21,N/A,N/A,20.2,5,18,184,180,6,11,2.7,66.7,34.44,34.65,17069,0,1,58,4,11,11,13
Mulberry Elementary (Imperial),Imperial,Elementary School District,No,K-08,92227,"""Brawley                       """,61,14.8,0,0,3.3,0,54.1,0,0,8.2,34.4,45.9,8.2,36,N/A,N/A,15.3,1,2,187,180,2,5,0,0,36.59,58.54,19526,0,0,55,4,11,16,13
Mupu Elementary (Ventura),Ventura,Elementary School District,No,K-08,93060,"""Santa Paula                   """,175,12.6,0,0.6,0,1.1,74.9,0,0,0,23.4,60,9.14,25,N/A,N/A,16.7,1,11,184,182,1,10,5.6,8.5,32.71,43.52,16893,0,0,55,7,6,13,18
Muroc Joint Unified (Kern),Kern,Unified School District,No,K-12,93523,"""North Edwards                 """,1803,0.6,0.3,0.7,6.7,3.1,37.9,0.2,10,7.9,33.1,31.3,8.1,53,97.2,95.7,17.2,11,90,184,180,19,11,2.9,32.5,22.11,35.64,18670,0,2,57,10,10,7,14
Murrieta Valley Unified (Riverside),Riverside,Unified School District,No,K-12,92562,"""Murrieta                      """,21712,5,0.2,4.1,5.2,3.7,43.3,0.5,8.5,1.7,32.8,53.8,10.18,53,97.8,97,23.5,16,879,184,180,52,15,2.4,18.8,47.69,63.07,16831,0,1,63,10,6,9,11
Napa County Office of Education (Napa),Napa,County Office of Education (COE),No,06-12,94559,"""Napa                          """,200,30.5,0,0.5,1,0,70.5,0,1,0,27,58,21,29,64.9,64.9,13.2,1,14,N/A,N/A,2,12,12,32.8,0,9.68,N/A,0,0,28,3,15,42,4
Napa Valley Unified (Napa),Napa,Unified School District,No,K-12,94558,"""Napa                          """,16381,22.6,0.1,2.8,2.4,6.5,58.6,0.2,5.1,0.1,24.2,64.8,21.16,43,92.8,91.5,22.5,35,667,185,180,89,14,3.9,18.5,29.75,44.67,17390,0,1,57,10,7,12,11
National Elementary (San Diego),San Diego,Elementary School District,No,K-08,91950,"""National City                 """,4360,48.7,0,1,1.5,9.2,83.3,0.2,1.9,1.4,1.5,85,14.24,17,N/A,N/A,23,10,175,185,180,15,15,2.7,24.7,27.9,33.84,28064,0,0,61,9,7,9,13
Natomas Unified (Sacramento),Sacramento,Unified School District,No,K-12,95834,"""Sacramento                    """,16773,13.1,0.4,19.8,17.7,3.8,32.9,1.4,10.9,0.1,13,56.7,16.48,69,95.5,94.3,22.5,13,680,183,180,85,11,5.7,17.4,29.51,41.38,19021,0,1,61,8,8,12,10
Needles Unified (San Bernardino),San Bernardino,Unified School District,No,K-12,92363,"""Needles                       """,921,0.1,11.7,0.7,4.1,0.4,34.7,0.2,5.8,0,42.3,82.2,1.3,53,100,100,17.7,1,52,185,180,1,17,4.6,22.9,19.2,31.74,21374,0,0,54,7,10,9,13
Nevada City Elementary (Nevada),Nevada,Elementary School District,No,K-08,95959,"""Nevada City                   """,691,0.7,0.7,1.3,0.7,0.1,9.4,0.3,6.4,0,81,35.2,0.72,21,N/A,N/A,19,0,39,186,180,1,14,3.4,18.4,41.28,58.6,16056,0,0,48,7,10,13,12
Nevada County Office of Education (Nevada),Nevada,County Office of Education (COE),No,K-12,95945,"""Grass Valley                  """,3243,4.6,0.7,0.7,2.2,0.2,39.7,0.2,5.1,2.4,48.8,53.7,5.58,42,29.4,25,16.9,6,193,185,180,19,13,1.5,45.8,25.13,38.92,N/A,0,1,26,18,19,12,14
Nevada Joint Union High (Nevada),Nevada,High School District,No,09-12,95945,"""Grass Valley                  """,2765,1,0.8,0.9,0.7,0.5,17.5,0.1,7.1,0.6,71.8,35.9,5.5,30,89.6,85.3,19.7,6,137,185,180,20,13,5.1,26.2,35.12,63.32,20072,0,4,51,14,9,10,12
New Haven Unified (Alameda),Alameda,Unified School District,No,K-12,94587,"""Union City                    """,10069,16,0.8,28.6,3.9,17.1,36.6,1.5,5.3,0.5,5.6,57.1,26.34,61,91.6,90.4,24.5,32,348,185,180,75,14,2.2,20.5,38.45,50.51,18391,0,1,62,8,8,11,10
New Hope Elementary (San Joaquin),San Joaquin,Elementary School District,No,K-08,95686,"""Thornton                      """,164,37.8,0,0,1.2,0.6,90.2,0,2.4,0,5.5,78,17.07,11,N/A,N/A,15.4,0,11,184,180,0,22,0.6,22.3,18.75,38.39,22595,0,0,61,5,11,8,15
New Jerusalem Elementary (San Joaquin),San Joaquin,Elementary School District,No,K-12,95304,"""Tracy                         """,7267,13.4,0.7,9.6,10.1,2.5,46.6,1.2,6.5,0,22.8,62.6,12.81,56,75.6,73.5,21.9,31,663,N/A,N/A,76,9,1.7,12.2,24.16,30.57,356868,0,0,8,10,27,16,27
Newark Unified (Alameda),Alameda,Unified School District,No,K-12,94560,"""Newark                        """,4666,21.3,0.2,18.2,2.6,8.2,51.7,2.1,5.9,3,8.3,40.1,21.13,51,89.4,87.3,22.6,37,147,186,180,68,12,3.6,23.8,38.52,49.1,18375,0,1,57,12,7,10,12
Newcastle Elementary (Placer),Placer,Elementary School District,No,K-08,95658,"""Newcastle                     """,2175,5.3,0.4,18.3,0.5,4.4,13.4,0.1,8.4,0.2,54.4,14.6,9.47,48,N/A,N/A,21.7,6,94,184,180,12,11,1.2,3.3,58.09,70.64,24457,0,0,51,7,12,7,8
Newhall (Los Angeles),Los Angeles,Elementary School District,No,K-06,91355,"""Valencia                      """,6022,18.3,0.2,11.4,2,3.6,44.8,0.1,6.6,3.3,28,46.6,7.95,53,N/A,N/A,22.3,28,224,184,180,52,14,0.6,9.4,63.56,69.37,16843,0,0,65,6,8,10,9
Newman-Crows Landing Unified (Stanislaus),Stanislaus,Unified School District,No,K-12,95360,"""Newman                        """,3085,30.1,0.2,0.6,2,1,82.2,0.1,2.9,0,11.1,68.2,16.66,20,97.4,97.2,18.8,8,148,N/A,N/A,18,12,3.9,18.7,21.73,38.63,21327,0,3,52,13,8,11,13
Newport-Mesa Unified (Orange),Orange,Unified School District,No,K-12,92626,"""Costa Mesa                    """,17635,15.4,0.1,5.3,0.7,0.7,45.9,0.4,6.5,1.4,39.2,50.7,18.84,46,94.8,93.3,18.3,25,924,188,180,77,15,2,13.5,50.34,61.7,28980,0,1,54,7,8,14,15
Nicasio (Marin),Marin,Elementary School District,No,K-08,94946,"""Nicasio                       """,34,20.6,0,0,0,5.9,52.9,0,2.9,0,38.2,52.9,14.71,41,N/A,N/A,11.3,1,2,186,180,1,6,0,16.7,14.29,35,37303,0,0,39,4,11,21,12
Norris Elementary (Kern),Kern,Elementary School District,No,K-08,93312,"""Bakersfield                   """,4153,5,0.5,4.3,2,2.6,44.6,0.1,4.8,0.1,41.1,37.3,5.9,47,N/A,N/A,21.1,53,126,N/A,N/A,72,10,1.5,9.5,44.29,55.44,12978,0,0,55,8,6,8,12
North County Joint Union Elementary (San Benito),San Benito,Elementary School District,No,K-08,95023,"""Hollister                     """,762,11.2,0,0.9,0.4,0.3,58.9,0,0.4,3.3,35.8,42.8,13.52,34,N/A,N/A,22.4,1,32,187,180,2,15,0.5,3.9,53.53,60.79,14723,0,2,61,6,7,10,8
North Cow Creek Elementary (Shasta),Shasta,Elementary School District,No,K-08,96073,"""Palo Cedro                    """,270,N/A,3.3,0,0.4,0,7.4,0,10.7,0.4,77.8,27,0.37,24,N/A,N/A,21.4,0,12,186,180,1,14,1.1,3.7,42.7,59.89,14166,0,2,63,4,6,11,13
North Monterey County Unified (Monterey),Monterey,Unified School District,No,K-12,95012,"""Castroville                   """,4290,46.3,0.1,0.4,0.2,0.4,91.9,0.1,0.4,0.3,6.2,86.2,25.27,9,90.2,90.4,21.5,17,161,N/A,N/A,40,11,3.8,23.4,16.55,29.05,23874,0,0,58,11,10,11,8
Northern Humboldt Union High (Humboldt),Humboldt,High School District,No,K-12,95519,"""McKinleyville                 """,1937,2.8,5,2,1,0.2,16.7,0.2,11.4,3.2,60.4,43.6,4.34,40,97.3,97.6,17.4,12,110,N/A,N/A,17,13,5.2,33.7,30.4,56.42,22308,0,1,52,14,7,15,10
Novato Unified (Marin),Marin,Unified School District,No,K-12,94945,"""Novato                        """,7516,17.5,0.3,4.5,2,0.7,44.2,0.2,8,0.6,39.5,46.6,19.15,48,95,93.2,19.5,40,347,186,180,51,14,1.7,12.8,41.53,52.7,18474,0,1,61,9,6,11,9
Nuestro Elementary (Sutter),Sutter,Elementary School District,No,K-12,95953,"""Live Oak                      """,884,5.1,2,8,2,2.1,23.5,0.2,3.6,0.1,58.3,43.4,5.54,43,100,100,23.5,0,37,183,180,1,15,0.1,2.1,29.91,35.51,14861,0,0,57,3,10,13,12
Nuview Union (Riverside),Riverside,Elementary School District,No,K-12,92567,"""Nuevo                         """,2224,22.5,0.1,0.4,1.1,0.5,85.5,0.4,2.7,0,9.3,84.5,20.64,16,99.4,99.3,24.3,1,84,184,180,9,14,3.6,17.7,25.61,43.99,19831,0,0,54,13,7,6,16
Oak Grove Elementary (Santa Clara),Santa Clara,Elementary School District,No,K-08,95119,"""San Jose                      """,8578,24.2,0.4,21.4,2.5,3.7,51.9,0.5,6.8,0.4,12.4,43.1,14.42,50,N/A,N/A,21.5,25,358,186,180,47,15,2.1,17.5,43.66,48.4,18793,0,0,63,8,7,8,8
Oak Grove Union Elementary (Sonoma),Sonoma,Elementary School District,No,K-12,95401,"""Santa Rosa                    """,1240,7.3,1.8,1.5,1.5,0.3,32,0.1,8,0.6,54.2,38.7,12.58,43,47.2,44.8,16.8,5,83,185,180,5,15,3.1,30,40.25,55.89,20624,0,0,63,7,13,11,6
Oak Park Unified (Ventura),Ventura,Unified School District,No,K-12,91377,"""Oak Park                      """,4437,4.8,0.1,23.6,1.2,1.8,11.2,0.3,8.5,0,53.3,12.3,20.24,48,96.7,95.7,23.1,4,190,185,180,7,17,1.1,6.6,72.29,80.34,14418,0,2,62,9,10,8,9
Oak Run Elementary (Shasta),Shasta,Elementary School District,No,01-08,96069,"""Oak Run                       """,26,11.5,11.5,3.8,0,0,15.4,0,0,0,69.2,96.2,0,33,N/A,N/A,13,1,1,N/A,N/A,1,16,3.2,37,redacted,redacted,80089,0,0,38,19,13,18,12
Oak Valley Union Elementary (Tulare),Tulare,Elementary School District,No,K-08,93274,"""Tulare                        """,562,19.2,0,0,1.1,0.2,79.5,0,0.4,0.9,18,65.3,22.95,21,N/A,N/A,18.1,0,31,185,180,1,11,0.5,4.5,37.46,53.03,18285,0,5,54,6,7,6,22
Oak View Union Elementary (San Joaquin),San Joaquin,Elementary School District,No,K-08,95220,"""Acampo                        """,365,21.1,0,2.2,0,0.3,53.7,0,4.7,0,39.2,40,13.15,40,N/A,N/A,18.4,0,20,187,180,0,17,0.3,7.2,54.32,58.85,14453,0,0,62,7,7,15,9
Oakdale Joint Unified (Stanislaus),Stanislaus,Unified School District,No,K-12,95361,"""Oakdale                       """,5118,9.9,0.4,0.9,0.9,0.5,43.1,0.1,3.8,0,50.2,40.7,9.34,40,97.3,96.8,21.5,7,226,182,180,14,16,5.6,17.2,36.48,50.46,17239,0,0,64,12,5,9,9
Oakland Unified (Alameda),Alameda,Unified School District,No,K-12,94607,"""Oakland                       """,44647,32.1,0.3,9.1,19.5,0.7,50.9,0.7,6.1,2.7,10,80.2,18.84,51,78.6,77.9,17.7,346,2042,186,180,586,9,3.7,29.8,26.92,33.66,28286,0,2,56,6,6,19,10
Oakley Union Elementary (Contra Costa),Contra Costa,Elementary School District,No,K-08,94561,"""Oakley                        """,5131,13.3,0.3,4.6,9.7,6.7,47.1,0.6,6,0.2,24.8,43.7,7.72,55,N/A,N/A,20.6,18,217,184,180,37,13,5.9,19.6,24.32,35.95,17191,0,0,60,12,7,11,8
Ocean View (Orange),Orange,Elementary School District,No,K-08,92647,"""Huntington Beach              """,6658,17.5,0.2,13.8,1.2,0.9,42.1,0.5,7.6,1.6,32.2,57.8,10.95,53,N/A,N/A,22.1,12,285,184,180,18,21,0.8,11.9,50.17,56.93,18862,0,5,60,6,9,10,10
Ocean View (Ventura),Ventura,Elementary School District,No,K-08,93033,"""Oxnard                        """,2077,52.5,0.1,0,1.8,2.2,87.4,0.4,2,0,6,75.3,14.64,14,N/A,N/A,22,4,90,183,180,5,14,2.8,19.7,21.67,28.68,19347,0,0,51,10,7,13,12
Oceanside Unified (San Diego),San Diego,Unified School District,No,K-12,92058,"""Oceanside                     """,17467,10,0.3,1.8,3.7,1.9,57.1,1.4,7.8,1.2,24.8,66.5,16.6,43,87.7,86,20.5,24,806,185,180,58,16,3,22.2,31.78,42.2,20901,0,0,59,11,6,11,13
Ojai Unified (Ventura),Ventura,Unified School District,No,K-12,93023,"""Ojai                          """,2084,7.1,0.4,1.1,1,0.2,38.9,0.2,4.3,0,53.8,50.9,14.78,40,86.9,87.3,21.8,6,86,184,180,13,16,0.6,24.9,28.98,41.88,16694,0,0,52,13,10,12,12
Old Adobe Union (Sonoma),Sonoma,Elementary School District,No,K-06,94954,"""Petaluma                      """,1881,19.5,0.3,2.2,1.3,0.8,41.5,0.2,6.4,0,47.3,37.3,11.11,44,N/A,N/A,22.7,9,74,N/A,N/A,15,12,0.9,10.9,44.43,51.84,21102,0,0,69,8,5,9,8
Ontario-Montclair (San Bernardino),San Bernardino,Elementary School District,No,K-08,91762,"""Ontario                       """,17695,26.2,0.7,2.8,3.4,0.5,88.1,0.3,0.8,0,3.3,86.8,17.59,14,N/A,N/A,18.7,31,894,184,180,53,17,1.6,10,34.82,44.73,24903,0,0,65,10,6,8,11
Orange Center (Fresno),Fresno,Elementary School District,No,K-12,93706,"""Fresno                        """,1801,13.3,0.7,5.1,6.4,0.8,67.2,0.4,3.3,0.1,16,80.1,10.16,36,59,57.3,16.5,9,442,N/A,N/A,25,10,0.3,13.5,24.36,44.37,25939,0,0,51,8,11,6,22
Orange County Department of Education (Orange),Orange,County Office of Education (COE),No,K-12,92628,"""Costa Mesa                    """,14203,14.2,0.3,15.8,2.7,1.6,48.2,0.6,6.1,1.6,23.1,49.5,21.96,52,67.5,59.6,19.4,63,767,182,180,194,11,0.9,20.4,7.03,19.22,N/A,0,0,23,7,10,41,7
Orange Unified (Orange),Orange,Unified School District,No,K-12,92867,"""Orange                        """,24960,15.5,0.1,10.4,1.2,2.1,57.7,0.2,4.4,1.6,22.4,57.6,21.61,43,97.2,97.2,24.1,28,984,185,180,69,15,1,15.4,45.98,59.34,18412,0,0,57,12,5,14,11
Orchard Elementary (Santa Clara),Santa Clara,Elementary School District,No,K-08,95131,"""San Jose                      """,741,39.5,0.7,30.2,3.9,6.2,47,1.3,5.4,0.8,4.5,50.1,18.08,52,N/A,N/A,15,2,46,185,180,3,12,1.7,19.5,26.67,38.62,23662,0,0,71,8,6,10,4
Orcutt Union Elementary (Santa Barbara),Santa Barbara,Elementary School District,No,K-12,93455,"""Orcutt                        """,4911,10,0.5,1,0.9,1.3,58.2,0.1,5.7,3.6,28.6,62.8,8.49,38,100,100,22,10,212,185,180,17,14,5.1,15.2,39.38,46.73,15461,0,0,62,9,1,13,10
Orick Elementary (Humboldt),Humboldt,Elementary School District,No,K-08,95555,"""Orick                         """,8,N/A,0,0,0,0,37.5,0,12.5,0,50,100,N/A,43,N/A,N/A,4,0,0,184,180,2,2,0,0,redacted,redacted,118208,0,0,29,12,12,27,14
Orinda Union (Contra Costa),Contra Costa,Elementary School District,No,K-08,94563,"""Orinda                        """,2594,2.1,0.2,19.2,0.8,1.2,8.1,0.1,16.7,1.4,52.3,3.3,8.75,49,N/A,N/A,19.2,0,140,186,180,2,11,0.6,5.1,83.49,87.41,17537,0,0,63,7,8,9,11
Orland Joint Unified (Glenn),Glenn,Unified School District,No,K-12,95963,"""Orland                        """,2191,25.2,1,1.5,0.3,0.1,69.2,0.1,1.3,0.3,26.2,84.6,18.76,30,95.9,95.5,18.6,20,82,183,180,39,11,7.4,13.8,12.69,24.48,17782,0,1,55,7,6,7,17
Oro Grande (San Bernardino),San Bernardino,Elementary School District,No,K-12,92368,"""Oro Grande                    """,6163,12,0.9,0.5,9.6,0.2,63.9,0.5,4.1,0.6,19.6,82.2,11.46,38,79.6,78.4,22.7,6,266,185,180,22,10,2.3,10.7,14.29,23.81,137939,0,0,24,7,18,6,42
Oroville City Elementary (Butte),Butte,Elementary School District,No,K-12,95966,"""Oroville                      """,2528,6.1,2.7,9.9,3,0.4,21.1,0.2,14.5,0.2,48.2,71.3,2.65,54,redacted,redacted,17.3,13,128,184,180,22,12,6.8,32.2,17.73,26.58,22829,0,0,53,7,5,9,20
Oroville Union High (Butte),Butte,High School District,No,09-12,95966,"""Oroville                      """,2230,5.2,5.2,12.8,3.6,0.6,22.3,0.7,5.8,0.2,48.8,78,14.8,54,88.1,86.6,18.8,20,88,184,180,34,11,5.7,30.7,13.53,37.8,22060,0,3,50,17,6,8,14
Outside Creek Elementary (Tulare),Tulare,Elementary School District,No,K-08,93292,"""Visalia                       """,125,28.8,0,0.8,0,0,79.2,0,0,0,20,54.4,5.6,21,N/A,N/A,26,1,4,N/A,N/A,1,7,0,13.4,40.45,53.93,12030,0,0,60,7,9,7,16
Owens Valley Unified (Inyo),Inyo,Unified School District,No,K-12,93526,"""Independence                  """,99,5.1,17.2,1,2,1,42.4,0,16.2,0,20.2,50.5,3.03,58,redacted,redacted,12,0,8,N/A,N/A,1,12,0.9,29.9,11.48,29.51,35229,0,0,55,5,10,16,13
Oxnard (Ventura),Ventura,Elementary School District,No,K-08,93030,"""Oxnard                        """,13003,47,0.1,0.7,0.7,1.1,94,0.1,0.8,0,2.5,88.3,18.08,7,N/A,N/A,18.8,38,638,186,180,61,15,2.4,20.5,21.74,33.66,25508,0,0,59,15,7,11,8
Oxnard Union High (Ventura),Ventura,High School District,No,K-12,93030,"""Oxnard                        """,16895,13,0.1,1.9,1.1,2.9,81.2,0.2,3,0,9.5,72,45.98,21,92.4,92,21.9,10,750,184,180,37,16,4.5,24.5,19.29,44.7,20875,0,3,52,14,9,10,11
Pacheco Union Elementary (Shasta),Shasta,Elementary School District,No,K-08,96002,"""Redding                       """,711,1.5,3.1,1.5,0.6,0.6,16.7,0,11,1,65.5,59.1,2.25,36,N/A,N/A,19,1,35,184,180,3,11,2.8,14.1,33.02,42.19,16411,0,0,61,10,7,11,10
Pacific Elementary (Santa Cruz),Santa Cruz,Elementary School District,No,K-06,95017,"""Davenport                     """,173,6.4,0,0,0.6,0,24.3,0,15,1.7,58.4,41,4.05,40,N/A,N/A,22.8,0,8,185,180,1,8,0,19.3,60.67,55.68,14874,0,0,59,10,8,16,7
Pacific Grove Unified (Monterey),Monterey,Unified School District,No,K-12,93950,"""Pacific Grove                 """,1749,3.7,0.9,9.7,1.7,1.6,19.7,0.7,7.8,3.4,54.5,18.9,11.84,46,95.8,95.7,16.4,5,101,185,180,6,18,0.9,15.1,60.22,71.78,29595,0,1,58,11,9,9,10
Pacific Union Elementary (Humboldt),Humboldt,Elementary School District,No,K-08,95521,"""Arcata                        """,574,5.6,7,1.4,1.9,0,27.2,0,12.5,0.2,49.8,57.1,2.61,50,N/A,N/A,16.1,2,33,183,180,3,13,2.2,24,38.99,37.44,16396,0,0,62,10,6,7,11
Pacific Union Elementary (Fresno),Fresno,Elementary School District,No,K-08,93725,"""Fresno                        """,328,54.9,0,0.9,0.3,0,87.2,0,0,0,11.6,89.9,10.67,14,N/A,N/A,15.6,0,17,N/A,N/A,4,10,7.2,16.8,39.2,49.07,24073,0,1,60,11,4,6,17
Pacifica (San Mateo),San Mateo,Elementary School District,No,K-08,94044,"""Pacifica                      """,2652,7.8,0.2,8.1,1.1,7.6,26.4,0.5,16.9,0,39.2,19.3,7.77,60,N/A,N/A,20.3,10,117,N/A,N/A,21,13,1.2,12.5,51.61,54.45,17002,0,0,65,4,8,12,9
Pajaro Valley Unified (Santa Cruz),Santa Cruz,Unified School District,No,K-12,95076,"""Watsonville                   """,17089,36.9,0.1,0.5,0.2,0.5,84.6,0.1,1.4,0,12.5,79.9,24.24,17,92.3,92.2,21,89,658,184,180,163,11,4.3,24.4,17.53,26.26,24632,0,1,54,13,4,16,11
Palermo Union Elementary (Butte),Butte,Elementary School District,No,K-08,95968,"""Palermo                       """,1343,10.9,2.8,3.8,0.9,0.2,37.4,0.1,13.8,0.8,40.1,82.1,6.85,52,N/A,N/A,18,0,70,185,183,5,14,4.7,19.3,23.1,35.59,18811,0,0,62,8,6,8,13
Palm Springs Unified (Riverside),Riverside,Unified School District,No,K-12,92264,"""Palm Springs                  """,20008,26.1,0.4,0.8,3.8,1.7,82.2,0.1,2.7,0,8.2,94.4,23.19,20,91.5,91.8,19.7,58,873,184,181,158,12,4.3,28.6,22.32,35.9,24457,0,1,58,10,5,11,16
Palmdale Elementary (Los Angeles),Los Angeles,Elementary School District,No,K-12,93550,"""Palmdale                      """,21259,17.5,0.9,0.6,12.8,0.8,78.5,0.2,2.1,0.2,4,82,16.01,23,72.1,70.1,23.1,99,755,186,186,194,12,4.7,28.6,18.66,30.4,22456,0,0,53,12,6,10,19
Palo Alto Unified (Santa Clara),Santa Clara,Unified School District,No,K-12,94306,"""Palo Alto                     """,10209,11.5,0,42.1,1.7,0.7,16.1,0.9,11.1,0,27.3,13.4,30.77,56,97.7,92.2,15.5,13,675,187,180,26,17,1.5,10.2,79.62,82.26,33959,0,1,63,9,7,10,10
Palo Verde Unified (Riverside),Riverside,Unified School District,No,K-12,92225,"""Blythe                        """,3871,10.1,0.5,3.9,11.2,0.3,54,0.2,4,0.3,25.6,73.7,5.86,47,88.4,87.7,24.7,17,136,185,180,21,13,4.1,21.2,12.16,24.06,22577,0,1,53,12,7,12,14
Palo Verde Union Elementary (Tulare),Tulare,Elementary School District,No,K-08,93274,"""Tulare                        """,511,40.1,0,0.6,1,0,92,0,0.2,0.6,5.7,87.7,18.79,8,N/A,N/A,22.2,4,19,185,180,4,11,1.1,9.4,34.04,41.3,20743,0,0,65,9,4,5,16
Palos Verdes Peninsula Unified (Los Angeles),Los Angeles,Unified School District,No,K-12,90274,"""Palos Verdes Estates          """,10177,5.1,0.1,30,2,1.9,16,0.1,11.7,0.8,37.4,10.8,17.31,59,98,95.8,21.9,0,473,185,180,7,20,1.1,10.4,75.41,80.84,17611,0,1,66,8,7,7,10
Panama-Buena Vista Union (Kern),Kern,Elementary School District,No,K-08,93313,"""Bakersfield                   """,19366,13.6,0.3,10.9,7.6,0.5,62,0.3,2.1,3.5,12.8,77.6,9.96,39,N/A,N/A,22.7,96,652,183,180,217,10,1.8,18.7,31.33,47.58,18661,0,0,60,13,5,9,12
Panoche Elementary (San Benito),San Benito,Elementary School District,No,K-04,95043,"""Paicines                      """,7,57.1,0,0,0,0,71.4,0,0,0,28.6,57.1,0,27,N/A,N/A,7,0,1,185,180,0,12,0,0,redacted,redacted,50009,0,0,48,0,17,7,12
Paradise Elementary (Stanislaus),Stanislaus,Elementary School District,No,K-08,95358,"""Modesto                       """,177,27.1,0,10.2,0,0,68.9,0,1.7,2.3,16.9,65.5,15.25,31,N/A,N/A,19.7,1,8,185,180,1,14,0,12.6,60.8,60.8,19528,0,4,56,8,7,14,10
Paradise Unified (Butte),Butte,Unified School District,No,K-12,95969,"""Paradise                      """,2394,1.9,1.5,0.9,0.5,0.3,16.2,0.2,6.9,0,73.6,64.2,2.46,28,86.3,85.3,19.2,10,102,185,180,32,12,6.4,24.2,29.56,33.89,24240,0,1,57,10,10,8,13
Paramount Unified (Los Angeles),Los Angeles,Unified School District,No,K-12,90723,"""Paramount                     """,11648,19.9,0.2,0.9,7.5,0.5,88.4,0.6,0.9,0,0.9,95.1,30.83,13,90.3,90.5,19.1,13,615,184,180,27,18,2.2,22.5,25.02,43.38,26268,0,0,68,8,4,11,9
Parlier Unified (Fresno),Fresno,Unified School District,No,K-12,93648,"""Parlier                       """,3206,37.3,0.3,0.2,0.3,0,98.2,0,0.1,0.1,0.9,95.5,29.16,2,93.5,93.4,20.5,14,147,185,180,22,11,5.9,16.7,14.45,24.47,24146,0,1,51,10,5,13,17
Pasadena Unified (Los Angeles),Los Angeles,Unified School District,No,K-12,91101,"""Pasadena                      """,15009,11.8,0.2,5.8,10,2,56.2,0.1,5.7,1.6,18.4,58.8,21.34,46,87.6,86.9,19.6,71,642,186,180,143,14,2,23.8,36.31,48.18,30937,0,0,45,9,7,13,24
Paso Robles Joint Unified (San Luis Obispo),San Luis Obispo,Unified School District,No,K-12,93446,"""Paso Robles                   """,6284,20.6,0.3,0.7,1,0.3,60.9,0,3.3,1.6,31.9,68.1,20.04,35,88.2,86.9,22.7,12,251,185,180,41,13,3.2,22.1,29.98,43.94,18288,0,1,58,11,7,8,11
Patterson Joint Unified (Stanislaus),Stanislaus,Unified School District,No,K-12,95363,"""Patterson                     """,6070,31.7,0.3,2.5,4.4,1.8,77.5,1.4,1.8,2.1,8.2,77.6,19.49,23,95.1,94.6,20.6,14,265,185,180,34,11,5.3,20.2,19.31,37.38,21171,0,1,57,11,7,12,11
Peninsula Union (Humboldt),Humboldt,Elementary School District,No,K-08,95564,"""Samoa                         """,66,N/A,7.6,0,3,0,22.7,0,13.6,4.5,48.5,81.8,N/A,50,N/A,N/A,13.2,0,3,183,181,2,3,1.2,62.3,0,15.38,25883,0,0,48,4,12,13,14
Penn Valley Union Elementary (Nevada),Nevada,Elementary School District,No,K-12,95946,"""Penn Valley                   """,535,1.5,1.1,0.7,0.9,0,18.1,0,8.8,0,70.3,57.4,1.31,32,redacted,redacted,16.3,7,23,N/A,N/A,12,9,2.2,27.9,38.22,49.52,17634,0,3,48,7,10,10,11
Perris Elementary (Riverside),Riverside,Elementary School District,No,K-08,92570,"""Perris                        """,5522,40.9,0.2,0.4,4.9,0.2,89.3,0.1,0.8,1.4,2.6,83.3,10.76,11,N/A,N/A,20.2,2,268,185,180,7,14,0.9,27.9,19.63,31.94,21910,0,0,58,8,5,9,19
Perris Union High (Riverside),Riverside,High School District,No,05-12,92570,"""Perris                        """,11832,13.8,0.2,1.6,6.2,2.9,70.4,0.3,4.6,0.8,12.9,75.1,27.12,32,93.5,93.5,23.7,4,497,186,180,16,16,2.6,28.6,15.12,42.71,20218,0,2,56,12,6,10,13
Petaluma City Elementary (Sonoma),Sonoma,Elementary School District,No,K-12,94952,"""Petaluma                      """,2455,16.8,0.8,3,1,0.6,32.6,0.9,7.6,0.4,53.1,42.6,5.99,44,20,redacted,20.4,11,96,N/A,N/A,32,12,2.2,17,43.69,45.52,N/A,N/A,N/A,N/A,N/A,N/A,N/A,N/A
Petaluma City Elementary/Joint Union High (Sonoma),Sonoma,Common Administration District,No,N/A,94952,Petaluma,N/A,N/A,N/A,N/A,N/A,N/A,N/A,N/A,N/A,N/A,N/A,N/A,N/A,N/A,N/A,N/A,N/A,N/A,N/A,189,180,N/A,N/A,N/A,N/A,N/A,N/A,20155,0,1,60,12,5,11,10
Petaluma Joint Union High (Sonoma),Sonoma,High School District,No,K-12,94952,"""Petaluma                      """,4961,6.9,0.5,2,1.2,0.6,37.1,0.3,5.6,0.4,52.4,43.5,22.03,42,92,88.8,20.5,31,207,N/A,N/A,40,16,2.9,18.6,40.23,56.14,N/A,N/A,N/A,N/A,N/A,N/A,N/A,N/A
Piedmont City Unified (Alameda),Alameda,Unified School District,No,K-12,94611,"""Piedmont                      """,2455,0.9,0.1,15.6,2.4,1,10.2,0,20,0,50.8,4.3,12.02,51,97.8,100,16.8,5,147,185,180,10,18,0.9,5.1,82.17,84.74,22105,0,2,60,8,8,12,10
Pierce Joint Unified (Colusa),Colusa,Unified School District,No,K-12,95912,"""Arbuckle                      """,1447,21.1,0.1,0.6,1.4,0.1,81,0.1,1,0,15.7,73.6,37.18,20,96.9,96.5,19.2,18,48,186,180,28,7,2.5,14.9,28.19,41.99,16077,0,2,52,8,9,8,11
Pine Ridge Elementary (Fresno),Fresno,Elementary School District,No,K-07,93602,"""Auberry                       """,67,N/A,0,1.5,0,0,14.9,0,3,0,80.6,35.8,N/A,21,N/A,N/A,11.2,0,6,184,180,0,16,0,35.6,35.56,53.19,43588,0,0,51,9,11,12,17
Piner-Olivet Union Elementary (Sonoma),Sonoma,Elementary School District,No,K-12,95403,"""Santa Rosa                    """,1247,18.8,0.8,6.3,2.1,1.5,48.4,0.4,6.3,1,33,61.1,10.02,48,96.2,95.2,22.5,6,54,185,180,7,15,3.5,19.3,27.1,35.29,23817,0,0,66,10,6,10,9
Pioneer Union (El Dorado),El Dorado,Elementary School District,No,K-08,95684,"""Somerset                      """,292,3.1,1.4,1.4,0.3,0.3,19.2,0,7.5,0,69.9,46.6,2.4,32,N/A,N/A,20.9,1,12,184,180,2,14,6,21.9,27.37,39.11,16880,0,2,47,15,10,9,13
Pioneer Union Elementary (Butte),Butte,Elementary School District,No,K-08,95916,"""Berry Creek                   """,41,2.4,2.4,2.4,0,0,19.5,0,9.8,0,65.9,100,0,36,N/A,N/A,13.2,0,4,185,180,0,19,3.6,46.9,20.83,29.17,45956,0,0,39,7,10,14,25
Pioneer Union Elementary (Kings),Kings,Elementary School District,No,K-08,93230,"""Hanford                       """,1687,7.2,1,3,3,2.3,59,0.4,4.2,0.4,26.8,47.4,5.93,41,N/A,N/A,22.2,3,72,187,180,4,14,3.8,11.8,39.08,57.18,14690,0,0,58,8,8,11,12
Pittsburg Unified (Contra Costa),Contra Costa,Unified School District,No,K-12,94565,"""Pittsburg                     """,10666,24.2,0.2,3.4,15.3,4.5,65.9,1.2,5.1,0.1,4.3,79.8,23.43,38,86.1,86.1,20.8,5,491,185,180,29,13,3.7,31.9,16.7,33.09,21816,0,1,61,9,4,12,12
Pixley Union Elementary (Tulare),Tulare,Elementary School District,No,K-08,93256,"""Pixley                        """,827,42.7,0.1,0.8,1,0,94.6,0,0.1,0,3.4,96.4,21.64,6,N/A,N/A,18.4,4,38,186,180,7,14,3.9,8.4,22.62,35.48,24557,0,0,49,12,6,10,20
Placentia-Yorba Linda Unified (Orange),Orange,Unified School District,No,K-12,92870,"""Placentia                     """,22698,11.2,0.2,19.1,1.2,2.3,45.7,0.2,5.2,0,26,45.2,19.96,53,95.5,94.7,22.8,67,914,185,180,103,16,0.6,13.6,56.07,67.39,17635,1,0,63,8,3,11,12
Placer County Office of Education (Placer),Placer,County Office of Education (COE),No,K-12,95765,"""Rocklin                       """,408,4.7,1.2,1.2,3.4,0.2,27.5,0.7,7.1,0,58.6,54.9,6.37,41,63,62.7,11.3,2,36,186,180,4,9,1.5,24.3,47.13,58.14,N/A,0,0,14,18,12,29,5
Placer Hills Union Elementary (Placer),Placer,Elementary School District,No,K-08,95722,"""Meadow Vista                  """,756,1.9,1.2,0,0.5,0.1,11.5,0.1,3.6,0,83,33.3,1.19,19,N/A,N/A,19.8,0,40,185,180,0,14,4.4,13.8,49.24,52.92,16794,0,0,54,12,10,7,8
Placer Union High (Placer),Placer,High School District,No,09-12,95603,"""Auburn                        """,3936,3.4,0.9,1.5,0.6,0.6,18.5,0.2,6.5,2.9,68.3,23,6.58,31,95.5,93.5,22.4,2,174,184,180,4,19,4.6,15.9,44.18,67.77,18190,0,3,51,11,7,13,12
Placerville Union Elementary (El Dorado),El Dorado,Elementary School District,No,K-08,95667,"""Placerville                   """,1204,11.2,0.7,0.3,0.4,0,33.4,0,7.1,2.5,55.6,61,7.06,39,N/A,N/A,22.3,7,47,184,180,9,13,8.4,19.2,32.3,44.72,15885,0,4,56,8,8,8,13
Plainsburg Union Elementary (Merced),Merced,Elementary School District,No,K-08,95341,"""Merced                        """,113,15.9,0,2.7,0,0,53.1,0,0,0,44.2,47.8,10.62,36,N/A,N/A,19.5,2,4,183,180,2,12,0,15.3,33.33,51.39,15583,0,0,55,8,8,16,12
Planada Elementary (Merced),Merced,Elementary School District,No,K-08,95365,"""Planada                       """,888,45.5,0.5,0.5,0,0,97.4,0,0,0,1.7,90.3,22.3,3,N/A,N/A,19,5,40,185,180,8,10,4.6,6.5,25.99,41.53,23822,0,0,47,7,11,10,23
Plaza Elementary (Glenn),Glenn,Elementary School District,No,K-08,95963,"""Orland                        """,215,7.9,0,0,0,0,37.2,0,4.2,1.4,57.2,29.8,10.23,36,N/A,N/A,21.5,1,9,184,180,1,12,0,3.3,61.83,64.39,12211,0,10,53,7,7,8,10
Pleasant Grove Joint Union (Sutter),Sutter,Elementary School District,No,K-08,95668,"""Pleasant Grove                """,161,5.6,1.2,1.9,1.2,0,21.7,1.2,5.6,0,67.1,37.9,4.35,34,N/A,N/A,20.1,0,7,N/A,N/A,1,10,5.3,10.3,35.78,45.87,15626,0,0,53,5,8,17,11
Pleasant Ridge Union Elementary (Nevada),Nevada,Elementary School District,No,K-08,95949,"""Grass Valley                  """,1443,1.5,0.6,0.3,0.3,0.3,16.2,0.1,7.9,4.3,69.9,33.6,1.04,29,N/A,N/A,21,5,64,186,180,7,14,5.8,13,40.43,50.21,14397,0,0,59,9,7,10,9
Pleasant Valley (Ventura),Ventura,Elementary School District,No,K-12,93010,"""Camarillo                     """,7398,8.5,0.4,5.4,3.8,3.1,46.8,0.5,6.6,0.1,33.2,41,6.83,50,100,100,21.1,22,331,186,180,41,13,2.1,10.3,49.76,60.39,15395,0,0,60,8,7,13,7
Pleasant Valley Joint Union Elementary (San Luis Obispo),San Luis Obispo,Elementary School District,No,K-06,93451,"""San Miguel                    """,58,8.6,1.7,0,0,0,25.9,0,5.2,3.4,63.8,24.1,3.45,34,N/A,N/A,14.5,0,4,185,180,0,13,0,6.7,36.36,54.55,24865,0,0,48,3,11,18,10
Pleasant View Elementary (Tulare),Tulare,Elementary School District,No,K-08,93257,"""Porterville                   """,449,50.3,0,0,0.2,5.8,89.3,0,0.2,0.4,4,91.3,8.46,12,N/A,N/A,18.7,0,18,188,180,6,12,2.2,15.6,11.4,15.41,21149,0,0,53,15,5,11,12
Pleasanton Unified (Alameda),Alameda,Unified School District,No,K-12,94588,"""Pleasanton                    """,13338,8.9,0.2,53.7,1.6,1.6,11.2,0.2,5.7,1.1,24.6,10,34.59,47,94.7,84.4,22.2,35,556,185,180,58,15,1.1,7.9,74.25,77.93,17441,0,0,65,8,6,12,8
Plumas County Office of Education (Plumas),Plumas,County Office of Education (COE),No,02-12,95971,"""Quincy                        """,15,N/A,0,0,6.7,0,20,0,13.3,6.7,53.3,66.7,N/A,44,redacted,redacted,7.5,2,0,N/A,N/A,2,1,0,87.5,redacted,redacted,N/A,0,0,30,20,43,8,0
Plumas Lake Elementary (Yuba),Yuba,Elementary School District,No,K-08,95961,"""Plumas Lake                   """,1686,7.4,0.3,11.3,4.7,1.4,34.6,1,11.5,0.2,35.1,44,10.14,59,N/A,N/A,20.4,6,76,184,180,9,12,4.3,8.3,35.28,49.03,15336,0,4,55,12,6,11,8
Plumas Unified (Plumas),Plumas,Unified School District,No,K-12,95971,"""Quincy                        """,2020,3.8,2.5,0.6,0.4,0,18.6,0.1,8.7,3.3,65.5,53.8,2.48,34,81.9,79.2,17.3,13,106,184,180,23,10,6.2,27.2,21.82,35.84,24172,0,1,47,18,8,10,15
Point Arena Joint Union High (Mendocino),Mendocino,High School District,No,09-12,95468,"""Point Arena                   """,139,9.4,5.8,0,0,0,63.3,0,2.9,0,28.1,48.2,37.41,36,91.9,87.5,10.3,1,14,N/A,N/A,3,9,6.8,60.4,5.41,8.11,N/A,N/A,N/A,N/A,N/A,N/A,N/A,N/A
Pollock Pines Elementary (El Dorado),El Dorado,Elementary School District,No,K-08,95726,"""Pollock Pines                 """,587,1.7,2,0.7,0.7,0.7,21.1,0.2,8.3,1,65.2,50.9,0.85,36,N/A,N/A,18.3,4,26,N/A,N/A,6,14,6,23.1,27.3,36.39,16278,0,0,60,8,9,9,11
Pomona Unified (Los Angeles),Los Angeles,Unified School District,No,K-12,91766,"""Pomona                        """,21122,22.4,0.3,4.6,4,1.1,84.2,0.2,1.2,1.1,3.4,86.2,22.24,17,91.1,90.9,20.5,132,855,188,180,186,15,2,24.2,23.97,37.31,24467,0,0,56,9,5,14,14
Pond Union Elementary (Kern),Kern,Elementary School District,No,K-08,93280,"""Wasco                         """,175,18.9,0,0.6,0.6,0.6,91.4,0,0.6,1.7,4.6,96,27.43,8,N/A,N/A,15.9,0,10,N/A,N/A,1,11,1.1,2.2,21.19,22.22,23963,0,0,60,8,8,7,16
Pope Valley Union Elementary (Napa),Napa,Elementary School District,No,K-08,94567,"""Pope Valley                   """,46,52.2,0,0,0,0,76.1,0,0,0,23.9,69.6,17.39,24,N/A,N/A,11.5,1,3,N/A,N/A,1,10,4.2,62.5,14.29,25.93,59460,0,0,35,16,18,12,14
Porterville Unified (Tulare),Tulare,Unified School District,No,K-12,93257,"""Porterville                   """,13893,25.6,2.1,1,0.3,0.9,85.4,0.3,1,0.5,8.5,90.3,26.5,16,91.6,91.1,22.1,35,597,185,180,61,13,2.4,18.3,27.61,42.24,21080,0,2,50,11,5,12,15
Portola Valley Elementary (San Mateo),San Mateo,Elementary School District,No,K-08,94028,"""Portola Valley                """,495,4.2,0,6.3,1.4,0.2,12.7,0.6,15.8,0.2,62.8,6.5,7.27,40,N/A,N/A,13.7,2,35,186,180,2,17,0.2,4.3,84.35,85.62,40230,0,0,57,6,11,14,9
Potter Valley Community Unified (Mendocino),Mendocino,Unified School District,No,K-12,95469,"""Potter Valley                 """,262,12.2,5.3,0.4,0.8,0,33.2,0,3.4,1.1,55.7,61.5,8.4,41,95.5,100,15.3,1,15,185,180,4,8,3.9,13.9,24.26,27.94,20205,0,2,58,6,10,10,14
Poway Unified (San Diego),San Diego,Unified School District,No,K-12,92128,"""San Diego                     """,34405,6.8,0.1,25.5,1.6,5.6,17.5,0.1,11.9,0,37.6,15.5,22.58,61,95.6,89,22.5,69,1432,186,180,150,15,1.2,10.1,66.43,73.68,15880,0,1,63,8,5,12,10
Princeton Joint Unified (Glenn),Glenn,Unified School District,No,K-12,95970,"""Princeton                     """,126,23.8,6.3,0.8,0,0,57.9,0,4,0,31,66.7,13.49,40,92.9,91.7,11.7,1,10,183,180,2,8,1.4,15.7,27.03,35.14,28612,0,4,31,13,9,8,31
Raisin City Elementary (Fresno),Fresno,Elementary School District,No,K-12,93652,"""Raisin City                   """,516,35.1,0.6,2.9,8.1,0,55.8,0,1.7,1,29.8,95.7,19.57,42,28.7,28,19,3,22,183,180,6,10,2.1,41.1,15.43,26.16,23881,0,0,52,9,10,11,17
Ramona City Unified (San Diego),San Diego,Unified School District,No,K-12,92065,"""Ramona                        """,4949,13.2,0.5,0.3,0.5,0.3,48.6,0.1,6.4,0,43.3,60.8,12.08,41,91.1,87.3,19.8,15,226,185,180,31,13,3.1,22.8,30.57,44.42,17499,0,0,58,11,9,10,10
Rancho Santa Fe Elementary (San Diego),San Diego,Elementary School District,No,K-08,92067,"""Rancho Santa Fe               """,505,6.3,0.4,8.3,0.6,0.4,11.9,0,6.1,3.6,68.7,5.7,6.34,32,N/A,N/A,10.5,1,47,184,180,3,16,1,13,84.72,84.91,33950,0,1,63,7,13,7,10
Ravendale-Termo Elementary (Lassen),Lassen,Elementary School District,No,01-05,96132,"""Termo                         """,3,33.3,0,0,0,0,33.3,0,0,0,66.7,100,0,30,N/A,N/A,3,0,1,183,180,0,17,0,0,N/A,N/A,176836,0,2,29,10,18,7,34
Ravenswood City Elementary (San Mateo),San Mateo,Elementary School District,No,K-08,94303,"""East Palo Alto                """,2532,54.3,0.2,0.6,4.5,0.2,85.6,5.6,1.6,0.5,1.1,89.8,18.84,16,N/A,N/A,18.7,23,89,186,180,47,8,4.2,31.6,7.14,12.08,40954,0,2,57,4,12,8,14
Raymond-Knowles Union Elementary (Madera),Madera,Elementary School District,No,K-08,93653,"""Raymond                       """,88,2.3,6.8,1.1,0,0,34.1,0,11.4,1.1,45.5,60.2,1.14,49,N/A,N/A,14.7,1,4,184,180,2,7,6.1,33.7,28.85,42.31,21615,0,0,45,12,13,14,14
Red Bluff Joint Union High (Tehama),Tehama,High School District,No,09-12,96080,"""Red Bluff                     """,1690,6.6,2.6,1.4,1.2,0.2,37.5,0.3,3.6,0.4,52.8,76.3,16.92,41,89.6,88,18.1,4,93,185,180,7,15,2.2,22.9,21.73,49.38,20949,0,2,55,13,7,10,13
Red Bluff Union Elementary (Tehama),Tehama,Elementary School District,No,K-08,96080,"""Red Bluff                     """,1809,13.1,2.4,1.1,1.7,0.2,43.1,0.6,5.3,0.6,45.1,74.3,5.14,44,N/A,N/A,20.8,5,78,N/A,N/A,10,13,12.6,20.4,17.53,23.27,19661,0,7,53,9,6,11,10
Redding Elementary (Shasta),Shasta,Elementary School District,No,K-12,96001,"""Redding                       """,3106,2.1,3.7,2,2.3,0.4,20.5,0.1,9.5,2,59.6,69.9,2.67,41,88.2,redacted,19.2,26,131,186,180,36,11,5.2,13.8,36.5,45.21,19861,0,0,63,8,7,11,9
Redlands Unified (San Bernardino),San Bernardino,Unified School District,No,K-12,92374,"""Redlands                      """,19572,7.4,0.2,7.7,5.9,2.2,56.6,0.4,5.1,1.5,20.4,62,11.27,45,92.2,91.5,20.7,52,861,185,180,105,13,3,22.2,37.54,50.61,19828,0,1,57,11,7,12,10
Redondo Beach Unified (Los Angeles),Los Angeles,Unified School District,No,K-12,90278,"""Redondo Beach                 """,9470,4.5,0.1,13,3.1,1.9,24.9,0.1,15.9,0,41,16.9,10.42,59,97.7,96.8,24.3,34,362,185,180,53,12,1.2,8.8,67.46,71.39,15012,0,0,66,8,9,8,9
Redwood City Elementary (San Mateo),San Mateo,Elementary School District,No,K-08,94063,"""Redwood City                  """,7523,38,0.1,4.6,0.6,0.9,68.2,0.9,6.1,0,18.6,63.7,17.84,34,N/A,N/A,21,27,267,N/A,N/A,97,11,1.3,18.3,39.61,49.17,23472,0,0,55,10,7,12,10
Reed Union Elementary (Marin),Marin,Elementary School District,No,K-08,94920,"""Tiburon                       """,1043,3.1,0.1,6.6,1,0.5,10.1,0,12.3,0,69.5,5.1,6.81,33,N/A,N/A,14.9,0,68,186,180,0,18,1,9.3,78.88,80.92,29881,0,0,61,6,10,10,12
Reeds Creek Elementary (Tehama),Tehama,Elementary School District,No,K-08,96080,"""Red Bluff                     """,195,2.1,2.6,0,0,0,14.4,0,1.5,3.6,77.9,45.6,1.54,21,N/A,N/A,19.5,1,6,183,180,4,6,2.4,8,17.86,30.91,13506,0,1,42,7,8,13,25
Reef-Sunset Unified (Kings),Kings,Unified School District,No,K-12,93204,"""Avenal                        """,2663,52.3,0.1,1,0.1,0,97.3,0.1,0,0,1.5,95.3,18.29,3,92.5,92.4,21.6,22,93,185,180,33,11,6.9,15.7,10.56,19.97,21924,0,1,51,9,8,12,15
Rescue Union Elementary (El Dorado),El Dorado,Elementary School District,No,K-08,95672,"""Rescue                        """,3549,2.8,0.5,6.5,1.1,1.6,15.7,0.5,3.3,0,70.8,18.8,4.14,32,N/A,N/A,20.7,1,171,183,180,8,15,2.1,8.1,62.93,71.09,13710,0,0,60,10,5,10,11
Rialto Unified (San Bernardino),San Bernardino,Unified School District,No,K-12,92376,"""Rialto                        """,23073,19.1,0.2,0.7,7.7,0.5,87,0.3,1.3,0,2.4,83.7,19.83,15,94,94,20.6,46,1062,184,180,89,15,3.6,23.1,23.73,42.55,21114,0,0,55,13,6,12,14
Richfield Elementary (Tehama),Tehama,Elementary School District,No,K-08,96021,"""Corning                       """,253,23.7,0.4,1.2,0,0.4,53,0,2.8,0,42.3,52.2,13.04,38,N/A,N/A,20.4,1,10,182,180,3,16,0.4,2.3,35.9,46.79,15410,0,1,59,5,4,18,10
Richgrove Elementary (Tulare),Tulare,Elementary School District,No,K-08,93261,"""Richgrove                     """,477,53.2,0.2,0.8,0,0.4,98.5,0,0,0,0,95.8,18.45,2,N/A,N/A,18.3,0,26,185,180,0,21,3,12.8,14.81,19.14,27182,0,6,49,9,6,8,20
Richland Union Elementary (Kern),Kern,Elementary School District,No,K-08,93263,"""Shafter                       """,2490,31.9,0,1.2,0.8,0,93.2,0.1,0,0,4.6,90,14.46,8,N/A,N/A,16.7,4,140,183,180,11,14,2.8,19.9,21.32,30.4,23153,0,0,54,12,6,9,13
Richmond Elementary (Lassen),Lassen,Elementary School District,No,K-08,96130,"""Susanville                    """,192,N/A,1,0.5,0,0,13.5,0,6.3,0,78.6,21.9,0.52,23,N/A,N/A,17.5,7,3,N/A,N/A,8,3,2.1,5.6,40.16,54.47,14920,0,2,57,5,10,8,17
Rim of the World Unified (San Bernardino),San Bernardino,Unified School District,No,K-12,92325,"""Crestline                     """,2877,8.3,0.5,0.8,0.4,0.1,44.8,0.1,3.1,0.3,50.1,61.9,8.48,39,91.2,89.1,21.1,6,128,185,180,11,13,5,30.3,22.11,39.09,19010,0,0,57,13,9,8,14
Rincon Valley Union Elementary (Sonoma),Sonoma,Elementary School District,No,K-08,95405,"""Santa Rosa                    """,3091,11.8,1.1,5.3,1.9,0.9,31.1,1.3,7.5,4.4,46.4,40.8,7.21,49,N/A,N/A,19.5,26,132,186,180,28,14,2.2,11.8,46.86,53.83,20550,0,0,63,14,5,10,6
Rio Bravo-Greeley Union Elementary (Kern),Kern,Elementary School District,No,K-08,93314,"""Bakersfield                   """,1057,7.7,0.2,3,0.5,0.8,51.8,0.1,0.4,0,43.3,49.3,9.27,38,N/A,N/A,21.1,3,45,183,180,5,13,1.5,13.6,41.68,53.22,16465,0,0,55,12,9,10,11
Rio Dell Elementary (Humboldt),Humboldt,Elementary School District,No,K-08,95562,"""Rio Dell                      """,314,7,1.6,0.6,1.3,0.3,20.7,0,5.1,3.5,66.9,64.3,3.82,32,N/A,N/A,18.2,4,14,184,180,5,12,3.9,19.9,39.34,41.71,21240,0,0,60,14,8,3,12
Rio Elementary (Ventura),Ventura,Elementary School District,No,K-08,93030,"""Oxnard                        """,5251,34,0.2,1.9,1.6,3,86.2,0.1,2.2,0,4.9,73.6,11.94,16,N/A,N/A,22.9,8,217,186,180,17,15,3,20.7,24.56,35.11,19482,0,2,61,9,8,9,9
Ripon Unified (San Joaquin),San Joaquin,Unified School District,No,K-12,95366,"""Ripon                         """,4888,7.7,0.4,7.6,3.9,1.6,35.6,0.3,8.8,1.4,40.3,36.4,11.17,54,86.8,82.1,20.9,14,433,185,180,35,11,1.3,13.1,51.35,61.64,14437,0,1,60,11,8,8,10
River Delta Joint Unified (Sacramento),Sacramento,Unified School District,No,K-12,94571,"""Rio Vista                     """,2039,16.1,0.6,0.5,2.4,0.9,57.5,0.7,7.1,0.4,29.8,69.6,18.29,41,92.4,91.5,16.5,11,108,183,180,19,12,5.2,23.8,22.45,33.8,22334,0,1,49,15,7,9,20
Riverbank Unified (Stanislaus),Stanislaus,Unified School District,No,K-12,95367,"""Riverbank                     """,2960,27.7,0.4,1.2,0.6,0.2,81.6,0.2,1.5,1.8,12.6,78.7,21.89,18,96.1,95.8,20.9,12,118,184,180,25,11,5.3,19.9,19.5,33.86,22312,0,5,55,12,7,9,8
Riverdale Joint Unified (Fresno),Fresno,Unified School District,No,K-12,93656,"""Riverdale                     """,1426,30.8,0.1,0.1,0.4,0.1,90,0,0.1,0.1,9.1,91.4,33.73,11,96.9,97.5,16.5,5,76,185,182,12,14,3.8,11.4,24.38,36.12,23214,0,2,52,9,5,6,23
Riverside County Office of Education (Riverside),Riverside,County Office of Education (COE),No,K-12,92502,"""Riverside                     """,13942,11.2,0.4,1.1,7.9,1,59.5,0.3,5.4,0.4,23.9,62.5,8.36,42,61.5,58.7,21,63,609,185,180,146,9,1.9,18.1,4.21,14.49,N/A,0,0,23,11,13,26,4
Riverside Unified (Riverside),Riverside,Unified School District,No,K-12,92501,"""Riverside                     """,38678,16.6,0.3,4.1,5.7,1.1,69.3,0.3,2.1,1.5,15.5,74.1,15.53,32,95.6,95.1,23,54,1581,185,181,124,16,4,18.6,33.2,47.33,20502,0,1,59,10,6,12,13
Roberts Ferry Union Elementary (Stanislaus),Stanislaus,Elementary School District,No,K-08,95386,"""Waterford                     """,199,15.1,0,0,1,0,37.7,0,1.5,6.5,53.3,34.7,6.03,36,N/A,N/A,19.3,0,11,184,180,0,15,0,3.8,57.94,59.52,14848,0,1,65,10,6,10,7
Robla Elementary (Sacramento),Sacramento,Elementary School District,No,K-12,95838,"""Sacramento                    """,2674,30.9,0.8,13.5,14.3,0.9,47,1.5,4.8,0.2,17.1,84.3,10.88,56,19.5,18.4,19.4,5,135,186,180,13,12,2,40.8,21.12,27.85,21104,0,0,54,5,6,10,24
Rockford Elementary (Tulare),Tulare,Elementary School District,No,K-08,93257,"""Porterville                   """,301,14.3,1,0.3,0,3,53.2,0,2,0,40.5,62.5,8.97,39,N/A,N/A,23.2,1,11,186,180,2,9,0,10.6,21.72,40.4,16438,0,1,47,10,7,10,24
Rocklin Unified (Placer),Placer,Unified School District,No,K-12,95677,"""Rocklin                       """,13213,5.7,0.4,13.1,1.4,3.7,18.9,0.3,9.6,2.8,49.8,23.5,12.91,52,97.7,95.2,20.4,26,615,186,180,49,16,2.5,9.4,60.29,65.94,15774,0,1,63,9,6,10,10
Romoland Elementary (Riverside),Riverside,Elementary School District,No,K-08,92548,"""Homeland                      """,4800,15.5,0.3,1.8,5.9,2.5,71.4,0.4,3.6,14.1,0.1,74.6,9.56,19,N/A,N/A,22.3,7,203,184,180,13,14,2.3,22,24.5,39.71,17577,0,0,67,8,6,9,10
Rosedale Union Elementary (Kern),Kern,Elementary School District,No,K-08,93312,"""Bakersfield                   """,6203,5.1,0.4,3.4,2.3,1.7,44.8,0.1,3.4,1.8,42.1,37.1,4.93,44,N/A,N/A,20.1,39,246,184,180,70,11,0.7,7.6,39.07,51.84,14604,0,0,60,12,7,8,8
Roseland (Sonoma),Sonoma,Elementary School District,No,K-12,95407,"""Santa Rosa                    """,2842,50,0.7,1,0.8,0.2,94,0.1,1.2,0.1,1.9,89.6,32.13,7,89.9,89.8,18.3,8,142,186,180,14,13,3.7,19.6,28.64,33.25,36595,0,0,62,14,5,12,6
Rosemead Elementary (Los Angeles),Los Angeles,Elementary School District,No,K-08,91770,"""Rosemead                      """,2322,36.5,0.3,58.2,0.2,1.4,37.1,0,0.5,0.9,1.4,72.4,25.24,36,N/A,N/A,20.7,1,111,184,180,3,17,1.3,6.3,54.16,59.24,20081,0,0,68,8,7,7,8
Roseville City (Placer),Placer,Elementary School District,No,K-08,95678,"""Roseville                     """,12324,11.9,0.3,11.1,3,5.8,25.1,0.3,10.2,0,44.2,42.4,8.07,57,N/A,N/A,21.2,10,561,189,180,27,15,2,10.5,51.26,59.04,14727,0,0,64,10,6,8,10
Roseville Joint Union High (Placer),Placer,High School District,No,K-12,95661,"""Roseville                     """,12865,6.9,0.7,11,3.5,4.4,21.7,0.8,6.3,2.5,49,41.1,18.8,52,93.8,90.9,22.2,20,570,186,180,44,16,3.1,13.1,41.61,63.79,16984,0,3,56,13,6,11,9
Ross Elementary (Marin),Marin,Elementary School District,No,K-08,94957,"""Ross                          """,340,N/A,0,1.5,0.6,0,7.1,0,7.4,5.3,78.2,0.9,1.47,19,N/A,N/A,10.6,1,34,189,180,1,16,0.6,10.6,90.13,88.84,32144,0,0,60,6,10,14,10
Ross Valley Elementary (Marin),Marin,Elementary School District,No,K-08,94960,"""San Anselmo                   """,1694,4.8,0.1,2.5,0.6,0.4,13.8,0,11.5,0.2,71,10.6,4.37,31,N/A,N/A,17.1,0,98,188,180,2,15,1.9,9.1,69.17,77.98,19999,0,0,64,8,7,9,10
Round Valley Joint Elementary (Inyo),Inyo,Elementary School District,No,K-05,93514,"""Bishop                        """,68,N/A,4.4,2.9,0,0,11.8,0,2.9,5.9,72.1,23.5,N/A,26,N/A,N/A,11.3,1,5,184,180,1,12,0,14.5,64.52,74.19,28437,0,0,55,10,12,10,14
Round Valley Unified (Mendocino),Mendocino,Unified School District,No,K-12,95428,"""Covelo                        """,510,24.1,55.1,0,0.2,0,33.9,0,2,0.4,8.4,89.8,1.57,41,77.1,77.1,16.4,7,19,188,180,14,7,9.5,41.6,5.15,10.77,27936,0,1,57,14,11,5,12
Rowland Unified (Los Angeles),Los Angeles,Unified School District,No,K-12,91748,"""Rowland Heights               """,13279,22.8,0.3,21,3.5,5.3,63.4,0.3,2.1,0.8,3.3,77.9,25.03,38,90.7,91,22.3,30,557,185,180,52,15,1.8,15.6,35.8,48.49,21946,0,1,62,8,6,14,9
Sacramento City Unified (Sacramento),Sacramento,Unified School District,No,K-12,95824,"""Sacramento                    """,42337,19.3,0.5,16.4,12.1,1.3,42.4,1.9,8.3,0.2,17,64.1,10.74,61,85.9,83.3,21.3,49,1853,192,188,209,15,6,25,31.47,40.52,24421,0,0,61,12,4,13,9
Sacramento County Office of Education (Sacramento),Sacramento,County Office of Education (COE),No,K-12,95655,"""Mather                        """,2760,8.6,0.6,2.8,45.5,0.4,28.3,1.1,10.1,1.2,10.1,72.9,6.7,53,36.8,36.7,16.5,10,152,185,180,23,11,5.5,34.1,1.26,6.15,N/A,1,0,10,4,7,75,3
Saddleback Valley Unified (Orange),Orange,Unified School District,No,K-12,92691,"""Mission Viejo                 """,22691,12.7,0.1,9.7,1.1,3.4,39.4,0.2,8.6,0.8,36.7,44.8,16.42,54,95.6,94.1,22.6,76,875,184,180,158,16,1.5,13.6,52.1,59.74,17633,0,1,62,8,5,11,9
Saint Helena Unified (Napa),Napa,Unified School District,No,K-12,94574,"""St. Helena                    """,1105,12.6,0.2,1.4,0.7,0.1,52.1,0.4,1.4,0.1,43.5,36.6,30.86,38,93.9,90,13.3,1,83,186,182,1,19,3.8,9.2,42.56,58.61,39536,0,2,61,8,7,10,11
Salida Union Elementary (Stanislaus),Stanislaus,Elementary School District,No,K-08,95368,"""Salida                        """,2968,20.8,0.4,5.1,2,1.9,65.1,0.7,4.5,0.8,19.6,64.8,9.8,37,N/A,N/A,19.7,26,115,183,180,39,12,3.2,13.8,32.82,42.25,21433,0,2,60,12,8,8,9
Salinas City Elementary (Monterey),Monterey,Elementary School District,No,K-06,93901,"""Salinas                       """,8236,47.7,0.9,0.5,0.5,0.9,90.8,0.2,1.5,0.9,3.9,69.7,11.72,10,N/A,N/A,21.1,30,337,185,180,54,13,1.7,19.8,22.21,25.09,23037,0,0,65,7,7,11,8
Salinas Union High (Monterey),Monterey,High School District,No,07-12,93901,"""Salinas                       """,15813,17.6,0.2,0.7,0.5,1.5,91.6,0.1,0.9,0.2,4.4,88.5,56.56,9,89.4,89.5,21.1,18,667,185,180,101,11,3.9,15.7,20.12,42.18,21171,0,1,51,14,4,15,13
San Antonio Union Elementary (Monterey),Monterey,Elementary School District,No,K-08,93932,"""Lockwood                      """,134,23.9,0,0,2.2,1.5,49.3,0,6.7,0,40.3,40.3,6.72,43,N/A,N/A,13.4,0,10,N/A,N/A,0,11,1.3,15.6,33.33,26.26,18337,0,0,49,15,9,11,8
San Ardo Union Elementary (Monterey),Monterey,Elementary School District,No,K-08,93450,"""San Ardo                      """,76,52.6,0,0,0,0,93.4,0,2.6,1.3,2.6,94.7,19.74,6,N/A,N/A,11.9,2,5,182,180,2,10,3.7,19,14.58,12.5,36301,0,0,56,9,11,8,14
San Benito County Office of Education (San Benito),San Benito,County Office of Education (COE),No,08-12,95023,"""Hollister                     """,54,24.1,0,0,0,0,92.6,0,0,3.7,3.7,88.9,24.07,4,redacted,redacted,11.5,0,5,185,180,0,17,24,65.8,0,0,N/A,0,0,23,18,25,23,3
San Benito High (San Benito),San Benito,High School District,No,07-12,95023,"""Hollister                     """,3390,11.7,0.6,1.9,0.6,1.4,78.1,0.4,1.2,0.6,15.5,62.2,32.83,23,94.1,94,23,5,115,187,180,35,8,3,17,15.97,50.96,17350,0,2,46,12,12,10,12
San Bernardino City Unified (San Bernardino),San Bernardino,Unified School District,No,K-12,92410,"""San Bernardino                """,48966,20.6,0.3,1.2,9.3,0.4,82.1,0.3,1.9,0.5,3.9,91.7,21.45,20,84.8,85,20.7,279,1997,186,180,428,13,4,29.9,23.12,36.18,26775,0,0,61,12,5,11,10
San Bernardino County Office of Education (San Bernardino),San Bernardino,County Office of Education (COE),No,K-12,92415,"""San Bernardino                """,7260,14.1,0.5,1.5,10,0.8,68.4,0.2,4,1,13.6,73.8,13.09,34,71.8,70.5,17,48,354,183,180,126,9,3.5,28.3,1.66,5.81,N/A,0,0,33,18,12,22,4
San Bruno Park Elementary (San Mateo),San Mateo,Elementary School District,No,K-08,94066,"""San Bruno                     """,2003,25.8,0.1,18.9,1.2,8.8,46.2,4.4,4.7,14.8,0.6,53.1,11.88,48,N/A,N/A,22.7,9,73,185,180,18,13,2.6,20.4,41.2,46.76,23469,0,1,56,7,10,11,12
San Carlos Elementary (San Mateo),San Mateo,Elementary School District,No,K-08,94070,"""San Carlos                    """,3254,5.6,0.1,23.4,0.5,1.1,14.6,0.5,17.1,0.4,42.4,9.5,18.04,57,N/A,N/A,19.9,0,163,186,180,4,15,0.5,4.7,80.1,84.15,17387,0,1,60,9,9,9,10
San Diego County Office of Education (San Diego),San Diego,County Office of Education (COE),No,K-12,92111,"""San Diego                     """,7826,19.9,0.4,13.9,8.7,1.4,41.1,0.4,4.6,0.9,28.6,54.9,16.48,57,63.1,58.2,18.1,38,368,190,190,82,11,1.4,13.2,4.51,10.29,N/A,0,0,16,4,15,49,6
San Diego Unified (San Diego),San Diego,Unified School District,No,K-12,92103,"""San Diego                     """,113787,16,0.2,8.7,7.5,4.2,47.2,0.4,8.7,0.2,22.8,60.1,22.37,55,88.8,86.4,19.2,182,5706,184,180,395,17,2.1,19.1,45.3,56.17,21967,0,1,62,12,5,11,8
San Dieguito Union High (San Diego),San Diego,High School District,No,07-12,92024,"""Encinitas                     """,12055,3.7,0.2,18.6,0.8,0.8,17.2,0.1,9.5,0,52.8,17.5,22.52,49,97.7,96.2,22.8,16,514,186,180,36,15,1.7,10.4,68.5,79.88,16948,0,2,55,12,8,11,11
San Francisco County Office of Education (San Francisco),San Francisco,County Office of Education (COE),No,K-12,94102,"""San Francisco                 """,269,30.1,1.1,11.2,16,1.1,46.5,0.7,6.7,4.5,12.3,55.4,13.75,55,55.1,65.7,13.3,1,20,N/A,N/A,4,15,1.4,79.5,0,17.65,N/A,0,0,32,10,28,27,2
San Francisco Unified (San Francisco),San Francisco,Unified School District,No,K-12,94102,"""San Francisco                 """,55840,23.6,0.2,27.7,7.2,3.3,36.6,0.7,7.8,3.1,13.2,54.3,27.75,61,56,61.3,21,250,2294,184,180,633,11,1.9,28.8,46.01,53.21,26762,0,1,59,15,6,12,7
San Gabriel Unified (Los Angeles),Los Angeles,Unified School District,No,K-12,91776,"""San Gabriel                   """,4736,21.5,0.1,47.4,0.8,2.3,40.4,0.5,2.8,2.4,3.3,69.9,29.46,43,83.9,83.5,21.7,3,210,186,180,29,15,1.1,13.1,49.15,58.95,20207,0,0,59,9,7,10,9
San Jacinto Unified (Riverside),Riverside,Unified School District,No,K-12,92583,"""San Jacinto                   """,11938,14.9,1.4,0.8,7.5,0.7,77.5,0.5,2.6,0.5,8.6,85.3,19.41,25,93.9,93.8,19.9,76,478,186,180,131,11,2.7,23,16.96,33.33,23333,0,0,61,7,5,12,13
San Joaquin County Office of Education (San Joaquin),San Joaquin,County Office of Education (COE),No,K-12,95206,"""Stockton                      """,5496,16,0.7,6.7,11.4,1.9,63.4,0.4,4.2,0.9,10.4,72.4,14.65,40,52.1,50.6,16.3,41,252,183,180,87,10,4.9,27.6,2.7,6.2,N/A,5,0,29,10,17,31,7
San Jose Unified (Santa Clara),Santa Clara,Unified School District,No,K-12,95126,"""San Jose                      """,25409,23.1,0.2,13.8,2.1,1.8,55.1,0.3,7,0,19.7,44.1,22.65,47,92.5,89.9,20.4,92,1104,183,180,217,12,4.3,23.5,41.97,49.8,22059,0,3,59,10,6,12,10
San Juan Unified (Sacramento),Sacramento,Unified School District,No,K-12,95608,"""Carmichael                    """,51289,19.1,0.4,10.9,6.3,0.9,27.1,0.7,8.7,0.5,44.4,57.4,11.55,56,81.7,79.1,20.4,320,2038,186,180,494,12,3.8,21.7,28.14,39.93,19542,0,1,58,10,8,15,8
San Leandro Unified (Alameda),Alameda,Unified School District,No,K-12,94577,"""San Leandro                   """,8866,23.3,0.5,18.8,10.4,5.5,49.3,1,5.4,2.1,7,75.7,25.04,54,89.7,89.1,20.4,8,410,186,180,45,12,3.8,20.9,26.47,40.05,21588,0,1,63,7,6,10,13
San Lorenzo Unified (Alameda),Alameda,Unified School District,No,K-12,94580,"""San Lorenzo                   """,9046,31,0.2,17.6,7.3,6.4,58.1,1.4,3.6,0.2,5.2,74.5,25.18,46,87.3,87.8,20.3,33,398,186,180,64,14,3.1,23,22.8,30.73,24271,0,1,55,9,7,11,15
San Lorenzo Valley Unified (Santa Cruz),Santa Cruz,Unified School District,No,K-12,95005,"""Ben Lomond                    """,5616,2.6,0.1,5.4,0.8,1,24.4,0.5,8.9,6.9,52,25.8,6.91,45,94.6,93.1,22.5,31,240,187,180,60,11,1.4,8.2,45.68,54.7,20226,0,2,53,13,10,10,11
San Lucas Union Elementary (Monterey),Monterey,Elementary School District,No,K-08,93954,"""San Lucas                     """,72,44.4,0,0,0,0,98.6,0,0,0,1.4,97.2,15.28,2,N/A,N/A,20,2,2,N/A,N/A,2,11,11.1,17.1,18,36,34839,0,0,48,15,7,9,11
San Luis Coastal Unified (San Luis Obispo),San Luis Obispo,Unified School District,No,K-12,93401,"""San Luis Obispo               """,7817,8.2,0.3,3,0.8,1.6,30.3,0.1,6.3,1.3,56.2,41.8,11.59,42,97.2,95.5,18.2,22,409,186,186,45,14,2.6,18.1,56.1,67.11,19930,0,2,53,13,7,13,10
San Luis Obispo County Office of Education (San Luis Obispo),San Luis Obispo,County Office of Education (COE),No,K-12,93405,"""San Luis Obispo               """,823,10.8,0.1,0.7,1.1,0.4,54.8,0,5.5,0.6,36.8,63.2,16.89,40,85.4,84.8,18.2,6,41,186,180,9,11,3.1,20.7,0.87,11.11,N/A,0,0,21,9,18,29,7
San Marcos Unified (San Diego),San Diego,Unified School District,No,K-12,92069,"""San Marcos                    """,18950,10.8,0.1,6,1,2.2,46,0.2,7.7,0,36.6,38,18.41,49,93.1,91.5,23.3,30,749,184,180,91,13,2.1,14.4,46.53,57.33,17110,0,2,61,10,5,10,10
San Marino Unified (Los Angeles),Los Angeles,Unified School District,No,K-12,91108,"""San Marino                    """,3087,8.8,0.1,61.2,0.5,2,7.3,0.1,11.8,0.1,16.8,11.9,34.63,42,97.1,95,21.2,1,141,185,180,6,16,0.2,2.6,84.74,85.71,16729,0,2,58,8,9,9,12
San Mateo County Office of Education (San Mateo),San Mateo,County Office of Education (COE),No,K-12,94065,"""Redwood City                  """,188,42,0,4.8,1.1,5.3,81.9,2.1,0.5,0.5,3.7,63.8,20.21,20,53.7,58,10.7,0,19,183,183,0,23,3.4,20.4,redacted,redacted,N/A,0,0,10,6,18,28,3
San Mateo Union High (San Mateo),San Mateo,High School District,No,09-12,94401,"""San Mateo                     """,9342,10.6,0,24,0.7,4.8,33.8,1.7,9.6,0,25.4,23.8,34.09,62,93.5,87.9,19.9,40,484,187,180,50,16,3,14,50.42,73.49,28924,1,3,50,14,6,12,12
San Mateo-Foster City (San Mateo),San Mateo,Elementary School District,No,K-08,94404,"""Foster City                   """,9926,28.2,0.1,24.9,0.7,3.2,41.4,2,9.4,1.9,16.3,37.9,22.4,58,N/A,N/A,19.8,19,477,186,180,36,13,1.9,16.2,49.43,52.74,22745,0,0,63,9,7,11,9
San Miguel Joint Union (San Luis Obispo),San Luis Obispo,Elementary School District,No,K-08,93451,"""San Miguel                    """,668,35.8,0.4,0.6,0.1,0.4,66.5,0.1,2.5,0.1,29,69.3,11.38,32,N/A,N/A,19.2,1,33,184,180,4,11,2.5,14.6,38.07,38.64,16214,0,0,52,13,10,6,8
San Pasqual Union Elementary (San Diego),San Diego,Elementary School District,No,K-08,92027,"""Escondido                     """,548,10.2,0.5,2.7,0.9,0,37.4,0,7.5,1.8,49.1,26.1,10.4,44,N/A,N/A,17.9,2,25,185,180,6,13,0.7,4.3,50.14,63.64,14473,0,0,66,7,7,9,11
San Pasqual Valley Unified (Imperial),Imperial,Unified School District,No,K-12,92283,"""Winterhaven                   """,577,20.6,39.7,0,0.3,0,50.6,0,4,2.3,3.1,93.9,4.33,40,78.8,79.6,13.1,2,42,186,180,2,15,6.7,33.9,7.09,23.73,34083,0,1,48,13,10,12,14
San Rafael City Elementary (Marin),Marin,Elementary School District,No,K-08,94903,"""San Rafael                    """,4439,50.1,0.4,2.1,0.7,0.3,71.5,0.1,3.6,0.4,20.8,72.5,14.98,29,N/A,N/A,20,1,218,187,181,14,12,4.4,11.5,34.52,39.4,20370,0,0,57,13,6,12,8
San Rafael City High (Marin),Marin,High School District,No,09-12,94903,"""San Rafael                    """,2706,27,0.3,3.5,1.3,0.6,63.2,0.4,3.1,0.1,27.4,61.4,35.48,36,83.5,79,19.5,1,131,186,181,10,11,4,17,31.49,55.67,20498,0,2,59,10,9,9,7
San Ramon Valley Unified (Contra Costa),Contra Costa,Unified School District,No,K-12,94526,"""Danville                      """,28615,4.5,0.4,44.4,1.6,3.5,9.2,0.2,9.1,0.1,31.4,8,20.98,53,97.7,95.6,21.5,55,1302,186,180,99,16,1.1,7.7,74.41,79.84,17036,0,1,61,10,6,11,10
San Ysidro Elementary (San Diego),San Diego,Elementary School District,No,K-08,92173,"""San Ysidro                    """,4144,48.2,0,0.7,3.1,3.2,87.5,0.1,2.2,1.3,1.9,52.4,17.86,13,N/A,N/A,21.4,4,169,186,180,25,16,2.3,28.7,28.28,37.82,22604,0,0,64,9,9,7,11
Sanger Unified (Fresno),Fresno,Unified School District,No,K-12,93657,"""Sanger                        """,13313,11.7,0.2,14.4,1.2,0.5,69.4,0.1,2.8,1.2,10.3,69,19.3,32,97.6,97.9,22.2,39,536,185,180,81,12,3.8,13,40.78,53.05,18958,0,1,55,14,5,11,12
Santa Ana Unified (Orange),Orange,Unified School District,No,K-12,92701,"""Santa Ana                     """,38378,37.8,0.3,1.8,0.2,0.3,95.9,0.1,0.3,0.2,0.9,88.5,33.07,4,91.7,91.6,20,43,1833,187,180,109,17,3.5,18.2,22.06,33.02,27941,0,1,56,11,7,14,11
Santa Barbara County Office of Education (Santa Barbara),Santa Barbara,County Office of Education (COE),No,K-12,93110,"""Santa Barbara                 """,107,33.6,0,1.9,0,0.9,89.7,0,2.8,0,4.7,93.5,26.17,12,43.8,43.8,1.8,11,44,186,181,15,12,13.4,46.9,0,0,N/A,0,0,28,15,16,24,4
Santa Barbara Unified (Santa Barbara),Santa Barbara,Unified School District,No,K-12,93101,"""Santa Barbara                 """,13336,13.4,0.2,2.3,0.6,0.4,59.1,0.1,4,2.3,31,57.9,28.4,37,94.6,93,18.9,20,680,186,180,50,14,2.4,19.2,41.49,51.88,21939,0,1,54,11,6,14,10
Santa Clara County Office of Education (Santa Clara),Santa Clara,County Office of Education (COE),No,K-12,95131,"""San Jose                      """,10209,35.7,0.2,22.4,4.5,2.2,58.4,0.2,3.8,0.7,7.7,55.3,23.34,43,64.4,55.1,19,66,440,185,180,111,9,1.3,24.1,5.03,11.41,N/A,0,1,30,14,18,15,5
Santa Clara Elementary (Ventura),Ventura,Elementary School District,No,K-06,93060,"""Santa Paula                   """,53,1.9,0,0,0,0,45.3,0,3.8,0,50.9,17,1.89,38,N/A,N/A,21.2,0,3,186,180,0,14,0,0,69.7,69.7,18809,0,5,61,3,7,12,12
Santa Clara Unified (Santa Clara),Santa Clara,Unified School District,No,K-12,95051,"""Santa Clara                   """,14448,21.1,0.5,31.1,2.4,5.1,38.1,0.5,5.9,0.5,15.9,28.2,30.38,58,91,88,18.3,13,773,188,180,37,13,3,15.1,49.45,60.23,32023,0,0,62,7,7,14,9
Santa Cruz City Elementary (Santa Cruz),Santa Cruz,Elementary School District,No,K-05,95060,"""Santa Cruz                    """,1758,16.8,0.1,2.9,0.9,0.2,40.8,0.1,7.3,0.9,46.9,34.4,5.86,44,N/A,N/A,17.9,6,96,N/A,N/A,9,15,0.8,13.1,50.11,57.92,N/A,N/A,N/A,N/A,N/A,N/A,N/A,N/A
Santa Cruz City Elementary/High (Santa Cruz),Santa Cruz,Common Administration District,No,N/A,95073,Soquel,N/A,N/A,N/A,N/A,N/A,N/A,N/A,N/A,N/A,N/A,N/A,N/A,N/A,N/A,N/A,N/A,N/A,N/A,N/A,187,180,N/A,N/A,N/A,N/A,N/A,N/A,21276,0,2,54,11,8,12,12
Santa Cruz City High (Santa Cruz),Santa Cruz,High School District,No,K-12,95060,"""Santa Cruz                    """,4467,7.1,0.2,1.7,1.1,0.5,40.8,0.2,7,1.5,47.1,31.7,21.51,43,94.8,92.4,19.4,15,241,N/A,N/A,19,14,1.8,20.2,39.53,61.03,N/A,N/A,N/A,N/A,N/A,N/A,N/A,N/A
Santa Cruz County Office of Education (Santa Cruz),Santa Cruz,County Office of Education (COE),No,K-12,95060,"""Santa Cruz                    """,1599,11.3,0.6,3.1,0.8,0.6,45.5,0.1,5.9,0.3,43.2,35.1,16.76,44,65.4,76.3,18.1,2,87,185,182,8,16,1.2,12.1,6.25,29.95,N/A,0,0,32,12,15,25,7
Santa Maria Joint Union High (Santa Barbara),Santa Barbara,High School District,No,09-12,93455,"""Santa Maria                   """,8930,15.5,0.3,0.8,0.6,1.4,90.2,0.1,0.2,0.3,6.1,69.1,58.06,11,91.8,91.6,20.9,2,398,185,180,25,13,4.7,22,18.07,48.09,21560,0,3,48,12,5,16,13
Santa Maria-Bonita (Santa Barbara),Santa Barbara,Elementary School District,No,K-08,93454,"""Santa Maria                   """,17408,53.3,0.4,0.3,0.2,1,95.3,0,0.4,0.3,2,92.8,21.28,5,N/A,N/A,20.9,40,783,186,180,74,11,4.2,12.8,17.66,24.78,20317,0,0,55,9,3,11,18
Santa Monica-Malibu Unified (Los Angeles),Los Angeles,Unified School District,No,K-12,90401,"""Santa Monica                  """,8623,5.8,0.2,7.4,6.5,0.7,29.8,0.1,7.4,0,47.9,31,18.22,51,97.2,96.7,18.5,29,458,184,181,36,13,1.5,16.5,59.97,72.39,25939,0,1,57,9,7,11,13
Santa Paula Unified (Ventura),Ventura,Unified School District,No,K-12,93060,"""Santa Paula                   """,4575,29.4,0.2,0.3,0.2,0.2,94.8,0.1,0.3,0,3.9,84.8,30.34,6,96.9,96.5,17.4,12,246,186,180,26,14,5,19.1,21.87,34.89,24571,0,1,59,8,8,10,10
Santa Rita Union Elementary (Monterey),Monterey,Elementary School District,No,K-08,93906,"""Salinas                       """,3088,43.4,0.1,0.8,0.5,1.7,91.5,0.2,0.4,0.9,3.9,86.5,16.74,9,N/A,N/A,19.4,1,137,185,180,22,10,2.9,13.7,18.21,29.7,21167,0,0,56,13,5,11,8
Santa Rosa City Schools (Sonoma),Sonoma,Common Administration District,No,N/A,95401,Santa Rosa,N/A,N/A,N/A,N/A,N/A,N/A,N/A,N/A,N/A,N/A,N/A,N/A,N/A,N/A,N/A,N/A,N/A,N/A,N/A,185,180,N/A,N/A,N/A,N/A,N/A,N/A,22485,0,1,57,15,6,14,7
Santa Rosa Elementary (Sonoma),Sonoma,Elementary School District,No,K-08,95401,"""Santa Rosa                    """,4945,33.1,0.5,2.6,1.9,0.5,64.8,0.6,5.6,0.1,23.3,66.6,13.73,36,N/A,N/A,18.2,7,263,N/A,N/A,19,14,3.3,20.3,25.02,32.59,N/A,N/A,N/A,N/A,N/A,N/A,N/A,N/A
Santa Rosa High (Sonoma),Sonoma,High School District,No,05-12,95401,"""Santa Rosa                    """,9546,15,0.7,4.6,1.9,1.1,56.9,0.9,5.5,0,28.4,55,34.85,43,89.7,89,19.4,17,485,N/A,N/A,35,14,6.8,27,24.16,40.15,N/A,N/A,N/A,N/A,N/A,N/A,N/A,N/A
Santa Ynez Valley Union High (Santa Barbara),Santa Barbara,High School District,No,09-12,93463,"""Solvang                       """,813,2.7,0.4,0.2,0.4,0.1,50.4,0,4.3,0,44.2,27.3,29.27,39,96,97.9,18.2,2,43,183,180,2,17,4.1,21.1,36.92,60.51,19933,0,6,41,10,10,5,14
Santee (San Diego),San Diego,Elementary School District,No,K-08,92071,"""Santee                        """,6076,8.3,0,3.2,1.6,2.1,31.4,0.2,11.2,0,50.2,46.9,6.75,48,N/A,N/A,20.7,12,276,185,180,19,14,2.5,10,49.08,58.97,16078,0,0,64,9,6,8,9
Saratoga Union Elementary (Santa Clara),Santa Clara,Elementary School District,No,K-08,95070,"""Saratoga                      """,1653,7.7,0.2,60.7,0.2,0.4,5.4,0.2,5,8.9,18.8,3.8,32.43,35,N/A,N/A,20.5,1,80,186,180,2,20,0.1,4.9,89.77,86.29,25793,0,0,63,6,10,9,10
Saucelito Elementary (Tulare),Tulare,Elementary School District,No,K-08,93270,"""Terra Bella                   """,75,12,0,0,5.3,0,62.7,0,0,0,32,78.7,9.33,35,N/A,N/A,13.9,0,6,182,180,0,8,3.8,12.8,27.91,44.19,23251,0,0,59,4,12,4,21
Saugus Union (Los Angeles),Los Angeles,Elementary School District,No,K-06,91355,"""Santa Clarita                 """,9191,6.7,0.2,9.4,3.4,6.4,39.3,0.1,7.8,0.8,32.6,35.2,9.36,57,N/A,N/A,24.9,10,343,186,180,28,17,0.7,5.1,64.35,68.93,15563,0,0,64,9,10,7,9
Sausalito Marin City (Marin),Marin,Elementary School District,No,K-08,94965,"""Marin City                    """,265,16.2,0.8,7.9,27.9,0,23,0,10.9,0.8,28.7,54,10.19,65,N/A,N/A,14.2,6,11,187,180,8,7,3.2,30.4,40.12,48.48,50207,0,0,52,13,16,6,8
Savanna Elementary (Orange),Orange,Elementary School District,No,K-06,92804,"""Anaheim                       """,1720,30.9,0.1,14,3.6,5.3,60.3,1,3.9,2.6,9.1,81.6,6.57,42,N/A,N/A,20,3,86,186,180,5,18,1.1,16.3,45.78,49.73,20859,0,2,55,10,5,6,20
SBC - High Tech High (San Diego),San Diego,Statewide Benefit Charter,No,K-12,92106,"""San Diego                     """,3810,9.1,0.8,8.6,3.5,5.9,55.1,0.9,2.8,0,22.5,46.3,23.31,47,98.5,96.2,17.6,25,136,N/A,N/A,74,5,1.6,14.3,redacted,redacted,N/A,N/A,N/A,N/A,N/A,N/A,N/A,N/A
SBE - Academia Avance Charter (Los Angeles),Los Angeles,State Board of Education Charter,No,06-12,90042,"""Highland Park                 """,207,16.9,0.5,0.5,0.5,1.4,97.1,0,0,0,0,87.4,56.04,3,91.5,91.2,23,0,9,N/A,N/A,0,12,3.7,33.2,3.49,27.59,N/A,N/A,N/A,N/A,N/A,N/A,N/A,N/A
SBE - Altus Schools East County (San Diego),San Diego,State Board of Education Charter,No,07-12,92020,"""El Cajon                      """,287,12.5,0.3,1.4,7.3,1.4,58.5,0,6.6,0.3,24,73.2,25.09,43,64.4,62.2,35.9,0,8,N/A,N/A,0,17,0,22.6,13.51,39.19,N/A,N/A,N/A,N/A,N/A,N/A,N/A,N/A
SBE - Altus Schools South Bay (San Diego),San Diego,State Board of Education Charter,No,07-12,91910,"""Chula Vista                   """,372,22,0.8,0.5,7.8,2.7,79.3,0.5,2.7,0,5.6,76.1,31.72,23,68.4,66.9,33.8,1,8,N/A,N/A,3,11,0,16.2,10.17,40.68,N/A,N/A,N/A,N/A,N/A,N/A,N/A,N/A
SBE - Baypoint Preparatory Academy San Diego (San Diego),San Diego,State Board of Education Charter,No,K-08,92078,"""San Marcos                    """,162,14.8,0,4.9,3.7,2.5,55.6,0,4.9,0,28.4,58,8.64,44,N/A,N/A,18,8,0,N/A,N/A,9,1,1.7,16.8,42.7,58.43,N/A,N/A,N/A,N/A,N/A,N/A,N/A,N/A
SBE - College Preparatory Middle (San Diego),San Diego,State Board of Education Charter,No,05-08,91977,"""Spring Valley                 """,397,7.3,0,4,4.3,1,26.7,0,5,1.8,57.2,42.8,23.17,42,N/A,N/A,19.9,1,15,N/A,N/A,5,7,0.7,2.2,79.08,85.97,N/A,N/A,N/A,N/A,N/A,N/A,N/A,N/A
SBE - John Henry High (Contra Costa),Contra Costa,State Board of Education Charter,No,09-12,94804,"""Richmond                      """,333,42.3,0,0.3,3.6,0.3,89.5,0.3,0,2.1,3.9,86.2,45.95,10,78.8,81.3,27.8,1,8,N/A,N/A,4,8,7,15.8,31.82,29.55,N/A,N/A,N/A,N/A,N/A,N/A,N/A,N/A
SBE - KIPP Bayview Elementary (San Francisco),San Francisco,State Board of Education Charter,No,K-04,94124,"""San Francisco                 """,135,13.3,0,0,48.9,2.2,30.4,5.2,13.3,0,0,89.6,2.96,49,N/A,N/A,15,0,5,N/A,N/A,4,5,1.3,42,13.95,16.28,N/A,N/A,N/A,N/A,N/A,N/A,N/A,N/A
SBE - KIPP Navigate College Prep (Santa Clara),Santa Clara,State Board of Education Charter,No,09-12,95127,"""San Jose                      """,297,30.3,0.3,16.8,0.3,1,78.5,0.7,2,0,0.3,76.4,50.84,23,85.5,86.2,11.9,0,23,N/A,N/A,2,5,2.9,12.1,30.56,58.33,N/A,N/A,N/A,N/A,N/A,N/A,N/A,N/A
SBE - Latitude 37.8 High (Alameda),Alameda,State Board of Education Charter,No,09-12,94601,"""Oakland                       """,389,25.7,0,3.9,13.1,0.5,71.2,0,3.6,0,7.7,70.4,38.05,32,93.1,95.3,15,8,17,N/A,N/A,10,5,3.2,22.9,23.38,54.55,N/A,N/A,N/A,N/A,N/A,N/A,N/A,N/A
SBE - Magnolia Science Academy Santa Ana (Orange),Orange,State Board of Education Charter,No,K-12,92703,"""Santa Ana                     """,524,26.1,1,2.7,1.3,0,81.1,0,0.2,0,13.7,79.8,40.65,21,94.7,100,16.2,3,31,N/A,N/A,4,12,2,15.7,42.11,49.82,N/A,N/A,N/A,N/A,N/A,N/A,N/A,N/A
SBE - New West Charter (Los Angeles),Los Angeles,State Board of Education Charter,No,06-12,90025,"""Los Angeles                   """,980,2.3,0.1,8.5,4.5,0.9,22.2,0.1,9.1,1.9,52.7,18.5,15.2,48,97.9,100,17.6,3,45,N/A,N/A,12,6,1.3,12.7,44.19,73.65,N/A,N/A,N/A,N/A,N/A,N/A,N/A,N/A
SBE - Olive Grove Charter - Buellton (Santa Barbara),Santa Barbara,State Board of Education Charter,No,K-12,93427,"""Buellton                      """,34,8.8,0,0,0,0,47.1,0,11.8,0,41.2,50,20.59,43,redacted,redacted,11.2,0,18,N/A,N/A,3,14,0,14.3,25,30,N/A,N/A,N/A,N/A,N/A,N/A,N/A,N/A
SBE - Olive Grove Charter - Lompoc (Santa Barbara),Santa Barbara,State Board of Education Charter,No,K-12,93436,"""Lompoc                        """,125,8.8,0.8,0,0,0.8,73.6,0,4.8,0,20,84,32,28,66.7,65.4,19,0,20,N/A,N/A,3,14,0,35.7,7.41,20.37,N/A,N/A,N/A,N/A,N/A,N/A,N/A,N/A
SBE - Olive Grove Charter - Orcutt/Santa Maria (Santa Barbara),Santa Barbara,State Board of Education Charter,No,K-12,93455,"""Santa Maria                   """,153,6.5,0.7,0,0.7,1.3,62.7,0,3.9,2,28.8,62.1,22.22,35,50,50,23.3,0,19,N/A,N/A,3,13,0,20.4,7.04,38.03,N/A,N/A,N/A,N/A,N/A,N/A,N/A,N/A
SBE - Olive Grove Charter - Santa Barbara (Santa Barbara),Santa Barbara,State Board of Education Charter,No,K-12,93109,"""Santa Barbara                 """,74,6.8,0,0,1.4,0,70.3,1.4,1.4,0,25.7,58.1,24.32,29,64.3,redacted,15.6,0,19,N/A,N/A,3,14,0,10,4.44,31.11,N/A,N/A,N/A,N/A,N/A,N/A,N/A,N/A
SBE - The New School of San Francisco (San Francisco),San Francisco,State Board of Education Charter,No,K-08,94133,"""San Francisco                 """,457,18.2,0,12.9,7.7,1.1,37.2,0.9,11.8,0.2,28.2,35,20.35,61,N/A,N/A,19.9,0,21,N/A,N/A,2,10,3,20.3,62.05,69.79,N/A,N/A,N/A,N/A,N/A,N/A,N/A,N/A
SBE - Vista Springs Charter (San Diego),San Diego,State Board of Education Charter,No,K-08,92084,"""Vista                         """,251,25.1,0.8,0,2.4,0.8,74.1,0,6,0,15.9,70.1,10.76,28,N/A,N/A,23.7,2,9,N/A,N/A,4,7,0,12.9,25.38,32.31,N/A,N/A,N/A,N/A,N/A,N/A,N/A,N/A
SBE - Watsonville Prep (Santa Cruz),Santa Cruz,State Board of Education Charter,No,K-07,95076,"""Watsonville                   """,488,44.9,0,1.2,0,0.6,96.3,0,0.8,0,1,77,18.44,4,N/A,N/A,23.5,9,6,N/A,N/A,16,2,1.9,18.4,32.26,41.58,N/A,N/A,N/A,N/A,N/A,N/A,N/A,N/A
Scotia Union Elementary (Humboldt),Humboldt,Elementary School District,No,K-08,95565,"""Scotia                        """,187,2.1,4.3,0,0,0,15.5,0,12.8,2.7,64.7,72.2,1.07,36,N/A,N/A,17.5,5,5,182,180,6,5,0.5,15.2,71.21,68.18,19836,0,0,60,6,5,15,11
Scott Valley Unified (Siskiyou),Siskiyou,Unified School District,No,K-12,96032,"""Fort Jones                    """,604,1,9.3,0.8,1,0,13.4,0.2,12.7,6.5,56.1,63.4,0.83,43,97.9,97.4,17,0,37,185,180,3,13,6.1,18.8,39.12,49.83,21242,0,4,51,8,9,12,14
Scotts Valley Unified (Santa Cruz),Santa Cruz,Unified School District,No,K-12,95066,"""Scotts Valley                 """,2566,4.1,0.3,7,0.7,0.7,21.6,0.2,9.4,1,59.2,16.9,10.13,42,88.2,75,22.2,2,360,187,180,11,12,1.6,13.3,58.55,69.97,16584,0,1,61,9,7,12,9
Sebastopol Union Elementary (Sonoma),Sonoma,Elementary School District,No,K-08,95472,"""Sebastopol                    """,769,8.3,1.2,1.4,1.2,0.7,27.4,0,8.1,4.6,55.5,42,7.8,41,N/A,N/A,18.6,5,40,N/A,N/A,5,11,2.1,11.1,38.02,56.45,22614,0,0,57,11,9,8,15
Seeley Union Elementary (Imperial),Imperial,Elementary School District,No,K-08,92273,"""Seeley                        """,325,47.7,1.2,0,0.9,0.3,90.8,0.3,2.2,0,4.3,93.2,11.69,10,N/A,N/A,19.1,0,16,N/A,N/A,1,13,0,11.2,23.64,31.36,26691,0,0,50,12,10,7,18
Seiad Elementary (Siskiyou),Siskiyou,Elementary School District,No,K-08,96086,"""Seiad Valley                  """,22,N/A,36.4,0,0,0,13.6,0,4.5,0,45.5,63.6,N/A,48,N/A,N/A,22,0,1,N/A,N/A,0,6,8.7,40.9,redacted,redacted,32361,0,0,48,1,14,17,19
Selma Unified (Fresno),Fresno,Unified School District,No,K-12,93662,"""Selma                         """,5914,26.9,0.3,3,0.4,0.1,92,0.1,0.5,0,3.7,91.9,23.49,9,93.3,93.1,21,18,247,185,180,43,16,4.7,19.4,23.83,40.98,21991,0,2,55,11,6,9,15
Semitropic Elementary (Kern),Kern,Elementary School District,No,K-08,93280,"""Wasco                         """,140,53.6,0,0,2.1,0,97.1,0,0,0,0.7,61.4,22.86,3,N/A,N/A,14.7,0,10,183,180,0,12,3.3,3.5,10.75,30.11,30396,0,0,58,8,12,11,11
Sequoia Union Elementary (Tulare),Tulare,Elementary School District,No,K-08,93244,"""Lemon Cove                    """,388,9,0,1.3,0,0,39.4,0,2.6,0.5,56.2,48.2,2.58,37,N/A,N/A,16.2,0,19,185,180,2,12,7.7,9.1,31.8,45.19,22827,0,1,41,21,15,6,12
Sequoia Union High (San Mateo),San Mateo,High School District,No,09-12,94062,"""Redwood City                  """,9505,15,0.8,11.2,1.6,1.1,47.5,1.7,5.1,0.1,30.8,32.7,34.9,51,89.9,81.8,16.8,21,557,187,180,39,14,3.4,21,48.16,66.23,31271,0,2,53,15,7,13,9
Shaffer Union Elementary (Lassen),Lassen,Elementary School District,No,K-08,96117,"""Litchfield                    """,246,2.8,2.4,0.4,1.6,0,21.1,0,6.1,0,68.3,61,1.22,33,N/A,N/A,20.5,3,7,185,180,5,12,8,26.7,26.17,33.56,15991,0,0,43,4,7,16,29
Shandon Joint Unified (San Luis Obispo),San Luis Obispo,Unified School District,No,K-12,93461,"""Shandon                       """,268,39.9,0,0,1.1,0,87.3,0,0,1.5,10.2,65.7,18.28,12,86.4,89.5,14.9,2,15,184,180,3,14,2.7,27.9,22.69,33.05,27406,0,5,50,14,6,10,11
Shasta County Office of Education (Shasta),Shasta,County Office of Education (COE),No,K-12,96001,"""Redding                       """,849,0.7,2.5,1.1,1.3,0,16.3,0,10.2,1.9,66.8,58.9,1.06,34,85.6,84.1,16.7,5,44,184,180,8,12,3,14.2,5.33,15.58,N/A,0,9,10,28,18,26,8
Shasta Union Elementary (Shasta),Shasta,Elementary School District,No,K-08,96087,"""Shasta                        """,100,2,4,2,0,0,5,0,10,0,79,62,2,23,N/A,N/A,17.9,1,5,184,180,1,11,0,2.8,25.45,47.27,18604,0,0,56,8,9,13,14
Shasta Union High (Shasta),Shasta,High School District,No,06-12,96001,"""Redding                       """,5492,1.8,4.1,5.6,2.6,0.5,17,0.4,4.5,1.7,63.7,48.5,7.05,38,93.7,92.7,20.9,20,231,184,180,39,12,4.4,18.7,41.69,58.5,18626,0,2,54,13,9,7,13
Shiloh Elementary (Stanislaus),Stanislaus,Elementary School District,No,K-08,95358,"""Modesto                       """,187,28.9,1.1,0,0,0,53.2,0.5,1.6,1.6,42,63.6,5.88,37,N/A,N/A,16.1,0,12,184,180,0,11,0.5,14.9,38.26,41.74,19033,0,0,71,4,7,12,7
Shoreline Unified (Marin),Marin,Unified School District,No,K-12,94971,"""Tomales                       """,473,30.2,0.6,0.4,0,0,65.5,0.2,1.7,0.2,31.3,72.7,26.22,32,96.4,95.2,10.1,2,43,187,180,4,15,2.3,20.3,31.78,35.17,45129,0,1,55,11,10,10,9
Sierra Sands Unified (Kern),Kern,Unified School District,No,K-12,93555,"""Ridgecrest                    """,4974,5.9,1,1.9,7.9,1.4,34.6,0.6,5.5,1.1,46.1,58.8,6.27,49,75.8,72.2,20.8,30,208,185,180,40,10,7.7,27.1,27.86,40.52,19178,0,1,56,12,8,11,11
Sierra Unified (Fresno),Fresno,Unified School District,No,K-12,93651,"""Prather                       """,1251,1.1,14.5,0.7,0.5,0.4,21.5,0,5.4,1.7,55.3,44.9,1.6,45,93.3,94.9,17.5,14,50,186,180,24,11,8.6,31.7,28,43.19,20945,0,0,57,14,7,8,13
Sierra-Plumas Joint Unified (Sierra),Sierra,Unified School District,No,K-12,96118,"""Loyalton                      """,414,5.1,1,0,0.5,0,19.1,0.7,5.6,1.4,71.7,34.8,1.45,29,100,100,14.4,1,27,182,180,2,12,5.6,19.5,30.15,44,20359,0,1,53,7,10,10,16
Silver Fork Elementary (El Dorado),El Dorado,Elementary School District,No,02-08,95726,"""Pollock Pines                 """,10,N/A,0,0,0,0,10,0,0,0,90,40,N/A,11,N/A,N/A,5,0,2,N/A,N/A,0,22,0,9.1,redacted,redacted,52431,0,0,57,13,15,7,8
Silver Valley Unified (San Bernardino),San Bernardino,Unified School District,No,K-12,92398,"""Yermo                         """,2188,4.8,0.4,1.1,8.2,1.3,43.6,2.9,8.9,0.1,33.5,67.7,3.47,53,100,100,16.8,13,101,N/A,N/A,33,11,2.7,18.5,30.99,48.99,23087,0,1,50,12,8,10,19
Simi Valley Unified (Ventura),Ventura,Unified School District,No,K-12,93065,"""Simi Valley                   """,15444,11.1,0.1,7.3,1.6,2.4,45.3,0.2,4.4,0,38.7,45.4,10.81,48,94.9,94,20.7,51,710,187,180,77,15,3.2,17.8,36.67,50.21,17900,0,1,55,12,6,13,12
Siskiyou County Office of Education (Siskiyou),Siskiyou,County Office of Education (COE),No,K-12,96097,"""Yreka                         """,697,0.9,3.3,1,0.7,0,14.6,0,11.2,1.1,68,72.6,1.58,34,82.7,80.9,13.2,4,53,N/A,N/A,11,11,0.1,12.4,N/A,redacted,N/A,0,0,18,32,15,25,3
Siskiyou Union High (Siskiyou),Siskiyou,High School District,No,09-12,96067,"""Mount Shasta                  """,476,4.4,3.6,1.1,3.6,0.2,16.2,0,15.5,4,55.9,48.5,5.46,44,87.2,84.8,13.9,2,32,N/A,N/A,8,12,6.7,35.2,13.48,42.86,24774,0,2,54,8,9,10,15
Snelling-Merced Falls Union Elementary (Merced),Merced,Elementary School District,No,K-08,95369,"""Snelling                      """,55,29.1,0,0,0,0,52.7,0,1.8,3.6,41.8,85.5,10.91,36,N/A,N/A,11,1,3,183,180,2,13,1.4,20,30.77,48.72,22781,0,0,63,12,8,9,8
Snowline Joint Unified (San Bernardino),San Bernardino,Unified School District,No,K-12,92329,"""Phelan                        """,8085,12.6,0.4,1,5.4,0.4,62.3,0.3,2.6,4,23.5,71.4,13.73,36,88.9,88.8,21.1,19,338,184,180,49,13,7,29.8,20.31,32.74,18878,0,0,55,11,6,9,12
Solana Beach Elementary (San Diego),San Diego,Elementary School District,No,K-06,92075,"""Solana Beach                  """,2620,11.4,0.1,27.6,0.5,0.6,13.7,0.2,10.4,2.6,44.5,13.8,19.47,53,N/A,N/A,20.2,2,146,185,180,3,17,0.3,3.6,82.25,83.66,25543,0,3,59,9,10,10,9
Solano County Office of Education (Solano),Solano,County Office of Education (COE),No,K-12,94534,"""Fairfield                     """,1075,15.7,0.4,2.2,38.7,4,37.1,1.1,4.4,0.7,11.3,52.8,9.3,54,62,54.9,13.1,2,79,184,181,4,10,3.5,36.3,2.38,4.88,N/A,0,5,39,19,15,18,4
Soledad Unified (Monterey),Monterey,Unified School District,No,K-12,93960,"""Soledad                       """,4744,33.5,0,0.8,0.4,0.6,95.9,0.1,0.3,0.2,1.7,87.3,31.89,4,95,95.1,22.1,17,179,186,180,36,12,3.4,22.2,20.62,33.43,20412,0,1,52,12,8,14,11
Solvang Elementary (Santa Barbara),Santa Barbara,Elementary School District,No,K-08,93463,"""Solvang                       """,602,18.8,0.7,0.3,0.5,0.5,57.8,0,4,3.3,32.9,38.2,13.95,37,N/A,N/A,19.4,2,25,185,180,6,12,5.1,13,42.67,56.87,13070,0,2,54,6,10,5,8
Somis Union (Ventura),Ventura,Elementary School District,No,K-08,93066,"""Somis                         """,270,30,0,0,0,0.4,79.6,0,1.5,0,18.5,81.1,21.11,21,N/A,N/A,22.3,0,13,182,180,0,19,1.1,6.1,43.82,51.98,19792,0,3,43,18,11,6,10
Sonoma County Office of Education (Sonoma),Sonoma,County Office of Education (COE),No,K-12,95403,"""Santa Rosa                    """,278,16.9,2.5,1.1,3.2,0.4,58.3,0.4,2.9,0.4,30.9,61.5,28.06,40,36.4,37.5,9.4,2,27,183,181,2,19,14.9,50.7,0,0,N/A,0,0,21,14,22,26,3
Sonoma Valley Unified (Sonoma),Sonoma,Unified School District,No,K-12,95476,"""Sonoma                        """,3519,23.4,0.4,1.3,0.5,0.4,64.3,0.3,1.6,0.5,30.8,37,26.17,33,90,88.5,19.1,9,164,186,180,21,13,2.5,18.2,20.03,37.05,26001,0,1,57,13,8,11,10
Sonora Elementary (Tuolumne),Tuolumne,Elementary School District,No,K-08,95370,"""Sonora                        """,643,1.9,2.8,1.7,0.8,0.6,17.6,0.2,4.4,0.2,71.9,48.2,4.2,30,N/A,N/A,18.3,1,35,184,180,3,14,4.3,17.3,31.63,46.84,16883,0,0,60,10,11,9,8
Sonora Union High (Tuolumne),Tuolumne,High School District,No,09-12,95370,"""Sonora                        """,1000,2.1,1.6,1,0.9,0.8,22.5,0.2,6.4,3.3,63.3,41,5.3,36,92.6,92,22.6,4,42,N/A,N/A,5,15,9.3,31.3,22.22,54.13,22729,0,2,44,18,10,10,14
Soquel Union Elementary (Santa Cruz),Santa Cruz,Elementary School District,No,K-08,95010,"""Capitola                      """,1520,10.9,0.3,1.6,0.9,0.7,35.9,0.4,6.6,0.1,53.5,31.1,7.96,42,N/A,N/A,21.1,3,72,185,180,4,15,0.8,11.8,42.05,54.14,16790,0,0,60,8,9,13,10
Soulsbyville Elementary (Tuolumne),Tuolumne,Elementary School District,No,K-08,95372,"""Soulsbyville                  """,499,0.4,0.6,0.6,0,0.2,15.4,0.2,5.8,0.4,76.8,39.3,0.6,25,N/A,N/A,17.3,0,27,184,180,4,13,1.3,17.6,45.74,48.73,14331,0,0,68,4,10,6,9
South Bay Union (San Diego),San Diego,Elementary School District,No,K-08,91932,"""Imperial Beach                """,5450,44.1,0,0.4,1.8,2.4,86.6,0.1,2.6,0.8,5.3,68.6,8.26,14,N/A,N/A,20.1,19,247,185,180,25,21,2.2,24.1,24.6,35.35,27937,0,7,54,10,7,12,9
South Bay Union Elementary (Humboldt),Humboldt,Elementary School District,No,K-12,95503,"""Eureka                        """,855,5,3.9,0.8,0.7,0.1,24,0.1,13.3,0.5,56.6,72.3,2.57,44,89.2,86.7,17.7,4,50,187,180,4,14,0.9,8.2,28.44,37.44,23140,0,0,54,9,10,10,7
South Fork Union (Kern),Kern,Elementary School District,No,K-08,93283,"""Weldon                        """,348,2.6,1.7,0.3,0,0,24.7,0,6.6,3.7,62.9,79,2.01,35,N/A,N/A,19.5,4,9,184,180,9,6,2.6,18.2,30.34,38.89,18400,0,0,54,13,13,5,13
South Monterey County Joint Union High (Monterey),Monterey,High School District,No,09-12,93930,"""King City                     """,2666,17.1,0.3,0.2,0,0.5,94.9,0,0.2,0,3.9,80.5,66.65,6,88.9,88.7,23.2,5,105,185,181,15,11,7.9,18,13.11,54.23,18539,0,2,47,13,9,12,12
South Pasadena Unified (Los Angeles),Los Angeles,Unified School District,No,K-12,91030,"""South Pasadena                """,4678,5.3,0.1,33.7,1,2.3,22.8,0.1,14.1,3.2,22.6,14.7,16.59,62,96.1,93.7,24,2,191,N/A,N/A,10,12,1.3,6.6,78.84,84.05,15959,0,1,67,7,6,10,8
South San Francisco Unified (San Mateo),San Mateo,Unified School District,No,K-12,94080,"""South San Francisco           """,7664,23.4,0.7,15.2,1,19.8,48.6,1.4,7,0.1,6.3,40,24.32,54,90.9,89,17.3,19,376,186,180,71,13,2.6,14.7,39.85,49.56,23037,0,0,57,13,6,11,12
South Whittier Elementary (Los Angeles),Los Angeles,Elementary School District,No,K-08,90605,"""Whittier                      """,2258,26.9,0.1,0.5,0.7,0.8,94.3,0,0.7,0,2.8,90.6,15.46,6,N/A,N/A,18.9,6,113,186,180,11,15,2,17.8,25.61,34.52,23993,0,0,65,9,7,7,11
Southern Humboldt Joint Unified (Humboldt),Humboldt,Unified School District,No,K-12,95553,"""Miranda                       """,647,7,4,0.5,0.8,0,25.2,0.2,11.6,0.3,57.5,75.1,4.79,43,86.4,88.2,15.6,3,39,N/A,N/A,5,10,2.7,45.8,20.26,24.21,25534,0,1,51,14,8,11,13
Southern Kern Unified (Kern),Kern,Unified School District,No,K-12,93560,"""Rosamond                      """,3636,14.3,0.2,0.7,9,0.8,64.2,0,4.3,0.9,19.7,80,9.43,37,86.9,86.9,19.4,11,164,183,180,26,10,5.5,26.3,14.87,30.12,20336,0,1,51,10,5,9,24
Southern Trinity Joint Unified (Trinity),Trinity,Unified School District,No,K-12,95526,"""Mad River                     """,71,N/A,8.5,1.4,0,4.2,5.6,0,15.5,0,64.8,60.6,N/A,38,redacted,N/A,8.8,1,9,185,180,1,13,0,17.8,37.5,52.5,44439,0,4,47,14,9,10,14
Southside Elementary (San Benito),San Benito,Elementary School District,No,K-08,95023,"""Hollister                     """,268,19.8,0.4,0.7,1.1,1.1,66.5,0,1.1,0,29,45.1,6.34,32,N/A,N/A,24.4,0,10,184,180,1,19,3.5,13.2,40.83,49.7,11404,0,4,57,2,9,9,8
Spencer Valley Elementary (San Diego),San Diego,Elementary School District,No,K-12,92070,"""Santa Ysabel                  """,4196,9.5,0.8,3.1,10.7,1.9,57.8,1,4.6,0,20.1,68.6,10.41,45,73.6,73,23.7,15,541,N/A,N/A,40,10,0,10.9,44,52,37235,0,0,51,5,7,14,12
Spreckels Union Elementary (Monterey),Monterey,Elementary School District,No,K-08,93962,"""Spreckels                     """,850,6,0.1,2.5,0,1.5,46.5,0,7.8,1.4,40.2,18.6,10.71,44,N/A,N/A,21.3,5,30,185,180,11,10,0.6,8.8,43.94,55.71,12941,0,0,54,12,11,6,13
Springville Union Elementary (Tulare),Tulare,Elementary School District,No,K-08,93265,"""Springville                   """,335,1.8,2.1,0.3,0.6,0,29.3,0,6.9,1.5,59.4,52.5,1.19,38,N/A,N/A,18.6,1,17,182,180,1,13,1.1,23.2,30.22,40.71,17567,0,0,63,10,6,6,14
Standard Elementary (Kern),Kern,Elementary School District,No,K-08,93308,"""Bakersfield                   """,3193,8.9,0.7,0.4,4.6,0.2,50,0.3,2.7,0,41.2,90.1,4.01,42,N/A,N/A,20.5,16,131,183,180,25,11,5.2,32.4,14.79,24.67,19706,0,0,54,14,7,9,12
Stanislaus County Office of Education (Stanislaus),Stanislaus,County Office of Education (COE),No,K-12,95354,"""Modesto                       """,2404,12.3,0.7,2.5,4.6,0.4,61.4,0.5,4,1.3,24.5,57.8,7.32,39,32.2,32.5,15.4,31,110,184,180,47,11,2.1,43.2,5.46,6.18,N/A,0,0,32,15,10,29,8
Stanislaus Union Elementary (Stanislaus),Stanislaus,Elementary School District,No,K-08,95350,"""Modesto                       """,3329,22.5,0.4,10.7,2.9,1.1,56.2,1.4,4.9,8,14.5,76.2,12.26,42,N/A,N/A,20.2,29,120,185,180,53,11,3,15.2,30.31,38.24,21128,0,0,65,6,7,10,11
Stockton Unified (San Joaquin),San Joaquin,Unified School District,No,K-12,95203,"""Stockton                      """,38452,23.7,0.4,8.3,8.6,3.1,71.3,0.5,3.7,0.4,3.6,79.9,21.21,32,89.9,89.1,22.8,150,1582,187,180,270,12,4.2,31.7,18.5,29.77,27318,0,0,54,14,5,12,14
Stone Corral Elementary (Tulare),Tulare,Elementary School District,No,K-12,93292,"""Visalia                       """,961,18.9,1,4.8,1.8,0,34.8,0.2,4.5,0.9,52,88.7,14.67,44,27,25.2,22.9,3,39,183,180,5,13,0,46.7,8.33,26.39,28351,0,0,57,13,8,11,11
Stony Creek Joint Unified (Glenn),Glenn,Unified School District,No,K-12,95939,"""Elk Creek                     """,55,N/A,50.9,0,0,0,20,0,3.6,0,25.5,74.5,N/A,48,redacted,redacted,5.6,2,7,N/A,N/A,3,9,11,48.4,28.57,32.14,49755,0,1,46,3,15,6,22
Strathmore Union Elementary (Tulare),Tulare,Elementary School District,No,K-08,93267,"""Strathmore                    """,702,38.6,0.1,0.6,0,0.1,91.2,0,0,0,8,87.6,16.38,10,N/A,N/A,21,7,27,186,180,7,12,4.5,13.7,19.78,35.11,24099,0,0,63,8,7,10,11
Sulphur Springs Union (Los Angeles),Los Angeles,Elementary School District,No,K-06,91351,"""Canyon Country                """,5157,16.1,0.3,4,5.3,5.8,59.3,0.1,5.3,1.5,18.3,60.7,6.13,43,N/A,N/A,23.2,2,209,186,180,17,13,1.9,12.8,42.76,52.82,17826,0,4,60,9,7,7,12
Summerville Elementary (Tuolumne),Tuolumne,Elementary School District,No,K-08,95379,"""Tuolumne                      """,457,0.4,10.3,0,0.2,0,16.4,0,6.8,2.4,63.9,45.1,0.22,37,N/A,N/A,19.9,1,23,182,180,1,12,2.6,21.7,22.22,40.94,15099,0,0,59,5,12,3,18
Summerville Union High (Tuolumne),Tuolumne,High School District,No,K-12,95379,"""Tuolumne                      """,1074,0.7,1.8,0.4,0.6,0.1,19.8,0.1,8.3,0.4,68.6,43.6,1.77,33,93,91.2,18.6,0,60,183,180,4,16,5.2,14.9,33.15,72.93,20821,0,2,55,14,8,8,12
Sundale Union Elementary (Tulare),Tulare,Elementary School District,No,K-08,93274,"""Tulare                        """,840,9.5,0.1,0.8,0.1,0,47.5,0.1,3.9,0,47.4,39.2,2.26,39,N/A,N/A,25.5,0,30,185,180,3,15,0.6,4.6,47.36,55.87,13663,0,0,65,8,6,2,17
Sunnyside Union Elementary (Tulare),Tulare,Elementary School District,No,K-08,93267,"""Strathmore                    """,311,39.2,0.3,0,0.3,0,95.2,0,0.3,0,3.9,85.9,12.54,5,N/A,N/A,18.2,0,16,188,180,2,12,5.1,14.5,11.11,22.56,23288,0,0,52,12,10,7,11
Sunnyvale (Santa Clara),Santa Clara,Elementary School District,No,K-08,94088,"""Sunnyvale                     """,5764,27.9,0.8,26.1,1.3,4.4,40.8,0.7,7.9,0,18,23.3,23.77,59,N/A,N/A,18.7,17,276,187,187,35,14,2.1,9.5,52.1,55.97,27179,0,0,61,7,7,14,10
Sunol Glen Unified (Alameda),Alameda,Unified School District,No,K-08,94586,"""Sunol                         """,240,5,0,37.5,0.4,0.8,15.8,0.4,12.1,0.4,32.5,9.6,21.25,57,N/A,N/A,17.6,1,15,185,180,2,11,0,8.7,79.27,80.37,20698,0,0,58,2,10,18,12
Surprise Valley Joint Unified (Modoc),Modoc,Unified School District,No,K-12,96104,"""Cedarville                    """,89,1.1,12.4,0,0,0,23.6,0,10.1,0,53.9,66.3,3.37,47,redacted,redacted,10.8,2,6,184,180,3,10,13,10.9,32.61,41.3,30183,0,5,57,5,12,9,12
Susanville Elementary (Lassen),Lassen,Elementary School District,No,K-12,96130,"""Susanville                    """,1135,4.1,5.4,1.2,0.5,0.8,24.8,3,10.2,0.2,53.9,72.2,3.44,47,81.3,75,19.7,2,52,185,180,8,10,3.8,21.3,28.89,39.29,15218,0,2,60,5,10,12,11
Sutter County Office of Education (Sutter),Sutter,County Office of Education (COE),No,K-12,95993,"""Yuba City                     """,498,20.9,2.2,12.2,3,0.4,43.6,0,4.2,0,34.3,73.7,10.64,52,50,47.7,9.6,10,42,185,180,13,12,9.4,47.4,3.13,1.69,N/A,2,0,42,12,11,18,4
Sutter Union High (Sutter),Sutter,High School District,No,09-12,95982,"""Sutter                        """,760,2.4,0.8,3.8,0.3,0,27,0,6.8,0.1,61.2,26.3,10.39,39,99.5,98.9,21,8,30,185,180,9,12,1.6,19.5,25.3,49.1,15331,0,0,45,17,9,11,16
Sweetwater Union High (San Diego),San Diego,High School District,No,K-12,91911,"""Chula Vista                   """,35774,22,0.3,2,3.4,8.5,72.2,0.3,3.5,0.1,9.6,56.9,36.78,31,90.9,89.7,22.1,65,1506,184,180,134,17,4.3,21.4,30.44,51.79,18370,0,2,56,8,8,16,9
Sylvan Union Elementary (Stanislaus),Stanislaus,Elementary School District,No,K-08,95350,"""Modesto                       """,7977,15.1,0.4,8.6,2.9,2.5,51.4,1.2,6,2.6,24.4,64.5,10.47,49,N/A,N/A,20.3,19,377,183,180,36,15,4.5,15,36.22,42.67,17849,0,0,67,8,5,11,7
Taft City (Kern),Kern,Elementary School District,No,K-08,93268,"""Taft                          """,2404,43.1,0.3,0.5,0.8,0.1,74.3,0.3,0.4,0.3,23,90.5,11.36,26,N/A,N/A,20.3,13,91,185,180,28,10,3.4,13.3,21.08,33.04,16490,0,0,55,12,8,7,14
Taft Union High (Kern),Kern,High School District,No,09-12,93268,"""Taft                          """,1149,19.6,0.2,0.5,0.3,0.4,61.7,0.3,0.4,1,35.1,82.8,33.77,33,88.3,88.8,18.2,2,62,185,180,5,14,3.7,24.4,10.26,48.54,26491,0,6,44,13,10,8,19
Tahoe-Truckee Unified (Placer),Placer,Unified School District,No,K-12,96161,"""Truckee                       """,4175,12.4,0.3,0.6,0.2,0.1,35.4,0,4.6,1.3,57.6,32.1,16.5,37,95.4,91.1,18.8,11,209,185,180,28,13,2.1,13.7,51.72,61.57,27067,0,2,56,14,6,11,11
Tamalpais Union High (Marin),Marin,High School District,No,09-12,94939,"""Larkspur                      """,4542,1.9,0.1,4,2,0.4,14.2,0.2,9.8,0,69.2,10.3,11.18,34,97.1,93.2,18.4,6,251,185,180,8,17,2.4,14.8,54.19,68.72,27690,0,4,54,13,9,9,10
Tehachapi Unified (Kern),Kern,Unified School District,No,K-12,93561,"""Tehachapi                     """,4156,5.2,0.3,1,1.3,0.3,40.1,0.2,3.7,1,52.1,44.8,5.03,40,94.5,94.4,23,5,163,184,180,25,10,2.8,28.2,24.13,35.68,17433,0,1,54,13,9,10,12
Tehama County Department of Education (Tehama),Tehama,County Office of Education (COE),No,K-12,96080,"""Red Bluff                     """,284,6,2.5,0,0.4,0,29.2,0.4,6.7,4.6,56.3,80.6,8.1,39,72.7,71.9,9.5,1,30,183,180,3,13,0,20.8,7.94,15.87,N/A,0,16,23,22,12,18,8
Temecula Valley Unified (Riverside),Riverside,Unified School District,No,K-12,92592,"""Temecula                      """,27980,4.9,0.6,6.6,3.6,4.6,38.4,0.3,9.9,0.1,36,35,9.98,56,95.8,92.8,21.5,60,1173,184,180,137,17,2.1,16.7,49.72,63.82,17149,1,0,66,10,5,9,8
Temple City Unified (Los Angeles),Los Angeles,Unified School District,No,K-12,91780,"""Temple City                   """,5298,20.6,0,65.3,0.6,2,22.7,0.2,4.2,0.5,4.5,39.9,34.2,36,95.8,95,24.3,9,207,184,180,16,17,1.2,7.8,66.03,69.16,17293,0,1,61,7,8,9,11
Templeton Unified (San Luis Obispo),San Luis Obispo,Unified School District,No,K-12,93465,"""Templeton                     """,2215,2.2,0.5,1.1,0.2,0.2,23.9,0.2,6.3,8.4,59.2,23.2,8.08,35,98.4,98.8,18.9,4,113,184,180,11,16,1.2,12.6,38.5,56.8,15452,0,2,61,9,7,8,10
Terra Bella Union Elementary (Tulare),Tulare,Elementary School District,No,K-08,93270,"""Terra Bella                   """,717,64.6,0,0.6,0.1,0.1,97.4,0,0,0.1,1.7,93.3,10.18,3,N/A,N/A,19.9,1,34,184,180,2,15,3.2,18.4,26.24,39.74,21126,0,0,48,14,6,10,18
Thermalito Union Elementary (Butte),Butte,Elementary School District,No,K-08,95965,"""Oroville                      """,1515,11.8,1.8,33.2,1.8,0.8,17,0.6,8.8,0.8,35.2,87.1,5.28,58,N/A,N/A,17.7,4,76,184,180,13,15,3.7,15.8,24.53,34.79,21063,0,0,44,10,5,6,31
Three Rivers Union Elementary (Tulare),Tulare,Elementary School District,No,K-08,93271,"""Three Rivers                  """,93,4.3,0,1.1,0,1.1,19.4,0,12.9,2.2,63.4,36.6,0,37,N/A,N/A,15.5,0,6,184,180,0,13,3.1,3.1,29.09,60,22622,0,1,46,4,12,12,25
Tipton Elementary (Tulare),Tulare,Elementary School District,No,K-08,93272,"""Tipton                        """,485,58.1,0.2,0.2,0.4,0,96.1,0,0,0,3.1,94.6,17.73,4,N/A,N/A,18,2,23,185,180,4,15,1.4,15,28.57,38.13,21582,0,0,63,6,8,8,12
Torrance Unified (Los Angeles),Los Angeles,Unified School District,No,K-12,90501,"""Torrance                      """,22023,12,0.2,26.9,4.2,4.7,34.8,0.4,9.6,0.7,18.5,33.2,21.45,63,97,96,23.7,31,880,185,180,87,18,1.4,9.9,61.49,68.24,16002,0,1,61,9,6,10,11
Tracy Joint Unified (San Joaquin),San Joaquin,Unified School District,No,K-12,95376,"""Tracy                         """,15023,21.5,0.4,16,5.2,4.7,53.9,1.1,4.9,0,13.9,69.2,24.04,50,91.8,91.2,21.3,42,649,183,180,69,15,7.3,20.1,28.06,40.82,19013,0,1,57,11,5,14,10
Traver Joint Elementary (Tulare),Tulare,Elementary School District,No,K-08,93673,"""Traver                        """,235,45.5,0,2.6,0,0,97,0,0,0,0.4,71.5,16.17,3,N/A,N/A,21.4,1,10,N/A,N/A,1,13,1.2,20.2,23.45,37.24,20936,0,0,49,5,11,13,22
Travis Unified (Solano),Solano,Unified School District,No,K-12,94533,"""Fairfield                     """,5405,3.2,0.2,4.9,13.1,11.3,30.9,0.7,15.4,1.3,22.2,45.9,9.2,70,98.5,97.8,20.7,17,232,183,180,33,15,2.5,16,34.87,47.3,15962,0,1,58,13,6,10,10
Tres Pinos Union Elementary (San Benito),San Benito,Elementary School District,No,K-08,95075,"""Tres Pinos                    """,61,16.4,0,0,1.6,0,57.4,0,0,0,41,63.9,3.28,35,N/A,N/A,26.5,0,3,N/A,N/A,0,16,1.6,22.2,12.5,17.5,14229,0,5,57,1,10,8,10
Trinidad Union Elementary (Humboldt),Humboldt,Elementary School District,No,K-08,95570,"""Trinidad                      """,161,N/A,9.9,0,1.9,0,11.8,0.6,8.1,1.9,65.8,61.5,N/A,36,N/A,N/A,13.5,2,11,N/A,N/A,2,11,5.1,16.6,47.78,50.54,21797,0,0,63,9,6,11,10
Trinity Alps Unified (Trinity),Trinity,Unified School District,No,K-12,96093,"""Weaverville                   """,640,1.3,3.3,1.3,0.8,0,8.9,0.2,8,0.3,77.3,64.7,0.63,25,92.7,91.4,17,5,32,183,180,9,14,13.4,29.2,33.33,47.33,21247,0,2,60,7,6,7,14
Trinity Center Elementary (Trinity),Trinity,Elementary School District,No,01-08,96091,"""Trinity Center                """,13,N/A,0,0,0,0,0,0,7.7,0,92.3,84.6,N/A,8,N/A,N/A,6.5,1,1,N/A,N/A,1,19,7.7,30.8,redacted,redacted,40871,0,0,33,4,7,6,36
Trinity County Office of Education (Trinity),Trinity,County Office of Education (COE),No,07-12,96093,"""Weaverville                   """,144,N/A,6.9,0,2.1,0,17.4,0,9.7,0,63.9,82.6,N/A,39,38.1,37.7,13.6,2,6,184,180,6,5,1.7,88.7,redacted,redacted,N/A,0,2,5,28,25,22,4
Trona Joint Unified (San Bernardino),San Bernardino,Unified School District,No,K-12,93562,"""Trona                         """,258,2.3,0,0,7.4,0,31,0,3.1,0,58.5,77.1,1.55,40,85,82.4,15.7,5,12,183,180,6,5,6.4,40.6,18.7,19.67,34192,0,1,49,11,14,10,12
Tulare City (Tulare),Tulare,Elementary School District,No,K-08,93274,"""Tulare                        """,9294,25,0.2,1.6,2.8,0.3,81.2,0.1,1.8,0,11.9,80.3,8.91,21,N/A,N/A,22.6,17,381,185,180,34,14,2,12.2,21.1,33.85,19006,0,3,50,12,5,11,19
Tulare County Office of Education (Tulare),Tulare,County Office of Education (COE),No,K-12,93277,"""Visalia                       """,3660,8.2,0.4,1.5,1.1,0.5,62.5,0.2,3.3,0.7,29.8,55,9.43,36,54.2,44.1,12,22,274,185,180,40,11,1.7,19.6,30.72,42.48,N/A,0,8,31,22,6,23,8
Tulare Joint Union High (Tulare),Tulare,High School District,No,09-12,93274,"""Tulare                        """,5598,11.7,0.4,1.6,2.3,0.2,80.5,0,1.2,0.5,13.3,72.3,35.08,21,97.3,97,20.7,3,244,185,180,35,12,5.7,14.4,22.5,54.06,21166,0,3,49,14,7,9,16
Tulelake Basin Joint Unified (Modoc),Modoc,Unified School District,No,K-12,96134,"""Tulelake                      """,479,34,1.5,0.2,0,0,77.5,0,1.9,1,18,83.7,30.9,23,97.1,96.8,17.6,3,19,185,180,9,9,2.3,20,17.67,25.4,21348,0,6,61,4,9,7,12
Tuolumne County Superintendent of Schools (Tuolumne),Tuolumne,County Office of Education (COE),No,K-12,95370,"""Sonora                        """,77,1.3,6.5,0,2.6,0,20.8,0,7.8,0,62.3,64.9,2.6,40,redacted,redacted,6.7,0,11,183,180,1,16,5.4,54.5,3.85,12,N/A,0,0,32,23,19,21,5
Turlock Unified (Stanislaus),Stanislaus,Unified School District,No,K-12,95380,"""Turlock                       """,13744,25.9,0.5,6.6,1.7,0.2,61,0.4,1.8,1.7,25.9,64.6,14.03,38,93.4,92.7,22.2,29,578,183,180,52,15,2.2,21.4,27.59,41.03,18903,0,1,65,9,5,10,9
Tustin Unified (Orange),Orange,Unified School District,No,K-12,92780,"""Tustin                        """,21342,14.7,0.1,22.9,1.5,2.4,46.1,0.3,6.7,0.6,19.5,53,21.74,54,96,95.3,25.5,0,803,185,180,36,16,1.7,10.8,53.38,62.22,16539,0,1,59,11,7,10,10
Twain Harte (Tuolumne),Tuolumne,Elementary School District,No,K-08,95383,"""Twain Harte                   """,258,N/A,2.3,0.4,0.8,0,24,0.8,6.2,0,65.5,65.1,1.16,35,N/A,N/A,16.1,2,13,182,180,4,12,4.6,24.2,34.88,45.66,20547,0,1,57,11,8,11,10
Twin Hills Union Elementary (Sonoma),Sonoma,Elementary School District,No,K-12,95472,"""Sebastopol                    """,994,2.2,0.2,0.7,0.5,0.3,20,0,8.2,0.1,69.9,26,3.52,31,90.6,91.7,18.4,3,54,186,180,6,16,1.5,17.7,48.71,60.74,21292,0,0,58,9,13,9,9
Twin Ridges Elementary (Nevada),Nevada,Elementary School District,No,K-08,95959,"""Nevada City                   """,105,1,1.9,0,0,0,8.6,1,8.6,0,80,84.8,1.9,22,N/A,N/A,18.3,2,3,N/A,N/A,3,7,5.2,44.9,5.26,21.05,28382,0,0,36,9,15,18,11
Twin Rivers Unified (Sacramento),Sacramento,Unified School District,No,K-12,95652,"""McClellan                     """,43274,22,0.3,16,8,0.7,33.3,1.1,7.8,1.7,31.1,88.9,10.29,62,26,31.1,24.8,143,1577,186,180,197,14,4.1,49.7,26.1,36.86,22643,0,8,52,11,6,11,11
Two Rock Union (Sonoma),Sonoma,Elementary School District,No,K-06,94952,"""Petaluma                      """,135,21.5,0,0,1.5,0,52.6,0.7,9.6,0.7,34.8,50.4,5.93,43,N/A,N/A,19.3,1,6,N/A,N/A,1,7,0,5.9,43.84,43.06,20670,0,0,53,9,13,9,10
Ukiah Unified (Mendocino),Mendocino,Unified School District,No,K-12,95482,"""Ukiah                         """,6623,21,4.5,0.9,0.5,0.4,56.3,0.1,4.8,0.8,31.8,78.5,17.56,41,90.2,88.8,18.4,15,334,188,180,38,14,5.9,23.9,20.98,33.89,20300,0,2,59,10,6,11,11
Union Elementary (Santa Clara),Santa Clara,Elementary School District,No,K-08,95124,"""San Jose                      """,5379,14.9,0.1,41.7,0.8,1.2,17.2,0.2,8.3,0.2,30.4,11.7,28.37,55,N/A,N/A,23.3,8,225,185,180,10,15,1.1,6,75.1,74.79,16673,0,0,62,11,6,12,8
Union Hill Elementary (Nevada),Nevada,Elementary School District,No,K-08,95945,"""Grass Valley                  """,688,1.3,0,0.6,0.1,0,9.6,0.1,6.8,4.9,77.8,42.9,2.33,20,N/A,N/A,19.1,1,36,N/A,N/A,2,14,3.7,6,36.82,45.12,15577,0,4,52,9,11,8,10
Upland Unified (San Bernardino),San Bernardino,Unified School District,No,K-12,91786,"""Upland                        """,9496,8.2,0,5.7,6.5,1.6,63.4,0.2,3.3,0.6,18.6,68.4,12.7,39,96.4,97.2,22.6,2,379,184,180,58,14,2.3,16.5,40.4,54.79,19773,0,0,64,7,6,12,9
Upper Lake Unified (Lake),Lake,Unified School District,No,K-12,95485,"""Upper Lake                    """,933,6.3,9.4,0.3,0.9,0.1,34.6,0.3,6.3,0.9,47.2,83.2,4.61,48,92.1,92.6,19.7,5,38,183,180,13,10,4.9,32.3,14.38,19.09,24412,0,2,45,10,10,12,19
Vacaville Unified (Solano),Solano,Unified School District,No,K-12,95687,"""Vacaville                     """,13503,7.8,0.3,3.2,5.6,3.9,40.8,0.7,10.3,0.9,34.2,52.2,11.63,55,89.8,87.8,19.9,69,565,184,180,123,12,4.1,14.4,29.08,45.44,15748,0,1,57,12,7,10,12
Val Verde Unified (Riverside),Riverside,Unified School District,No,K-12,92571,"""Perris                        """,19080,20.5,0.2,1.4,10.5,1.1,80.4,0.2,2.1,0.7,3.3,87.3,20.39,21,95.1,94.9,21.6,47,776,186,180,107,12,2.7,26.8,22.57,41.68,21528,0,3,55,10,7,11,14
Valle Lindo Elementary (Los Angeles),Los Angeles,Elementary School District,No,K-08,91733,"""South El Monte                """,895,17,0,9.2,0.1,0.2,89.4,0,0.2,0,0.9,71.4,15.08,12,N/A,N/A,21.3,0,41,185,180,1,22,1,15.9,43.88,55.91,19722,0,0,65,7,11,6,9
Vallecito Union (Calaveras),Calaveras,Elementary School District,No,K-08,95224,"""Avery                         """,597,2.8,1.7,0.8,0,0.3,18.6,0.5,5,1,72,46.4,4.86,29,N/A,N/A,19.4,0,30,186,180,2,13,3.8,19.8,48.64,58.42,19359,0,0,50,14,11,14,11
Vallecitos Elementary (San Diego),San Diego,Elementary School District,No,K-08,92028,"""Rainbow                       """,195,42.1,0.5,1.5,0.5,0,84.1,0,0,0,13.3,81,18.46,17,N/A,N/A,20.5,2,7,184,180,3,12,0.9,8.7,30.88,45.11,19538,0,6,52,8,12,8,15
Vallejo City Unified (Solano),Solano,Unified School District,No,K-12,94592,"""Vallejo                       """,11658,26,0.2,2.5,19.4,10.7,54.8,1.4,5,1.2,4.8,77.7,16.31,48,81.3,81.5,22.7,10,445,189,180,69,11,5.8,33.9,18.76,25.81,27521,0,0,63,9,8,9,11
Valley Center-Pauma Unified (San Diego),San Diego,Unified School District,No,K-12,92082,"""Valley Center                 """,3636,23,8,1,0.6,0.6,64.3,0.1,5.9,0,19.5,63.2,19.66,38,91.9,90,21.7,7,160,184,180,15,15,2.8,29.2,17.92,28.98,19399,0,3,53,10,7,14,13
Valley Home Joint Elementary (Stanislaus),Stanislaus,Elementary School District,No,K-08,95361,"""Valley Home                   """,191,10.5,0,0,0,0,38.2,0,3.1,2.1,56.5,34,11.52,36,N/A,N/A,19.1,1,8,182,180,2,9,2.5,2.6,31.75,32.54,15872,0,0,56,7,8,14,13
Ventura County Office of Education (Ventura),Ventura,County Office of Education (COE),No,K-12,93012,"""Camarillo                     """,3369,10.2,0.1,1.9,0.9,1.1,53.4,0.1,5.6,0.9,36.1,54.1,21.52,41,26.4,23.4,15.4,7,220,183,180,17,13,1.3,39.4,3.36,5.04,N/A,0,5,34,12,19,22,6
Ventura Unified (Ventura),Ventura,Unified School District,No,K-12,93001,"""Ventura                       """,14379,13.4,0.4,2.9,1.2,0.6,55.3,0.2,4.2,0,35.2,58.6,12.92,41,95.6,94,24.1,68,540,185,180,88,16,2.1,16.3,36.69,49.18,19316,0,1,52,12,8,11,13
Victor Elementary (San Bernardino),San Bernardino,Elementary School District,No,K-06,92395,"""Victorville                   """,12320,14.8,0.2,1.2,16,0.5,68.8,0.5,3.8,0,9.1,85.3,5.71,34,N/A,N/A,24.4,37,431,186,180,80,13,6,29.6,22.93,32.02,20230,0,0,60,8,4,9,14
Victor Valley Union High (San Bernardino),San Bernardino,High School District,No,07-12,92395,"""Victorville                   """,12446,12.7,0.3,1.4,15.7,0.8,70.5,0.3,3.6,1.1,6.2,83.5,23.28,31,84.2,84.3,23,81,402,183,180,149,11,4.3,24.1,22.8,44.03,22861,0,2,57,10,6,9,14
Vineland Elementary (Kern),Kern,Elementary School District,No,K-08,93307,"""Bakersfield                   """,638,55.5,0,0,0,0,99.2,0,0,0,0.8,100,11.91,1,N/A,N/A,19,2,31,N/A,N/A,3,11,0.4,14.4,14.42,27.88,24807,0,1,43,13,10,8,23
Visalia Unified (Tulare),Tulare,Unified School District,No,K-12,93277,"""Visalia                       """,28809,14.1,0.3,3.9,1.3,0.7,73.1,0.2,2.6,2.7,15.2,67.6,11.7,27,95.5,94.2,20.4,113,1186,184,180,226,12,4.7,18.3,29.67,46.34,19265,0,5,53,10,6,13,11
Vista del Mar Union (Santa Barbara),Santa Barbara,Elementary School District,No,K-08,93117,"""Gaviota                       """,65,7.7,0,0,0,0,33.8,0,12.3,0,53.8,40,4.62,42,N/A,N/A,13,2,2,185,180,3,2,1.5,20.6,48.94,46.81,23271,0,0,41,1,10,20,19
Vista Unified (San Diego),San Diego,Unified School District,No,K-12,92084,"""Vista                         """,21271,15.4,0.3,1.9,2.1,1.2,66.6,0.5,6,0.1,21.3,68.8,22.76,35,75.3,71.7,20.5,9,999,186,180,79,14,3.2,20.5,33.86,44.24,20783,0,1,62,10,5,12,11
Walnut Creek Elementary (Contra Costa),Contra Costa,Elementary School District,No,K-08,94596,"""Walnut Creek                  """,3603,13.9,0.2,15.5,2.4,2.2,16.6,0.2,11.8,4.3,46.8,16.5,13.02,54,N/A,N/A,21.7,11,148,186,180,21,14,1.1,9.6,68.73,70.8,15656,0,0,64,9,5,13,9
Walnut Valley Unified (Los Angeles),Los Angeles,Unified School District,No,K-12,91789,"""Walnut                        """,14004,14.1,0,64.5,1,5.4,20.9,0.3,4.1,0.3,3.5,24.8,38.24,37,95.8,96,25.2,58,463,184,180,102,13,0.6,7,72.82,76.16,15388,0,1,56,12,5,10,14
Warner Unified (San Diego),San Diego,Unified School District,No,K-12,92086,"""Warner Springs                """,3258,5.3,6,6,5.8,1,39.7,0.3,8.5,1.3,31.3,51.5,10.41,58,46.5,41.1,11.5,5,291,185,180,8,13,0.2,23.9,25.74,28.43,31041,0,0,52,13,11,3,19
Wasco Union Elementary (Kern),Kern,Elementary School District,No,K-08,93280,"""Wasco                         """,3474,29.4,0.1,0.5,1,0,96.1,0.1,0.3,0.1,1.8,91,20.01,4,N/A,N/A,21.3,12,144,185,180,20,11,0.4,11.7,19.99,34.79,19948,0,0,53,13,5,12,13
Wasco Union High (Kern),Kern,High School District,No,09-12,93280,"""Wasco                         """,1782,19.2,0.1,0.5,1.8,0.1,94.5,0,0.1,0.1,3,88,45.01,6,93.3,93.2,20.6,0,79,183,180,0,15,0,19.8,22.02,53.66,20245,0,3,48,10,10,11,15
Washington Colony Elementary (Fresno),Fresno,Elementary School District,No,K-08,93706,"""Fresno                        """,414,29.7,0.2,3.6,0.2,0,91.1,0,1,0,3.9,88.4,15.22,10,N/A,N/A,17.3,3,21,N/A,N/A,3,9,1.8,19,26.95,41.9,19524,0,1,53,11,8,10,17
Washington Unified (Fresno),Fresno,Unified School District,No,K-12,93706,"""Fresno                        """,2626,25.7,0.3,6.9,6.6,0,80.2,0.1,0.9,0,4.9,89.7,29.93,22,89.3,89,18.1,3,138,184,180,8,15,3.5,21.7,20.09,31.44,25742,0,1,54,12,8,9,14
Washington Unified (Yolo),Yolo,Unified School District,No,K-12,95691,"""West Sacramento               """,8323,16.6,0.4,16.4,4.3,1.6,43.6,1.5,6.8,1.1,24.4,64.2,22.4,57,94,93.5,19.8,46,355,184,180,70,12,4.5,22.2,28.12,40.87,18558,0,1,56,10,8,10,14
Washington Union Elementary (Monterey),Monterey,Elementary School District,No,K-08,93908,"""Salinas                       """,756,2.5,0.1,5.4,0.7,1.5,29,0,10.6,0.3,52.5,10.6,6.75,46,N/A,N/A,22.2,3,31,184,180,4,15,1.7,6.3,59.92,67.86,14420,1,0,54,9,10,11,11
Waterford Unified (Stanislaus),Stanislaus,Unified School District,No,K-12,95386,"""Waterford                     """,2501,18.6,0.2,3.9,1.3,0.4,59,0.2,4.6,0.5,29.9,78.2,14.19,39,92.9,94.2,19.8,17,175,187,180,33,14,3.5,12.8,28.62,35.22,24353,0,1,58,7,9,7,12
Waugh Elementary (Sonoma),Sonoma,Elementary School District,No,K-06,94954,"""Petaluma                      """,790,4.6,0.3,4.4,1.1,1.1,21.9,0.3,9.1,0.9,60.9,13.8,5.95,40,N/A,N/A,21.5,0,38,N/A,N/A,0,24,1,7.5,65,71.09,15181,0,0,66,8,9,7,9
Waukena Joint Union Elementary (Tulare),Tulare,Elementary School District,No,K-08,93274,"""Tulare                        """,220,40,0,0,0,0,92.3,0,0,0,7.7,84.1,16.82,8,N/A,N/A,22,6,4,185,180,6,4,0.4,20.4,28.37,36.55,21549,0,7,41,18,7,11,14
Weaver Union (Merced),Merced,Elementary School District,No,K-08,95341,"""Merced                        """,3047,21.7,0.3,13.2,3.8,0.4,72.2,0.2,2.2,1.2,6.5,92.6,16.28,30,N/A,N/A,20.6,4,132,N/A,N/A,17,13,5.8,20.2,32.42,36.89,19168,0,0,58,9,7,9,15
Weed Union Elementary (Siskiyou),Siskiyou,Elementary School District,No,K-08,96094,"""Weed                          """,272,10.3,2.6,8.8,4,0,22.4,0.4,16.2,0,45.6,78.7,5.51,56,N/A,N/A,14.9,1,20,N/A,N/A,1,17,5.6,33.7,21.23,19.66,24152,0,1,47,17,9,13,7
West Contra Costa Unified (Contra Costa),Contra Costa,Unified School District,No,K-12,94801,"""Richmond                      """,29284,30.6,0.2,9.9,10.6,4.2,58.9,0.5,6.3,0.3,9.1,66.4,19.99,46,86,85,21.3,182,1082,185,180,338,10,4.3,26.9,25.92,33.39,22102,0,5,55,11,6,12,10
West Covina Unified (Los Angeles),Los Angeles,Unified School District,No,K-12,91790,"""West Covina                   """,14675,9.1,0.2,10.7,7.7,2.7,68.4,0.3,2.5,0.4,6.9,76.4,16.82,35,89.4,89.7,23.3,26,907,188,183,64,12,0.3,9.4,36.81,47.97,21897,0,1,54,8,8,16,11
West Park Elementary (Fresno),Fresno,Elementary School District,No,K-12,93706,"""Fresno                        """,451,27.1,0.2,7.8,1.8,0.2,74.1,0,1.3,0.7,14,83.4,15.3,28,0,0,14.6,4,25,N/A,N/A,6,13,4.9,26.8,11.64,25.17,25293,0,0,43,11,11,13,21
West Side Union Elementary (Sonoma),Sonoma,Elementary School District,No,K-06,95448,"""Healdsburg                    """,130,4.6,0.8,0,0,0,20,0,5.4,0,73.8,36.2,3.85,27,N/A,N/A,14.4,0,8,N/A,N/A,1,21,0,11.5,80.3,82.09,19149,0,3,61,4,11,11,8
West Sonoma County Union High (Sonoma),Sonoma,High School District,No,K-12,95472,"""Sebastopol                    """,1570,2.9,1.1,2.5,1.6,0.8,28.5,0.3,3.2,0,62.1,41.3,16.31,37,94.2,93.4,18.1,12,65,186,180,22,11,3,27.5,38.55,63.27,20908,0,1,59,18,7,7,7
Western Placer Unified (Placer),Placer,Unified School District,No,K-12,95648,"""Lincoln                       """,11201,8,0.3,3.8,2.3,2.2,30.3,0.4,7.9,1.6,51.2,35,8.16,47,87.6,80.9,22.6,30,466,184,180,56,14,2.1,13.3,45.72,56.45,15873,0,2,60,8,8,11,9
Westminster (Orange),Orange,Elementary School District,No,K-08,92683,"""Westminster                   """,7870,31.4,0.2,35.7,0.7,1.1,46.6,0.5,3.6,1.1,10.5,72.2,19.34,48,N/A,N/A,19.5,22,381,186,180,34,19,2.1,10.9,46.03,54.49,22558,0,0,64,5,7,10,13
Westmorland Union Elementary (Imperial),Imperial,Elementary School District,No,K-08,92281,"""Westmorland                   """,304,43.1,0,0,0.7,0,97.7,0,0,0,1.6,95.4,10.53,3,N/A,N/A,16.5,0,19,185,180,0,16,5.8,33.9,13.12,26.7,25862,0,0,61,12,10,6,11
Westside Elementary (Fresno),Fresno,Elementary School District,No,K-12,93624,"""Five Points                   """,4460,7.5,0.7,2.2,3.5,0.5,34,0.2,6,2.8,50.1,59.9,8.83,45,39.9,36.1,27.1,14,162,N/A,N/A,22,13,0.2,24.5,15.79,37.89,40025,0,0,53,15,10,8,14
Westside Union Elementary (Los Angeles),Los Angeles,Elementary School District,No,K-08,93536,"""Quartz Hill                   """,9078,6.7,0.2,2.4,11.2,1.5,56.8,0.1,6.8,0,21,55.3,6.76,46,N/A,N/A,25.6,28,326,186,180,35,12,4.9,22.2,32.58,46.24,16207,0,3,55,13,6,9,14
Westwood Unified (Lassen),Lassen,Unified School District,No,K-12,96137,"""Westwood                      """,182,1.1,7.7,0,0.5,0,19.8,0,2.2,1.1,68.7,75.3,1.1,32,46.2,54.5,16.5,7,4,185,180,7,4,6.8,32.3,20.93,32.56,23136,0,1,52,8,7,12,16
Wheatland (Yuba),Yuba,Elementary School District,No,K-08,95692,"""Wheatland                     """,1359,5.2,0.4,1.3,3.3,0.7,30.1,0.5,12.7,1.1,50,57.2,3.31,48,N/A,N/A,19.8,5,63,N/A,N/A,9,14,1.4,10.2,42.56,49.94,22044,0,0,56,17,6,11,10
Wheatland Union High (Yuba),Yuba,High School District,No,09-12,95692,"""Wheatland                     """,1126,4.3,0.8,5.4,4.3,2.2,34.7,0.7,11.5,2.5,37.8,74.7,16.16,56,97.4,97,20.4,6,44,N/A,N/A,12,8,3.5,19,23.4,57.03,22222,0,2,47,18,8,13,11
Whitmore Union Elementary (Shasta),Shasta,Elementary School District,No,K-08,96096,"""WHITMORE                      """,64,1.6,3.1,0,0,0,17.2,0,9.4,0,70.3,34.4,1.56,32,N/A,N/A,12.8,1,4,183,180,1,5,4.1,1.4,redacted,redacted,19598,0,0,54,5,10,15,16
Whittier City (Los Angeles),Los Angeles,Elementary School District,No,K-08,90602,"""Whittier                      """,5291,12.7,0.2,1.3,0.7,0.4,91.6,0.1,1,1.8,3.1,76.1,12.51,8,N/A,N/A,22.1,5,224,183,180,19,11,1,20.7,38.32,48.18,21454,0,0,64,7,6,12,11
Whittier Union High (Los Angeles),Los Angeles,High School District,No,09-12,90605,"""Whittier                      """,9846,8.6,0.3,1.3,0.9,0.9,90.2,0.1,0.3,0.2,5.8,75.7,25.76,11,93.6,93.2,22.2,7,435,183,180,10,18,3.1,22.4,37.15,64.82,24145,0,2,55,13,6,11,11
William S. Hart Union High (Los Angeles),Los Angeles,High School District,No,K-12,91350,"""Santa Clarita                 """,21760,5.1,0.1,8.1,4.4,5.4,45.3,0.2,4.5,0.1,31.9,29.6,23.24,53,93.3,90.5,22.8,11,967,185,180,32,17,2.5,14.2,48.69,69.79,17176,0,1,57,11,8,12,9
Williams Unified (Colusa),Colusa,Unified School District,No,K-12,95987,"""Williams                      """,1303,50.7,0.2,1.3,0.1,0.1,95.6,0.1,0.2,0,2.5,90.3,30.78,5,96.8,96.8,20.1,3,57,185,180,8,13,6.2,20.3,13.3,30.61,16777,0,1,50,5,7,10,15
Willits Unified (Mendocino),Mendocino,Unified School District,No,K-12,95490,"""Willits                       """,1857,9.2,4.7,0.5,0.4,0,32.4,0.1,4.6,22.4,34.8,61.7,7.7,46,83.6,81.1,16.4,10,98,186,180,24,9,9.1,40.2,10.73,19.79,22689,0,1,58,11,7,11,12
Willow Creek Elementary (Siskiyou),Siskiyou,Elementary School District,No,K-08,96064,"""Montague                      """,44,2.3,0,2.3,0,0,22.7,0,22.7,0,52.3,63.6,0,46,N/A,N/A,0,N/A,N/A,N/A,N/A,N/A,N/A,3.7,22,23.08,33.33,20497,0,1,35,28,8,14,8
Willow Grove Union Elementary (San Benito),San Benito,Elementary School District,No,K-08,95043,"""Paicines                      """,21,28.6,0,0,0,0,61.9,0,0,4.8,33.3,42.9,9.52,31,N/A,N/A,10.5,0,2,191,185,0,8,0,34.8,16.67,25,29909,0,6,53,0,14,14,8
Willows Unified (Glenn),Glenn,Unified School District,No,K-12,95988,"""Willows                       """,1399,17.7,3.9,3.7,0.9,0.3,52,0.1,1.6,0.3,37.3,72.2,18.8,42,96.8,96.5,16.1,10,68,183,180,23,10,5.9,16.2,20.94,26.61,17990,0,3,48,7,8,11,11
Wilmar Union Elementary (Sonoma),Sonoma,Elementary School District,No,K-06,94952,"""Petaluma                      """,236,5.5,1.3,1.3,1.7,0,16.9,0,0.4,0,78.4,19.9,1.69,23,N/A,N/A,22.4,3,8,N/A,N/A,3,10,0,4,50.78,53.13,17226,0,0,67,6,8,9,6
Wilsona Elementary (Los Angeles),Los Angeles,Elementary School District,No,K-08,93591,"""Palmdale                      """,1271,30.9,0.6,0.1,6.6,0.1,83.3,0,1.4,0,7.9,85.6,12.35,19,N/A,N/A,20.2,13,47,N/A,N/A,16,14,4.2,33,11.75,20.2,24558,0,6,53,11,10,10,9
Windsor Unified (Sonoma),Sonoma,Unified School District,No,K-12,95492,"""Windsor                       """,4810,16.2,0.7,1.3,0.5,0.3,57.2,0.4,5.2,0.4,34,50.9,16.84,39,93.8,92.7,19.2,35,199,188,180,66,12,3.9,16.9,27.69,40.72,19297,3,1,56,13,5,9,8
Winship-Robbins (Sutter),Sutter,Elementary School District,No,K-12,95676,"""Robbins                       """,2843,6.9,0.1,2.2,1.5,0.7,17.6,0.6,7,3.1,67.3,36.2,11.71,33,93.6,91,26.2,1,167,184,180,5,12,0.2,1.3,41.43,45.71,26919,0,0,49,7,9,11,21
Winters Joint Unified (Yolo),Yolo,Unified School District,No,K-12,95694,"""Winters                       """,2025,19.8,0.3,1.1,1.4,0.6,56.2,0.2,4.1,0.2,35.6,54.8,16.99,39,85.6,83,19.4,5,172,183,180,11,15,2.2,16.4,21.9,34.7,20034,0,0,53,11,7,14,10
Winton (Merced),Merced,Elementary School District,No,K-08,95388,"""Winton                        """,1807,48.5,0.4,4.3,0.7,0,88.9,0,0.1,0.1,5.6,93,15.27,12,N/A,N/A,22.4,5,73,184,180,8,13,4.3,14.9,35.84,50.04,17637,0,2,50,7,6,7,25
Wiseburn Unified (Los Angeles),Los Angeles,Unified School District,No,K-12,90245,"""El Segundo                    """,5099,4.7,0.2,4.9,14.6,1.7,52.1,0.5,8.1,2.5,15.5,38.4,16.59,50,90.9,89.4,24.1,11,201,N/A,N/A,19,12,1.2,9.6,49.08,62.77,17467,0,0,62,9,8,9,9
Woodlake Unified (Tulare),Tulare,Unified School District,No,K-12,93286,"""Woodlake                      """,2081,22.7,0.5,0.4,0.3,0.2,91.4,0,0.1,0,7.1,90.5,21.29,10,95.8,96.1,18.4,3,110,185,180,7,13,4.3,11.1,25,35.23,20614,0,2,47,14,5,9,20
Woodland Joint Unified (Yolo),Yolo,Unified School District,No,K-12,95695,"""Woodland                      """,9355,20.2,0.4,7,1.4,0.5,68.1,0.7,3.7,1.8,16.4,73.5,24.45,33,91.4,90.7,18.8,39,434,184,180,70,15,6.4,20.9,26.5,39.11,19848,0,1,58,11,7,10,11
Woodside Elementary (San Mateo),San Mateo,Elementary School District,No,K-08,94062,"""Woodside                      """,385,2.1,0,6.2,1.6,0,17.7,0,11.9,0,62.6,7.3,12.99,40,N/A,N/A,11.7,1,34,N/A,N/A,2,17,0.3,9.2,83.04,87.39,40029,0,0,63,4,8,17,6
Woodville Union Elementary (Tulare),Tulare,Elementary School District,No,K-08,93257,"""Porterville                   """,371,53.4,0,0,0,0,99.2,0,0,0,0.8,94.9,11.59,1,N/A,N/A,18.6,1,18,5,180,2,12,0,9.3,31.22,34.6,23549,0,5,46,8,8,12,20
Wright Elementary (Sonoma),Sonoma,Elementary School District,No,K-08,95407,"""Santa Rosa                    """,1214,34.9,1.2,8.4,2.6,0.8,64.8,0.5,6.6,0,15.2,78.7,11.45,39,N/A,N/A,18.2,7,59,186,180,11,15,1.5,18.1,29.21,45.01,25826,0,1,58,19,8,7,7
Yolo County Office of Education (Yolo),Yolo,County Office of Education (COE),No,K-12,95776,"""Woodland                      """,647,52.1,0.5,3.7,3.9,0.9,21.5,0.2,1.4,0,68,66,17.93,34,25.8,29.6,13.5,4,40,182,180,8,9,3.5,36.1,13.04,16.67,N/A,0,0,35,12,22,22,7
Yosemite Unified (Madera),Madera,Unified School District,No,K-12,93644,"""Oakhurst                      """,1682,4.3,3.7,1.8,0.5,0.5,26.5,0.2,6.5,0.6,59.7,62.7,2.5,40,87,85.7,20,3,85,183,180,8,15,6.7,29.6,17.86,36.94,19880,0,3,35,19,7,8,25
Yreka Union Elementary (Siskiyou),Siskiyou,Elementary School District,No,K-08,96097,"""Yreka                         """,869,4.6,7.1,3.1,1.2,0.2,24.3,0.3,13.9,0.7,49.1,74,1.73,52,N/A,N/A,16.6,4,45,184,180,9,14,4.9,23.8,26.33,28.82,20099,0,0,63,4,9,9,12
Yreka Union High (Siskiyou),Siskiyou,High School District,No,09-12,96097,"""Yreka                         """,650,1.4,7.2,2.6,0.8,0.3,16.8,0,11.7,3.1,57.5,58,4.31,44,94,91.9,16.6,9,33,183,180,9,9,12.1,30.3,18.71,49.68,23587,0,9,48,14,8,8,11
Yuba City Unified (Sutter),Sutter,Unified School District,No,K-12,95991,"""Yuba City                     """,12176,21,0.7,21.2,1.5,0.4,47.7,0.3,4.7,2.4,21.1,75.4,23.03,51,84.8,83.8,20.2,5,578,186,180,35,15,6.3,17.9,24.57,37.93,19585,0,1,58,9,6,11,12
Yuba County Office of Education (Yuba),Yuba,County Office of Education (COE),No,K-12,95901,"""Marysville                    """,650,5.7,2.9,2.5,2.3,0.8,40.8,0.2,7.7,0.6,42.3,79.5,5.85,48,35.4,35.6,13.4,10,35,182,180,16,11,5.8,34.7,0,11.22,N/A,1,0,37,17,14,11,5
Yucaipa-Calimesa Joint Unified (San Bernardino),San Bernardino,Unified School District,No,K-12,92399,"""Yucaipa                       """,9521,7.2,0.4,1.4,1.4,0.4,51.5,0.2,2.8,0.4,41.3,60.4,6.53,40,93.1,92.1,23.4,8,397,185,180,26,12,3.6,21.8,30.59,42.89,18474,0,1,59,12,6,10,10